iteration,model,distribution,parameter_space,component,active,weight,pv_location,pv_scale,battery_location,battery_scale
0,ppo_lognormal,lognormal,log,0,True,0.125,1.715255618095398,0.75,1.6378037929534912,0.75
0,ppo_lognormal,lognormal,log,1,True,0.125,2.3067705631256104,0.75,2.0200717449188232,0.75
0,ppo_lognormal,lognormal,log,2,True,0.125,0.9638012647628784,0.75,1.2158328294754028,0.75
0,ppo_lognormal,lognormal,log,3,True,0.125,1.927608847618103,0.75,1.1167731285095215,0.75
0,ppo_lognormal,lognormal,log,4,True,0.125,2.1254825592041016,0.75,2.485328435897827,0.75
0,ppo_lognormal,lognormal,log,5,True,0.125,2.3239858150482178,0.75,1.4208325147628784,0.75
0,ppo_lognormal,lognormal,log,6,True,0.125,1.821854591369629,0.75,2.3548481464385986,0.75
0,ppo_lognormal,lognormal,log,7,True,0.125,1.85006844997406,0.75,2.5872581005096436,0.75
1,ppo_lognormal,lognormal,log,0,True,0.125,1.715255618095398,0.75,1.6378037929534912,0.75
1,ppo_lognormal,lognormal,log,1,True,0.125,2.3067705631256104,0.75,2.0200717449188232,0.75
1,ppo_lognormal,lognormal,log,2,True,0.125,0.9638012647628784,0.75,1.2158328294754028,0.75
1,ppo_lognormal,lognormal,log,3,True,0.125,1.927608847618103,0.75,1.1167731285095215,0.75
1,ppo_lognormal,lognormal,log,4,True,0.125,2.1254825592041016,0.75,2.485328435897827,0.75
1,ppo_lognormal,lognormal,log,5,True,0.125,2.3239858150482178,0.75,1.4208325147628784,0.75
1,ppo_lognormal,lognormal,log,6,True,0.125,1.821854591369629,0.75,2.3548481464385986,0.75
1,ppo_lognormal,lognormal,log,7,True,0.125,1.85006844997406,0.75,2.5872581005096436,0.75
2,ppo_lognormal,lognormal,log,0,True,0.125,1.715255618095398,0.75,1.6378037929534912,0.75
2,ppo_lognormal,lognormal,log,1,True,0.125,2.3067705631256104,0.75,2.0200717449188232,0.75
2,ppo_lognormal,lognormal,log,2,True,0.125,0.9638012647628784,0.75,1.2158328294754028,0.75
2,ppo_lognormal,lognormal,log,3,True,0.125,1.927608847618103,0.75,1.1167731285095215,0.75
2,ppo_lognormal,lognormal,log,4,True,0.125,2.1254825592041016,0.75,2.485328435897827,0.75
2,ppo_lognormal,lognormal,log,5,True,0.125,2.3239858150482178,0.75,1.4208325147628784,0.75
2,ppo_lognormal,lognormal,log,6,True,0.125,1.821854591369629,0.75,2.3548481464385986,0.75
2,ppo_lognormal,lognormal,log,7,True,0.125,1.85006844997406,0.75,2.5872581005096436,0.75
3,ppo_lognormal,lognormal,log,0,True,0.125,1.715255618095398,0.75,1.6378037929534912,0.75
3,ppo_lognormal,lognormal,log,1,True,0.125,2.3067705631256104,0.75,2.0200717449188232,0.75
3,ppo_lognormal,lognormal,log,2,True,0.125,0.9638012647628784,0.75,1.2158328294754028,0.75
3,ppo_lognormal,lognormal,log,3,True,0.125,1.927608847618103,0.75,1.1167731285095215,0.75
3,ppo_lognormal,lognormal,log,4,True,0.125,2.1254825592041016,0.75,2.485328435897827,0.75
3,ppo_lognormal,lognormal,log,5,True,0.125,2.3239858150482178,0.75,1.4208325147628784,0.75
3,ppo_lognormal,lognormal,log,6,True,0.125,1.821854591369629,0.75,2.3548481464385986,0.75
3,ppo_lognormal,lognormal,log,7,True,0.125,1.85006844997406,0.75,2.5872581005096436,0.75
4,ppo_lognormal,lognormal,log,0,True,0.125,1.715255618095398,0.75,1.6378037929534912,0.75
4,ppo_lognormal,lognormal,log,1,True,0.125,2.3067705631256104,0.75,2.0200717449188232,0.75
4,ppo_lognormal,lognormal,log,2,True,0.125,0.9638012647628784,0.75,1.2158328294754028,0.75
4,ppo_lognormal,lognormal,log,3,True,0.125,1.927608847618103,0.75,1.1167731285095215,0.75
4,ppo_lognormal,lognormal,log,4,True,0.125,2.1254825592041016,0.75,2.485328435897827,0.75
4,ppo_lognormal,lognormal,log,5,True,0.125,2.3239858150482178,0.75,1.4208325147628784,0.75
4,ppo_lognormal,lognormal,log,6,True,0.125,1.821854591369629,0.75,2.3548481464385986,0.75
4,ppo_lognormal,lognormal,log,7,True,0.125,1.85006844997406,0.75,2.5872581005096436,0.75
5,ppo_lognormal,lognormal,log,0,True,0.125,1.715255618095398,0.75,1.6378037929534912,0.75
5,ppo_lognormal,lognormal,log,1,True,0.125,2.3067705631256104,0.75,2.0200717449188232,0.75
5,ppo_lognormal,lognormal,log,2,True,0.125,0.9638012647628784,0.75,1.2158328294754028,0.75
5,ppo_lognormal,lognormal,log,3,True,0.125,1.927608847618103,0.75,1.1167731285095215,0.75
5,ppo_lognormal,lognormal,log,4,True,0.125,2.1254825592041016,0.75,2.485328435897827,0.75
5,ppo_lognormal,lognormal,log,5,True,0.125,2.3239858150482178,0.75,1.4208325147628784,0.75
5,ppo_lognormal,lognormal,log,6,True,0.125,1.821854591369629,0.75,2.3548481464385986,0.75
5,ppo_lognormal,lognormal,log,7,True,0.125,1.85006844997406,0.75,2.5872581005096436,0.75
6,ppo_lognormal,lognormal,log,0,True,0.125,1.715255618095398,0.75,1.6378037929534912,0.75
6,ppo_lognormal,lognormal,log,1,True,0.125,2.3067705631256104,0.75,2.0200717449188232,0.75
6,ppo_lognormal,lognormal,log,2,True,0.125,0.9638012647628784,0.75,1.2158328294754028,0.75
6,ppo_lognormal,lognormal,log,3,True,0.125,1.927608847618103,0.75,1.1167731285095215,0.75
6,ppo_lognormal,lognormal,log,4,True,0.125,2.1254825592041016,0.75,2.485328435897827,0.75
6,ppo_lognormal,lognormal,log,5,True,0.125,2.3239858150482178,0.75,1.4208325147628784,0.75
6,ppo_lognormal,lognormal,log,6,True,0.125,1.821854591369629,0.75,2.3548481464385986,0.75
6,ppo_lognormal,lognormal,log,7,True,0.125,1.85006844997406,0.75,2.5872581005096436,0.75
7,ppo_lognormal,lognormal,log,0,True,0.125,1.715255618095398,0.75,1.6378037929534912,0.75
7,ppo_lognormal,lognormal,log,1,True,0.125,2.3067705631256104,0.75,2.0200717449188232,0.75
7,ppo_lognormal,lognormal,log,2,True,0.125,0.9638012647628784,0.75,1.2158328294754028,0.75
7,ppo_lognormal,lognormal,log,3,True,0.125,1.927608847618103,0.75,1.1167731285095215,0.75
7,ppo_lognormal,lognormal,log,4,True,0.125,2.1254825592041016,0.75,2.485328435897827,0.75
7,ppo_lognormal,lognormal,log,5,True,0.125,2.3239858150482178,0.75,1.4208325147628784,0.75
7,ppo_lognormal,lognormal,log,6,True,0.125,1.821854591369629,0.75,2.3548481464385986,0.75
7,ppo_lognormal,lognormal,log,7,True,0.125,1.85006844997406,0.75,2.5872581005096436,0.75
8,ppo_lognormal,lognormal,log,0,True,0.125,1.715255618095398,0.75,1.6378037929534912,0.75
8,ppo_lognormal,lognormal,log,1,True,0.125,2.3067705631256104,0.75,2.0200717449188232,0.75
8,ppo_lognormal,lognormal,log,2,True,0.125,0.9638012647628784,0.75,1.2158328294754028,0.75
8,ppo_lognormal,lognormal,log,3,True,0.125,1.927608847618103,0.75,1.1167731285095215,0.75
8,ppo_lognormal,lognormal,log,4,True,0.125,2.1254825592041016,0.75,2.485328435897827,0.75
8,ppo_lognormal,lognormal,log,5,True,0.125,2.3239858150482178,0.75,1.4208325147628784,0.75
8,ppo_lognormal,lognormal,log,6,True,0.125,1.821854591369629,0.75,2.3548481464385986,0.75
8,ppo_lognormal,lognormal,log,7,True,0.125,1.85006844997406,0.75,2.5872581005096436,0.75
9,ppo_lognormal,lognormal,log,0,True,0.125,1.715255618095398,0.75,1.6378037929534912,0.75
9,ppo_lognormal,lognormal,log,1,True,0.125,2.3067705631256104,0.75,2.0200717449188232,0.75
9,ppo_lognormal,lognormal,log,2,True,0.125,0.9638012647628784,0.75,1.2158328294754028,0.75
9,ppo_lognormal,lognormal,log,3,True,0.125,1.927608847618103,0.75,1.1167731285095215,0.75
9,ppo_lognormal,lognormal,log,4,True,0.125,2.1254825592041016,0.75,2.485328435897827,0.75
9,ppo_lognormal,lognormal,log,5,True,0.125,2.3239858150482178,0.75,1.4208325147628784,0.75
9,ppo_lognormal,lognormal,log,6,True,0.125,1.821854591369629,0.75,2.3548481464385986,0.75
9,ppo_lognormal,lognormal,log,7,True,0.125,1.85006844997406,0.75,2.5872581005096436,0.75
10,ppo_lognormal,lognormal,log,0,True,0.125,1.715255618095398,0.75,1.6378037929534912,0.75
10,ppo_lognormal,lognormal,log,1,True,0.125,2.3067705631256104,0.75,2.0200717449188232,0.75
10,ppo_lognormal,lognormal,log,2,True,0.125,0.9638012647628784,0.75,1.2158328294754028,0.75
10,ppo_lognormal,lognormal,log,3,True,0.125,1.927608847618103,0.75,1.1167731285095215,0.75
10,ppo_lognormal,lognormal,log,4,True,0.125,2.1254825592041016,0.75,2.485328435897827,0.75
10,ppo_lognormal,lognormal,log,5,True,0.125,2.3239858150482178,0.75,1.4208325147628784,0.75
10,ppo_lognormal,lognormal,log,6,True,0.125,1.821854591369629,0.75,2.3548481464385986,0.75
10,ppo_lognormal,lognormal,log,7,True,0.125,1.85006844997406,0.75,2.5872581005096436,0.75
11,ppo_lognormal,lognormal,log,0,True,0.125,1.715255618095398,0.75,1.6378037929534912,0.75
11,ppo_lognormal,lognormal,log,1,True,0.125,2.3067705631256104,0.75,2.0200717449188232,0.75
11,ppo_lognormal,lognormal,log,2,True,0.125,0.9638012647628784,0.75,1.2158328294754028,0.75
11,ppo_lognormal,lognormal,log,3,True,0.125,1.927608847618103,0.75,1.1167731285095215,0.75
11,ppo_lognormal,lognormal,log,4,True,0.125,2.1254825592041016,0.75,2.485328435897827,0.75
11,ppo_lognormal,lognormal,log,5,True,0.125,2.3239858150482178,0.75,1.4208325147628784,0.75
11,ppo_lognormal,lognormal,log,6,True,0.125,1.821854591369629,0.75,2.3548481464385986,0.75
11,ppo_lognormal,lognormal,log,7,True,0.125,1.85006844997406,0.75,2.5872581005096436,0.75
12,ppo_lognormal,lognormal,log,0,True,0.125,1.715255618095398,0.75,1.6378037929534912,0.75
12,ppo_lognormal,lognormal,log,1,True,0.125,2.3067705631256104,0.75,2.0200717449188232,0.75
12,ppo_lognormal,lognormal,log,2,True,0.125,0.9638012647628784,0.75,1.2158328294754028,0.75
12,ppo_lognormal,lognormal,log,3,True,0.125,1.927608847618103,0.75,1.1167731285095215,0.75
12,ppo_lognormal,lognormal,log,4,True,0.125,2.1254825592041016,0.75,2.485328435897827,0.75
12,ppo_lognormal,lognormal,log,5,True,0.125,2.3239858150482178,0.75,1.4208325147628784,0.75
12,ppo_lognormal,lognormal,log,6,True,0.125,1.821854591369629,0.75,2.3548481464385986,0.75
12,ppo_lognormal,lognormal,log,7,True,0.125,1.85006844997406,0.75,2.5872581005096436,0.75
13,ppo_lognormal,lognormal,log,0,True,0.125,1.715255618095398,0.75,1.6378037929534912,0.75
13,ppo_lognormal,lognormal,log,1,True,0.125,2.3067705631256104,0.75,2.0200717449188232,0.75
13,ppo_lognormal,lognormal,log,2,True,0.125,0.9638012647628784,0.75,1.2158328294754028,0.75
13,ppo_lognormal,lognormal,log,3,True,0.125,1.927608847618103,0.75,1.1167731285095215,0.75
13,ppo_lognormal,lognormal,log,4,True,0.125,2.1254825592041016,0.75,2.485328435897827,0.75
13,ppo_lognormal,lognormal,log,5,True,0.125,2.3239858150482178,0.75,1.4208325147628784,0.75
13,ppo_lognormal,lognormal,log,6,True,0.125,1.821854591369629,0.75,2.3548481464385986,0.75
13,ppo_lognormal,lognormal,log,7,True,0.125,1.85006844997406,0.75,2.5872581005096436,0.75
14,ppo_lognormal,lognormal,log,0,True,0.125,1.715255618095398,0.75,1.6378037929534912,0.75
14,ppo_lognormal,lognormal,log,1,True,0.125,2.3067705631256104,0.75,2.0200717449188232,0.75
14,ppo_lognormal,lognormal,log,2,True,0.125,0.9638012647628784,0.75,1.2158328294754028,0.75
14,ppo_lognormal,lognormal,log,3,True,0.125,1.927608847618103,0.75,1.1167731285095215,0.75
14,ppo_lognormal,lognormal,log,4,True,0.125,2.1254825592041016,0.75,2.485328435897827,0.75
14,ppo_lognormal,lognormal,log,5,True,0.125,2.3239858150482178,0.75,1.4208325147628784,0.75
14,ppo_lognormal,lognormal,log,6,True,0.125,1.821854591369629,0.75,2.3548481464385986,0.75
14,ppo_lognormal,lognormal,log,7,True,0.125,1.85006844997406,0.75,2.5872581005096436,0.75
15,ppo_lognormal,lognormal,log,0,True,0.125,1.715255618095398,0.75,1.6378037929534912,0.75
15,ppo_lognormal,lognormal,log,1,True,0.125,2.3067705631256104,0.75,2.0200717449188232,0.75
15,ppo_lognormal,lognormal,log,2,True,0.125,0.9638012647628784,0.75,1.2158328294754028,0.75
15,ppo_lognormal,lognormal,log,3,True,0.125,1.927608847618103,0.75,1.1167731285095215,0.75
15,ppo_lognormal,lognormal,log,4,True,0.125,2.1254825592041016,0.75,2.485328435897827,0.75
15,ppo_lognormal,lognormal,log,5,True,0.125,2.3239858150482178,0.75,1.4208325147628784,0.75
15,ppo_lognormal,lognormal,log,6,True,0.125,1.821854591369629,0.75,2.3548481464385986,0.75
15,ppo_lognormal,lognormal,log,7,True,0.125,1.85006844997406,0.75,2.5872581005096436,0.75
16,ppo_lognormal,lognormal,log,0,True,0.125,1.715255618095398,0.75,1.6378037929534912,0.75
16,ppo_lognormal,lognormal,log,1,True,0.125,2.3067705631256104,0.75,2.0200717449188232,0.75
16,ppo_lognormal,lognormal,log,2,True,0.125,0.9638012647628784,0.75,1.2158328294754028,0.75
16,ppo_lognormal,lognormal,log,3,True,0.125,1.927608847618103,0.75,1.1167731285095215,0.75
16,ppo_lognormal,lognormal,log,4,True,0.125,2.1254825592041016,0.75,2.485328435897827,0.75
16,ppo_lognormal,lognormal,log,5,True,0.125,2.3239858150482178,0.75,1.4208325147628784,0.75
16,ppo_lognormal,lognormal,log,6,True,0.125,1.821854591369629,0.75,2.3548481464385986,0.75
16,ppo_lognormal,lognormal,log,7,True,0.125,1.85006844997406,0.75,2.5872581005096436,0.75
17,ppo_lognormal,lognormal,log,0,True,0.125,1.715255618095398,0.75,1.6378037929534912,0.75
17,ppo_lognormal,lognormal,log,1,True,0.125,2.3067705631256104,0.75,2.0200717449188232,0.75
17,ppo_lognormal,lognormal,log,2,True,0.125,0.9638012647628784,0.75,1.2158328294754028,0.75
17,ppo_lognormal,lognormal,log,3,True,0.125,1.927608847618103,0.75,1.1167731285095215,0.75
17,ppo_lognormal,lognormal,log,4,True,0.125,2.1254825592041016,0.75,2.485328435897827,0.75
17,ppo_lognormal,lognormal,log,5,True,0.125,2.3239858150482178,0.75,1.4208325147628784,0.75
17,ppo_lognormal,lognormal,log,6,True,0.125,1.821854591369629,0.75,2.3548481464385986,0.75
17,ppo_lognormal,lognormal,log,7,True,0.125,1.85006844997406,0.75,2.5872581005096436,0.75
18,ppo_lognormal,lognormal,log,0,True,0.125,1.715255618095398,0.75,1.6378037929534912,0.75
18,ppo_lognormal,lognormal,log,1,True,0.125,2.3067705631256104,0.75,2.0200717449188232,0.75
18,ppo_lognormal,lognormal,log,2,True,0.125,0.9638012647628784,0.75,1.2158328294754028,0.75
18,ppo_lognormal,lognormal,log,3,True,0.125,1.927608847618103,0.75,1.1167731285095215,0.75
18,ppo_lognormal,lognormal,log,4,True,0.125,2.1254825592041016,0.75,2.485328435897827,0.75
18,ppo_lognormal,lognormal,log,5,True,0.125,2.3239858150482178,0.75,1.4208325147628784,0.75
18,ppo_lognormal,lognormal,log,6,True,0.125,1.821854591369629,0.75,2.3548481464385986,0.75
18,ppo_lognormal,lognormal,log,7,True,0.125,1.85006844997406,0.75,2.5872581005096436,0.75
19,ppo_lognormal,lognormal,log,0,True,0.125,1.715255618095398,0.75,1.6378037929534912,0.75
19,ppo_lognormal,lognormal,log,1,True,0.125,2.3067705631256104,0.75,2.0200717449188232,0.75
19,ppo_lognormal,lognormal,log,2,True,0.125,0.9638012647628784,0.75,1.2158328294754028,0.75
19,ppo_lognormal,lognormal,log,3,True,0.125,1.927608847618103,0.75,1.1167731285095215,0.75
19,ppo_lognormal,lognormal,log,4,True,0.125,2.1254825592041016,0.75,2.485328435897827,0.75
19,ppo_lognormal,lognormal,log,5,True,0.125,2.3239858150482178,0.75,1.4208325147628784,0.75
19,ppo_lognormal,lognormal,log,6,True,0.125,1.821854591369629,0.75,2.3548481464385986,0.75
19,ppo_lognormal,lognormal,log,7,True,0.125,1.85006844997406,0.75,2.5872581005096436,0.75
20,ppo_lognormal,lognormal,log,0,True,0.125,1.715255618095398,0.75,1.6378037929534912,0.75
20,ppo_lognormal,lognormal,log,1,True,0.125,2.3067705631256104,0.75,2.0200717449188232,0.75
20,ppo_lognormal,lognormal,log,2,True,0.125,0.9638012647628784,0.75,1.2158328294754028,0.75
20,ppo_lognormal,lognormal,log,3,True,0.125,1.927608847618103,0.75,1.1167731285095215,0.75
20,ppo_lognormal,lognormal,log,4,True,0.125,2.1254825592041016,0.75,2.485328435897827,0.75
20,ppo_lognormal,lognormal,log,5,True,0.125,2.3239858150482178,0.75,1.4208325147628784,0.75
20,ppo_lognormal,lognormal,log,6,True,0.125,1.821854591369629,0.75,2.3548481464385986,0.75
20,ppo_lognormal,lognormal,log,7,True,0.125,1.85006844997406,0.75,2.5872581005096436,0.75
21,ppo_lognormal,lognormal,log,0,True,0.125,1.715255618095398,0.75,1.6378037929534912,0.75
21,ppo_lognormal,lognormal,log,1,True,0.125,2.3067705631256104,0.75,2.0200717449188232,0.75
21,ppo_lognormal,lognormal,log,2,True,0.125,0.9638012647628784,0.75,1.2158328294754028,0.75
21,ppo_lognormal,lognormal,log,3,True,0.125,1.927608847618103,0.75,1.1167731285095215,0.75
21,ppo_lognormal,lognormal,log,4,True,0.125,2.1254825592041016,0.75,2.485328435897827,0.75
21,ppo_lognormal,lognormal,log,5,True,0.125,2.3239858150482178,0.75,1.4208325147628784,0.75
21,ppo_lognormal,lognormal,log,6,True,0.125,1.821854591369629,0.75,2.3548481464385986,0.75
21,ppo_lognormal,lognormal,log,7,True,0.125,1.85006844997406,0.75,2.5872581005096436,0.75
22,ppo_lognormal,lognormal,log,0,True,0.125,1.715255618095398,0.75,1.6378037929534912,0.75
22,ppo_lognormal,lognormal,log,1,True,0.125,2.3067705631256104,0.75,2.0200717449188232,0.75
22,ppo_lognormal,lognormal,log,2,True,0.125,0.9638012647628784,0.75,1.2158328294754028,0.75
22,ppo_lognormal,lognormal,log,3,True,0.125,1.927608847618103,0.75,1.1167731285095215,0.75
22,ppo_lognormal,lognormal,log,4,True,0.125,2.1254825592041016,0.75,2.485328435897827,0.75
22,ppo_lognormal,lognormal,log,5,True,0.125,2.3239858150482178,0.75,1.4208325147628784,0.75
22,ppo_lognormal,lognormal,log,6,True,0.125,1.821854591369629,0.75,2.3548481464385986,0.75
22,ppo_lognormal,lognormal,log,7,True,0.125,1.85006844997406,0.75,2.5872581005096436,0.75
23,ppo_lognormal,lognormal,log,0,True,0.125,1.715255618095398,0.75,1.6378037929534912,0.75
23,ppo_lognormal,lognormal,log,1,True,0.125,2.3067705631256104,0.75,2.0200717449188232,0.75
23,ppo_lognormal,lognormal,log,2,True,0.125,0.9638012647628784,0.75,1.2158328294754028,0.75
23,ppo_lognormal,lognormal,log,3,True,0.125,1.927608847618103,0.75,1.1167731285095215,0.75
23,ppo_lognormal,lognormal,log,4,True,0.125,2.1254825592041016,0.75,2.485328435897827,0.75
23,ppo_lognormal,lognormal,log,5,True,0.125,2.3239858150482178,0.75,1.4208325147628784,0.75
23,ppo_lognormal,lognormal,log,6,True,0.125,1.821854591369629,0.75,2.3548481464385986,0.75
23,ppo_lognormal,lognormal,log,7,True,0.125,1.85006844997406,0.75,2.5872581005096436,0.75
24,ppo_lognormal,lognormal,log,0,True,0.125,1.715255618095398,0.75,1.6378037929534912,0.75
24,ppo_lognormal,lognormal,log,1,True,0.125,2.3067705631256104,0.75,2.0200717449188232,0.75
24,ppo_lognormal,lognormal,log,2,True,0.125,0.9638012647628784,0.75,1.2158328294754028,0.75
24,ppo_lognormal,lognormal,log,3,True,0.125,1.927608847618103,0.75,1.1167731285095215,0.75
24,ppo_lognormal,lognormal,log,4,True,0.125,2.1254825592041016,0.75,2.485328435897827,0.75
24,ppo_lognormal,lognormal,log,5,True,0.125,2.3239858150482178,0.75,1.4208325147628784,0.75
24,ppo_lognormal,lognormal,log,6,True,0.125,1.821854591369629,0.75,2.3548481464385986,0.75
24,ppo_lognormal,lognormal,log,7,True,0.125,1.85006844997406,0.75,2.5872581005096436,0.75
25,ppo_lognormal,lognormal,log,0,True,0.125,1.715255618095398,0.75,1.6378037929534912,0.75
25,ppo_lognormal,lognormal,log,1,True,0.125,2.3067705631256104,0.75,2.0200717449188232,0.75
25,ppo_lognormal,lognormal,log,2,True,0.125,0.9638012647628784,0.75,1.2158328294754028,0.75
25,ppo_lognormal,lognormal,log,3,True,0.125,1.927608847618103,0.75,1.1167731285095215,0.75
25,ppo_lognormal,lognormal,log,4,True,0.125,2.1254825592041016,0.75,2.485328435897827,0.75
25,ppo_lognormal,lognormal,log,5,True,0.125,2.3239858150482178,0.75,1.4208325147628784,0.75
25,ppo_lognormal,lognormal,log,6,True,0.125,1.821854591369629,0.75,2.3548481464385986,0.75
25,ppo_lognormal,lognormal,log,7,True,0.125,1.85006844997406,0.75,2.5872581005096436,0.75
26,ppo_lognormal,lognormal,log,0,True,0.125,1.715255618095398,0.75,1.6378037929534912,0.75
26,ppo_lognormal,lognormal,log,1,True,0.125,2.3067705631256104,0.75,2.0200717449188232,0.75
26,ppo_lognormal,lognormal,log,2,True,0.125,0.9638012647628784,0.75,1.2158328294754028,0.75
26,ppo_lognormal,lognormal,log,3,True,0.125,1.927608847618103,0.75,1.1167731285095215,0.75
26,ppo_lognormal,lognormal,log,4,True,0.125,2.1254825592041016,0.75,2.485328435897827,0.75
26,ppo_lognormal,lognormal,log,5,True,0.125,2.3239858150482178,0.75,1.4208325147628784,0.75
26,ppo_lognormal,lognormal,log,6,True,0.125,1.821854591369629,0.75,2.3548481464385986,0.75
26,ppo_lognormal,lognormal,log,7,True,0.125,1.85006844997406,0.75,2.5872581005096436,0.75
27,ppo_lognormal,lognormal,log,0,True,0.125,1.715255618095398,0.75,1.6378037929534912,0.75
27,ppo_lognormal,lognormal,log,1,True,0.125,2.3067705631256104,0.75,2.0200717449188232,0.75
27,ppo_lognormal,lognormal,log,2,True,0.125,0.9638012647628784,0.75,1.2158328294754028,0.75
27,ppo_lognormal,lognormal,log,3,True,0.125,1.927608847618103,0.75,1.1167731285095215,0.75
27,ppo_lognormal,lognormal,log,4,True,0.125,2.1254825592041016,0.75,2.485328435897827,0.75
27,ppo_lognormal,lognormal,log,5,True,0.125,2.3239858150482178,0.75,1.4208325147628784,0.75
27,ppo_lognormal,lognormal,log,6,True,0.125,1.821854591369629,0.75,2.3548481464385986,0.75
27,ppo_lognormal,lognormal,log,7,True,0.125,1.85006844997406,0.75,2.5872581005096436,0.75
28,ppo_lognormal,lognormal,log,0,True,0.125,1.715255618095398,0.75,1.6378037929534912,0.75
28,ppo_lognormal,lognormal,log,1,True,0.125,2.3067705631256104,0.75,2.0200717449188232,0.75
28,ppo_lognormal,lognormal,log,2,True,0.125,0.9638012647628784,0.75,1.2158328294754028,0.75
28,ppo_lognormal,lognormal,log,3,True,0.125,1.927608847618103,0.75,1.1167731285095215,0.75
28,ppo_lognormal,lognormal,log,4,True,0.125,2.1254825592041016,0.75,2.485328435897827,0.75
28,ppo_lognormal,lognormal,log,5,True,0.125,2.3239858150482178,0.75,1.4208325147628784,0.75
28,ppo_lognormal,lognormal,log,6,True,0.125,1.821854591369629,0.75,2.3548481464385986,0.75
28,ppo_lognormal,lognormal,log,7,True,0.125,1.85006844997406,0.75,2.5872581005096436,0.75
29,ppo_lognormal,lognormal,log,0,True,0.125,1.715255618095398,0.75,1.6378037929534912,0.75
29,ppo_lognormal,lognormal,log,1,True,0.125,2.3067705631256104,0.75,2.0200717449188232,0.75
29,ppo_lognormal,lognormal,log,2,True,0.125,0.9638012647628784,0.75,1.2158328294754028,0.75
29,ppo_lognormal,lognormal,log,3,True,0.125,1.927608847618103,0.75,1.1167731285095215,0.75
29,ppo_lognormal,lognormal,log,4,True,0.125,2.1254825592041016,0.75,2.485328435897827,0.75
29,ppo_lognormal,lognormal,log,5,True,0.125,2.3239858150482178,0.75,1.4208325147628784,0.75
29,ppo_lognormal,lognormal,log,6,True,0.125,1.821854591369629,0.75,2.3548481464385986,0.75
29,ppo_lognormal,lognormal,log,7,True,0.125,1.85006844997406,0.75,2.5872581005096436,0.75
30,ppo_lognormal,lognormal,log,0,True,0.125,1.715255618095398,0.75,1.6378037929534912,0.75
30,ppo_lognormal,lognormal,log,1,True,0.125,2.3067705631256104,0.75,2.0200717449188232,0.75
30,ppo_lognormal,lognormal,log,2,True,0.125,0.9638012647628784,0.75,1.2158328294754028,0.75
30,ppo_lognormal,lognormal,log,3,True,0.125,1.927608847618103,0.75,1.1167731285095215,0.75
30,ppo_lognormal,lognormal,log,4,True,0.125,2.1254825592041016,0.75,2.485328435897827,0.75
30,ppo_lognormal,lognormal,log,5,True,0.125,2.3239858150482178,0.75,1.4208325147628784,0.75
30,ppo_lognormal,lognormal,log,6,True,0.125,1.821854591369629,0.75,2.3548481464385986,0.75
30,ppo_lognormal,lognormal,log,7,True,0.125,1.85006844997406,0.75,2.5872581005096436,0.75
31,ppo_lognormal,lognormal,log,0,True,0.125,1.715255618095398,0.75,1.6378037929534912,0.75
31,ppo_lognormal,lognormal,log,1,True,0.125,2.3067705631256104,0.75,2.0200717449188232,0.75
31,ppo_lognormal,lognormal,log,2,True,0.125,0.9638012647628784,0.75,1.2158328294754028,0.75
31,ppo_lognormal,lognormal,log,3,True,0.125,1.927608847618103,0.75,1.1167731285095215,0.75
31,ppo_lognormal,lognormal,log,4,True,0.125,2.1254825592041016,0.75,2.485328435897827,0.75
31,ppo_lognormal,lognormal,log,5,True,0.125,2.3239858150482178,0.75,1.4208325147628784,0.75
31,ppo_lognormal,lognormal,log,6,True,0.125,1.821854591369629,0.75,2.3548481464385986,0.75
31,ppo_lognormal,lognormal,log,7,True,0.125,1.85006844997406,0.75,2.5872581005096436,0.75
32,ppo_lognormal,lognormal,log,0,True,0.125,1.715255618095398,0.75,1.6378037929534912,0.75
32,ppo_lognormal,lognormal,log,1,True,0.125,2.3067705631256104,0.75,2.0200717449188232,0.75
32,ppo_lognormal,lognormal,log,2,True,0.125,0.9638012647628784,0.75,1.2158328294754028,0.75
32,ppo_lognormal,lognormal,log,3,True,0.125,1.927608847618103,0.75,1.1167731285095215,0.75
32,ppo_lognormal,lognormal,log,4,True,0.125,2.1254825592041016,0.75,2.485328435897827,0.75
32,ppo_lognormal,lognormal,log,5,True,0.125,2.3239858150482178,0.75,1.4208325147628784,0.75
32,ppo_lognormal,lognormal,log,6,True,0.125,1.821854591369629,0.75,2.3548481464385986,0.75
32,ppo_lognormal,lognormal,log,7,True,0.125,1.85006844997406,0.75,2.5872581005096436,0.75
33,ppo_lognormal,lognormal,log,0,True,0.125,1.715255618095398,0.75,1.6378037929534912,0.75
33,ppo_lognormal,lognormal,log,1,True,0.125,2.3067705631256104,0.75,2.0200717449188232,0.75
33,ppo_lognormal,lognormal,log,2,True,0.125,0.9638012647628784,0.75,1.2158328294754028,0.75
33,ppo_lognormal,lognormal,log,3,True,0.125,1.927608847618103,0.75,1.1167731285095215,0.75
33,ppo_lognormal,lognormal,log,4,True,0.125,2.1254825592041016,0.75,2.485328435897827,0.75
33,ppo_lognormal,lognormal,log,5,True,0.125,2.3239858150482178,0.75,1.4208325147628784,0.75
33,ppo_lognormal,lognormal,log,6,True,0.125,1.821854591369629,0.75,2.3548481464385986,0.75
33,ppo_lognormal,lognormal,log,7,True,0.125,1.85006844997406,0.75,2.5872581005096436,0.75
34,ppo_lognormal,lognormal,log,0,True,0.125,1.715255618095398,0.75,1.6378037929534912,0.75
34,ppo_lognormal,lognormal,log,1,True,0.125,2.3067705631256104,0.75,2.0200717449188232,0.75
34,ppo_lognormal,lognormal,log,2,True,0.125,0.9638012647628784,0.75,1.2158328294754028,0.75
34,ppo_lognormal,lognormal,log,3,True,0.125,1.927608847618103,0.75,1.1167731285095215,0.75
34,ppo_lognormal,lognormal,log,4,True,0.125,2.1254825592041016,0.75,2.485328435897827,0.75
34,ppo_lognormal,lognormal,log,5,True,0.125,2.3239858150482178,0.75,1.4208325147628784,0.75
34,ppo_lognormal,lognormal,log,6,True,0.125,1.821854591369629,0.75,2.3548481464385986,0.75
34,ppo_lognormal,lognormal,log,7,True,0.125,1.85006844997406,0.75,2.5872581005096436,0.75
35,ppo_lognormal,lognormal,log,0,True,0.125,1.715255618095398,0.75,1.6378037929534912,0.75
35,ppo_lognormal,lognormal,log,1,True,0.125,2.3067705631256104,0.75,2.0200717449188232,0.75
35,ppo_lognormal,lognormal,log,2,True,0.125,0.9638012647628784,0.75,1.2158328294754028,0.75
35,ppo_lognormal,lognormal,log,3,True,0.125,1.927608847618103,0.75,1.1167731285095215,0.75
35,ppo_lognormal,lognormal,log,4,True,0.125,2.1254825592041016,0.75,2.485328435897827,0.75
35,ppo_lognormal,lognormal,log,5,True,0.125,2.3239858150482178,0.75,1.4208325147628784,0.75
35,ppo_lognormal,lognormal,log,6,True,0.125,1.821854591369629,0.75,2.3548481464385986,0.75
35,ppo_lognormal,lognormal,log,7,True,0.125,1.85006844997406,0.75,2.5872581005096436,0.75
36,ppo_lognormal,lognormal,log,0,True,0.125,1.715255618095398,0.75,1.6378037929534912,0.75
36,ppo_lognormal,lognormal,log,1,True,0.125,2.3067705631256104,0.75,2.0200717449188232,0.75
36,ppo_lognormal,lognormal,log,2,True,0.125,0.9638012647628784,0.75,1.2158328294754028,0.75
36,ppo_lognormal,lognormal,log,3,True,0.125,1.927608847618103,0.75,1.1167731285095215,0.75
36,ppo_lognormal,lognormal,log,4,True,0.125,2.1254825592041016,0.75,2.485328435897827,0.75
36,ppo_lognormal,lognormal,log,5,True,0.125,2.3239858150482178,0.75,1.4208325147628784,0.75
36,ppo_lognormal,lognormal,log,6,True,0.125,1.821854591369629,0.75,2.3548481464385986,0.75
36,ppo_lognormal,lognormal,log,7,True,0.125,1.85006844997406,0.75,2.5872581005096436,0.75
37,ppo_lognormal,lognormal,log,0,True,0.125,1.715255618095398,0.75,1.6378037929534912,0.75
37,ppo_lognormal,lognormal,log,1,True,0.125,2.3067705631256104,0.75,2.0200717449188232,0.75
37,ppo_lognormal,lognormal,log,2,True,0.125,0.9638012647628784,0.75,1.2158328294754028,0.75
37,ppo_lognormal,lognormal,log,3,True,0.125,1.927608847618103,0.75,1.1167731285095215,0.75
37,ppo_lognormal,lognormal,log,4,True,0.125,2.1254825592041016,0.75,2.485328435897827,0.75
37,ppo_lognormal,lognormal,log,5,True,0.125,2.3239858150482178,0.75,1.4208325147628784,0.75
37,ppo_lognormal,lognormal,log,6,True,0.125,1.821854591369629,0.75,2.3548481464385986,0.75
37,ppo_lognormal,lognormal,log,7,True,0.125,1.85006844997406,0.75,2.5872581005096436,0.75
38,ppo_lognormal,lognormal,log,0,True,0.125,1.715255618095398,0.75,1.6378037929534912,0.75
38,ppo_lognormal,lognormal,log,1,True,0.125,2.3067705631256104,0.75,2.0200717449188232,0.75
38,ppo_lognormal,lognormal,log,2,True,0.125,0.9638012647628784,0.75,1.2158328294754028,0.75
38,ppo_lognormal,lognormal,log,3,True,0.125,1.927608847618103,0.75,1.1167731285095215,0.75
38,ppo_lognormal,lognormal,log,4,True,0.125,2.1254825592041016,0.75,2.485328435897827,0.75
38,ppo_lognormal,lognormal,log,5,True,0.125,2.3239858150482178,0.75,1.4208325147628784,0.75
38,ppo_lognormal,lognormal,log,6,True,0.125,1.821854591369629,0.75,2.3548481464385986,0.75
38,ppo_lognormal,lognormal,log,7,True,0.125,1.85006844997406,0.75,2.5872581005096436,0.75
39,ppo_lognormal,lognormal,log,0,True,0.125,1.715255618095398,0.75,1.6378037929534912,0.75
39,ppo_lognormal,lognormal,log,1,True,0.125,2.3067705631256104,0.75,2.0200717449188232,0.75
39,ppo_lognormal,lognormal,log,2,True,0.125,0.9638012647628784,0.75,1.2158328294754028,0.75
39,ppo_lognormal,lognormal,log,3,True,0.125,1.927608847618103,0.75,1.1167731285095215,0.75
39,ppo_lognormal,lognormal,log,4,True,0.125,2.1254825592041016,0.75,2.485328435897827,0.75
39,ppo_lognormal,lognormal,log,5,True,0.125,2.3239858150482178,0.75,1.4208325147628784,0.75
39,ppo_lognormal,lognormal,log,6,True,0.125,1.821854591369629,0.75,2.3548481464385986,0.75
39,ppo_lognormal,lognormal,log,7,True,0.125,1.85006844997406,0.75,2.5872581005096436,0.75
40,ppo_lognormal,lognormal,log,0,True,0.125,1.715255618095398,0.75,1.6378037929534912,0.75
40,ppo_lognormal,lognormal,log,1,True,0.125,2.3067705631256104,0.75,2.0200717449188232,0.75
40,ppo_lognormal,lognormal,log,2,True,0.125,0.9638012647628784,0.75,1.2158328294754028,0.75
40,ppo_lognormal,lognormal,log,3,True,0.125,1.927608847618103,0.75,1.1167731285095215,0.75
40,ppo_lognormal,lognormal,log,4,True,0.125,2.1254825592041016,0.75,2.485328435897827,0.75
40,ppo_lognormal,lognormal,log,5,True,0.125,2.3239858150482178,0.75,1.4208325147628784,0.75
40,ppo_lognormal,lognormal,log,6,True,0.125,1.821854591369629,0.75,2.3548481464385986,0.75
40,ppo_lognormal,lognormal,log,7,True,0.125,1.85006844997406,0.75,2.5872581005096436,0.75
41,ppo_lognormal,lognormal,log,0,True,0.125,1.715255618095398,0.75,1.6378037929534912,0.75
41,ppo_lognormal,lognormal,log,1,True,0.125,2.3067705631256104,0.75,2.0200717449188232,0.75
41,ppo_lognormal,lognormal,log,2,True,0.125,0.9638012647628784,0.75,1.2158328294754028,0.75
41,ppo_lognormal,lognormal,log,3,True,0.125,1.927608847618103,0.75,1.1167731285095215,0.75
41,ppo_lognormal,lognormal,log,4,True,0.125,2.1254825592041016,0.75,2.485328435897827,0.75
41,ppo_lognormal,lognormal,log,5,True,0.125,2.3239858150482178,0.75,1.4208325147628784,0.75
41,ppo_lognormal,lognormal,log,6,True,0.125,1.821854591369629,0.75,2.3548481464385986,0.75
41,ppo_lognormal,lognormal,log,7,True,0.125,1.85006844997406,0.75,2.5872581005096436,0.75
42,ppo_lognormal,lognormal,log,0,True,0.125,1.715255618095398,0.75,1.6378037929534912,0.75
42,ppo_lognormal,lognormal,log,1,True,0.125,2.3067705631256104,0.75,2.0200717449188232,0.75
42,ppo_lognormal,lognormal,log,2,True,0.125,0.9638012647628784,0.75,1.2158328294754028,0.75
42,ppo_lognormal,lognormal,log,3,True,0.125,1.927608847618103,0.75,1.1167731285095215,0.75
42,ppo_lognormal,lognormal,log,4,True,0.125,2.1254825592041016,0.75,2.485328435897827,0.75
42,ppo_lognormal,lognormal,log,5,True,0.125,2.3239858150482178,0.75,1.4208325147628784,0.75
42,ppo_lognormal,lognormal,log,6,True,0.125,1.821854591369629,0.75,2.3548481464385986,0.75
42,ppo_lognormal,lognormal,log,7,True,0.125,1.85006844997406,0.75,2.5872581005096436,0.75
43,ppo_lognormal,lognormal,log,0,True,0.125,1.715255618095398,0.75,1.6378037929534912,0.75
43,ppo_lognormal,lognormal,log,1,True,0.125,2.3067705631256104,0.75,2.0200717449188232,0.75
43,ppo_lognormal,lognormal,log,2,True,0.125,0.9638012647628784,0.75,1.2158328294754028,0.75
43,ppo_lognormal,lognormal,log,3,True,0.125,1.927608847618103,0.75,1.1167731285095215,0.75
43,ppo_lognormal,lognormal,log,4,True,0.125,2.1254825592041016,0.75,2.485328435897827,0.75
43,ppo_lognormal,lognormal,log,5,True,0.125,2.3239858150482178,0.75,1.4208325147628784,0.75
43,ppo_lognormal,lognormal,log,6,True,0.125,1.821854591369629,0.75,2.3548481464385986,0.75
43,ppo_lognormal,lognormal,log,7,True,0.125,1.85006844997406,0.75,2.5872581005096436,0.75
44,ppo_lognormal,lognormal,log,0,True,0.125,1.715255618095398,0.75,1.6378037929534912,0.75
44,ppo_lognormal,lognormal,log,1,True,0.125,2.3067705631256104,0.75,2.0200717449188232,0.75
44,ppo_lognormal,lognormal,log,2,True,0.125,0.9638012647628784,0.75,1.2158328294754028,0.75
44,ppo_lognormal,lognormal,log,3,True,0.125,1.927608847618103,0.75,1.1167731285095215,0.75
44,ppo_lognormal,lognormal,log,4,True,0.125,2.1254825592041016,0.75,2.485328435897827,0.75
44,ppo_lognormal,lognormal,log,5,True,0.125,2.3239858150482178,0.75,1.4208325147628784,0.75
44,ppo_lognormal,lognormal,log,6,True,0.125,1.821854591369629,0.75,2.3548481464385986,0.75
44,ppo_lognormal,lognormal,log,7,True,0.125,1.85006844997406,0.75,2.5872581005096436,0.75
45,ppo_lognormal,lognormal,log,0,True,0.125,1.715255618095398,0.75,1.6378037929534912,0.75
45,ppo_lognormal,lognormal,log,1,True,0.125,2.3067705631256104,0.75,2.0200717449188232,0.75
45,ppo_lognormal,lognormal,log,2,True,0.125,0.9638012647628784,0.75,1.2158328294754028,0.75
45,ppo_lognormal,lognormal,log,3,True,0.125,1.927608847618103,0.75,1.1167731285095215,0.75
45,ppo_lognormal,lognormal,log,4,True,0.125,2.1254825592041016,0.75,2.485328435897827,0.75
45,ppo_lognormal,lognormal,log,5,True,0.125,2.3239858150482178,0.75,1.4208325147628784,0.75
45,ppo_lognormal,lognormal,log,6,True,0.125,1.821854591369629,0.75,2.3548481464385986,0.75
45,ppo_lognormal,lognormal,log,7,True,0.125,1.85006844997406,0.75,2.5872581005096436,0.75
46,ppo_lognormal,lognormal,log,0,True,0.125,1.715255618095398,0.75,1.6378037929534912,0.75
46,ppo_lognormal,lognormal,log,1,True,0.125,2.3067705631256104,0.75,2.0200717449188232,0.75
46,ppo_lognormal,lognormal,log,2,True,0.125,0.9638012647628784,0.75,1.2158328294754028,0.75
46,ppo_lognormal,lognormal,log,3,True,0.125,1.927608847618103,0.75,1.1167731285095215,0.75
46,ppo_lognormal,lognormal,log,4,True,0.125,2.1254825592041016,0.75,2.485328435897827,0.75
46,ppo_lognormal,lognormal,log,5,True,0.125,2.3239858150482178,0.75,1.4208325147628784,0.75
46,ppo_lognormal,lognormal,log,6,True,0.125,1.821854591369629,0.75,2.3548481464385986,0.75
46,ppo_lognormal,lognormal,log,7,True,0.125,1.85006844997406,0.75,2.5872581005096436,0.75
47,ppo_lognormal,lognormal,log,0,True,0.125,1.715255618095398,0.75,1.6378037929534912,0.75
47,ppo_lognormal,lognormal,log,1,True,0.125,2.3067705631256104,0.75,2.0200717449188232,0.75
47,ppo_lognormal,lognormal,log,2,True,0.125,0.9638012647628784,0.75,1.2158328294754028,0.75
47,ppo_lognormal,lognormal,log,3,True,0.125,1.927608847618103,0.75,1.1167731285095215,0.75
47,ppo_lognormal,lognormal,log,4,True,0.125,2.1254825592041016,0.75,2.485328435897827,0.75
47,ppo_lognormal,lognormal,log,5,True,0.125,2.3239858150482178,0.75,1.4208325147628784,0.75
47,ppo_lognormal,lognormal,log,6,True,0.125,1.821854591369629,0.75,2.3548481464385986,0.75
47,ppo_lognormal,lognormal,log,7,True,0.125,1.85006844997406,0.75,2.5872581005096436,0.75
48,ppo_lognormal,lognormal,log,0,True,0.125,1.715255618095398,0.75,1.6378037929534912,0.75
48,ppo_lognormal,lognormal,log,1,True,0.125,2.3067705631256104,0.75,2.0200717449188232,0.75
48,ppo_lognormal,lognormal,log,2,True,0.125,0.9638012647628784,0.75,1.2158328294754028,0.75
48,ppo_lognormal,lognormal,log,3,True,0.125,1.927608847618103,0.75,1.1167731285095215,0.75
48,ppo_lognormal,lognormal,log,4,True,0.125,2.1254825592041016,0.75,2.485328435897827,0.75
48,ppo_lognormal,lognormal,log,5,True,0.125,2.3239858150482178,0.75,1.4208325147628784,0.75
48,ppo_lognormal,lognormal,log,6,True,0.125,1.821854591369629,0.75,2.3548481464385986,0.75
48,ppo_lognormal,lognormal,log,7,True,0.125,1.85006844997406,0.75,2.5872581005096436,0.75
49,ppo_lognormal,lognormal,log,0,True,0.125,1.715255618095398,0.75,1.6378037929534912,0.75
49,ppo_lognormal,lognormal,log,1,True,0.125,2.3067705631256104,0.75,2.0200717449188232,0.75
49,ppo_lognormal,lognormal,log,2,True,0.125,0.9638012647628784,0.75,1.2158328294754028,0.75
49,ppo_lognormal,lognormal,log,3,True,0.125,1.927608847618103,0.75,1.1167731285095215,0.75
49,ppo_lognormal,lognormal,log,4,True,0.125,2.1254825592041016,0.75,2.485328435897827,0.75
49,ppo_lognormal,lognormal,log,5,True,0.125,2.3239858150482178,0.75,1.4208325147628784,0.75
49,ppo_lognormal,lognormal,log,6,True,0.125,1.821854591369629,0.75,2.3548481464385986,0.75
49,ppo_lognormal,lognormal,log,7,True,0.125,1.85006844997406,0.75,2.5872581005096436,0.75
50,ppo_lognormal,lognormal,log,0,True,0.125,1.715255618095398,0.75,1.6378037929534912,0.75
50,ppo_lognormal,lognormal,log,1,True,0.125,2.3067705631256104,0.75,2.0200717449188232,0.75
50,ppo_lognormal,lognormal,log,2,True,0.125,0.9638012647628784,0.75,1.2158328294754028,0.75
50,ppo_lognormal,lognormal,log,3,True,0.125,1.927608847618103,0.75,1.1167731285095215,0.75
50,ppo_lognormal,lognormal,log,4,True,0.125,2.1254825592041016,0.75,2.485328435897827,0.75
50,ppo_lognormal,lognormal,log,5,True,0.125,2.3239858150482178,0.75,1.4208325147628784,0.75
50,ppo_lognormal,lognormal,log,6,True,0.125,1.821854591369629,0.75,2.3548481464385986,0.75
50,ppo_lognormal,lognormal,log,7,True,0.125,1.85006844997406,0.75,2.5872581005096436,0.75
51,ppo_lognormal,lognormal,log,0,True,0.125,1.7161555290222168,0.7493252754211426,1.6369037628173828,0.7493252754211426
51,ppo_lognormal,lognormal,log,1,True,0.125,2.3076705932617188,0.7493252754211426,2.019171714782715,0.7506753206253052
51,ppo_lognormal,lognormal,log,2,True,0.125,0.964701235294342,0.7493252754211426,1.2149327993392944,0.7506753206253052
51,ppo_lognormal,lognormal,log,3,True,0.125,1.9267088174819946,0.7493252754211426,1.115873098373413,0.7493252754211426
51,ppo_lognormal,lognormal,log,4,True,0.125,2.12638258934021,0.7506753206253052,2.4844284057617188,0.7493252754211426
51,ppo_lognormal,lognormal,log,5,True,0.125,2.3230857849121094,0.7493252754211426,1.41993248462677,0.7493252754211426
51,ppo_lognormal,lognormal,log,6,True,0.125,1.8227546215057373,0.7493252754211426,2.3539481163024902,0.7506753206253052
51,ppo_lognormal,lognormal,log,7,True,0.125,1.8509684801101685,0.7493252754211426,2.586358070373535,0.7493252754211426
52,ppo_lognormal,lognormal,log,0,True,0.125,1.7168300151824951,0.749717116355896,1.6361044645309448,0.7487459778785706
52,ppo_lognormal,lognormal,log,1,True,0.125,2.3070034980773926,0.7487918138504028,2.018441677093506,0.7503222823143005
52,ppo_lognormal,lognormal,log,2,True,0.125,0.9655110239982605,0.7496213912963867,1.214033842086792,0.750268280506134
52,ppo_lognormal,lognormal,log,3,True,0.125,1.9265880584716797,0.7487218976020813,1.116229772567749,0.7487331628799438
52,ppo_lognormal,lognormal,log,4,True,0.125,2.126214027404785,0.7512819170951843,2.483536720275879,0.7486926913261414
52,ppo_lognormal,lognormal,log,5,True,0.125,2.323723793029785,0.7491012811660767,1.4190564155578613,0.748991072177887
52,ppo_lognormal,lognormal,log,6,True,0.125,1.8231784105300903,0.7488408088684082,2.3530490398406982,0.751198947429657
52,ppo_lognormal,lognormal,log,7,True,0.125,1.851425051689148,0.7486690282821655,2.5854592323303223,0.7488008737564087
53,ppo_lognormal,lognormal,log,0,True,0.125,1.7176028490066528,0.7498228549957275,1.635263442993164,0.7490509748458862
53,ppo_lognormal,lognormal,log,1,True,0.125,2.3070995807647705,0.7482409477233887,2.017725706100464,0.7498472929000854
53,ppo_lognormal,lognormal,log,2,True,0.125,0.9661543369293213,0.7498374581336975,1.2133338451385498,0.7499567270278931
53,ppo_lognormal,lognormal,log,3,True,0.125,1.9266328811645508,0.748187780380249,1.1157474517822266,0.7483500242233276
53,ppo_lognormal,lognormal,log,4,True,0.125,2.125628709793091,0.7517803907394409,2.482642412185669,0.7480658292770386
53,ppo_lognormal,lognormal,log,5,True,0.125,2.32401180267334,0.748854398727417,1.41829252243042,0.7486829161643982
53,ppo_lognormal,lognormal,log,6,True,0.125,1.823574185371399,0.7485348582267761,2.352200746536255,0.7513782382011414
53,ppo_lognormal,lognormal,log,7,True,0.125,1.8520936965942383,0.7480066418647766,2.584563970565796,0.7482680082321167
54,ppo_lognormal,lognormal,log,0,True,0.125,1.7183846235275269,0.7499942779541016,1.6344091892242432,0.749199390411377
54,ppo_lognormal,lognormal,log,1,True,0.125,2.30725359916687,0.7477561235427856,2.017042875289917,0.7494515180587769
54,ppo_lognormal,lognormal,log,2,True,0.125,0.9665566682815552,0.7496374845504761,1.2125688791275024,0.7494960427284241
54,ppo_lognormal,lognormal,log,3,True,0.125,1.92625892162323,0.7476348876953125,1.11515474319458,0.7478512525558472
54,ppo_lognormal,lognormal,log,4,True,0.125,2.1250343322753906,0.7520306706428528,2.481745719909668,0.7481931447982788
54,ppo_lognormal,lognormal,log,5,True,0.125,2.3241920471191406,0.748660147190094,1.4176547527313232,0.7483937740325928
54,ppo_lognormal,lognormal,log,6,True,0.125,1.8241502046585083,0.7481488585472107,2.351367473602295,0.7514171600341797
54,ppo_lognormal,lognormal,log,7,True,0.125,1.8521794080734253,0.7473798990249634,2.5836665630340576,0.7477390766143799
55,ppo_lognormal,lognormal,log,0,True,0.125,1.7190474271774292,0.7500222325325012,1.6335813999176025,0.7489355802536011
55,ppo_lognormal,lognormal,log,1,True,0.125,2.3074772357940674,0.7473543882369995,2.016472101211548,0.7490586042404175
55,ppo_lognormal,lognormal,log,2,True,0.125,0.9671455025672913,0.7492367625236511,1.212112545967102,0.7491716146469116
55,ppo_lognormal,lognormal,log,3,True,0.125,1.92611563205719,0.7472237348556519,1.114542007446289,0.7475150227546692
55,ppo_lognormal,lognormal,log,4,True,0.125,2.1243398189544678,0.7519240975379944,2.4808528423309326,0.7480791807174683
55,ppo_lognormal,lognormal,log,5,True,0.125,2.3245513439178467,0.7488902807235718,1.417362093925476,0.7479606866836548
55,ppo_lognormal,lognormal,log,6,True,0.125,1.824543833732605,0.7478510141372681,2.3505165576934814,0.7516466975212097
55,ppo_lognormal,lognormal,log,7,True,0.125,1.8524596691131592,0.7467712759971619,2.582793712615967,0.747234582901001
56,ppo_lognormal,lognormal,log,0,True,0.125,1.7196390628814697,0.7500680685043335,1.6328550577163696,0.7487144470214844
56,ppo_lognormal,lognormal,log,1,True,0.125,2.3078505992889404,0.7469307780265808,2.0160279273986816,0.7485737204551697
56,ppo_lognormal,lognormal,log,2,True,0.125,0.9677147269248962,0.7488091588020325,1.2118185758590698,0.748823881149292
56,ppo_lognormal,lognormal,log,3,True,0.125,1.9262418746948242,0.7467316389083862,1.1138405799865723,0.747482180595398
56,ppo_lognormal,lognormal,log,4,True,0.125,2.123793601989746,0.7518721222877502,2.4800503253936768,0.7483046650886536
56,ppo_lognormal,lognormal,log,5,True,0.125,2.324415922164917,0.748652994632721,1.4168425798416138,0.7474774122238159
56,ppo_lognormal,lognormal,log,6,True,0.125,1.8249030113220215,0.7475441694259644,2.349670171737671,0.7520023584365845
56,ppo_lognormal,lognormal,log,7,True,0.125,1.8527005910873413,0.7462483048439026,2.582042932510376,0.7468010187149048
57,ppo_lognormal,lognormal,log,0,True,0.125,1.7202881574630737,0.750241756439209,1.6321332454681396,0.7484293580055237
57,ppo_lognormal,lognormal,log,1,True,0.125,2.308347463607788,0.7464321851730347,2.0154595375061035,0.7481327652931213
57,ppo_lognormal,lognormal,log,2,True,0.125,0.9682106971740723,0.7484367489814758,1.2115625143051147,0.748521089553833
57,ppo_lognormal,lognormal,log,3,True,0.125,1.9263057708740234,0.7462683916091919,1.1132227182388306,0.7473770380020142
57,ppo_lognormal,lognormal,log,4,True,0.125,2.1231400966644287,0.7517638206481934,2.479224920272827,0.7481708526611328
57,ppo_lognormal,lognormal,log,5,True,0.125,2.324127197265625,0.7483241558074951,1.4162993431091309,0.7469848990440369
57,ppo_lognormal,lognormal,log,6,True,0.125,1.8253190517425537,0.7472327947616577,2.3488097190856934,0.7522042393684387
57,ppo_lognormal,lognormal,log,7,True,0.125,1.8527541160583496,0.745689868927002,2.5813043117523193,0.7465044260025024
58,ppo_lognormal,lognormal,log,0,True,0.125,1.7203493118286133,0.7502026557922363,1.63139009475708,0.7480968236923218
58,ppo_lognormal,lognormal,log,1,True,0.125,2.3087570667266846,0.7459934949874878,2.0148680210113525,0.7477495670318604
58,ppo_lognormal,lognormal,log,2,True,0.125,0.9687226414680481,0.7481368780136108,1.211243748664856,0.7482212781906128
58,ppo_lognormal,lognormal,log,3,True,0.125,1.9260947704315186,0.7458944916725159,1.112548828125,0.7474046945571899
58,ppo_lognormal,lognormal,log,4,True,0.125,2.1225171089172363,0.7515352964401245,2.47843074798584,0.7481147646903992
58,ppo_lognormal,lognormal,log,5,True,0.125,2.323745012283325,0.7479420900344849,1.4157743453979492,0.746545672416687
58,ppo_lognormal,lognormal,log,6,True,0.125,1.825807809829712,0.7468706965446472,2.3479347229003906,0.7520129084587097
58,ppo_lognormal,lognormal,log,7,True,0.125,1.8528441190719604,0.7451869249343872,2.5805459022521973,0.746525228023529
59,ppo_lognormal,lognormal,log,0,True,0.125,1.7205760478973389,0.7501001954078674,1.6306419372558594,0.7477967739105225
59,ppo_lognormal,lognormal,log,1,True,0.125,2.3091115951538086,0.7456082105636597,2.014360189437866,0.747402548789978
59,ppo_lognormal,lognormal,log,2,True,0.125,0.9693349599838257,0.7479465007781982,1.210953712463379,0.7478972673416138
59,ppo_lognormal,lognormal,log,3,True,0.125,1.9260754585266113,0.7455556988716125,1.11188542842865,0.7474814653396606
59,ppo_lognormal,lognormal,log,4,True,0.125,2.1223113536834717,0.7511547803878784,2.4777157306671143,0.7480289936065674
59,ppo_lognormal,lognormal,log,5,True,0.125,2.323732614517212,0.7475851774215698,1.4151451587677002,0.7461745738983154
59,ppo_lognormal,lognormal,log,6,True,0.125,1.826405644416809,0.7464384436607361,2.347048044204712,0.7519087195396423
59,ppo_lognormal,lognormal,log,7,True,0.125,1.852848768234253,0.7448282837867737,2.5797946453094482,0.7465710639953613
60,ppo_lognormal,lognormal,log,0,True,0.125,1.7208192348480225,0.7500597238540649,1.6299171447753906,0.7475390434265137
60,ppo_lognormal,lognormal,log,1,True,0.125,2.3093395233154297,0.7453095316886902,2.013823986053467,0.7471170425415039
60,ppo_lognormal,lognormal,log,2,True,0.125,0.9698801636695862,0.747776985168457,1.210695505142212,0.7476087808609009
60,ppo_lognormal,lognormal,log,3,True,0.125,1.926167368888855,0.7451345324516296,1.1112431287765503,0.7473674416542053
60,ppo_lognormal,lognormal,log,4,True,0.125,2.1222431659698486,0.7508125305175781,2.4769623279571533,0.7477453947067261
60,ppo_lognormal,lognormal,log,5,True,0.125,2.3237154483795166,0.7471640110015869,1.414515495300293,0.7458653450012207
60,ppo_lognormal,lognormal,log,6,True,0.125,1.8269422054290771,0.746063232421875,2.346280813217163,0.7518150210380554
60,ppo_lognormal,lognormal,log,7,True,0.125,1.8530857563018799,0.7444424629211426,2.579008102416992,0.7465178966522217
61,ppo_lognormal,lognormal,log,0,True,0.125,1.7210618257522583,0.7499181032180786,1.6292036771774292,0.7472525835037231
61,ppo_lognormal,lognormal,log,1,True,0.125,2.3095035552978516,0.7450810670852661,2.0131850242614746,0.7467237114906311
61,ppo_lognormal,lognormal,log,2,True,0.125,0.970524787902832,0.7476757764816284,1.2105236053466797,0.747344434261322
61,ppo_lognormal,lognormal,log,3,True,0.125,1.9264343976974487,0.7448078989982605,1.1106139421463013,0.7472038269042969
61,ppo_lognormal,lognormal,log,4,True,0.125,2.1223199367523193,0.7505716681480408,2.4761810302734375,0.7475115060806274
61,ppo_lognormal,lognormal,log,5,True,0.125,2.323544502258301,0.7466888427734375,1.4138318300247192,0.7454997897148132
61,ppo_lognormal,lognormal,log,6,True,0.125,1.827432632446289,0.745707631111145,2.345581293106079,0.7516980767250061
61,ppo_lognormal,lognormal,log,7,True,0.125,1.8532623052597046,0.7441606521606445,2.578192949295044,0.7464045286178589
62,ppo_lognormal,lognormal,log,0,True,0.125,1.7215161323547363,0.749896764755249,1.628448486328125,0.7470343112945557
62,ppo_lognormal,lognormal,log,1,True,0.125,2.3097286224365234,0.7448545694351196,2.012507915496826,0.7463748455047607
62,ppo_lognormal,lognormal,log,2,True,0.125,0.9711706042289734,0.7475011348724365,1.2103407382965088,0.7470921277999878
62,ppo_lognormal,lognormal,log,3,True,0.125,1.9265797138214111,0.744537353515625,1.1099258661270142,0.7469000220298767
62,ppo_lognormal,lognormal,log,4,True,0.125,2.122283697128296,0.7503199577331543,2.4754090309143066,0.7472728490829468
62,ppo_lognormal,lognormal,log,5,True,0.125,2.323301076889038,0.7462164163589478,1.4131050109863281,0.7452070116996765
62,ppo_lognormal,lognormal,log,6,True,0.125,1.8279407024383545,0.745293140411377,2.344825029373169,0.7516806125640869
62,ppo_lognormal,lognormal,log,7,True,0.125,1.853467345237732,0.743969202041626,2.5773892402648926,0.7463068962097168
63,ppo_lognormal,lognormal,log,0,True,0.125,1.7219091653823853,0.7498188018798828,1.627658486366272,0.7467858791351318
63,ppo_lognormal,lognormal,log,1,True,0.125,2.309971332550049,0.744645357131958,2.01185941696167,0.7460887432098389
63,ppo_lognormal,lognormal,log,2,True,0.125,0.9717232584953308,0.7472658157348633,1.2100119590759277,0.7469013333320618
63,ppo_lognormal,lognormal,log,3,True,0.125,1.9268089532852173,0.7443433403968811,1.1092164516448975,0.7466291189193726
63,ppo_lognormal,lognormal,log,4,True,0.125,2.122173309326172,0.7500640749931335,2.4748260974884033,0.7470101118087769
63,ppo_lognormal,lognormal,log,5,True,0.125,2.3233485221862793,0.7457073330879211,1.4123271703720093,0.7449479103088379
63,ppo_lognormal,lognormal,log,6,True,0.125,1.8284261226654053,0.7449098825454712,2.344107151031494,0.7516642808914185
63,ppo_lognormal,lognormal,log,7,True,0.125,1.8535288572311401,0.7438967823982239,2.576683521270752,0.7462649345397949
64,ppo_lognormal,lognormal,log,0,True,0.125,1.7221709489822388,0.7497803568840027,1.6269035339355469,0.7465496063232422
64,ppo_lognormal,lognormal,log,1,True,0.125,2.3102669715881348,0.7444591522216797,2.0112037658691406,0.7458261251449585
64,ppo_lognormal,lognormal,log,2,True,0.125,0.9723570346832275,0.7469110488891602,1.2095065116882324,0.7466583251953125
64,ppo_lognormal,lognormal,log,3,True,0.125,1.9270514249801636,0.7441361546516418,1.108484148979187,0.7464051246643066
64,ppo_lognormal,lognormal,log,4,True,0.125,2.122025966644287,0.7497656345367432,2.474179267883301,0.7468876838684082
64,ppo_lognormal,lognormal,log,5,True,0.125,2.3233392238616943,0.7451547980308533,1.4116204977035522,0.7446129322052002
64,ppo_lognormal,lognormal,log,6,True,0.125,1.8287039995193481,0.7444573044776917,2.3433496952056885,0.7516618371009827
64,ppo_lognormal,lognormal,log,7,True,0.125,1.8537148237228394,0.7438156604766846,2.57602596282959,0.7462610006332397
65,ppo_lognormal,lognormal,log,0,True,0.125,1.722433090209961,0.7497484683990479,1.626190185546875,0.7463370561599731
65,ppo_lognormal,lognormal,log,1,True,0.125,2.310410499572754,0.744300127029419,2.0105197429656982,0.7455256581306458
65,ppo_lognormal,lognormal,log,2,True,0.125,0.9730558395385742,0.7464612722396851,1.2088850736618042,0.7463589906692505
65,ppo_lognormal,lognormal,log,3,True,0.125,1.9270920753479004,0.7438344955444336,1.1077615022659302,0.7461172342300415
65,ppo_lognormal,lognormal,log,4,True,0.125,2.1220176219940186,0.7493648529052734,2.4734604358673096,0.7466827630996704
65,ppo_lognormal,lognormal,log,5,True,0.125,2.3234150409698486,0.7445801496505737,1.4109364748001099,0.7443210482597351
65,ppo_lognormal,lognormal,log,6,True,0.125,1.828918218612671,0.7440576553344727,2.342616319656372,0.7516322135925293
65,ppo_lognormal,lognormal,log,7,True,0.125,1.8539613485336304,0.74376380443573,2.575350761413574,0.7461493015289307
66,ppo_lognormal,lognormal,log,0,True,0.125,1.7227444648742676,0.7496563196182251,1.625434398651123,0.7463351488113403
66,ppo_lognormal,lognormal,log,1,True,0.125,2.310617685317993,0.7441641092300415,2.0099029541015625,0.7452888488769531
66,ppo_lognormal,lognormal,log,2,True,0.125,0.9737359881401062,0.7460252046585083,1.2083791494369507,0.7460347414016724
66,ppo_lognormal,lognormal,log,3,True,0.125,1.9272148609161377,0.7434794902801514,1.107063889503479,0.7457972764968872
66,ppo_lognormal,lognormal,log,4,True,0.125,2.1220617294311523,0.7490828037261963,2.4727261066436768,0.7463971972465515
66,ppo_lognormal,lognormal,log,5,True,0.125,2.323397159576416,0.744047999382019,1.410225749015808,0.7439769506454468
66,ppo_lognormal,lognormal,log,6,True,0.125,1.8291349411010742,0.7436897158622742,2.341935634613037,0.7515997886657715
66,ppo_lognormal,lognormal,log,7,True,0.125,1.8542317152023315,0.7437485456466675,2.574723482131958,0.7462011575698853
67,ppo_lognormal,lognormal,log,0,True,0.125,1.7230706214904785,0.7494926452636719,1.6246448755264282,0.746295690536499
67,ppo_lognormal,lognormal,log,1,True,0.125,2.3108224868774414,0.7440332174301147,2.009333372116089,0.7450604438781738
67,ppo_lognormal,lognormal,log,2,True,0.125,0.9744637608528137,0.7457202672958374,1.2078431844711304,0.7456504106521606
67,ppo_lognormal,lognormal,log,3,True,0.125,1.927415370941162,0.7431132793426514,1.106334924697876,0.7454999685287476
67,ppo_lognormal,lognormal,log,4,True,0.125,2.1223602294921875,0.7487799525260925,2.4721059799194336,0.7462363243103027
67,ppo_lognormal,lognormal,log,5,True,0.125,2.323579788208008,0.7437559962272644,1.4095563888549805,0.7436082363128662
67,ppo_lognormal,lognormal,log,6,True,0.125,1.8292837142944336,0.7433691024780273,2.3412883281707764,0.7515329122543335
67,ppo_lognormal,lognormal,log,7,True,0.125,1.8545628786087036,0.7437744140625,2.5741028785705566,0.7463067173957825
68,ppo_lognormal,lognormal,log,0,True,0.125,1.7234632968902588,0.7493162751197815,1.6238794326782227,0.7462629675865173
68,ppo_lognormal,lognormal,log,1,True,0.125,2.311131238937378,0.7437559366226196,2.0087788105010986,0.7449844479560852
68,ppo_lognormal,lognormal,log,2,True,0.125,0.9751483201980591,0.7454344630241394,1.2072151899337769,0.7451827526092529
68,ppo_lognormal,lognormal,log,3,True,0.125,1.9276643991470337,0.7427930235862732,1.1055896282196045,0.7451130151748657
68,ppo_lognormal,lognormal,log,4,True,0.125,2.1226139068603516,0.7485384941101074,2.4715285301208496,0.74611496925354
68,ppo_lognormal,lognormal,log,5,True,0.125,2.3235270977020264,0.7434049844741821,1.4088863134384155,0.7432917356491089
68,ppo_lognormal,lognormal,log,6,True,0.125,1.8295135498046875,0.7429887056350708,2.3406224250793457,0.7516180276870728
68,ppo_lognormal,lognormal,log,7,True,0.125,1.854825496673584,0.7438060641288757,2.5735409259796143,0.7464208602905273
69,ppo_lognormal,lognormal,log,0,True,0.125,1.7238339185714722,0.7491536140441895,1.623125672340393,0.7461905479431152
69,ppo_lognormal,lognormal,log,1,True,0.125,2.3115322589874268,0.7434626817703247,2.0081818103790283,0.7448688745498657
69,ppo_lognormal,lognormal,log,2,True,0.125,0.9757737517356873,0.7451728582382202,1.2066469192504883,0.7447540163993835
69,ppo_lognormal,lognormal,log,3,True,0.125,1.9278589487075806,0.7424325942993164,1.104857325553894,0.7446911334991455
69,ppo_lognormal,lognormal,log,4,True,0.125,2.122727870941162,0.7482264041900635,2.470951795578003,0.7460436820983887
69,ppo_lognormal,lognormal,log,5,True,0.125,2.3235626220703125,0.743048906326294,1.4081916809082031,0.7429995536804199
69,ppo_lognormal,lognormal,log,6,True,0.125,1.829677939414978,0.7426408529281616,2.3399498462677,0.7516472339630127
69,ppo_lognormal,lognormal,log,7,True,0.125,1.8552589416503906,0.743595540523529,2.572936773300171,0.7464115619659424
70,ppo_lognormal,lognormal,log,0,True,0.125,1.7241904735565186,0.7490355968475342,1.6224561929702759,0.7461010217666626
70,ppo_lognormal,lognormal,log,1,True,0.125,2.3118960857391357,0.7431967258453369,2.0076401233673096,0.744763970375061
70,ppo_lognormal,lognormal,log,2,True,0.125,0.9763582348823547,0.7448822259902954,1.2061283588409424,0.7443050146102905
70,ppo_lognormal,lognormal,log,3,True,0.125,1.9280247688293457,0.742091178894043,1.1041285991668701,0.7442327737808228
70,ppo_lognormal,lognormal,log,4,True,0.125,2.1228413581848145,0.7479071617126465,2.4703803062438965,0.7459936141967773
70,ppo_lognormal,lognormal,log,5,True,0.125,2.323643922805786,0.7427347898483276,1.4075089693069458,0.7427203059196472
70,ppo_lognormal,lognormal,log,6,True,0.125,1.8300050497055054,0.7422309517860413,2.3392465114593506,0.7517679333686829
70,ppo_lognormal,lognormal,log,7,True,0.125,1.855750560760498,0.7433475255966187,2.572265148162842,0.7462872266769409
71,ppo_lognormal,lognormal,log,0,True,0.125,1.7245044708251953,0.7489348649978638,1.6218509674072266,0.7460263967514038
71,ppo_lognormal,lognormal,log,1,True,0.125,2.312281608581543,0.7429245710372925,2.007155418395996,0.7446842193603516
71,ppo_lognormal,lognormal,log,2,True,0.125,0.9769130349159241,0.7445670366287231,1.2056649923324585,0.7438735365867615
71,ppo_lognormal,lognormal,log,3,True,0.125,1.928216814994812,0.7417842149734497,1.103449821472168,0.7438228130340576
71,ppo_lognormal,lognormal,log,4,True,0.125,2.1229076385498047,0.7476716637611389,2.4697980880737305,0.7459270358085632
71,ppo_lognormal,lognormal,log,5,True,0.125,2.3239142894744873,0.742328405380249,1.406842827796936,0.7424461245536804
71,ppo_lognormal,lognormal,log,6,True,0.125,1.830389142036438,0.741788923740387,2.3385937213897705,0.7518876791000366
71,ppo_lognormal,lognormal,log,7,True,0.125,1.8562402725219727,0.7430682182312012,2.5715267658233643,0.7463656663894653
72,ppo_lognormal,lognormal,log,0,True,0.125,1.724814772605896,0.7487956285476685,1.621276617050171,0.7459427714347839
72,ppo_lognormal,lognormal,log,1,True,0.125,2.3126440048217773,0.742641270160675,2.0066633224487305,0.7445360422134399
72,ppo_lognormal,lognormal,log,2,True,0.125,0.9775086641311646,0.7442058324813843,1.2051022052764893,0.743438720703125
72,ppo_lognormal,lognormal,log,3,True,0.125,1.928511381149292,0.7413955926895142,1.102833867073059,0.743455708026886
72,ppo_lognormal,lognormal,log,4,True,0.125,2.1229679584503174,0.7474578619003296,2.469269275665283,0.745866596698761
72,ppo_lognormal,lognormal,log,5,True,0.125,2.324234962463379,0.7419360876083374,1.4061492681503296,0.7422894835472107
72,ppo_lognormal,lognormal,log,6,True,0.125,1.8307100534439087,0.7413731813430786,2.3378758430480957,0.7517226934432983
72,ppo_lognormal,lognormal,log,7,True,0.125,1.856727957725525,0.7428218126296997,2.5708158016204834,0.746436357498169
73,ppo_lognormal,lognormal,log,0,True,0.125,1.7251683473587036,0.7485784292221069,1.6206759214401245,0.7457925081253052
73,ppo_lognormal,lognormal,log,1,True,0.125,2.313070774078369,0.742524266242981,2.0060949325561523,0.7445701956748962
73,ppo_lognormal,lognormal,log,2,True,0.125,0.9781728386878967,0.7441357374191284,1.2045823335647583,0.7431795597076416
73,ppo_lognormal,lognormal,log,3,True,0.125,1.9287275075912476,0.7410550117492676,1.1023637056350708,0.7430851459503174
73,ppo_lognormal,lognormal,log,4,True,0.125,2.122955083847046,0.7473136186599731,2.4687297344207764,0.7458258867263794
73,ppo_lognormal,lognormal,log,5,True,0.125,2.32452130317688,0.7415707111358643,1.4054447412490845,0.7420931458473206
73,ppo_lognormal,lognormal,log,6,True,0.125,1.8311362266540527,0.7409430146217346,2.3371949195861816,0.7516665458679199
73,ppo_lognormal,lognormal,log,7,True,0.125,1.8571794033050537,0.7425851821899414,2.570164918899536,0.746490478515625
74,ppo_lognormal,lognormal,log,0,True,0.125,1.725475788116455,0.7483333349227905,1.6201233863830566,0.7456346750259399
74,ppo_lognormal,lognormal,log,1,True,0.125,2.313443899154663,0.742405891418457,2.005552053451538,0.744587779045105
74,ppo_lognormal,lognormal,log,2,True,0.125,0.9788253307342529,0.744086742401123,1.204124093055725,0.7429102063179016
74,ppo_lognormal,lognormal,log,3,True,0.125,1.9289524555206299,0.7407338619232178,1.1018704175949097,0.7427428960800171
74,ppo_lognormal,lognormal,log,4,True,0.125,2.122917890548706,0.7472559213638306,2.4681429862976074,0.7457966208457947
74,ppo_lognormal,lognormal,log,5,True,0.125,2.3249666690826416,0.7411045432090759,1.4046614170074463,0.742006778717041
74,ppo_lognormal,lognormal,log,6,True,0.125,1.8315249681472778,0.7405498623847961,2.3365211486816406,0.7515240907669067
74,ppo_lognormal,lognormal,log,7,True,0.125,1.8576334714889526,0.7424229383468628,2.569464683532715,0.7464797496795654
75,ppo_lognormal,lognormal,log,0,True,0.125,1.7257148027420044,0.748073160648346,1.6196513175964355,0.7454808354377747
75,ppo_lognormal,lognormal,log,1,True,0.125,2.3137688636779785,0.7422713041305542,2.0050017833709717,0.7445372343063354
75,ppo_lognormal,lognormal,log,2,True,0.125,0.9794578552246094,0.7440356016159058,1.203652024269104,0.7426335215568542
75,ppo_lognormal,lognormal,log,3,True,0.125,1.9290781021118164,0.7404306530952454,1.1013767719268799,0.7424076199531555
75,ppo_lognormal,lognormal,log,4,True,0.125,2.122753381729126,0.7472342252731323,2.4674930572509766,0.7457262277603149
75,ppo_lognormal,lognormal,log,5,True,0.125,2.3254151344299316,0.7405750751495361,1.4038352966308594,0.74186110496521
75,ppo_lognormal,lognormal,log,6,True,0.125,1.831919550895691,0.7401642799377441,2.3357656002044678,0.7514075636863708
75,ppo_lognormal,lognormal,log,7,True,0.125,1.8580257892608643,0.7422658801078796,2.568737745285034,0.7464656233787537
76,ppo_lognormal,lognormal,log,0,True,0.125,1.7259082794189453,0.7477601766586304,1.6192231178283691,0.7453068494796753
76,ppo_lognormal,lognormal,log,1,True,0.125,2.3141028881073,0.7421447038650513,2.004523515701294,0.7445159554481506
76,ppo_lognormal,lognormal,log,2,True,0.125,0.9800320267677307,0.7439518570899963,1.2032225131988525,0.7423349022865295
76,ppo_lognormal,lognormal,log,3,True,0.125,1.929383397102356,0.7402364611625671,1.10081148147583,0.7420413494110107
76,ppo_lognormal,lognormal,log,4,True,0.125,2.1224205493927,0.7473228573799133,2.4668209552764893,0.7458148002624512
76,ppo_lognormal,lognormal,log,5,True,0.125,2.325782299041748,0.7400511503219604,1.4029968976974487,0.7417497634887695
76,ppo_lognormal,lognormal,log,6,True,0.125,1.8322851657867432,0.739843487739563,2.3350348472595215,0.7513140439987183
76,ppo_lognormal,lognormal,log,7,True,0.125,1.858367681503296,0.7421622276306152,2.568019390106201,0.7464456558227539
77,ppo_lognormal,lognormal,log,0,True,0.125,1.726273775100708,0.7474187612533569,1.6187660694122314,0.7451010346412659
77,ppo_lognormal,lognormal,log,1,True,0.125,2.31430983543396,0.7419861555099487,2.003993034362793,0.7444598078727722
77,ppo_lognormal,lognormal,log,2,True,0.125,0.980587363243103,0.7439296245574951,1.2027887105941772,0.7420886158943176
77,ppo_lognormal,lognormal,log,3,True,0.125,1.929692029953003,0.740077793598175,1.1002062559127808,0.7416077852249146
77,ppo_lognormal,lognormal,log,4,True,0.125,2.1222264766693115,0.747363269329071,2.466102123260498,0.7459543943405151
77,ppo_lognormal,lognormal,log,5,True,0.125,2.326228141784668,0.7395942211151123,1.4021174907684326,0.74146568775177
77,ppo_lognormal,lognormal,log,6,True,0.125,1.832612156867981,0.7395561337471008,2.3343656063079834,0.7512343525886536
77,ppo_lognormal,lognormal,log,7,True,0.125,1.8585339784622192,0.7419829368591309,2.567329168319702,0.7464507818222046
78,ppo_lognormal,lognormal,log,0,True,0.125,1.7266740798950195,0.7471252679824829,1.6183160543441772,0.7449253797531128
78,ppo_lognormal,lognormal,log,1,True,0.125,2.314483404159546,0.7418285608291626,2.0034968852996826,0.7443673014640808
78,ppo_lognormal,lognormal,log,2,True,0.125,0.981214702129364,0.7440211176872253,1.202268123626709,0.7419492602348328
78,ppo_lognormal,lognormal,log,3,True,0.125,1.9300791025161743,0.7398887872695923,1.0996761322021484,0.7412468194961548
78,ppo_lognormal,lognormal,log,4,True,0.125,2.1223082542419434,0.747262179851532,2.465367078781128,0.7460508346557617
78,ppo_lognormal,lognormal,log,5,True,0.125,2.3267056941986084,0.7392087578773499,1.4013417959213257,0.7411937117576599
78,ppo_lognormal,lognormal,log,6,True,0.125,1.8328557014465332,0.7392541170120239,2.3336524963378906,0.7512102127075195
78,ppo_lognormal,lognormal,log,7,True,0.125,1.8586152791976929,0.7417504787445068,2.566634178161621,0.7464327812194824
79,ppo_lognormal,lognormal,log,0,True,0.125,1.7271560430526733,0.7468977570533752,1.617858648300171,0.7446961998939514
79,ppo_lognormal,lognormal,log,1,True,0.125,2.314572811126709,0.7417088150978088,2.002948760986328,0.7443722486495972
79,ppo_lognormal,lognormal,log,2,True,0.125,0.9818099737167358,0.7440605163574219,1.2017521858215332,0.7417840957641602
79,ppo_lognormal,lognormal,log,3,True,0.125,1.9304901361465454,0.7397624254226685,1.099128007888794,0.7408650517463684
79,ppo_lognormal,lognormal,log,4,True,0.125,2.1224024295806885,0.7472256422042847,2.4646854400634766,0.7461682558059692
79,ppo_lognormal,lognormal,log,5,True,0.125,2.3270153999328613,0.7389259338378906,1.4006072282791138,0.7409326434135437
79,ppo_lognormal,lognormal,log,6,True,0.125,1.8330597877502441,0.7389893531799316,2.333003044128418,0.7512065768241882
79,ppo_lognormal,lognormal,log,7,True,0.125,1.8584504127502441,0.7414319515228271,2.565863847732544,0.7464116811752319
80,ppo_lognormal,lognormal,log,0,True,0.125,1.7275710105895996,0.7466356754302979,1.6174190044403076,0.7444597482681274
80,ppo_lognormal,lognormal,log,1,True,0.125,2.3147332668304443,0.7416391372680664,2.002321243286133,0.7443495988845825
80,ppo_lognormal,lognormal,log,2,True,0.125,0.9824272394180298,0.7440403699874878,1.2012053728103638,0.741560697555542
80,ppo_lognormal,lognormal,log,3,True,0.125,1.9308878183364868,0.7396265864372253,1.0985759496688843,0.7405200600624084
80,ppo_lognormal,lognormal,log,4,True,0.125,2.122528076171875,0.7471732497215271,2.464005947113037,0.7462600469589233
80,ppo_lognormal,lognormal,log,5,True,0.125,2.3272650241851807,0.7386465072631836,1.399909496307373,0.7406835556030273
80,ppo_lognormal,lognormal,log,6,True,0.125,1.8331780433654785,0.7387417554855347,2.332289457321167,0.7509955167770386
80,ppo_lognormal,lognormal,log,7,True,0.125,1.8582632541656494,0.7411338090896606,2.5651657581329346,0.7464014291763306
81,ppo_lognormal,lognormal,log,0,True,0.125,1.7280123233795166,0.7464014291763306,1.6170527935028076,0.7442567348480225
81,ppo_lognormal,lognormal,log,1,True,0.125,2.314898729324341,0.7415405511856079,2.001708745956421,0.7442927360534668
81,ppo_lognormal,lognormal,log,2,True,0.125,0.9830763339996338,0.7440301179885864,1.2006114721298218,0.7413495779037476
81,ppo_lognormal,lognormal,log,3,True,0.125,1.9313071966171265,0.7394940853118896,1.0979210138320923,0.7403215169906616
81,ppo_lognormal,lognormal,log,4,True,0.125,2.1225759983062744,0.747016966342926,2.4633119106292725,0.7464196681976318
81,ppo_lognormal,lognormal,log,5,True,0.125,2.327526569366455,0.7383882999420166,1.399192452430725,0.7404861450195312
81,ppo_lognormal,lognormal,log,6,True,0.125,1.833335041999817,0.7385251522064209,2.3314969539642334,0.7507449388504028
81,ppo_lognormal,lognormal,log,7,True,0.125,1.8581007719039917,0.7408790588378906,2.5645246505737305,0.7463995814323425
82,ppo_lognormal,lognormal,log,0,True,0.125,1.7283827066421509,0.7461128830909729,1.616694688796997,0.7440618276596069
82,ppo_lognormal,lognormal,log,1,True,0.125,2.315063953399658,0.7414158582687378,2.001072645187378,0.7442327737808228
82,ppo_lognormal,lognormal,log,2,True,0.125,0.9836667776107788,0.7439827919006348,1.2000484466552734,0.7411338686943054
82,ppo_lognormal,lognormal,log,3,True,0.125,1.931877613067627,0.7391703128814697,1.0973989963531494,0.7401308417320251
82,ppo_lognormal,lognormal,log,4,True,0.125,2.1225392818450928,0.7468135952949524,2.462676525115967,0.7466025352478027
82,ppo_lognormal,lognormal,log,5,True,0.125,2.3276610374450684,0.7381582260131836,1.39849054813385,0.7402119636535645
82,ppo_lognormal,lognormal,log,6,True,0.125,1.8335113525390625,0.7383213043212891,2.33074688911438,0.7505286931991577
82,ppo_lognormal,lognormal,log,7,True,0.125,1.8580363988876343,0.7406030893325806,2.563880205154419,0.7464476823806763
83,ppo_lognormal,lognormal,log,0,True,0.125,1.7288539409637451,0.7458105087280273,1.6161848306655884,0.7439184188842773
83,ppo_lognormal,lognormal,log,1,True,0.125,2.3152451515197754,0.7413240075111389,2.0004682540893555,0.7442047595977783
83,ppo_lognormal,lognormal,log,2,True,0.125,0.984231173992157,0.7439378499984741,1.1995947360992432,0.7409060001373291
83,ppo_lognormal,lognormal,log,3,True,0.125,1.932524561882019,0.7388365268707275,1.0968749523162842,0.7399736046791077
83,ppo_lognormal,lognormal,log,4,True,0.125,2.122469186782837,0.7467163801193237,2.461940288543701,0.7465972900390625
83,ppo_lognormal,lognormal,log,5,True,0.125,2.327728509902954,0.7379038333892822,1.3978514671325684,0.7399558424949646
83,ppo_lognormal,lognormal,log,6,True,0.125,1.8336713314056396,0.7381370067596436,2.330064058303833,0.750332236289978
83,ppo_lognormal,lognormal,log,7,True,0.125,1.857954502105713,0.7403701543807983,2.563258409500122,0.7464869022369385
84,ppo_lognormal,lognormal,log,0,True,0.125,1.7294895648956299,0.7454634308815002,1.6157121658325195,0.7437543272972107
84,ppo_lognormal,lognormal,log,1,True,0.125,2.3155155181884766,0.741182804107666,1.9998384714126587,0.7442578077316284
84,ppo_lognormal,lognormal,log,2,True,0.125,0.9848491549491882,0.7439441680908203,1.199009895324707,0.7407811284065247
84,ppo_lognormal,lognormal,log,3,True,0.125,1.9331564903259277,0.7384952902793884,1.0963987112045288,0.7398359179496765
84,ppo_lognormal,lognormal,log,4,True,0.125,2.1221961975097656,0.7464977502822876,2.461155652999878,0.7465502023696899
84,ppo_lognormal,lognormal,log,5,True,0.125,2.3276522159576416,0.7376306056976318,1.3972829580307007,0.7396612167358398
84,ppo_lognormal,lognormal,log,6,True,0.125,1.8337867259979248,0.7379628419876099,2.329432964324951,0.7501623034477234
84,ppo_lognormal,lognormal,log,7,True,0.125,1.857864499092102,0.7401803731918335,2.5626540184020996,0.7464966177940369
85,ppo_lognormal,lognormal,log,0,True,0.125,1.7301771640777588,0.745169460773468,1.6152595281600952,0.7436032295227051
85,ppo_lognormal,lognormal,log,1,True,0.125,2.3158860206604004,0.7409552335739136,1.999239444732666,0.7444196939468384
85,ppo_lognormal,lognormal,log,2,True,0.125,0.9854836463928223,0.7438846826553345,1.1984535455703735,0.7406373620033264
85,ppo_lognormal,lognormal,log,3,True,0.125,1.9337785243988037,0.7381507158279419,1.0959501266479492,0.7396594285964966
85,ppo_lognormal,lognormal,log,4,True,0.125,2.121870756149292,0.746225893497467,2.4603488445281982,0.7465404272079468
85,ppo_lognormal,lognormal,log,5,True,0.125,2.3275842666625977,0.7373889684677124,1.3967851400375366,0.739378035068512
85,ppo_lognormal,lognormal,log,6,True,0.125,1.8338900804519653,0.7377825975418091,2.3288450241088867,0.7499922513961792
85,ppo_lognormal,lognormal,log,7,True,0.125,1.857735514640808,0.7399942874908447,2.562006711959839,0.746697187423706
86,ppo_lognormal,lognormal,log,0,True,0.125,1.7309370040893555,0.74481201171875,1.6148020029067993,0.7434576749801636
86,ppo_lognormal,lognormal,log,1,True,0.125,2.31618070602417,0.7407137155532837,1.9986213445663452,0.744499146938324
86,ppo_lognormal,lognormal,log,2,True,0.125,0.9860445261001587,0.7438473701477051,1.1979384422302246,0.7405275106430054
86,ppo_lognormal,lognormal,log,3,True,0.125,1.9342472553253174,0.7378114461898804,1.095476746559143,0.7394953966140747
86,ppo_lognormal,lognormal,log,4,True,0.125,2.1215245723724365,0.7460629940032959,2.4595437049865723,0.7464693188667297
86,ppo_lognormal,lognormal,log,5,True,0.125,2.327425003051758,0.7371984720230103,1.3962844610214233,0.7391008138656616
86,ppo_lognormal,lognormal,log,6,True,0.125,1.8340568542480469,0.7375922203063965,2.32824444770813,0.7497822046279907
86,ppo_lognormal,lognormal,log,7,True,0.125,1.8574442863464355,0.7396490573883057,2.5613749027252197,0.746881365776062
87,ppo_lognormal,lognormal,log,0,True,0.125,1.7316426038742065,0.7444433569908142,1.614302635192871,0.7432137131690979
87,ppo_lognormal,lognormal,log,1,True,0.125,2.316521167755127,0.740493655204773,1.9979636669158936,0.7445923089981079
87,ppo_lognormal,lognormal,log,2,True,0.125,0.9866795539855957,0.7436947822570801,1.1972914934158325,0.7404196858406067
87,ppo_lognormal,lognormal,log,3,True,0.125,1.934801697731018,0.7374719381332397,1.0949013233184814,0.7391798496246338
87,ppo_lognormal,lognormal,log,4,True,0.125,2.1212005615234375,0.745934009552002,2.4588117599487305,0.7464275360107422
87,ppo_lognormal,lognormal,log,5,True,0.125,2.3273792266845703,0.7370537519454956,1.3957998752593994,0.7388231754302979
87,ppo_lognormal,lognormal,log,6,True,0.125,1.8341825008392334,0.7374224662780762,2.3277089595794678,0.749604344367981
87,ppo_lognormal,lognormal,log,7,True,0.125,1.8571715354919434,0.739331841468811,2.5607943534851074,0.7470537424087524
88,ppo_lognormal,lognormal,log,0,True,0.125,1.7322734594345093,0.744137167930603,1.6137953996658325,0.742998480796814
88,ppo_lognormal,lognormal,log,1,True,0.125,2.3168365955352783,0.7402877807617188,1.9973818063735962,0.7446542382240295
88,ppo_lognormal,lognormal,log,2,True,0.125,0.9872528314590454,0.7435327768325806,1.1966873407363892,0.7402859330177307
88,ppo_lognormal,lognormal,log,3,True,0.125,1.9353240728378296,0.7371438145637512,1.0943666696548462,0.7388619184494019
88,ppo_lognormal,lognormal,log,4,True,0.125,2.1208877563476562,0.7458336353302002,2.4581000804901123,0.7464369535446167
88,ppo_lognormal,lognormal,log,5,True,0.125,2.327221393585205,0.7369131445884705,1.3952230215072632,0.7385889291763306
88,ppo_lognormal,lognormal,log,6,True,0.125,1.834473967552185,0.7371371984481812,2.3271079063415527,0.7493600845336914
88,ppo_lognormal,lognormal,log,7,True,0.125,1.8568837642669678,0.7390397191047668,2.5602669715881348,0.7472270727157593
89,ppo_lognormal,lognormal,log,0,True,0.125,1.7328009605407715,0.7438640594482422,1.6133413314819336,0.7427904605865479
89,ppo_lognormal,lognormal,log,1,True,0.125,2.3171048164367676,0.740077555179596,1.9966742992401123,0.7446820735931396
89,ppo_lognormal,lognormal,log,2,True,0.125,0.987765908241272,0.7433416247367859,1.1961948871612549,0.7400998473167419
89,ppo_lognormal,lognormal,log,3,True,0.125,1.9357755184173584,0.7368612289428711,1.0938721895217896,0.7385557293891907
89,ppo_lognormal,lognormal,log,4,True,0.125,2.120758533477783,0.7457830309867859,2.4573071002960205,0.7463994026184082
89,ppo_lognormal,lognormal,log,5,True,0.125,2.327115297317505,0.7367503643035889,1.3947798013687134,0.7383460998535156
89,ppo_lognormal,lognormal,log,6,True,0.125,1.8347774744033813,0.7368947267532349,2.3265540599823,0.7491348385810852
89,ppo_lognormal,lognormal,log,7,True,0.125,1.856512188911438,0.7386904358863831,2.5597078800201416,0.7474208474159241
90,ppo_lognormal,lognormal,log,0,True,0.125,1.7332931756973267,0.7435961961746216,1.6129319667816162,0.7425819635391235
90,ppo_lognormal,lognormal,log,1,True,0.125,2.317368507385254,0.7398718595504761,1.996033787727356,0.7446873188018799
90,ppo_lognormal,lognormal,log,2,True,0.125,0.9882234930992126,0.743240475654602,1.1956782341003418,0.7399062514305115
90,ppo_lognormal,lognormal,log,3,True,0.125,1.936200499534607,0.7365576028823853,1.0934126377105713,0.7382799386978149
90,ppo_lognormal,lognormal,log,4,True,0.125,2.1205906867980957,0.7457770109176636,2.456479549407959,0.7461847066879272
90,ppo_lognormal,lognormal,log,5,True,0.125,2.32702374458313,0.7366182208061218,1.3942917585372925,0.7379913330078125
90,ppo_lognormal,lognormal,log,6,True,0.125,1.8350714445114136,0.7366690635681152,2.3259987831115723,0.7489092946052551
90,ppo_lognormal,lognormal,log,7,True,0.125,1.8563483953475952,0.7382495403289795,2.559180974960327,0.7476195096969604
91,ppo_lognormal,lognormal,log,0,True,0.125,1.7338162660598755,0.7433133125305176,1.6125186681747437,0.7423736453056335
91,ppo_lognormal,lognormal,log,1,True,0.125,2.317420482635498,0.7395422458648682,1.995388150215149,0.7446573972702026
91,ppo_lognormal,lognormal,log,2,True,0.125,0.988630473613739,0.7432451248168945,1.195048213005066,0.7395568490028381
91,ppo_lognormal,lognormal,log,3,True,0.125,1.9366517066955566,0.7362068295478821,1.0929986238479614,0.7380138635635376
91,ppo_lognormal,lognormal,log,4,True,0.125,2.1204562187194824,0.7458120584487915,2.455695867538452,0.7459975481033325
91,ppo_lognormal,lognormal,log,5,True,0.125,2.3269388675689697,0.7364937663078308,1.3937654495239258,0.7378493547439575
91,ppo_lognormal,lognormal,log,6,True,0.125,1.835369348526001,0.7364409565925598,2.325422525405884,0.7487332820892334
91,ppo_lognormal,lognormal,log,7,True,0.125,1.8562290668487549,0.737862229347229,2.558642625808716,0.7477958798408508
92,ppo_lognormal,lognormal,log,0,True,0.125,1.7344211339950562,0.7430503368377686,1.6121267080307007,0.7421842813491821
92,ppo_lognormal,lognormal,log,1,True,0.125,2.317470073699951,0.7392146587371826,1.994791030883789,0.7445782423019409
92,ppo_lognormal,lognormal,log,2,True,0.125,0.9890395402908325,0.743241548538208,1.1944475173950195,0.7392365336418152
92,ppo_lognormal,lognormal,log,3,True,0.125,1.936992883682251,0.7358918190002441,1.0925829410552979,0.7377468347549438
92,ppo_lognormal,lognormal,log,4,True,0.125,2.1202900409698486,0.7458391189575195,2.454970121383667,0.7458398342132568
92,ppo_lognormal,lognormal,log,5,True,0.125,2.3268473148345947,0.7362921237945557,1.3931858539581299,0.737705409526825
92,ppo_lognormal,lognormal,log,6,True,0.125,1.835679531097412,0.7362604737281799,2.3248822689056396,0.74857097864151
92,ppo_lognormal,lognormal,log,7,True,0.125,1.8559352159500122,0.7373977303504944,2.558027505874634,0.7478291988372803
93,ppo_lognormal,lognormal,log,0,True,0.125,1.7349084615707397,0.742835521697998,1.611743450164795,0.7420150637626648
93,ppo_lognormal,lognormal,log,1,True,0.125,2.3174118995666504,0.7388766407966614,1.994110345840454,0.7446279525756836
93,ppo_lognormal,lognormal,log,2,True,0.125,0.9895828366279602,0.7431029081344604,1.1938350200653076,0.7389045357704163
93,ppo_lognormal,lognormal,log,3,True,0.125,1.9373258352279663,0.7355650663375854,1.0921392440795898,0.7374969720840454
93,ppo_lognormal,lognormal,log,4,True,0.125,2.120157241821289,0.7457884550094604,2.454186201095581,0.7456190586090088
93,ppo_lognormal,lognormal,log,5,True,0.125,2.3268351554870605,0.7361116409301758,1.3926478624343872,0.7375509738922119
93,ppo_lognormal,lognormal,log,6,True,0.125,1.8360432386398315,0.7360025644302368,2.324364423751831,0.7484338283538818
93,ppo_lognormal,lognormal,log,7,True,0.125,1.8556479215621948,0.7369899153709412,2.5574281215667725,0.7478553652763367
94,ppo_lognormal,lognormal,log,0,True,0.125,1.73540198802948,0.7426360249519348,1.6112911701202393,0.7418742179870605
94,ppo_lognormal,lognormal,log,1,True,0.125,2.3172106742858887,0.7385240793228149,1.9933745861053467,0.7445715665817261
94,ppo_lognormal,lognormal,log,2,True,0.125,0.9900965690612793,0.7429473996162415,1.1931720972061157,0.7386981248855591
94,ppo_lognormal,lognormal,log,3,True,0.125,1.9378100633621216,0.7354222536087036,1.0917021036148071,0.7371832132339478
94,ppo_lognormal,lognormal,log,4,True,0.125,2.120042324066162,0.7457646131515503,2.4534800052642822,0.7454352378845215
94,ppo_lognormal,lognormal,log,5,True,0.125,2.32684063911438,0.7359373569488525,1.3921741247177124,0.7374047040939331
94,ppo_lognormal,lognormal,log,6,True,0.125,1.8363921642303467,0.7357687950134277,2.3238861560821533,0.7483021020889282
94,ppo_lognormal,lognormal,log,7,True,0.125,1.8553836345672607,0.7366377711296082,2.5568504333496094,0.7479031085968018
95,ppo_lognormal,lognormal,log,0,True,0.125,1.7358509302139282,0.742455005645752,1.610880970954895,0.7417461276054382
95,ppo_lognormal,lognormal,log,1,True,0.125,2.3169734477996826,0.7382239103317261,1.992567539215088,0.7443256974220276
95,ppo_lognormal,lognormal,log,2,True,0.125,0.990565299987793,0.742754340171814,1.1925230026245117,0.7384767532348633
95,ppo_lognormal,lognormal,log,3,True,0.125,1.9382339715957642,0.7352445125579834,1.0912760496139526,0.7368425130844116
95,ppo_lognormal,lognormal,log,4,True,0.125,2.119947671890259,0.7457420825958252,2.4528048038482666,0.7452817559242249
95,ppo_lognormal,lognormal,log,5,True,0.125,2.326789379119873,0.7357321977615356,1.3915891647338867,0.7372853755950928
95,ppo_lognormal,lognormal,log,6,True,0.125,1.8367459774017334,0.7355532646179199,2.323444128036499,0.7481942176818848
95,ppo_lognormal,lognormal,log,7,True,0.125,1.8553180694580078,0.7363008260726929,2.5562517642974854,0.7480764389038086
96,ppo_lognormal,lognormal,log,0,True,0.125,1.7364267110824585,0.7422546148300171,1.6103514432907104,0.7415388822555542
96,ppo_lognormal,lognormal,log,1,True,0.125,2.3167717456817627,0.7379521727561951,1.9918301105499268,0.7441067695617676
96,ppo_lognormal,lognormal,log,2,True,0.125,0.9909877181053162,0.7425739765167236,1.191946029663086,0.7382774353027344
96,ppo_lognormal,lognormal,log,3,True,0.125,1.9387271404266357,0.7350640296936035,1.0908313989639282,0.7364572286605835
96,ppo_lognormal,lognormal,log,4,True,0.125,2.1198275089263916,0.7457220554351807,2.4520959854125977,0.7453194856643677
96,ppo_lognormal,lognormal,log,5,True,0.125,2.3266663551330566,0.7354854345321655,1.3909833431243896,0.7371401786804199
96,ppo_lognormal,lognormal,log,6,True,0.125,1.8370897769927979,0.7354050874710083,2.3230042457580566,0.7480984926223755
96,ppo_lognormal,lognormal,log,7,True,0.125,1.855309009552002,0.736009955406189,2.555697441101074,0.7482629418373108
97,ppo_lognormal,lognormal,log,0,True,0.125,1.7369847297668457,0.7420438528060913,1.6098222732543945,0.741346538066864
97,ppo_lognormal,lognormal,log,1,True,0.125,2.3166117668151855,0.7377047538757324,1.9911571741104126,0.7439000010490417
97,ppo_lognormal,lognormal,log,2,True,0.125,0.9914129972457886,0.7423555850982666,1.19139564037323,0.7380765676498413
97,ppo_lognormal,lognormal,log,3,True,0.125,1.9392149448394775,0.7349086403846741,1.0904191732406616,0.7361037731170654
97,ppo_lognormal,lognormal,log,4,True,0.125,2.119929313659668,0.7455301284790039,2.451352119445801,0.7454389929771423
97,ppo_lognormal,lognormal,log,5,True,0.125,2.326612710952759,0.7354236841201782,1.3904006481170654,0.7369341850280762
97,ppo_lognormal,lognormal,log,6,True,0.125,1.8374736309051514,0.7353147268295288,2.322566270828247,0.7480525970458984
97,ppo_lognormal,lognormal,log,7,True,0.125,1.8553736209869385,0.7357445955276489,2.5551319122314453,0.7483324408531189
98,ppo_lognormal,lognormal,log,0,True,0.125,1.7375138998031616,0.7417919039726257,1.6093459129333496,0.7411274909973145
98,ppo_lognormal,lognormal,log,1,True,0.125,2.316646099090576,0.7373538017272949,1.9905022382736206,0.7436914443969727
98,ppo_lognormal,lognormal,log,2,True,0.125,0.9918178915977478,0.7421547174453735,1.1908692121505737,0.7378906011581421
98,ppo_lognormal,lognormal,log,3,True,0.125,1.9396675825119019,0.7347375750541687,1.089988112449646,0.7358191013336182
98,ppo_lognormal,lognormal,log,4,True,0.125,2.1200802326202393,0.7453518509864807,2.4506380558013916,0.7455483675003052
98,ppo_lognormal,lognormal,log,5,True,0.125,2.326404571533203,0.7353847026824951,1.3897292613983154,0.7365601062774658
98,ppo_lognormal,lognormal,log,6,True,0.125,1.8377851247787476,0.7352391481399536,2.322145462036133,0.748029351234436
98,ppo_lognormal,lognormal,log,7,True,0.125,1.855417013168335,0.7355154752731323,2.554593801498413,0.7483901381492615
99,ppo_lognormal,lognormal,log,0,True,0.125,1.7380491495132446,0.7415202856063843,1.608877182006836,0.7409073114395142
99,ppo_lognormal,lognormal,log,1,True,0.125,2.31685733795166,0.7369821071624756,1.9897727966308594,0.7433617115020752
99,ppo_lognormal,lognormal,log,2,True,0.125,0.9922187328338623,0.7419350147247314,1.19039785861969,0.7377028465270996
99,ppo_lognormal,lognormal,log,3,True,0.125,1.940122365951538,0.734546422958374,1.0893548727035522,0.7356175184249878
99,ppo_lognormal,lognormal,log,4,True,0.125,2.120232105255127,0.7452328205108643,2.449967622756958,0.7456685304641724
99,ppo_lognormal,lognormal,log,5,True,0.125,2.326249361038208,0.7352707386016846,1.3891301155090332,0.7362266778945923
99,ppo_lognormal,lognormal,log,6,True,0.125,1.8381239175796509,0.735183835029602,2.3217649459838867,0.7480471134185791
99,ppo_lognormal,lognormal,log,7,True,0.125,1.8553975820541382,0.7353127002716064,2.554053544998169,0.7484342455863953
100,ppo_lognormal,lognormal,log,0,True,0.25,1.7385503053665161,0.7412518262863159,1.608433723449707,0.7407176494598389
100,ppo_lognormal,lognormal,log,1,False,0.0,2.317021608352661,0.73664391040802,1.9890689849853516,0.743022620677948
100,ppo_lognormal,lognormal,log,2,True,0.25,0.9927291870117188,0.741563081741333,1.1898185014724731,0.7374132871627808
100,ppo_lognormal,lognormal,log,3,True,0.25,1.9406110048294067,0.7343491911888123,1.0887447595596313,0.735418438911438
100,ppo_lognormal,lognormal,log,4,False,0.0,2.1203603744506836,0.7451082468032837,2.4493062496185303,0.7458813190460205
100,ppo_lognormal,lognormal,log,5,True,0.25,2.3262832164764404,0.7350254654884338,1.388444185256958,0.7358618974685669
100,ppo_lognormal,lognormal,log,6,False,0.0,1.8384299278259277,0.7351266145706177,2.3214101791381836,0.748054027557373
100,ppo_lognormal,lognormal,log,7,False,0.0,1.8553866147994995,0.7351248264312744,2.5535566806793213,0.7484726905822754
101,ppo_lognormal,lognormal,log,0,True,0.25,1.7393503189086914,0.7406591176986694,1.6076337099075317,0.740125298500061
101,ppo_lognormal,lognormal,log,1,False,0.0,2.317021608352661,0.73664391040802,1.9890689849853516,0.743022620677948
101,ppo_lognormal,lognormal,log,2,True,0.25,0.993529200553894,0.7421566247940063,1.1890184879302979,0.736823558807373
101,ppo_lognormal,lognormal,log,3,True,0.25,1.941411018371582,0.7337619066238403,1.087944746017456,0.734830379486084
101,ppo_lognormal,lognormal,log,4,False,0.0,2.1203603744506836,0.7451082468032837,2.4493062496185303,0.7458813190460205
101,ppo_lognormal,lognormal,log,5,True,0.25,2.3254833221435547,0.7344377040863037,1.3876441717147827,0.7352734804153442
101,ppo_lognormal,lognormal,log,6,False,0.0,1.8384299278259277,0.7351266145706177,2.3214101791381836,0.748054027557373
101,ppo_lognormal,lognormal,log,7,False,0.0,1.8553866147994995,0.7351248264312744,2.5535566806793213,0.7484726905822754
102,ppo_lognormal,lognormal,log,0,True,0.25,1.7396447658538818,0.7402334213256836,1.6068472862243652,0.7395368218421936
102,ppo_lognormal,lognormal,log,1,False,0.0,2.317021608352661,0.73664391040802,1.9890689849853516,0.743022620677948
102,ppo_lognormal,lognormal,log,2,True,0.25,0.9943056702613831,0.7425349354743958,1.188267707824707,0.7362393140792847
102,ppo_lognormal,lognormal,log,3,True,0.25,1.9418375492095947,0.7332586646080017,1.0871919393539429,0.7342901825904846
102,ppo_lognormal,lognormal,log,4,False,0.0,2.1203603744506836,0.7451082468032837,2.4493062496185303,0.7458813190460205
102,ppo_lognormal,lognormal,log,5,True,0.25,2.3249287605285645,0.7339930534362793,1.3869781494140625,0.7348308563232422
102,ppo_lognormal,lognormal,log,6,False,0.0,1.8384299278259277,0.7351266145706177,2.3214101791381836,0.748054027557373
102,ppo_lognormal,lognormal,log,7,False,0.0,1.8553866147994995,0.7351248264312744,2.5535566806793213,0.7484726905822754
103,ppo_lognormal,lognormal,log,0,True,0.25,1.7401612997055054,0.739775538444519,1.6063055992126465,0.7389680743217468
103,ppo_lognormal,lognormal,log,1,False,0.0,2.317021608352661,0.73664391040802,1.9890689849853516,0.743022620677948
103,ppo_lognormal,lognormal,log,2,True,0.25,0.9950154423713684,0.7423461675643921,1.1877535581588745,0.7359381914138794
103,ppo_lognormal,lognormal,log,3,True,0.25,1.9421329498291016,0.732910692691803,1.086466670036316,0.7337422966957092
103,ppo_lognormal,lognormal,log,4,False,0.0,2.1203603744506836,0.7451082468032837,2.4493062496185303,0.7458813190460205
103,ppo_lognormal,lognormal,log,5,True,0.25,2.32427716255188,0.7335764169692993,1.3865327835083008,0.7343810200691223
103,ppo_lognormal,lognormal,log,6,False,0.0,1.8384299278259277,0.7351266145706177,2.3214101791381836,0.748054027557373
103,ppo_lognormal,lognormal,log,7,False,0.0,1.8553866147994995,0.7351248264312744,2.5535566806793213,0.7484726905822754
104,ppo_lognormal,lognormal,log,0,True,0.25,1.7406964302062988,0.7393816113471985,1.6057460308074951,0.7384934425354004
104,ppo_lognormal,lognormal,log,1,False,0.0,2.317021608352661,0.73664391040802,1.9890689849853516,0.743022620677948
104,ppo_lognormal,lognormal,log,2,True,0.25,0.9956494569778442,0.7420032024383545,1.1872174739837646,0.7355771660804749
104,ppo_lognormal,lognormal,log,3,True,0.25,1.9425491094589233,0.7326172590255737,1.0857359170913696,0.7333307266235352
104,ppo_lognormal,lognormal,log,4,False,0.0,2.1203603744506836,0.7451082468032837,2.4493062496185303,0.7458813190460205
104,ppo_lognormal,lognormal,log,5,True,0.25,2.3239986896514893,0.733180582523346,1.3859453201293945,0.7339189052581787
104,ppo_lognormal,lognormal,log,6,False,0.0,1.8384299278259277,0.7351266145706177,2.3214101791381836,0.748054027557373
104,ppo_lognormal,lognormal,log,7,False,0.0,1.8553866147994995,0.7351248264312744,2.5535566806793213,0.7484726905822754
105,ppo_lognormal,lognormal,log,0,True,0.25,1.7406936883926392,0.7389320135116577,1.6051161289215088,0.7379826307296753
105,ppo_lognormal,lognormal,log,1,False,0.0,2.317021608352661,0.73664391040802,1.9890689849853516,0.743022620677948
105,ppo_lognormal,lognormal,log,2,True,0.25,0.9962555766105652,0.7417098879814148,1.186608910560608,0.7353737354278564
105,ppo_lognormal,lognormal,log,3,True,0.25,1.9429880380630493,0.7323504686355591,1.0850105285644531,0.7328917384147644
105,ppo_lognormal,lognormal,log,4,False,0.0,2.1203603744506836,0.7451082468032837,2.4493062496185303,0.7458813190460205
105,ppo_lognormal,lognormal,log,5,True,0.25,2.323509454727173,0.732839047908783,1.3853884935379028,0.733551025390625
105,ppo_lognormal,lognormal,log,6,False,0.0,1.8384299278259277,0.7351266145706177,2.3214101791381836,0.748054027557373
105,ppo_lognormal,lognormal,log,7,False,0.0,1.8553866147994995,0.7351248264312744,2.5535566806793213,0.7484726905822754
106,ppo_lognormal,lognormal,log,0,True,0.25,1.7406537532806396,0.7384709715843201,1.6044765710830688,0.7375726103782654
106,ppo_lognormal,lognormal,log,1,False,0.0,2.317021608352661,0.73664391040802,1.9890689849853516,0.743022620677948
106,ppo_lognormal,lognormal,log,2,True,0.25,0.996857762336731,0.7414936423301697,1.1860238313674927,0.7352834939956665
106,ppo_lognormal,lognormal,log,3,True,0.25,1.9435396194458008,0.7320808172225952,1.0843256711959839,0.7324288487434387
106,ppo_lognormal,lognormal,log,4,False,0.0,2.1203603744506836,0.7451082468032837,2.4493062496185303,0.7458813190460205
106,ppo_lognormal,lognormal,log,5,True,0.25,2.3229222297668457,0.7325251698493958,1.3847768306732178,0.733116090297699
106,ppo_lognormal,lognormal,log,6,False,0.0,1.8384299278259277,0.7351266145706177,2.3214101791381836,0.748054027557373
106,ppo_lognormal,lognormal,log,7,False,0.0,1.8553866147994995,0.7351248264312744,2.5535566806793213,0.7484726905822754
107,ppo_lognormal,lognormal,log,0,True,0.25,1.740803837776184,0.7381151914596558,1.6038475036621094,0.7372837066650391
107,ppo_lognormal,lognormal,log,1,False,0.0,2.317021608352661,0.73664391040802,1.9890689849853516,0.743022620677948
107,ppo_lognormal,lognormal,log,2,True,0.25,0.9974738359451294,0.7413554787635803,1.185502290725708,0.7352825403213501
107,ppo_lognormal,lognormal,log,3,True,0.25,1.944157361984253,0.7317544221878052,1.0836080312728882,0.7325280904769897
107,ppo_lognormal,lognormal,log,4,False,0.0,2.1203603744506836,0.7451082468032837,2.4493062496185303,0.7458813190460205
107,ppo_lognormal,lognormal,log,5,True,0.25,2.3223862648010254,0.7322405576705933,1.3841962814331055,0.7326395511627197
107,ppo_lognormal,lognormal,log,6,False,0.0,1.8384299278259277,0.7351266145706177,2.3214101791381836,0.748054027557373
107,ppo_lognormal,lognormal,log,7,False,0.0,1.8553866147994995,0.7351248264312744,2.5535566806793213,0.7484726905822754
108,ppo_lognormal,lognormal,log,0,True,0.25,1.741184949874878,0.7376928329467773,1.6032079458236694,0.7370049357414246
108,ppo_lognormal,lognormal,log,1,False,0.0,2.317021608352661,0.73664391040802,1.9890689849853516,0.743022620677948
108,ppo_lognormal,lognormal,log,2,True,0.25,0.9980987310409546,0.7411999702453613,1.1849112510681152,0.7352309823036194
108,ppo_lognormal,lognormal,log,3,True,0.25,1.9446829557418823,0.731489896774292,1.0828955173492432,0.7324898838996887
108,ppo_lognormal,lognormal,log,4,False,0.0,2.1203603744506836,0.7451082468032837,2.4493062496185303,0.7458813190460205
108,ppo_lognormal,lognormal,log,5,True,0.25,2.3218133449554443,0.7319546341896057,1.3836370706558228,0.7321327924728394
108,ppo_lognormal,lognormal,log,6,False,0.0,1.8384299278259277,0.7351266145706177,2.3214101791381836,0.748054027557373
108,ppo_lognormal,lognormal,log,7,False,0.0,1.8553866147994995,0.7351248264312744,2.5535566806793213,0.7484726905822754
109,ppo_lognormal,lognormal,log,0,True,0.25,1.7415568828582764,0.737323522567749,1.6025700569152832,0.7368050813674927
109,ppo_lognormal,lognormal,log,1,False,0.0,2.317021608352661,0.73664391040802,1.9890689849853516,0.743022620677948
109,ppo_lognormal,lognormal,log,2,True,0.25,0.9987639784812927,0.7408990859985352,1.184262752532959,0.735004723072052
109,ppo_lognormal,lognormal,log,3,True,0.25,1.9452050924301147,0.7312262654304504,1.0822337865829468,0.7324563264846802
109,ppo_lognormal,lognormal,log,4,False,0.0,2.1203603744506836,0.7451082468032837,2.4493062496185303,0.7458813190460205
109,ppo_lognormal,lognormal,log,5,True,0.25,2.3213047981262207,0.7317184209823608,1.3831284046173096,0.7316626906394958
109,ppo_lognormal,lognormal,log,6,False,0.0,1.8384299278259277,0.7351266145706177,2.3214101791381836,0.748054027557373
109,ppo_lognormal,lognormal,log,7,False,0.0,1.8553866147994995,0.7351248264312744,2.5535566806793213,0.7484726905822754
110,ppo_lognormal,lognormal,log,0,True,0.25,1.7419674396514893,0.7368934154510498,1.601898193359375,0.7365424633026123
110,ppo_lognormal,lognormal,log,1,False,0.0,2.317021608352661,0.73664391040802,1.9890689849853516,0.743022620677948
110,ppo_lognormal,lognormal,log,2,True,0.25,0.9994049072265625,0.7405887842178345,1.1836894750595093,0.7348277568817139
110,ppo_lognormal,lognormal,log,3,True,0.25,1.945677399635315,0.7310305237770081,1.0815709829330444,0.7323582172393799
110,ppo_lognormal,lognormal,log,4,False,0.0,2.1203603744506836,0.7451082468032837,2.4493062496185303,0.7458813190460205
110,ppo_lognormal,lognormal,log,5,True,0.25,2.320911407470703,0.7314980626106262,1.3826477527618408,0.7312147617340088
110,ppo_lognormal,lognormal,log,6,False,0.0,1.8384299278259277,0.7351266145706177,2.3214101791381836,0.748054027557373
110,ppo_lognormal,lognormal,log,7,False,0.0,1.8553866147994995,0.7351248264312744,2.5535566806793213,0.7484726905822754
111,ppo_lognormal,lognormal,log,0,True,0.25,1.7423897981643677,0.7364846467971802,1.6011898517608643,0.7363007664680481
111,ppo_lognormal,lognormal,log,1,False,0.0,2.317021608352661,0.73664391040802,1.9890689849853516,0.743022620677948
111,ppo_lognormal,lognormal,log,2,True,0.25,1.00003182888031,0.7403451204299927,1.183268666267395,0.7346322536468506
111,ppo_lognormal,lognormal,log,3,True,0.25,1.946207880973816,0.7308096885681152,1.0808786153793335,0.7321240901947021
111,ppo_lognormal,lognormal,log,4,False,0.0,2.1203603744506836,0.7451082468032837,2.4493062496185303,0.7458813190460205
111,ppo_lognormal,lognormal,log,5,True,0.25,2.3205859661102295,0.7313123941421509,1.3821465969085693,0.7307480573654175
111,ppo_lognormal,lognormal,log,6,False,0.0,1.8384299278259277,0.7351266145706177,2.3214101791381836,0.748054027557373
111,ppo_lognormal,lognormal,log,7,False,0.0,1.8553866147994995,0.7351248264312744,2.5535566806793213,0.7484726905822754
112,ppo_lognormal,lognormal,log,0,True,0.25,1.7427208423614502,0.7360937595367432,1.6004643440246582,0.7359899282455444
112,ppo_lognormal,lognormal,log,1,False,0.0,2.317021608352661,0.73664391040802,1.9890689849853516,0.743022620677948
112,ppo_lognormal,lognormal,log,2,True,0.25,1.0006299018859863,0.7401483058929443,1.1828519105911255,0.7344121932983398
112,ppo_lognormal,lognormal,log,3,True,0.25,1.9466115236282349,0.7305892705917358,1.0802215337753296,0.7318316102027893
112,ppo_lognormal,lognormal,log,4,False,0.0,2.1203603744506836,0.7451082468032837,2.4493062496185303,0.7458813190460205
112,ppo_lognormal,lognormal,log,5,True,0.25,2.320194721221924,0.7311269044876099,1.381598711013794,0.7303242087364197
112,ppo_lognormal,lognormal,log,6,False,0.0,1.8384299278259277,0.7351266145706177,2.3214101791381836,0.748054027557373
112,ppo_lognormal,lognormal,log,7,False,0.0,1.8553866147994995,0.7351248264312744,2.5535566806793213,0.7484726905822754
113,ppo_lognormal,lognormal,log,0,True,0.25,1.7428791522979736,0.7357105016708374,1.5997123718261719,0.7356133460998535
113,ppo_lognormal,lognormal,log,1,False,0.0,2.317021608352661,0.73664391040802,1.9890689849853516,0.743022620677948
113,ppo_lognormal,lognormal,log,2,True,0.25,1.0012410879135132,0.7399416565895081,1.1824489831924438,0.7342829704284668
113,ppo_lognormal,lognormal,log,3,True,0.25,1.9469317197799683,0.7303575277328491,1.0795921087265015,0.731540322303772
113,ppo_lognormal,lognormal,log,4,False,0.0,2.1203603744506836,0.7451082468032837,2.4493062496185303,0.7458813190460205
113,ppo_lognormal,lognormal,log,5,True,0.25,2.3199374675750732,0.7309848070144653,1.3810601234436035,0.7298694849014282
113,ppo_lognormal,lognormal,log,6,False,0.0,1.8384299278259277,0.7351266145706177,2.3214101791381836,0.748054027557373
113,ppo_lognormal,lognormal,log,7,False,0.0,1.8553866147994995,0.7351248264312744,2.5535566806793213,0.7484726905822754
114,ppo_lognormal,lognormal,log,0,True,0.25,1.74312424659729,0.7353217005729675,1.5990455150604248,0.7352570295333862
114,ppo_lognormal,lognormal,log,1,False,0.0,2.317021608352661,0.73664391040802,1.9890689849853516,0.743022620677948
114,ppo_lognormal,lognormal,log,2,True,0.25,1.001906394958496,0.7396669387817383,1.1821054220199585,0.734122633934021
114,ppo_lognormal,lognormal,log,3,True,0.25,1.9472976922988892,0.7301537394523621,1.0790460109710693,0.7312576770782471
114,ppo_lognormal,lognormal,log,4,False,0.0,2.1203603744506836,0.7451082468032837,2.4493062496185303,0.7458813190460205
114,ppo_lognormal,lognormal,log,5,True,0.25,2.319751501083374,0.7308472394943237,1.3804712295532227,0.7293804287910461
114,ppo_lognormal,lognormal,log,6,False,0.0,1.8384299278259277,0.7351266145706177,2.3214101791381836,0.748054027557373
114,ppo_lognormal,lognormal,log,7,False,0.0,1.8553866147994995,0.7351248264312744,2.5535566806793213,0.7484726905822754
115,ppo_lognormal,lognormal,log,0,True,0.25,1.7433565855026245,0.7349676489830017,1.5984071493148804,0.7349125146865845
115,ppo_lognormal,lognormal,log,1,False,0.0,2.317021608352661,0.73664391040802,1.9890689849853516,0.743022620677948
115,ppo_lognormal,lognormal,log,2,True,0.25,1.0026044845581055,0.7393820285797119,1.1816614866256714,0.7339257001876831
115,ppo_lognormal,lognormal,log,3,True,0.25,1.9477821588516235,0.7298747301101685,1.0785044431686401,0.7309074401855469
115,ppo_lognormal,lognormal,log,4,False,0.0,2.1203603744506836,0.7451082468032837,2.4493062496185303,0.7458813190460205
115,ppo_lognormal,lognormal,log,5,True,0.25,2.3195693492889404,0.7306539416313171,1.3798879384994507,0.72892165184021
115,ppo_lognormal,lognormal,log,6,False,0.0,1.8384299278259277,0.7351266145706177,2.3214101791381836,0.748054027557373
115,ppo_lognormal,lognormal,log,7,False,0.0,1.8553866147994995,0.7351248264312744,2.5535566806793213,0.7484726905822754
116,ppo_lognormal,lognormal,log,0,True,0.25,1.743607997894287,0.7346117496490479,1.5978730916976929,0.7345856428146362
116,ppo_lognormal,lognormal,log,1,False,0.0,2.317021608352661,0.73664391040802,1.9890689849853516,0.743022620677948
116,ppo_lognormal,lognormal,log,2,True,0.25,1.0033164024353027,0.7390609979629517,1.181246042251587,0.7337071895599365
116,ppo_lognormal,lognormal,log,3,True,0.25,1.948301076889038,0.7295063734054565,1.0779191255569458,0.7305784225463867
116,ppo_lognormal,lognormal,log,4,False,0.0,2.1203603744506836,0.7451082468032837,2.4493062496185303,0.7458813190460205
116,ppo_lognormal,lognormal,log,5,True,0.25,2.319286823272705,0.7304810285568237,1.3792704343795776,0.7284886837005615
116,ppo_lognormal,lognormal,log,6,False,0.0,1.8384299278259277,0.7351266145706177,2.3214101791381836,0.748054027557373
116,ppo_lognormal,lognormal,log,7,False,0.0,1.8553866147994995,0.7351248264312744,2.5535566806793213,0.7484726905822754
117,ppo_lognormal,lognormal,log,0,True,0.25,1.7437938451766968,0.7342424392700195,1.5973303318023682,0.7342867255210876
117,ppo_lognormal,lognormal,log,1,False,0.0,2.317021608352661,0.73664391040802,1.9890689849853516,0.743022620677948
117,ppo_lognormal,lognormal,log,2,True,0.25,1.0040559768676758,0.738794207572937,1.180755615234375,0.7335255146026611
117,ppo_lognormal,lognormal,log,3,True,0.25,1.9486442804336548,0.729142963886261,1.0772894620895386,0.7302011251449585
117,ppo_lognormal,lognormal,log,4,False,0.0,2.1203603744506836,0.7451082468032837,2.4493062496185303,0.7458813190460205
117,ppo_lognormal,lognormal,log,5,True,0.25,2.3190228939056396,0.7303426265716553,1.378689169883728,0.7280651330947876
117,ppo_lognormal,lognormal,log,6,False,0.0,1.8384299278259277,0.7351266145706177,2.3214101791381836,0.748054027557373
117,ppo_lognormal,lognormal,log,7,False,0.0,1.8553866147994995,0.7351248264312744,2.5535566806793213,0.7484726905822754
118,ppo_lognormal,lognormal,log,0,True,0.25,1.7440310716629028,0.7339208722114563,1.5967973470687866,0.7339799404144287
118,ppo_lognormal,lognormal,log,1,False,0.0,2.317021608352661,0.73664391040802,1.9890689849853516,0.743022620677948
118,ppo_lognormal,lognormal,log,2,True,0.25,1.0048060417175293,0.7386192679405212,1.1802096366882324,0.7333239316940308
118,ppo_lognormal,lognormal,log,3,True,0.25,1.9489073753356934,0.7287695407867432,1.0766355991363525,0.7298378944396973
118,ppo_lognormal,lognormal,log,4,False,0.0,2.1203603744506836,0.7451082468032837,2.4493062496185303,0.7458813190460205
118,ppo_lognormal,lognormal,log,5,True,0.25,2.318697929382324,0.7302045822143555,1.3780802488327026,0.7276629209518433
118,ppo_lognormal,lognormal,log,6,False,0.0,1.8384299278259277,0.7351266145706177,2.3214101791381836,0.748054027557373
118,ppo_lognormal,lognormal,log,7,False,0.0,1.8553866147994995,0.7351248264312744,2.5535566806793213,0.7484726905822754
119,ppo_lognormal,lognormal,log,0,True,0.25,1.7441444396972656,0.7335859537124634,1.5962188243865967,0.7337022423744202
119,ppo_lognormal,lognormal,log,1,False,0.0,2.317021608352661,0.73664391040802,1.9890689849853516,0.743022620677948
119,ppo_lognormal,lognormal,log,2,True,0.25,1.0055558681488037,0.7384145259857178,1.1797046661376953,0.733193576335907
119,ppo_lognormal,lognormal,log,3,True,0.25,1.9491658210754395,0.7284070253372192,1.075973391532898,0.729549765586853
119,ppo_lognormal,lognormal,log,4,False,0.0,2.1203603744506836,0.7451082468032837,2.4493062496185303,0.7458813190460205
119,ppo_lognormal,lognormal,log,5,True,0.25,2.3185691833496094,0.729941725730896,1.3776026964187622,0.7272578477859497
119,ppo_lognormal,lognormal,log,6,False,0.0,1.8384299278259277,0.7351266145706177,2.3214101791381836,0.748054027557373
119,ppo_lognormal,lognormal,log,7,False,0.0,1.8553866147994995,0.7351248264312744,2.5535566806793213,0.7484726905822754
120,ppo_lognormal,lognormal,log,0,True,0.25,1.7442899942398071,0.733279824256897,1.595664381980896,0.733461856842041
120,ppo_lognormal,lognormal,log,1,False,0.0,2.317021608352661,0.73664391040802,1.9890689849853516,0.743022620677948
120,ppo_lognormal,lognormal,log,2,True,0.25,1.0063378810882568,0.7382293343544006,1.179233193397522,0.7331887483596802
120,ppo_lognormal,lognormal,log,3,True,0.25,1.9494229555130005,0.7280480861663818,1.075385570526123,0.7292662262916565
120,ppo_lognormal,lognormal,log,4,False,0.0,2.1203603744506836,0.7451082468032837,2.4493062496185303,0.7458813190460205
120,ppo_lognormal,lognormal,log,5,True,0.25,2.318401336669922,0.7296602129936218,1.3770889043807983,0.7268252968788147
120,ppo_lognormal,lognormal,log,6,False,0.0,1.8384299278259277,0.7351266145706177,2.3214101791381836,0.748054027557373
120,ppo_lognormal,lognormal,log,7,False,0.0,1.8553866147994995,0.7351248264312744,2.5535566806793213,0.7484726905822754
121,ppo_lognormal,lognormal,log,0,True,0.25,1.744499921798706,0.7329715490341187,1.5951268672943115,0.7332407832145691
121,ppo_lognormal,lognormal,log,1,False,0.0,2.317021608352661,0.73664391040802,1.9890689849853516,0.743022620677948
121,ppo_lognormal,lognormal,log,2,True,0.25,1.007106065750122,0.7379893660545349,1.1789004802703857,0.7331818342208862
121,ppo_lognormal,lognormal,log,3,True,0.25,1.9497857093811035,0.727709174156189,1.0747941732406616,0.7289586663246155
121,ppo_lognormal,lognormal,log,4,False,0.0,2.1203603744506836,0.7451082468032837,2.4493062496185303,0.7458813190460205
121,ppo_lognormal,lognormal,log,5,True,0.25,2.3181517124176025,0.7294204235076904,1.3765506744384766,0.7263500690460205
121,ppo_lognormal,lognormal,log,6,False,0.0,1.8384299278259277,0.7351266145706177,2.3214101791381836,0.748054027557373
121,ppo_lognormal,lognormal,log,7,False,0.0,1.8553866147994995,0.7351248264312744,2.5535566806793213,0.7484726905822754
122,ppo_lognormal,lognormal,log,0,True,0.25,1.7447412014007568,0.7326220273971558,1.5946096181869507,0.7330334186553955
122,ppo_lognormal,lognormal,log,1,False,0.0,2.317021608352661,0.73664391040802,1.9890689849853516,0.743022620677948
122,ppo_lognormal,lognormal,log,2,True,0.25,1.0078754425048828,0.7378107905387878,1.1784992218017578,0.7331284284591675
122,ppo_lognormal,lognormal,log,3,True,0.25,1.9501490592956543,0.7273458242416382,1.0743364095687866,0.7286738157272339
122,ppo_lognormal,lognormal,log,4,False,0.0,2.1203603744506836,0.7451082468032837,2.4493062496185303,0.7458813190460205
122,ppo_lognormal,lognormal,log,5,True,0.25,2.3178870677948,0.7291072607040405,1.3759509325027466,0.7259727716445923
122,ppo_lognormal,lognormal,log,6,False,0.0,1.8384299278259277,0.7351266145706177,2.3214101791381836,0.748054027557373
122,ppo_lognormal,lognormal,log,7,False,0.0,1.8553866147994995,0.7351248264312744,2.5535566806793213,0.7484726905822754
123,ppo_lognormal,lognormal,log,0,True,0.25,1.7447803020477295,0.7322683334350586,1.5940672159194946,0.7328509092330933
123,ppo_lognormal,lognormal,log,1,False,0.0,2.317021608352661,0.73664391040802,1.9890689849853516,0.743022620677948
123,ppo_lognormal,lognormal,log,2,True,0.25,1.0086588859558105,0.7375496625900269,1.1780279874801636,0.7330896854400635
123,ppo_lognormal,lognormal,log,3,True,0.25,1.9504612684249878,0.7269936800003052,1.073909044265747,0.7284059524536133
123,ppo_lognormal,lognormal,log,4,False,0.0,2.1203603744506836,0.7451082468032837,2.4493062496185303,0.7458813190460205
123,ppo_lognormal,lognormal,log,5,True,0.25,2.317575216293335,0.7287752628326416,1.3754254579544067,0.7256088256835938
123,ppo_lognormal,lognormal,log,6,False,0.0,1.8384299278259277,0.7351266145706177,2.3214101791381836,0.748054027557373
123,ppo_lognormal,lognormal,log,7,False,0.0,1.8553866147994995,0.7351248264312744,2.5535566806793213,0.7484726905822754
124,ppo_lognormal,lognormal,log,0,True,0.25,1.7448792457580566,0.7319493889808655,1.5935719013214111,0.7327144145965576
124,ppo_lognormal,lognormal,log,1,False,0.0,2.317021608352661,0.73664391040802,1.9890689849853516,0.743022620677948
124,ppo_lognormal,lognormal,log,2,True,0.25,1.0093677043914795,0.7373186349868774,1.177573800086975,0.7331266403198242
124,ppo_lognormal,lognormal,log,3,True,0.25,1.950750470161438,0.7265927791595459,1.0733808279037476,0.7281874418258667
124,ppo_lognormal,lognormal,log,4,False,0.0,2.1203603744506836,0.7451082468032837,2.4493062496185303,0.7458813190460205
124,ppo_lognormal,lognormal,log,5,True,0.25,2.317378044128418,0.7285019755363464,1.3749537467956543,0.725220799446106
124,ppo_lognormal,lognormal,log,6,False,0.0,1.8384299278259277,0.7351266145706177,2.3214101791381836,0.748054027557373
124,ppo_lognormal,lognormal,log,7,False,0.0,1.8553866147994995,0.7351248264312744,2.5535566806793213,0.7484726905822754
125,ppo_lognormal,lognormal,log,0,True,0.25,1.7450352907180786,0.7315772771835327,1.5930438041687012,0.7325601577758789
125,ppo_lognormal,lognormal,log,1,False,0.0,2.317021608352661,0.73664391040802,1.9890689849853516,0.743022620677948
125,ppo_lognormal,lognormal,log,2,True,0.25,1.0100775957107544,0.7371180057525635,1.1771098375320435,0.7331806421279907
125,ppo_lognormal,lognormal,log,3,True,0.25,1.9510266780853271,0.7261993885040283,1.0728994607925415,0.7279605865478516
125,ppo_lognormal,lognormal,log,4,False,0.0,2.1203603744506836,0.7451082468032837,2.4493062496185303,0.7458813190460205
125,ppo_lognormal,lognormal,log,5,True,0.25,2.3170506954193115,0.7282813787460327,1.374427318572998,0.7247952222824097
125,ppo_lognormal,lognormal,log,6,False,0.0,1.8384299278259277,0.7351266145706177,2.3214101791381836,0.748054027557373
125,ppo_lognormal,lognormal,log,7,False,0.0,1.8553866147994995,0.7351248264312744,2.5535566806793213,0.7484726905822754
126,ppo_lognormal,lognormal,log,0,True,0.25,1.7452646493911743,0.7312066555023193,1.592485785484314,0.7323963046073914
126,ppo_lognormal,lognormal,log,1,False,0.0,2.317021608352661,0.73664391040802,1.9890689849853516,0.743022620677948
126,ppo_lognormal,lognormal,log,2,True,0.25,1.010746955871582,0.7369780540466309,1.1766152381896973,0.7331071496009827
126,ppo_lognormal,lognormal,log,3,True,0.25,1.9510517120361328,0.7257722616195679,1.0723705291748047,0.7277229428291321
126,ppo_lognormal,lognormal,log,4,False,0.0,2.1203603744506836,0.7451082468032837,2.4493062496185303,0.7458813190460205
126,ppo_lognormal,lognormal,log,5,True,0.25,2.316704511642456,0.7280668020248413,1.3738914728164673,0.7244337797164917
126,ppo_lognormal,lognormal,log,6,False,0.0,1.8384299278259277,0.7351266145706177,2.3214101791381836,0.748054027557373
126,ppo_lognormal,lognormal,log,7,False,0.0,1.8553866147994995,0.7351248264312744,2.5535566806793213,0.7484726905822754
127,ppo_lognormal,lognormal,log,0,True,0.25,1.74555504322052,0.7307809591293335,1.5918670892715454,0.7323302030563354
127,ppo_lognormal,lognormal,log,1,False,0.0,2.317021608352661,0.73664391040802,1.9890689849853516,0.743022620677948
127,ppo_lognormal,lognormal,log,2,True,0.25,1.0113905668258667,0.7368495464324951,1.17608642578125,0.7331117987632751
127,ppo_lognormal,lognormal,log,3,True,0.25,1.9511038064956665,0.725386381149292,1.0718673467636108,0.7275038957595825
127,ppo_lognormal,lognormal,log,4,False,0.0,2.1203603744506836,0.7451082468032837,2.4493062496185303,0.7458813190460205
127,ppo_lognormal,lognormal,log,5,True,0.25,2.316437005996704,0.727840781211853,1.3733651638031006,0.7240842580795288
127,ppo_lognormal,lognormal,log,6,False,0.0,1.8384299278259277,0.7351266145706177,2.3214101791381836,0.748054027557373
127,ppo_lognormal,lognormal,log,7,False,0.0,1.8553866147994995,0.7351248264312744,2.5535566806793213,0.7484726905822754
128,ppo_lognormal,lognormal,log,0,True,0.25,1.7458481788635254,0.7303706407546997,1.591300129890442,0.7322893142700195
128,ppo_lognormal,lognormal,log,1,False,0.0,2.317021608352661,0.73664391040802,1.9890689849853516,0.743022620677948
128,ppo_lognormal,lognormal,log,2,True,0.25,1.0120869874954224,0.7366557717323303,1.1756325960159302,0.7330621480941772
128,ppo_lognormal,lognormal,log,3,True,0.25,1.9511795043945312,0.7250027656555176,1.0714250802993774,0.7272348403930664
128,ppo_lognormal,lognormal,log,4,False,0.0,2.1203603744506836,0.7451082468032837,2.4493062496185303,0.7458813190460205
128,ppo_lognormal,lognormal,log,5,True,0.25,2.3161187171936035,0.7277171611785889,1.372831106185913,0.7237513661384583
128,ppo_lognormal,lognormal,log,6,False,0.0,1.8384299278259277,0.7351266145706177,2.3214101791381836,0.748054027557373
128,ppo_lognormal,lognormal,log,7,False,0.0,1.8553866147994995,0.7351248264312744,2.5535566806793213,0.7484726905822754
129,ppo_lognormal,lognormal,log,0,True,0.25,1.746262550354004,0.7299158573150635,1.5907292366027832,0.7322423458099365
129,ppo_lognormal,lognormal,log,1,False,0.0,2.317021608352661,0.73664391040802,1.9890689849853516,0.743022620677948
129,ppo_lognormal,lognormal,log,2,True,0.25,1.0127862691879272,0.7364416718482971,1.175144910812378,0.733013391494751
129,ppo_lognormal,lognormal,log,3,True,0.25,1.9512848854064941,0.724597692489624,1.0709810256958008,0.7269541621208191
129,ppo_lognormal,lognormal,log,4,False,0.0,2.1203603744506836,0.7451082468032837,2.4493062496185303,0.7458813190460205
129,ppo_lognormal,lognormal,log,5,True,0.25,2.3158981800079346,0.7275971174240112,1.3723297119140625,0.72342449426651
129,ppo_lognormal,lognormal,log,6,False,0.0,1.8384299278259277,0.7351266145706177,2.3214101791381836,0.748054027557373
129,ppo_lognormal,lognormal,log,7,False,0.0,1.8553866147994995,0.7351248264312744,2.5535566806793213,0.7484726905822754
130,ppo_lognormal,lognormal,log,0,True,0.25,1.7466533184051514,0.7294981479644775,1.5901793241500854,0.7322391271591187
130,ppo_lognormal,lognormal,log,1,False,0.0,2.317021608352661,0.73664391040802,1.9890689849853516,0.743022620677948
130,ppo_lognormal,lognormal,log,2,True,0.25,1.0134915113449097,0.7362461090087891,1.1745810508728027,0.732804536819458
130,ppo_lognormal,lognormal,log,3,True,0.25,1.9513599872589111,0.72422194480896,1.0706344842910767,0.7267019748687744
130,ppo_lognormal,lognormal,log,4,False,0.0,2.1203603744506836,0.7451082468032837,2.4493062496185303,0.7458813190460205
130,ppo_lognormal,lognormal,log,5,True,0.25,2.3156797885894775,0.7274144887924194,1.3718101978302002,0.723103404045105
130,ppo_lognormal,lognormal,log,6,False,0.0,1.8384299278259277,0.7351266145706177,2.3214101791381836,0.748054027557373
130,ppo_lognormal,lognormal,log,7,False,0.0,1.8553866147994995,0.7351248264312744,2.5535566806793213,0.7484726905822754
131,ppo_lognormal,lognormal,log,0,True,0.25,1.747098684310913,0.7291010618209839,1.5895932912826538,0.7321233749389648
131,ppo_lognormal,lognormal,log,1,False,0.0,2.317021608352661,0.73664391040802,1.9890689849853516,0.743022620677948
131,ppo_lognormal,lognormal,log,2,True,0.25,1.0141855478286743,0.7360249757766724,1.1740978956222534,0.7326416969299316
131,ppo_lognormal,lognormal,log,3,True,0.25,1.9516125917434692,0.7238279581069946,1.0702300071716309,0.7264748811721802
131,ppo_lognormal,lognormal,log,4,False,0.0,2.1203603744506836,0.7451082468032837,2.4493062496185303,0.7458813190460205
131,ppo_lognormal,lognormal,log,5,True,0.25,2.315469264984131,0.7272393107414246,1.3713046312332153,0.7228071689605713
131,ppo_lognormal,lognormal,log,6,False,0.0,1.8384299278259277,0.7351266145706177,2.3214101791381836,0.748054027557373
131,ppo_lognormal,lognormal,log,7,False,0.0,1.8553866147994995,0.7351248264312744,2.5535566806793213,0.7484726905822754
132,ppo_lognormal,lognormal,log,0,True,0.25,1.7475143671035767,0.7287055253982544,1.5889815092086792,0.731939971446991
132,ppo_lognormal,lognormal,log,1,False,0.0,2.317021608352661,0.73664391040802,1.9890689849853516,0.743022620677948
132,ppo_lognormal,lognormal,log,2,True,0.25,1.0148792266845703,0.735761284828186,1.1735981702804565,0.73256516456604
132,ppo_lognormal,lognormal,log,3,True,0.25,1.9519753456115723,0.7234691381454468,1.0698199272155762,0.726209282875061
132,ppo_lognormal,lognormal,log,4,False,0.0,2.1203603744506836,0.7451082468032837,2.4493062496185303,0.7458813190460205
132,ppo_lognormal,lognormal,log,5,True,0.25,2.3152780532836914,0.7270846366882324,1.3707600831985474,0.7224693298339844
132,ppo_lognormal,lognormal,log,6,False,0.0,1.8384299278259277,0.7351266145706177,2.3214101791381836,0.748054027557373
132,ppo_lognormal,lognormal,log,7,False,0.0,1.8553866147994995,0.7351248264312744,2.5535566806793213,0.7484726905822754
133,ppo_lognormal,lognormal,log,0,True,0.25,1.7479244470596313,0.7283734083175659,1.5883985757827759,0.7317606806755066
133,ppo_lognormal,lognormal,log,1,False,0.0,2.317021608352661,0.73664391040802,1.9890689849853516,0.743022620677948
133,ppo_lognormal,lognormal,log,2,True,0.25,1.015580177307129,0.7355160713195801,1.173122763633728,0.732522189617157
133,ppo_lognormal,lognormal,log,3,True,0.25,1.9522826671600342,0.7230702638626099,1.0694352388381958,0.7258949279785156
133,ppo_lognormal,lognormal,log,4,False,0.0,2.1203603744506836,0.7451082468032837,2.4493062496185303,0.7458813190460205
133,ppo_lognormal,lognormal,log,5,True,0.25,2.315092086791992,0.726941704750061,1.370154857635498,0.7220557928085327
133,ppo_lognormal,lognormal,log,6,False,0.0,1.8384299278259277,0.7351266145706177,2.3214101791381836,0.748054027557373
133,ppo_lognormal,lognormal,log,7,False,0.0,1.8553866147994995,0.7351248264312744,2.5535566806793213,0.7484726905822754
134,ppo_lognormal,lognormal,log,0,True,0.25,1.7483497858047485,0.7280611991882324,1.5878323316574097,0.7316302061080933
134,ppo_lognormal,lognormal,log,1,False,0.0,2.317021608352661,0.73664391040802,1.9890689849853516,0.743022620677948
134,ppo_lognormal,lognormal,log,2,True,0.25,1.0162631273269653,0.735258936882019,1.1725578308105469,0.7324237823486328
134,ppo_lognormal,lognormal,log,3,True,0.25,1.9525558948516846,0.7226883172988892,1.069024682044983,0.7255322933197021
134,ppo_lognormal,lognormal,log,4,False,0.0,2.1203603744506836,0.7451082468032837,2.4493062496185303,0.7458813190460205
134,ppo_lognormal,lognormal,log,5,True,0.25,2.314833879470825,0.7267592549324036,1.3695138692855835,0.7216849327087402
134,ppo_lognormal,lognormal,log,6,False,0.0,1.8384299278259277,0.7351266145706177,2.3214101791381836,0.748054027557373
134,ppo_lognormal,lognormal,log,7,False,0.0,1.8553866147994995,0.7351248264312744,2.5535566806793213,0.7484726905822754
135,ppo_lognormal,lognormal,log,0,True,0.25,1.748879313468933,0.7276769876480103,1.5873029232025146,0.7315247654914856
135,ppo_lognormal,lognormal,log,1,False,0.0,2.317021608352661,0.73664391040802,1.9890689849853516,0.743022620677948
135,ppo_lognormal,lognormal,log,2,True,0.25,1.0169280767440796,0.7350826859474182,1.172113060951233,0.7322655916213989
135,ppo_lognormal,lognormal,log,3,True,0.25,1.9527852535247803,0.7223372459411621,1.0686341524124146,0.7252016663551331
135,ppo_lognormal,lognormal,log,4,False,0.0,2.1203603744506836,0.7451082468032837,2.4493062496185303,0.7458813190460205
135,ppo_lognormal,lognormal,log,5,True,0.25,2.3146233558654785,0.7265976667404175,1.368882656097412,0.7213248014450073
135,ppo_lognormal,lognormal,log,6,False,0.0,1.8384299278259277,0.7351266145706177,2.3214101791381836,0.748054027557373
135,ppo_lognormal,lognormal,log,7,False,0.0,1.8553866147994995,0.7351248264312744,2.5535566806793213,0.7484726905822754
136,ppo_lognormal,lognormal,log,0,True,0.25,1.749372959136963,0.7273156642913818,1.5867940187454224,0.7314279079437256
136,ppo_lognormal,lognormal,log,1,False,0.0,2.317021608352661,0.73664391040802,1.9890689849853516,0.743022620677948
136,ppo_lognormal,lognormal,log,2,True,0.25,1.0176310539245605,0.7348765134811401,1.17164146900177,0.7321661114692688
136,ppo_lognormal,lognormal,log,3,True,0.25,1.9530173540115356,0.7219952940940857,1.0682519674301147,0.7249244451522827
136,ppo_lognormal,lognormal,log,4,False,0.0,2.1203603744506836,0.7451082468032837,2.4493062496185303,0.7458813190460205
136,ppo_lognormal,lognormal,log,5,True,0.25,2.3143434524536133,0.7264507412910461,1.3682080507278442,0.720916748046875
136,ppo_lognormal,lognormal,log,6,False,0.0,1.8384299278259277,0.7351266145706177,2.3214101791381836,0.748054027557373
136,ppo_lognormal,lognormal,log,7,False,0.0,1.8553866147994995,0.7351248264312744,2.5535566806793213,0.7484726905822754
137,ppo_lognormal,lognormal,log,0,True,0.25,1.7498140335083008,0.7269667983055115,1.5862430334091187,0.7312748432159424
137,ppo_lognormal,lognormal,log,1,False,0.0,2.317021608352661,0.73664391040802,1.9890689849853516,0.743022620677948
137,ppo_lognormal,lognormal,log,2,True,0.25,1.0183014869689941,0.7346881628036499,1.1712323427200317,0.7321110367774963
137,ppo_lognormal,lognormal,log,3,True,0.25,1.953266978263855,0.72161865234375,1.0678846836090088,0.7246156930923462
137,ppo_lognormal,lognormal,log,4,False,0.0,2.1203603744506836,0.7451082468032837,2.4493062496185303,0.7458813190460205
137,ppo_lognormal,lognormal,log,5,True,0.25,2.3140740394592285,0.726299524307251,1.367539644241333,0.720525860786438
137,ppo_lognormal,lognormal,log,6,False,0.0,1.8384299278259277,0.7351266145706177,2.3214101791381836,0.748054027557373
137,ppo_lognormal,lognormal,log,7,False,0.0,1.8553866147994995,0.7351248264312744,2.5535566806793213,0.7484726905822754
138,ppo_lognormal,lognormal,log,0,True,0.25,1.7503575086593628,0.726569652557373,1.5856497287750244,0.731167197227478
138,ppo_lognormal,lognormal,log,1,False,0.0,2.317021608352661,0.73664391040802,1.9890689849853516,0.743022620677948
138,ppo_lognormal,lognormal,log,2,True,0.25,1.018950343132019,0.7345250844955444,1.17084538936615,0.7320957183837891
138,ppo_lognormal,lognormal,log,3,True,0.25,1.9534566402435303,0.7212468385696411,1.0675818920135498,0.7243601083755493
138,ppo_lognormal,lognormal,log,4,False,0.0,2.1203603744506836,0.7451082468032837,2.4493062496185303,0.7458813190460205
138,ppo_lognormal,lognormal,log,5,True,0.25,2.313828229904175,0.7261073589324951,1.366898536682129,0.7201352119445801
138,ppo_lognormal,lognormal,log,6,False,0.0,1.8384299278259277,0.7351266145706177,2.3214101791381836,0.748054027557373
138,ppo_lognormal,lognormal,log,7,False,0.0,1.8553866147994995,0.7351248264312744,2.5535566806793213,0.7484726905822754
139,ppo_lognormal,lognormal,log,0,True,0.25,1.7509181499481201,0.72617506980896,1.5850902795791626,0.7310051321983337
139,ppo_lognormal,lognormal,log,1,False,0.0,2.317021608352661,0.73664391040802,1.9890689849853516,0.743022620677948
139,ppo_lognormal,lognormal,log,2,True,0.25,1.019641399383545,0.7344034910202026,1.1704049110412598,0.7319926023483276
139,ppo_lognormal,lognormal,log,3,True,0.25,1.9535900354385376,0.7209122180938721,1.0673075914382935,0.7241063117980957
139,ppo_lognormal,lognormal,log,4,False,0.0,2.1203603744506836,0.7451082468032837,2.4493062496185303,0.7458813190460205
139,ppo_lognormal,lognormal,log,5,True,0.25,2.3135528564453125,0.7258750200271606,1.3662737607955933,0.7197792530059814
139,ppo_lognormal,lognormal,log,6,False,0.0,1.8384299278259277,0.7351266145706177,2.3214101791381836,0.748054027557373
139,ppo_lognormal,lognormal,log,7,False,0.0,1.8553866147994995,0.7351248264312744,2.5535566806793213,0.7484726905822754
140,ppo_lognormal,lognormal,log,0,True,0.25,1.7514021396636963,0.7257806658744812,1.5845139026641846,0.730871319770813
140,ppo_lognormal,lognormal,log,1,False,0.0,2.317021608352661,0.73664391040802,1.9890689849853516,0.743022620677948
140,ppo_lognormal,lognormal,log,2,True,0.25,1.0203667879104614,0.7342671155929565,1.170036792755127,0.7319100499153137
140,ppo_lognormal,lognormal,log,3,True,0.25,1.953827142715454,0.7205706834793091,1.0669771432876587,0.7239281535148621
140,ppo_lognormal,lognormal,log,4,False,0.0,2.1203603744506836,0.7451082468032837,2.4493062496185303,0.7458813190460205
140,ppo_lognormal,lognormal,log,5,True,0.25,2.313307046890259,0.7257183790206909,1.3656327724456787,0.719477117061615
140,ppo_lognormal,lognormal,log,6,False,0.0,1.8384299278259277,0.7351266145706177,2.3214101791381836,0.748054027557373
140,ppo_lognormal,lognormal,log,7,False,0.0,1.8553866147994995,0.7351248264312744,2.5535566806793213,0.7484726905822754
141,ppo_lognormal,lognormal,log,0,True,0.25,1.751852035522461,0.7253929376602173,1.5839029550552368,0.7307379245758057
141,ppo_lognormal,lognormal,log,1,False,0.0,2.317021608352661,0.73664391040802,1.9890689849853516,0.743022620677948
141,ppo_lognormal,lognormal,log,2,True,0.25,1.0210628509521484,0.7341232299804688,1.1696854829788208,0.7318475842475891
141,ppo_lognormal,lognormal,log,3,True,0.25,1.9539839029312134,0.7202497720718384,1.0666649341583252,0.7237396836280823
141,ppo_lognormal,lognormal,log,4,False,0.0,2.1203603744506836,0.7451082468032837,2.4493062496185303,0.7458813190460205
141,ppo_lognormal,lognormal,log,5,True,0.25,2.3129639625549316,0.7255442142486572,1.3649160861968994,0.7191728353500366
141,ppo_lognormal,lognormal,log,6,False,0.0,1.8384299278259277,0.7351266145706177,2.3214101791381836,0.748054027557373
141,ppo_lognormal,lognormal,log,7,False,0.0,1.8553866147994995,0.7351248264312744,2.5535566806793213,0.7484726905822754
142,ppo_lognormal,lognormal,log,0,True,0.25,1.7523059844970703,0.7250124216079712,1.5832874774932861,0.7305188179016113
142,ppo_lognormal,lognormal,log,1,False,0.0,2.317021608352661,0.73664391040802,1.9890689849853516,0.743022620677948
142,ppo_lognormal,lognormal,log,2,True,0.25,1.0217076539993286,0.7340599298477173,1.1693018674850464,0.7317622900009155
142,ppo_lognormal,lognormal,log,3,True,0.25,1.9542886018753052,0.7198584079742432,1.0663723945617676,0.7235331535339355
142,ppo_lognormal,lognormal,log,4,False,0.0,2.1203603744506836,0.7451082468032837,2.4493062496185303,0.7458813190460205
142,ppo_lognormal,lognormal,log,5,True,0.25,2.3126513957977295,0.7253880500793457,1.3642016649246216,0.7189493179321289
142,ppo_lognormal,lognormal,log,6,False,0.0,1.8384299278259277,0.7351266145706177,2.3214101791381836,0.748054027557373
142,ppo_lognormal,lognormal,log,7,False,0.0,1.8553866147994995,0.7351248264312744,2.5535566806793213,0.7484726905822754
143,ppo_lognormal,lognormal,log,0,True,0.25,1.7527410984039307,0.7246072292327881,1.5826401710510254,0.7303460836410522
143,ppo_lognormal,lognormal,log,1,False,0.0,2.317021608352661,0.73664391040802,1.9890689849853516,0.743022620677948
143,ppo_lognormal,lognormal,log,2,True,0.25,1.0223442316055298,0.7341235876083374,1.1689804792404175,0.7316523790359497
143,ppo_lognormal,lognormal,log,3,True,0.25,1.9546374082565308,0.7194690704345703,1.0660876035690308,0.7233471870422363
143,ppo_lognormal,lognormal,log,4,False,0.0,2.1203603744506836,0.7451082468032837,2.4493062496185303,0.7458813190460205
143,ppo_lognormal,lognormal,log,5,True,0.25,2.3123788833618164,0.7252865433692932,1.3634662628173828,0.7186903357505798
143,ppo_lognormal,lognormal,log,6,False,0.0,1.8384299278259277,0.7351266145706177,2.3214101791381836,0.748054027557373
143,ppo_lognormal,lognormal,log,7,False,0.0,1.8553866147994995,0.7351248264312744,2.5535566806793213,0.7484726905822754
144,ppo_lognormal,lognormal,log,0,True,0.25,1.753185510635376,0.7242368459701538,1.581931710243225,0.7301603555679321
144,ppo_lognormal,lognormal,log,1,False,0.0,2.317021608352661,0.73664391040802,1.9890689849853516,0.743022620677948
144,ppo_lognormal,lognormal,log,2,True,0.25,1.0229291915893555,0.7341861724853516,1.168602705001831,0.7315356731414795
144,ppo_lognormal,lognormal,log,3,True,0.25,1.9550226926803589,0.7190651893615723,1.0657540559768677,0.7231336832046509
144,ppo_lognormal,lognormal,log,4,False,0.0,2.1203603744506836,0.7451082468032837,2.4493062496185303,0.7458813190460205
144,ppo_lognormal,lognormal,log,5,True,0.25,2.3121273517608643,0.7252055406570435,1.3627550601959229,0.7184772491455078
144,ppo_lognormal,lognormal,log,6,False,0.0,1.8384299278259277,0.7351266145706177,2.3214101791381836,0.748054027557373
144,ppo_lognormal,lognormal,log,7,False,0.0,1.8553866147994995,0.7351248264312744,2.5535566806793213,0.7484726905822754
145,ppo_lognormal,lognormal,log,0,True,0.25,1.7535767555236816,0.7239423394203186,1.5812031030654907,0.7298797965049744
145,ppo_lognormal,lognormal,log,1,False,0.0,2.317021608352661,0.73664391040802,1.9890689849853516,0.743022620677948
145,ppo_lognormal,lognormal,log,2,True,0.25,1.0234994888305664,0.7342261075973511,1.1681537628173828,0.7315114140510559
145,ppo_lognormal,lognormal,log,3,True,0.25,1.9554399251937866,0.7186459302902222,1.0654128789901733,0.7229331731796265
145,ppo_lognormal,lognormal,log,4,False,0.0,2.1203603744506836,0.7451082468032837,2.4493062496185303,0.7458813190460205
145,ppo_lognormal,lognormal,log,5,True,0.25,2.311824083328247,0.7251124382019043,1.3620741367340088,0.7182677984237671
145,ppo_lognormal,lognormal,log,6,False,0.0,1.8384299278259277,0.7351266145706177,2.3214101791381836,0.748054027557373
145,ppo_lognormal,lognormal,log,7,False,0.0,1.8553866147994995,0.7351248264312744,2.5535566806793213,0.7484726905822754
146,ppo_lognormal,lognormal,log,0,True,0.25,1.7539864778518677,0.7236534953117371,1.5805169343948364,0.7296600341796875
146,ppo_lognormal,lognormal,log,1,False,0.0,2.317021608352661,0.73664391040802,1.9890689849853516,0.743022620677948
146,ppo_lognormal,lognormal,log,2,True,0.25,1.0240588188171387,0.7342029213905334,1.1675915718078613,0.7314148545265198
146,ppo_lognormal,lognormal,log,3,True,0.25,1.9558182954788208,0.7182379961013794,1.065008521080017,0.7227791547775269
146,ppo_lognormal,lognormal,log,4,False,0.0,2.1203603744506836,0.7451082468032837,2.4493062496185303,0.7458813190460205
146,ppo_lognormal,lognormal,log,5,True,0.25,2.311495542526245,0.7250456213951111,1.3614249229431152,0.7180606722831726
146,ppo_lognormal,lognormal,log,6,False,0.0,1.8384299278259277,0.7351266145706177,2.3214101791381836,0.748054027557373
146,ppo_lognormal,lognormal,log,7,False,0.0,1.8553866147994995,0.7351248264312744,2.5535566806793213,0.7484726905822754
147,ppo_lognormal,lognormal,log,0,True,0.25,1.754473328590393,0.7233635187149048,1.5798691511154175,0.729463517665863
147,ppo_lognormal,lognormal,log,1,False,0.0,2.317021608352661,0.73664391040802,1.9890689849853516,0.743022620677948
147,ppo_lognormal,lognormal,log,2,True,0.25,1.0246511697769165,0.734094500541687,1.1669811010360718,0.7312926054000854
147,ppo_lognormal,lognormal,log,3,True,0.25,1.9561610221862793,0.7178301811218262,1.0645949840545654,0.7226063013076782
147,ppo_lognormal,lognormal,log,4,False,0.0,2.1203603744506836,0.7451082468032837,2.4493062496185303,0.7458813190460205
147,ppo_lognormal,lognormal,log,5,True,0.25,2.311166763305664,0.724952220916748,1.3607795238494873,0.7178469896316528
147,ppo_lognormal,lognormal,log,6,False,0.0,1.8384299278259277,0.7351266145706177,2.3214101791381836,0.748054027557373
147,ppo_lognormal,lognormal,log,7,False,0.0,1.8553866147994995,0.7351248264312744,2.5535566806793213,0.7484726905822754
148,ppo_lognormal,lognormal,log,0,True,0.25,1.7549883127212524,0.7230962514877319,1.5792697668075562,0.7292919754981995
148,ppo_lognormal,lognormal,log,1,False,0.0,2.317021608352661,0.73664391040802,1.9890689849853516,0.743022620677948
148,ppo_lognormal,lognormal,log,2,True,0.25,1.0252660512924194,0.7339810132980347,1.1663668155670166,0.731235146522522
148,ppo_lognormal,lognormal,log,3,True,0.25,1.9564350843429565,0.71744704246521,1.0641953945159912,0.7224389314651489
148,ppo_lognormal,lognormal,log,4,False,0.0,2.1203603744506836,0.7451082468032837,2.4493062496185303,0.7458813190460205
148,ppo_lognormal,lognormal,log,5,True,0.25,2.310912847518921,0.7248213291168213,1.3600846529006958,0.7175462245941162
148,ppo_lognormal,lognormal,log,6,False,0.0,1.8384299278259277,0.7351266145706177,2.3214101791381836,0.748054027557373
148,ppo_lognormal,lognormal,log,7,False,0.0,1.8553866147994995,0.7351248264312744,2.5535566806793213,0.7484726905822754
149,ppo_lognormal,lognormal,log,0,True,0.25,1.755537748336792,0.7228915691375732,1.5786250829696655,0.7290571928024292
149,ppo_lognormal,lognormal,log,1,False,0.0,2.317021608352661,0.73664391040802,1.9890689849853516,0.743022620677948
149,ppo_lognormal,lognormal,log,2,True,0.25,1.0259021520614624,0.7338991165161133,1.165810465812683,0.7312167882919312
149,ppo_lognormal,lognormal,log,3,True,0.25,1.956695318222046,0.7170959711074829,1.063844084739685,0.7222789525985718
149,ppo_lognormal,lognormal,log,4,False,0.0,2.1203603744506836,0.7451082468032837,2.4493062496185303,0.7458813190460205
149,ppo_lognormal,lognormal,log,5,True,0.25,2.310685157775879,0.7246346473693848,1.3593835830688477,0.7173080444335938
149,ppo_lognormal,lognormal,log,6,False,0.0,1.8384299278259277,0.7351266145706177,2.3214101791381836,0.748054027557373
149,ppo_lognormal,lognormal,log,7,False,0.0,1.8553866147994995,0.7351248264312744,2.5535566806793213,0.7484726905822754
150,ppo_lognormal,lognormal,log,0,False,0.0,1.7561419010162354,0.722637414932251,1.577993631362915,0.7288060188293457
150,ppo_lognormal,lognormal,log,1,False,0.0,2.317021608352661,0.73664391040802,1.9890689849853516,0.743022620677948
150,ppo_lognormal,lognormal,log,2,False,0.0,1.0265008211135864,0.7338204383850098,1.165233850479126,0.7311090230941772
150,ppo_lognormal,lognormal,log,3,True,0.5,1.9569029808044434,0.7167882919311523,1.0634831190109253,0.7220653295516968
150,ppo_lognormal,lognormal,log,4,False,0.0,2.1203603744506836,0.7451082468032837,2.4493062496185303,0.7458813190460205
150,ppo_lognormal,lognormal,log,5,True,0.5,2.310389757156372,0.7243768572807312,1.3587021827697754,0.7170525789260864
150,ppo_lognormal,lognormal,log,6,False,0.0,1.8384299278259277,0.7351266145706177,2.3214101791381836,0.748054027557373
150,ppo_lognormal,lognormal,log,7,False,0.0,1.8553866147994995,0.7351248264312744,2.5535566806793213,0.7484726905822754
151,ppo_lognormal,lognormal,log,0,False,0.0,1.7561419010162354,0.722637414932251,1.577993631362915,0.7288060188293457
151,ppo_lognormal,lognormal,log,1,False,0.0,2.317021608352661,0.73664391040802,1.9890689849853516,0.743022620677948
151,ppo_lognormal,lognormal,log,2,False,0.0,1.0265008211135864,0.7338204383850098,1.165233850479126,0.7311090230941772
151,ppo_lognormal,lognormal,log,3,True,0.5,1.9576029777526855,0.7162867784500122,1.062783122062683,0.7215601205825806
151,ppo_lognormal,lognormal,log,4,False,0.0,2.1203603744506836,0.7451082468032837,2.4493062496185303,0.7458813190460205
151,ppo_lognormal,lognormal,log,5,True,0.5,2.30968976020813,0.7248841524124146,1.3580021858215332,0.7165508270263672
151,ppo_lognormal,lognormal,log,6,False,0.0,1.8384299278259277,0.7351266145706177,2.3214101791381836,0.748054027557373
151,ppo_lognormal,lognormal,log,7,False,0.0,1.8553866147994995,0.7351248264312744,2.5535566806793213,0.7484726905822754
152,ppo_lognormal,lognormal,log,0,False,0.0,1.7561419010162354,0.722637414932251,1.577993631362915,0.7288060188293457
152,ppo_lognormal,lognormal,log,1,False,0.0,2.317021608352661,0.73664391040802,1.9890689849853516,0.743022620677948
152,ppo_lognormal,lognormal,log,2,False,0.0,1.0265008211135864,0.7338204383850098,1.165233850479126,0.7311090230941772
152,ppo_lognormal,lognormal,log,3,True,0.5,1.9582993984222412,0.7161904573440552,1.062146544456482,0.7211215496063232
152,ppo_lognormal,lognormal,log,4,False,0.0,2.1203603744506836,0.7451082468032837,2.4493062496185303,0.7458813190460205
152,ppo_lognormal,lognormal,log,5,True,0.5,2.308990716934204,0.7252734899520874,1.3574278354644775,0.7161681652069092
152,ppo_lognormal,lognormal,log,6,False,0.0,1.8384299278259277,0.7351266145706177,2.3214101791381836,0.748054027557373
152,ppo_lognormal,lognormal,log,7,False,0.0,1.8553866147994995,0.7351248264312744,2.5535566806793213,0.7484726905822754
153,ppo_lognormal,lognormal,log,0,False,0.0,1.7561419010162354,0.722637414932251,1.577993631362915,0.7288060188293457
153,ppo_lognormal,lognormal,log,1,False,0.0,2.317021608352661,0.73664391040802,1.9890689849853516,0.743022620677948
153,ppo_lognormal,lognormal,log,2,False,0.0,1.0265008211135864,0.7338204383850098,1.165233850479126,0.7311090230941772
153,ppo_lognormal,lognormal,log,3,True,0.5,1.9587875604629517,0.7158702611923218,1.0614948272705078,0.7206810712814331
153,ppo_lognormal,lognormal,log,4,False,0.0,2.1203603744506836,0.7451082468032837,2.4493062496185303,0.7458813190460205
153,ppo_lognormal,lognormal,log,5,True,0.5,2.3084182739257812,0.7255629897117615,1.3568153381347656,0.7158980369567871
153,ppo_lognormal,lognormal,log,6,False,0.0,1.8384299278259277,0.7351266145706177,2.3214101791381836,0.748054027557373
153,ppo_lognormal,lognormal,log,7,False,0.0,1.8553866147994995,0.7351248264312744,2.5535566806793213,0.7484726905822754
154,ppo_lognormal,lognormal,log,0,False,0.0,1.7561419010162354,0.722637414932251,1.577993631362915,0.7288060188293457
154,ppo_lognormal,lognormal,log,1,False,0.0,2.317021608352661,0.73664391040802,1.9890689849853516,0.743022620677948
154,ppo_lognormal,lognormal,log,2,False,0.0,1.0265008211135864,0.7338204383850098,1.165233850479126,0.7311090230941772
154,ppo_lognormal,lognormal,log,3,True,0.5,1.9591625928878784,0.715546727180481,1.0608510971069336,0.7204015851020813
154,ppo_lognormal,lognormal,log,4,False,0.0,2.1203603744506836,0.7451082468032837,2.4493062496185303,0.7458813190460205
154,ppo_lognormal,lognormal,log,5,True,0.5,2.307802200317383,0.7258399128913879,1.3562086820602417,0.7155683040618896
154,ppo_lognormal,lognormal,log,6,False,0.0,1.8384299278259277,0.7351266145706177,2.3214101791381836,0.748054027557373
154,ppo_lognormal,lognormal,log,7,False,0.0,1.8553866147994995,0.7351248264312744,2.5535566806793213,0.7484726905822754
155,ppo_lognormal,lognormal,log,0,False,0.0,1.7561419010162354,0.722637414932251,1.577993631362915,0.7288060188293457
155,ppo_lognormal,lognormal,log,1,False,0.0,2.317021608352661,0.73664391040802,1.9890689849853516,0.743022620677948
155,ppo_lognormal,lognormal,log,2,False,0.0,1.0265008211135864,0.7338204383850098,1.165233850479126,0.7311090230941772
155,ppo_lognormal,lognormal,log,3,True,0.5,1.9596142768859863,0.7152336835861206,1.0602267980575562,0.7200947999954224
155,ppo_lognormal,lognormal,log,4,False,0.0,2.1203603744506836,0.7451082468032837,2.4493062496185303,0.7458813190460205
155,ppo_lognormal,lognormal,log,5,True,0.5,2.307508707046509,0.7258409857749939,1.3555744886398315,0.7151808738708496
155,ppo_lognormal,lognormal,log,6,False,0.0,1.8384299278259277,0.7351266145706177,2.3214101791381836,0.748054027557373
155,ppo_lognormal,lognormal,log,7,False,0.0,1.8553866147994995,0.7351248264312744,2.5535566806793213,0.7484726905822754
156,ppo_lognormal,lognormal,log,0,False,0.0,1.7561419010162354,0.722637414932251,1.577993631362915,0.7288060188293457
156,ppo_lognormal,lognormal,log,1,False,0.0,2.317021608352661,0.73664391040802,1.9890689849853516,0.743022620677948
156,ppo_lognormal,lognormal,log,2,False,0.0,1.0265008211135864,0.7338204383850098,1.165233850479126,0.7311090230941772
156,ppo_lognormal,lognormal,log,3,True,0.5,1.9600498676300049,0.7149735689163208,1.0595808029174805,0.719748318195343
156,ppo_lognormal,lognormal,log,4,False,0.0,2.1203603744506836,0.7451082468032837,2.4493062496185303,0.7458813190460205
156,ppo_lognormal,lognormal,log,5,True,0.5,2.3073155879974365,0.7258188724517822,1.3549678325653076,0.7151106595993042
156,ppo_lognormal,lognormal,log,6,False,0.0,1.8384299278259277,0.7351266145706177,2.3214101791381836,0.748054027557373
156,ppo_lognormal,lognormal,log,7,False,0.0,1.8553866147994995,0.7351248264312744,2.5535566806793213,0.7484726905822754
157,ppo_lognormal,lognormal,log,0,False,0.0,1.7561419010162354,0.722637414932251,1.577993631362915,0.7288060188293457
157,ppo_lognormal,lognormal,log,1,False,0.0,2.317021608352661,0.73664391040802,1.9890689849853516,0.743022620677948
157,ppo_lognormal,lognormal,log,2,False,0.0,1.0265008211135864,0.7338204383850098,1.165233850479126,0.7311090230941772
157,ppo_lognormal,lognormal,log,3,True,0.5,1.9605612754821777,0.7147157192230225,1.0589629411697388,0.7194337844848633
157,ppo_lognormal,lognormal,log,4,False,0.0,2.1203603744506836,0.7451082468032837,2.4493062496185303,0.7458813190460205
157,ppo_lognormal,lognormal,log,5,True,0.5,2.3072357177734375,0.7256824374198914,1.3543366193771362,0.7149257063865662
157,ppo_lognormal,lognormal,log,6,False,0.0,1.8384299278259277,0.7351266145706177,2.3214101791381836,0.748054027557373
157,ppo_lognormal,lognormal,log,7,False,0.0,1.8553866147994995,0.7351248264312744,2.5535566806793213,0.7484726905822754
158,ppo_lognormal,lognormal,log,0,False,0.0,1.7561419010162354,0.722637414932251,1.577993631362915,0.7288060188293457
158,ppo_lognormal,lognormal,log,1,False,0.0,2.317021608352661,0.73664391040802,1.9890689849853516,0.743022620677948
158,ppo_lognormal,lognormal,log,2,False,0.0,1.0265008211135864,0.7338204383850098,1.165233850479126,0.7311090230941772
158,ppo_lognormal,lognormal,log,3,True,0.5,1.96110999584198,0.7144450545310974,1.058332920074463,0.7191007733345032
158,ppo_lognormal,lognormal,log,4,False,0.0,2.1203603744506836,0.7451082468032837,2.4493062496185303,0.7458813190460205
158,ppo_lognormal,lognormal,log,5,True,0.5,2.3071670532226562,0.7254156470298767,1.3537039756774902,0.7146915793418884
158,ppo_lognormal,lognormal,log,6,False,0.0,1.8384299278259277,0.7351266145706177,2.3214101791381836,0.748054027557373
158,ppo_lognormal,lognormal,log,7,False,0.0,1.8553866147994995,0.7351248264312744,2.5535566806793213,0.7484726905822754
159,ppo_lognormal,lognormal,log,0,False,0.0,1.7561419010162354,0.722637414932251,1.577993631362915,0.7288060188293457
159,ppo_lognormal,lognormal,log,1,False,0.0,2.317021608352661,0.73664391040802,1.9890689849853516,0.743022620677948
159,ppo_lognormal,lognormal,log,2,False,0.0,1.0265008211135864,0.7338204383850098,1.165233850479126,0.7311090230941772
159,ppo_lognormal,lognormal,log,3,True,0.5,1.9616388082504272,0.7142748236656189,1.0576872825622559,0.7188016176223755
159,ppo_lognormal,lognormal,log,4,False,0.0,2.1203603744506836,0.7451082468032837,2.4493062496185303,0.7458813190460205
159,ppo_lognormal,lognormal,log,5,True,0.5,2.306950330734253,0.7251688838005066,1.353065848350525,0.7144061326980591
159,ppo_lognormal,lognormal,log,6,False,0.0,1.8384299278259277,0.7351266145706177,2.3214101791381836,0.748054027557373
159,ppo_lognormal,lognormal,log,7,False,0.0,1.8553866147994995,0.7351248264312744,2.5535566806793213,0.7484726905822754
160,ppo_lognormal,lognormal,log,0,False,0.0,1.7561419010162354,0.722637414932251,1.577993631362915,0.7288060188293457
160,ppo_lognormal,lognormal,log,1,False,0.0,2.317021608352661,0.73664391040802,1.9890689849853516,0.743022620677948
160,ppo_lognormal,lognormal,log,2,False,0.0,1.0265008211135864,0.7338204383850098,1.165233850479126,0.7311090230941772
160,ppo_lognormal,lognormal,log,3,True,0.5,1.9621305465698242,0.7140030860900879,1.0570250749588013,0.7185308933258057
160,ppo_lognormal,lognormal,log,4,False,0.0,2.1203603744506836,0.7451082468032837,2.4493062496185303,0.7458813190460205
160,ppo_lognormal,lognormal,log,5,True,0.5,2.3067147731781006,0.7248861789703369,1.3524352312088013,0.714156985282898
160,ppo_lognormal,lognormal,log,6,False,0.0,1.8384299278259277,0.7351266145706177,2.3214101791381836,0.748054027557373
160,ppo_lognormal,lognormal,log,7,False,0.0,1.8553866147994995,0.7351248264312744,2.5535566806793213,0.7484726905822754
161,ppo_lognormal,lognormal,log,0,False,0.0,1.7561419010162354,0.722637414932251,1.577993631362915,0.7288060188293457
161,ppo_lognormal,lognormal,log,1,False,0.0,2.317021608352661,0.73664391040802,1.9890689849853516,0.743022620677948
161,ppo_lognormal,lognormal,log,2,False,0.0,1.0265008211135864,0.7338204383850098,1.165233850479126,0.7311090230941772
161,ppo_lognormal,lognormal,log,3,True,0.5,1.9626152515411377,0.7136917114257812,1.0563782453536987,0.7182081937789917
161,ppo_lognormal,lognormal,log,4,False,0.0,2.1203603744506836,0.7451082468032837,2.4493062496185303,0.7458813190460205
161,ppo_lognormal,lognormal,log,5,True,0.5,2.306518077850342,0.7245664596557617,1.35179603099823,0.7138981819152832
161,ppo_lognormal,lognormal,log,6,False,0.0,1.8384299278259277,0.7351266145706177,2.3214101791381836,0.748054027557373
161,ppo_lognormal,lognormal,log,7,False,0.0,1.8553866147994995,0.7351248264312744,2.5535566806793213,0.7484726905822754
162,ppo_lognormal,lognormal,log,0,False,0.0,1.7561419010162354,0.722637414932251,1.577993631362915,0.7288060188293457
162,ppo_lognormal,lognormal,log,1,False,0.0,2.317021608352661,0.73664391040802,1.9890689849853516,0.743022620677948
162,ppo_lognormal,lognormal,log,2,False,0.0,1.0265008211135864,0.7338204383850098,1.165233850479126,0.7311090230941772
162,ppo_lognormal,lognormal,log,3,True,0.5,1.963072657585144,0.7133537530899048,1.0557483434677124,0.7179184556007385
162,ppo_lognormal,lognormal,log,4,False,0.0,2.1203603744506836,0.7451082468032837,2.4493062496185303,0.7458813190460205
162,ppo_lognormal,lognormal,log,5,True,0.5,2.306192398071289,0.7241949439048767,1.351165533065796,0.7136844396591187
162,ppo_lognormal,lognormal,log,6,False,0.0,1.8384299278259277,0.7351266145706177,2.3214101791381836,0.748054027557373
162,ppo_lognormal,lognormal,log,7,False,0.0,1.8553866147994995,0.7351248264312744,2.5535566806793213,0.7484726905822754
163,ppo_lognormal,lognormal,log,0,False,0.0,1.7561419010162354,0.722637414932251,1.577993631362915,0.7288060188293457
163,ppo_lognormal,lognormal,log,1,False,0.0,2.317021608352661,0.73664391040802,1.9890689849853516,0.743022620677948
163,ppo_lognormal,lognormal,log,2,False,0.0,1.0265008211135864,0.7338204383850098,1.165233850479126,0.7311090230941772
163,ppo_lognormal,lognormal,log,3,True,0.5,1.9635971784591675,0.7129727602005005,1.0551236867904663,0.7176207304000854
163,ppo_lognormal,lognormal,log,4,False,0.0,2.1203603744506836,0.7451082468032837,2.4493062496185303,0.7458813190460205
163,ppo_lognormal,lognormal,log,5,True,0.5,2.3058340549468994,0.7238640785217285,1.350529670715332,0.7134630680084229
163,ppo_lognormal,lognormal,log,6,False,0.0,1.8384299278259277,0.7351266145706177,2.3214101791381836,0.748054027557373
163,ppo_lognormal,lognormal,log,7,False,0.0,1.8553866147994995,0.7351248264312744,2.5535566806793213,0.7484726905822754
164,ppo_lognormal,lognormal,log,0,False,0.0,1.7561419010162354,0.722637414932251,1.577993631362915,0.7288060188293457
164,ppo_lognormal,lognormal,log,1,False,0.0,2.317021608352661,0.73664391040802,1.9890689849853516,0.743022620677948
164,ppo_lognormal,lognormal,log,2,False,0.0,1.0265008211135864,0.7338204383850098,1.165233850479126,0.7311090230941772
164,ppo_lognormal,lognormal,log,3,True,0.5,1.9641703367233276,0.7125613689422607,1.054542899131775,0.7173492908477783
164,ppo_lognormal,lognormal,log,4,False,0.0,2.1203603744506836,0.7451082468032837,2.4493062496185303,0.7458813190460205
164,ppo_lognormal,lognormal,log,5,True,0.5,2.305440902709961,0.7235075235366821,1.349937081336975,0.7132731676101685
164,ppo_lognormal,lognormal,log,6,False,0.0,1.8384299278259277,0.7351266145706177,2.3214101791381836,0.748054027557373
164,ppo_lognormal,lognormal,log,7,False,0.0,1.8553866147994995,0.7351248264312744,2.5535566806793213,0.7484726905822754
165,ppo_lognormal,lognormal,log,0,False,0.0,1.7561419010162354,0.722637414932251,1.577993631362915,0.7288060188293457
165,ppo_lognormal,lognormal,log,1,False,0.0,2.317021608352661,0.73664391040802,1.9890689849853516,0.743022620677948
165,ppo_lognormal,lognormal,log,2,False,0.0,1.0265008211135864,0.7338204383850098,1.165233850479126,0.7311090230941772
165,ppo_lognormal,lognormal,log,3,True,0.5,1.9647389650344849,0.7121580243110657,1.0539355278015137,0.7170366048812866
165,ppo_lognormal,lognormal,log,4,False,0.0,2.1203603744506836,0.7451082468032837,2.4493062496185303,0.7458813190460205
165,ppo_lognormal,lognormal,log,5,True,0.5,2.305140733718872,0.723124086856842,1.3493846654891968,0.7130638360977173
165,ppo_lognormal,lognormal,log,6,False,0.0,1.8384299278259277,0.7351266145706177,2.3214101791381836,0.748054027557373
165,ppo_lognormal,lognormal,log,7,False,0.0,1.8553866147994995,0.7351248264312744,2.5535566806793213,0.7484726905822754
166,ppo_lognormal,lognormal,log,0,False,0.0,1.7561419010162354,0.722637414932251,1.577993631362915,0.7288060188293457
166,ppo_lognormal,lognormal,log,1,False,0.0,2.317021608352661,0.73664391040802,1.9890689849853516,0.743022620677948
166,ppo_lognormal,lognormal,log,2,False,0.0,1.0265008211135864,0.7338204383850098,1.165233850479126,0.7311090230941772
166,ppo_lognormal,lognormal,log,3,True,0.5,1.9651424884796143,0.7117278575897217,1.0533469915390015,0.7166817784309387
166,ppo_lognormal,lognormal,log,4,False,0.0,2.1203603744506836,0.7451082468032837,2.4493062496185303,0.7458813190460205
166,ppo_lognormal,lognormal,log,5,True,0.5,2.3048791885375977,0.7227805852890015,1.3488520383834839,0.7129033803939819
166,ppo_lognormal,lognormal,log,6,False,0.0,1.8384299278259277,0.7351266145706177,2.3214101791381836,0.748054027557373
166,ppo_lognormal,lognormal,log,7,False,0.0,1.8553866147994995,0.7351248264312744,2.5535566806793213,0.7484726905822754
167,ppo_lognormal,lognormal,log,0,False,0.0,1.7561419010162354,0.722637414932251,1.577993631362915,0.7288060188293457
167,ppo_lognormal,lognormal,log,1,False,0.0,2.317021608352661,0.73664391040802,1.9890689849853516,0.743022620677948
167,ppo_lognormal,lognormal,log,2,False,0.0,1.0265008211135864,0.7338204383850098,1.165233850479126,0.7311090230941772
167,ppo_lognormal,lognormal,log,3,True,0.5,1.9656184911727905,0.7113018035888672,1.0527656078338623,0.7164016366004944
167,ppo_lognormal,lognormal,log,4,False,0.0,2.1203603744506836,0.7451082468032837,2.4493062496185303,0.7458813190460205
167,ppo_lognormal,lognormal,log,5,True,0.5,2.304523229598999,0.7224059104919434,1.3483306169509888,0.7127054333686829
167,ppo_lognormal,lognormal,log,6,False,0.0,1.8384299278259277,0.7351266145706177,2.3214101791381836,0.748054027557373
167,ppo_lognormal,lognormal,log,7,False,0.0,1.8553866147994995,0.7351248264312744,2.5535566806793213,0.7484726905822754
168,ppo_lognormal,lognormal,log,0,False,0.0,1.7561419010162354,0.722637414932251,1.577993631362915,0.7288060188293457
168,ppo_lognormal,lognormal,log,1,False,0.0,2.317021608352661,0.73664391040802,1.9890689849853516,0.743022620677948
168,ppo_lognormal,lognormal,log,2,False,0.0,1.0265008211135864,0.7338204383850098,1.165233850479126,0.7311090230941772
168,ppo_lognormal,lognormal,log,3,True,0.5,1.9659603834152222,0.7108681201934814,1.0521855354309082,0.7161288857460022
168,ppo_lognormal,lognormal,log,4,False,0.0,2.1203603744506836,0.7451082468032837,2.4493062496185303,0.7458813190460205
168,ppo_lognormal,lognormal,log,5,True,0.5,2.3041131496429443,0.7220631241798401,1.3477749824523926,0.712495744228363
168,ppo_lognormal,lognormal,log,6,False,0.0,1.8384299278259277,0.7351266145706177,2.3214101791381836,0.748054027557373
168,ppo_lognormal,lognormal,log,7,False,0.0,1.8553866147994995,0.7351248264312744,2.5535566806793213,0.7484726905822754
169,ppo_lognormal,lognormal,log,0,False,0.0,1.7561419010162354,0.722637414932251,1.577993631362915,0.7288060188293457
169,ppo_lognormal,lognormal,log,1,False,0.0,2.317021608352661,0.73664391040802,1.9890689849853516,0.743022620677948
169,ppo_lognormal,lognormal,log,2,False,0.0,1.0265008211135864,0.7338204383850098,1.165233850479126,0.7311090230941772
169,ppo_lognormal,lognormal,log,3,True,0.5,1.966131329536438,0.710458517074585,1.051608920097351,0.7158327698707581
169,ppo_lognormal,lognormal,log,4,False,0.0,2.1203603744506836,0.7451082468032837,2.4493062496185303,0.7458813190460205
169,ppo_lognormal,lognormal,log,5,True,0.5,2.303680419921875,0.7217371463775635,1.3471927642822266,0.7122660875320435
169,ppo_lognormal,lognormal,log,6,False,0.0,1.8384299278259277,0.7351266145706177,2.3214101791381836,0.748054027557373
169,ppo_lognormal,lognormal,log,7,False,0.0,1.8553866147994995,0.7351248264312744,2.5535566806793213,0.7484726905822754
170,ppo_lognormal,lognormal,log,0,False,0.0,1.7561419010162354,0.722637414932251,1.577993631362915,0.7288060188293457
170,ppo_lognormal,lognormal,log,1,False,0.0,2.317021608352661,0.73664391040802,1.9890689849853516,0.743022620677948
170,ppo_lognormal,lognormal,log,2,False,0.0,1.0265008211135864,0.7338204383850098,1.165233850479126,0.7311090230941772
170,ppo_lognormal,lognormal,log,3,True,0.5,1.9663838148117065,0.7100403308868408,1.0510201454162598,0.7155855894088745
170,ppo_lognormal,lognormal,log,4,False,0.0,2.1203603744506836,0.7451082468032837,2.4493062496185303,0.7458813190460205
170,ppo_lognormal,lognormal,log,5,True,0.5,2.303222894668579,0.721379816532135,1.3466054201126099,0.7120280265808105
170,ppo_lognormal,lognormal,log,6,False,0.0,1.8384299278259277,0.7351266145706177,2.3214101791381836,0.748054027557373
170,ppo_lognormal,lognormal,log,7,False,0.0,1.8553866147994995,0.7351248264312744,2.5535566806793213,0.7484726905822754
171,ppo_lognormal,lognormal,log,0,False,0.0,1.7561419010162354,0.722637414932251,1.577993631362915,0.7288060188293457
171,ppo_lognormal,lognormal,log,1,False,0.0,2.317021608352661,0.73664391040802,1.9890689849853516,0.743022620677948
171,ppo_lognormal,lognormal,log,2,False,0.0,1.0265008211135864,0.7338204383850098,1.165233850479126,0.7311090230941772
171,ppo_lognormal,lognormal,log,3,True,0.5,1.9666537046432495,0.7096452713012695,1.050418734550476,0.7153595685958862
171,ppo_lognormal,lognormal,log,4,False,0.0,2.1203603744506836,0.7451082468032837,2.4493062496185303,0.7458813190460205
171,ppo_lognormal,lognormal,log,5,True,0.5,2.302764892578125,0.7210626006126404,1.3459888696670532,0.7118138074874878
171,ppo_lognormal,lognormal,log,6,False,0.0,1.8384299278259277,0.7351266145706177,2.3214101791381836,0.748054027557373
171,ppo_lognormal,lognormal,log,7,False,0.0,1.8553866147994995,0.7351248264312744,2.5535566806793213,0.7484726905822754
172,ppo_lognormal,lognormal,log,0,False,0.0,1.7561419010162354,0.722637414932251,1.577993631362915,0.7288060188293457
172,ppo_lognormal,lognormal,log,1,False,0.0,2.317021608352661,0.73664391040802,1.9890689849853516,0.743022620677948
172,ppo_lognormal,lognormal,log,2,False,0.0,1.0265008211135864,0.7338204383850098,1.165233850479126,0.7311090230941772
172,ppo_lognormal,lognormal,log,3,True,0.5,1.9668525457382202,0.7092428207397461,1.0498121976852417,0.7151867151260376
172,ppo_lognormal,lognormal,log,4,False,0.0,2.1203603744506836,0.7451082468032837,2.4493062496185303,0.7458813190460205
172,ppo_lognormal,lognormal,log,5,True,0.5,2.302324056625366,0.7207932472229004,1.3453631401062012,0.7115437984466553
172,ppo_lognormal,lognormal,log,6,False,0.0,1.8384299278259277,0.7351266145706177,2.3214101791381836,0.748054027557373
172,ppo_lognormal,lognormal,log,7,False,0.0,1.8553866147994995,0.7351248264312744,2.5535566806793213,0.7484726905822754
173,ppo_lognormal,lognormal,log,0,False,0.0,1.7561419010162354,0.722637414932251,1.577993631362915,0.7288060188293457
173,ppo_lognormal,lognormal,log,1,False,0.0,2.317021608352661,0.73664391040802,1.9890689849853516,0.743022620677948
173,ppo_lognormal,lognormal,log,2,False,0.0,1.0265008211135864,0.7338204383850098,1.165233850479126,0.7311090230941772
173,ppo_lognormal,lognormal,log,3,True,0.5,1.9670348167419434,0.7088775038719177,1.0492316484451294,0.7150247693061829
173,ppo_lognormal,lognormal,log,4,False,0.0,2.1203603744506836,0.7451082468032837,2.4493062496185303,0.7458813190460205
173,ppo_lognormal,lognormal,log,5,True,0.5,2.3018381595611572,0.7205780744552612,1.3447237014770508,0.7112241387367249
173,ppo_lognormal,lognormal,log,6,False,0.0,1.8384299278259277,0.7351266145706177,2.3214101791381836,0.748054027557373
173,ppo_lognormal,lognormal,log,7,False,0.0,1.8553866147994995,0.7351248264312744,2.5535566806793213,0.7484726905822754
174,ppo_lognormal,lognormal,log,0,False,0.0,1.7561419010162354,0.722637414932251,1.577993631362915,0.7288060188293457
174,ppo_lognormal,lognormal,log,1,False,0.0,2.317021608352661,0.73664391040802,1.9890689849853516,0.743022620677948
174,ppo_lognormal,lognormal,log,2,False,0.0,1.0265008211135864,0.7338204383850098,1.165233850479126,0.7311090230941772
174,ppo_lognormal,lognormal,log,3,True,0.5,1.9670772552490234,0.7085338830947876,1.0486624240875244,0.714808464050293
174,ppo_lognormal,lognormal,log,4,False,0.0,2.1203603744506836,0.7451082468032837,2.4493062496185303,0.7458813190460205
174,ppo_lognormal,lognormal,log,5,True,0.5,2.3013713359832764,0.7203980684280396,1.34407377243042,0.7109304666519165
174,ppo_lognormal,lognormal,log,6,False,0.0,1.8384299278259277,0.7351266145706177,2.3214101791381836,0.748054027557373
174,ppo_lognormal,lognormal,log,7,False,0.0,1.8553866147994995,0.7351248264312744,2.5535566806793213,0.7484726905822754
175,ppo_lognormal,lognormal,log,0,False,0.0,1.7561419010162354,0.722637414932251,1.577993631362915,0.7288060188293457
175,ppo_lognormal,lognormal,log,1,False,0.0,2.317021608352661,0.73664391040802,1.9890689849853516,0.743022620677948
175,ppo_lognormal,lognormal,log,2,False,0.0,1.0265008211135864,0.7338204383850098,1.165233850479126,0.7311090230941772
175,ppo_lognormal,lognormal,log,3,True,0.5,1.967287302017212,0.7081677913665771,1.0480961799621582,0.7145900726318359
175,ppo_lognormal,lognormal,log,4,False,0.0,2.1203603744506836,0.7451082468032837,2.4493062496185303,0.7458813190460205
175,ppo_lognormal,lognormal,log,5,True,0.5,2.3009448051452637,0.7202373743057251,1.3434650897979736,0.710604190826416
175,ppo_lognormal,lognormal,log,6,False,0.0,1.8384299278259277,0.7351266145706177,2.3214101791381836,0.748054027557373
175,ppo_lognormal,lognormal,log,7,False,0.0,1.8553866147994995,0.7351248264312744,2.5535566806793213,0.7484726905822754
176,ppo_lognormal,lognormal,log,0,False,0.0,1.7561419010162354,0.722637414932251,1.577993631362915,0.7288060188293457
176,ppo_lognormal,lognormal,log,1,False,0.0,2.317021608352661,0.73664391040802,1.9890689849853516,0.743022620677948
176,ppo_lognormal,lognormal,log,2,False,0.0,1.0265008211135864,0.7338204383850098,1.165233850479126,0.7311090230941772
176,ppo_lognormal,lognormal,log,3,True,0.5,1.9675770998001099,0.7077799439430237,1.0475529432296753,0.7143767476081848
176,ppo_lognormal,lognormal,log,4,False,0.0,2.1203603744506836,0.7451082468032837,2.4493062496185303,0.7458813190460205
176,ppo_lognormal,lognormal,log,5,True,0.5,2.3005611896514893,0.7200136780738831,1.3428517580032349,0.7102769613265991
176,ppo_lognormal,lognormal,log,6,False,0.0,1.8384299278259277,0.7351266145706177,2.3214101791381836,0.748054027557373
176,ppo_lognormal,lognormal,log,7,False,0.0,1.8553866147994995,0.7351248264312744,2.5535566806793213,0.7484726905822754
177,ppo_lognormal,lognormal,log,0,False,0.0,1.7561419010162354,0.722637414932251,1.577993631362915,0.7288060188293457
177,ppo_lognormal,lognormal,log,1,False,0.0,2.317021608352661,0.73664391040802,1.9890689849853516,0.743022620677948
177,ppo_lognormal,lognormal,log,2,False,0.0,1.0265008211135864,0.7338204383850098,1.165233850479126,0.7311090230941772
177,ppo_lognormal,lognormal,log,3,True,0.5,1.9678244590759277,0.7073971033096313,1.0470268726348877,0.7141954898834229
177,ppo_lognormal,lognormal,log,4,False,0.0,2.1203603744506836,0.7451082468032837,2.4493062496185303,0.7458813190460205
177,ppo_lognormal,lognormal,log,5,True,0.5,2.300166368484497,0.7197991609573364,1.3422236442565918,0.7099071741104126
177,ppo_lognormal,lognormal,log,6,False,0.0,1.8384299278259277,0.7351266145706177,2.3214101791381836,0.748054027557373
177,ppo_lognormal,lognormal,log,7,False,0.0,1.8553866147994995,0.7351248264312744,2.5535566806793213,0.7484726905822754
178,ppo_lognormal,lognormal,log,0,False,0.0,1.7561419010162354,0.722637414932251,1.577993631362915,0.7288060188293457
178,ppo_lognormal,lognormal,log,1,False,0.0,2.317021608352661,0.73664391040802,1.9890689849853516,0.743022620677948
178,ppo_lognormal,lognormal,log,2,False,0.0,1.0265008211135864,0.7338204383850098,1.165233850479126,0.7311090230941772
178,ppo_lognormal,lognormal,log,3,True,0.5,1.9681315422058105,0.7070093750953674,1.0464905500411987,0.7139781713485718
178,ppo_lognormal,lognormal,log,4,False,0.0,2.1203603744506836,0.7451082468032837,2.4493062496185303,0.7458813190460205
178,ppo_lognormal,lognormal,log,5,True,0.5,2.2998158931732178,0.7195718288421631,1.3416000604629517,0.7095189690589905
178,ppo_lognormal,lognormal,log,6,False,0.0,1.8384299278259277,0.7351266145706177,2.3214101791381836,0.748054027557373
178,ppo_lognormal,lognormal,log,7,False,0.0,1.8553866147994995,0.7351248264312744,2.5535566806793213,0.7484726905822754
179,ppo_lognormal,lognormal,log,0,False,0.0,1.7561419010162354,0.722637414932251,1.577993631362915,0.7288060188293457
179,ppo_lognormal,lognormal,log,1,False,0.0,2.317021608352661,0.73664391040802,1.9890689849853516,0.743022620677948
179,ppo_lognormal,lognormal,log,2,False,0.0,1.0265008211135864,0.7338204383850098,1.165233850479126,0.7311090230941772
179,ppo_lognormal,lognormal,log,3,True,0.5,1.9684184789657593,0.7065995335578918,1.045957326889038,0.7137803435325623
179,ppo_lognormal,lognormal,log,4,False,0.0,2.1203603744506836,0.7451082468032837,2.4493062496185303,0.7458813190460205
179,ppo_lognormal,lognormal,log,5,True,0.5,2.299527645111084,0.7193864583969116,1.3409779071807861,0.7091007828712463
179,ppo_lognormal,lognormal,log,6,False,0.0,1.8384299278259277,0.7351266145706177,2.3214101791381836,0.748054027557373
179,ppo_lognormal,lognormal,log,7,False,0.0,1.8553866147994995,0.7351248264312744,2.5535566806793213,0.7484726905822754
180,ppo_lognormal,lognormal,log,0,False,0.0,1.7561419010162354,0.722637414932251,1.577993631362915,0.7288060188293457
180,ppo_lognormal,lognormal,log,1,False,0.0,2.317021608352661,0.73664391040802,1.9890689849853516,0.743022620677948
180,ppo_lognormal,lognormal,log,2,False,0.0,1.0265008211135864,0.7338204383850098,1.165233850479126,0.7311090230941772
180,ppo_lognormal,lognormal,log,3,True,0.5,1.9686802625656128,0.7061841487884521,1.045392394065857,0.7136641144752502
180,ppo_lognormal,lognormal,log,4,False,0.0,2.1203603744506836,0.7451082468032837,2.4493062496185303,0.7458813190460205
180,ppo_lognormal,lognormal,log,5,True,0.5,2.2992637157440186,0.7192133665084839,1.340359091758728,0.7086895704269409
180,ppo_lognormal,lognormal,log,6,False,0.0,1.8384299278259277,0.7351266145706177,2.3214101791381836,0.748054027557373
180,ppo_lognormal,lognormal,log,7,False,0.0,1.8553866147994995,0.7351248264312744,2.5535566806793213,0.7484726905822754
181,ppo_lognormal,lognormal,log,0,False,0.0,1.7561419010162354,0.722637414932251,1.577993631362915,0.7288060188293457
181,ppo_lognormal,lognormal,log,1,False,0.0,2.317021608352661,0.73664391040802,1.9890689849853516,0.743022620677948
181,ppo_lognormal,lognormal,log,2,False,0.0,1.0265008211135864,0.7338204383850098,1.165233850479126,0.7311090230941772
181,ppo_lognormal,lognormal,log,3,True,0.5,1.969003677368164,0.7057315111160278,1.0449074506759644,0.7135368585586548
181,ppo_lognormal,lognormal,log,4,False,0.0,2.1203603744506836,0.7451082468032837,2.4493062496185303,0.7458813190460205
181,ppo_lognormal,lognormal,log,5,True,0.5,2.2990121841430664,0.7190371751785278,1.3397835493087769,0.7083147168159485
181,ppo_lognormal,lognormal,log,6,False,0.0,1.8384299278259277,0.7351266145706177,2.3214101791381836,0.748054027557373
181,ppo_lognormal,lognormal,log,7,False,0.0,1.8553866147994995,0.7351248264312744,2.5535566806793213,0.7484726905822754
182,ppo_lognormal,lognormal,log,0,False,0.0,1.7561419010162354,0.722637414932251,1.577993631362915,0.7288060188293457
182,ppo_lognormal,lognormal,log,1,False,0.0,2.317021608352661,0.73664391040802,1.9890689849853516,0.743022620677948
182,ppo_lognormal,lognormal,log,2,False,0.0,1.0265008211135864,0.7338204383850098,1.165233850479126,0.7311090230941772
182,ppo_lognormal,lognormal,log,3,True,0.5,1.9692556858062744,0.7053003907203674,1.0443862676620483,0.7133365869522095
182,ppo_lognormal,lognormal,log,4,False,0.0,2.1203603744506836,0.7451082468032837,2.4493062496185303,0.7458813190460205
182,ppo_lognormal,lognormal,log,5,True,0.5,2.298741340637207,0.7188780307769775,1.3392328023910522,0.7079610824584961
182,ppo_lognormal,lognormal,log,6,False,0.0,1.8384299278259277,0.7351266145706177,2.3214101791381836,0.748054027557373
182,ppo_lognormal,lognormal,log,7,False,0.0,1.8553866147994995,0.7351248264312744,2.5535566806793213,0.7484726905822754
183,ppo_lognormal,lognormal,log,0,False,0.0,1.7561419010162354,0.722637414932251,1.577993631362915,0.7288060188293457
183,ppo_lognormal,lognormal,log,1,False,0.0,2.317021608352661,0.73664391040802,1.9890689849853516,0.743022620677948
183,ppo_lognormal,lognormal,log,2,False,0.0,1.0265008211135864,0.7338204383850098,1.165233850479126,0.7311090230941772
183,ppo_lognormal,lognormal,log,3,True,0.5,1.9694466590881348,0.7048549652099609,1.0438470840454102,0.71319580078125
183,ppo_lognormal,lognormal,log,4,False,0.0,2.1203603744506836,0.7451082468032837,2.4493062496185303,0.7458813190460205
183,ppo_lognormal,lognormal,log,5,True,0.5,2.298457622528076,0.7187501788139343,1.3386707305908203,0.7076209783554077
183,ppo_lognormal,lognormal,log,6,False,0.0,1.8384299278259277,0.7351266145706177,2.3214101791381836,0.748054027557373
183,ppo_lognormal,lognormal,log,7,False,0.0,1.8553866147994995,0.7351248264312744,2.5535566806793213,0.7484726905822754
184,ppo_lognormal,lognormal,log,0,False,0.0,1.7561419010162354,0.722637414932251,1.577993631362915,0.7288060188293457
184,ppo_lognormal,lognormal,log,1,False,0.0,2.317021608352661,0.73664391040802,1.9890689849853516,0.743022620677948
184,ppo_lognormal,lognormal,log,2,False,0.0,1.0265008211135864,0.7338204383850098,1.165233850479126,0.7311090230941772
184,ppo_lognormal,lognormal,log,3,True,0.5,1.9696569442749023,0.7044377326965332,1.0433522462844849,0.7129822373390198
184,ppo_lognormal,lognormal,log,4,False,0.0,2.1203603744506836,0.7451082468032837,2.4493062496185303,0.7458813190460205
184,ppo_lognormal,lognormal,log,5,True,0.5,2.298142910003662,0.7187013626098633,1.3381054401397705,0.7072936296463013
184,ppo_lognormal,lognormal,log,6,False,0.0,1.8384299278259277,0.7351266145706177,2.3214101791381836,0.748054027557373
184,ppo_lognormal,lognormal,log,7,False,0.0,1.8553866147994995,0.7351248264312744,2.5535566806793213,0.7484726905822754
185,ppo_lognormal,lognormal,log,0,False,0.0,1.7561419010162354,0.722637414932251,1.577993631362915,0.7288060188293457
185,ppo_lognormal,lognormal,log,1,False,0.0,2.317021608352661,0.73664391040802,1.9890689849853516,0.743022620677948
185,ppo_lognormal,lognormal,log,2,False,0.0,1.0265008211135864,0.7338204383850098,1.165233850479126,0.7311090230941772
185,ppo_lognormal,lognormal,log,3,True,0.5,1.969891905784607,0.7040525078773499,1.0428985357284546,0.7127854228019714
185,ppo_lognormal,lognormal,log,4,False,0.0,2.1203603744506836,0.7451082468032837,2.4493062496185303,0.7458813190460205
185,ppo_lognormal,lognormal,log,5,True,0.5,2.2978084087371826,0.7185651659965515,1.3375364542007446,0.70692378282547
185,ppo_lognormal,lognormal,log,6,False,0.0,1.8384299278259277,0.7351266145706177,2.3214101791381836,0.748054027557373
185,ppo_lognormal,lognormal,log,7,False,0.0,1.8553866147994995,0.7351248264312744,2.5535566806793213,0.7484726905822754
186,ppo_lognormal,lognormal,log,0,False,0.0,1.7561419010162354,0.722637414932251,1.577993631362915,0.7288060188293457
186,ppo_lognormal,lognormal,log,1,False,0.0,2.317021608352661,0.73664391040802,1.9890689849853516,0.743022620677948
186,ppo_lognormal,lognormal,log,2,False,0.0,1.0265008211135864,0.7338204383850098,1.165233850479126,0.7311090230941772
186,ppo_lognormal,lognormal,log,3,True,0.5,1.9701731204986572,0.7036470174789429,1.0424140691757202,0.7125536203384399
186,ppo_lognormal,lognormal,log,4,False,0.0,2.1203603744506836,0.7451082468032837,2.4493062496185303,0.7458813190460205
186,ppo_lognormal,lognormal,log,5,True,0.5,2.2974836826324463,0.7184528112411499,1.336985468864441,0.7065638303756714
186,ppo_lognormal,lognormal,log,6,False,0.0,1.8384299278259277,0.7351266145706177,2.3214101791381836,0.748054027557373
186,ppo_lognormal,lognormal,log,7,False,0.0,1.8553866147994995,0.7351248264312744,2.5535566806793213,0.7484726905822754
187,ppo_lognormal,lognormal,log,0,False,0.0,1.7561419010162354,0.722637414932251,1.577993631362915,0.7288060188293457
187,ppo_lognormal,lognormal,log,1,False,0.0,2.317021608352661,0.73664391040802,1.9890689849853516,0.743022620677948
187,ppo_lognormal,lognormal,log,2,False,0.0,1.0265008211135864,0.7338204383850098,1.165233850479126,0.7311090230941772
187,ppo_lognormal,lognormal,log,3,True,0.5,1.970442533493042,0.7032147645950317,1.0419286489486694,0.712409496307373
187,ppo_lognormal,lognormal,log,4,False,0.0,2.1203603744506836,0.7451082468032837,2.4493062496185303,0.7458813190460205
187,ppo_lognormal,lognormal,log,5,True,0.5,2.297161102294922,0.7183306813240051,1.3364386558532715,0.7062501311302185
187,ppo_lognormal,lognormal,log,6,False,0.0,1.8384299278259277,0.7351266145706177,2.3214101791381836,0.748054027557373
187,ppo_lognormal,lognormal,log,7,False,0.0,1.8553866147994995,0.7351248264312744,2.5535566806793213,0.7484726905822754
188,ppo_lognormal,lognormal,log,0,False,0.0,1.7561419010162354,0.722637414932251,1.577993631362915,0.7288060188293457
188,ppo_lognormal,lognormal,log,1,False,0.0,2.317021608352661,0.73664391040802,1.9890689849853516,0.743022620677948
188,ppo_lognormal,lognormal,log,2,False,0.0,1.0265008211135864,0.7338204383850098,1.165233850479126,0.7311090230941772
188,ppo_lognormal,lognormal,log,3,True,0.5,1.9706802368164062,0.7027822136878967,1.0413998365402222,0.7122249603271484
188,ppo_lognormal,lognormal,log,4,False,0.0,2.1203603744506836,0.7451082468032837,2.4493062496185303,0.7458813190460205
188,ppo_lognormal,lognormal,log,5,True,0.5,2.2968530654907227,0.7181881666183472,1.3359054327011108,0.7059763073921204
188,ppo_lognormal,lognormal,log,6,False,0.0,1.8384299278259277,0.7351266145706177,2.3214101791381836,0.748054027557373
188,ppo_lognormal,lognormal,log,7,False,0.0,1.8553866147994995,0.7351248264312744,2.5535566806793213,0.7484726905822754
189,ppo_lognormal,lognormal,log,0,False,0.0,1.7561419010162354,0.722637414932251,1.577993631362915,0.7288060188293457
189,ppo_lognormal,lognormal,log,1,False,0.0,2.317021608352661,0.73664391040802,1.9890689849853516,0.743022620677948
189,ppo_lognormal,lognormal,log,2,False,0.0,1.0265008211135864,0.7338204383850098,1.165233850479126,0.7311090230941772
189,ppo_lognormal,lognormal,log,3,True,0.5,1.9709274768829346,0.7023429870605469,1.0408356189727783,0.712026834487915
189,ppo_lognormal,lognormal,log,4,False,0.0,2.1203603744506836,0.7451082468032837,2.4493062496185303,0.7458813190460205
189,ppo_lognormal,lognormal,log,5,True,0.5,2.29656982421875,0.7180546522140503,1.3353685140609741,0.7057295441627502
189,ppo_lognormal,lognormal,log,6,False,0.0,1.8384299278259277,0.7351266145706177,2.3214101791381836,0.748054027557373
189,ppo_lognormal,lognormal,log,7,False,0.0,1.8553866147994995,0.7351248264312744,2.5535566806793213,0.7484726905822754
190,ppo_lognormal,lognormal,log,0,False,0.0,1.7561419010162354,0.722637414932251,1.577993631362915,0.7288060188293457
190,ppo_lognormal,lognormal,log,1,False,0.0,2.317021608352661,0.73664391040802,1.9890689849853516,0.743022620677948
190,ppo_lognormal,lognormal,log,2,False,0.0,1.0265008211135864,0.7338204383850098,1.165233850479126,0.7311090230941772
190,ppo_lognormal,lognormal,log,3,True,0.5,1.9712074995040894,0.7019236087799072,1.0402331352233887,0.7117915153503418
190,ppo_lognormal,lognormal,log,4,False,0.0,2.1203603744506836,0.7451082468032837,2.4493062496185303,0.7458813190460205
190,ppo_lognormal,lognormal,log,5,True,0.5,2.2962753772735596,0.7179316282272339,1.334879994392395,0.7055191993713379
190,ppo_lognormal,lognormal,log,6,False,0.0,1.8384299278259277,0.7351266145706177,2.3214101791381836,0.748054027557373
190,ppo_lognormal,lognormal,log,7,False,0.0,1.8553866147994995,0.7351248264312744,2.5535566806793213,0.7484726905822754
191,ppo_lognormal,lognormal,log,0,False,0.0,1.7561419010162354,0.722637414932251,1.577993631362915,0.7288060188293457
191,ppo_lognormal,lognormal,log,1,False,0.0,2.317021608352661,0.73664391040802,1.9890689849853516,0.743022620677948
191,ppo_lognormal,lognormal,log,2,False,0.0,1.0265008211135864,0.7338204383850098,1.165233850479126,0.7311090230941772
191,ppo_lognormal,lognormal,log,3,True,0.5,1.9715250730514526,0.701494574546814,1.0396498441696167,0.7115870714187622
191,ppo_lognormal,lognormal,log,4,False,0.0,2.1203603744506836,0.7451082468032837,2.4493062496185303,0.7458813190460205
191,ppo_lognormal,lognormal,log,5,True,0.5,2.295985698699951,0.717750072479248,1.334380865097046,0.7052693367004395
191,ppo_lognormal,lognormal,log,6,False,0.0,1.8384299278259277,0.7351266145706177,2.3214101791381836,0.748054027557373
191,ppo_lognormal,lognormal,log,7,False,0.0,1.8553866147994995,0.7351248264312744,2.5535566806793213,0.7484726905822754
192,ppo_lognormal,lognormal,log,0,False,0.0,1.7561419010162354,0.722637414932251,1.577993631362915,0.7288060188293457
192,ppo_lognormal,lognormal,log,1,False,0.0,2.317021608352661,0.73664391040802,1.9890689849853516,0.743022620677948
192,ppo_lognormal,lognormal,log,2,False,0.0,1.0265008211135864,0.7338204383850098,1.165233850479126,0.7311090230941772
192,ppo_lognormal,lognormal,log,3,True,0.5,1.9717895984649658,0.7010641694068909,1.039062261581421,0.7113580703735352
192,ppo_lognormal,lognormal,log,4,False,0.0,2.1203603744506836,0.7451082468032837,2.4493062496185303,0.7458813190460205
192,ppo_lognormal,lognormal,log,5,True,0.5,2.295668601989746,0.7175670862197876,1.3338699340820312,0.7049931287765503
192,ppo_lognormal,lognormal,log,6,False,0.0,1.8384299278259277,0.7351266145706177,2.3214101791381836,0.748054027557373
192,ppo_lognormal,lognormal,log,7,False,0.0,1.8553866147994995,0.7351248264312744,2.5535566806793213,0.7484726905822754
193,ppo_lognormal,lognormal,log,0,False,0.0,1.7561419010162354,0.722637414932251,1.577993631362915,0.7288060188293457
193,ppo_lognormal,lognormal,log,1,False,0.0,2.317021608352661,0.73664391040802,1.9890689849853516,0.743022620677948
193,ppo_lognormal,lognormal,log,2,False,0.0,1.0265008211135864,0.7338204383850098,1.165233850479126,0.7311090230941772
193,ppo_lognormal,lognormal,log,3,True,0.5,1.9721128940582275,0.7006221413612366,1.0384544134140015,0.711112380027771
193,ppo_lognormal,lognormal,log,4,False,0.0,2.1203603744506836,0.7451082468032837,2.4493062496185303,0.7458813190460205
193,ppo_lognormal,lognormal,log,5,True,0.5,2.295355796813965,0.717373788356781,1.3333873748779297,0.7047421336174011
193,ppo_lognormal,lognormal,log,6,False,0.0,1.8384299278259277,0.7351266145706177,2.3214101791381836,0.748054027557373
193,ppo_lognormal,lognormal,log,7,False,0.0,1.8553866147994995,0.7351248264312744,2.5535566806793213,0.7484726905822754
194,ppo_lognormal,lognormal,log,0,False,0.0,1.7561419010162354,0.722637414932251,1.577993631362915,0.7288060188293457
194,ppo_lognormal,lognormal,log,1,False,0.0,2.317021608352661,0.73664391040802,1.9890689849853516,0.743022620677948
194,ppo_lognormal,lognormal,log,2,False,0.0,1.0265008211135864,0.7338204383850098,1.165233850479126,0.7311090230941772
194,ppo_lognormal,lognormal,log,3,True,0.5,1.9724396467208862,0.7001675963401794,1.0378756523132324,0.7109478712081909
194,ppo_lognormal,lognormal,log,4,False,0.0,2.1203603744506836,0.7451082468032837,2.4493062496185303,0.7458813190460205
194,ppo_lognormal,lognormal,log,5,True,0.5,2.295041084289551,0.7171949148178101,1.3329015970230103,0.7045850157737732
194,ppo_lognormal,lognormal,log,6,False,0.0,1.8384299278259277,0.7351266145706177,2.3214101791381836,0.748054027557373
194,ppo_lognormal,lognormal,log,7,False,0.0,1.8553866147994995,0.7351248264312744,2.5535566806793213,0.7484726905822754
195,ppo_lognormal,lognormal,log,0,False,0.0,1.7561419010162354,0.722637414932251,1.577993631362915,0.7288060188293457
195,ppo_lognormal,lognormal,log,1,False,0.0,2.317021608352661,0.73664391040802,1.9890689849853516,0.743022620677948
195,ppo_lognormal,lognormal,log,2,False,0.0,1.0265008211135864,0.7338204383850098,1.165233850479126,0.7311090230941772
195,ppo_lognormal,lognormal,log,3,True,0.5,1.97281813621521,0.699689507484436,1.0373327732086182,0.7107853889465332
195,ppo_lognormal,lognormal,log,4,False,0.0,2.1203603744506836,0.7451082468032837,2.4493062496185303,0.7458813190460205
195,ppo_lognormal,lognormal,log,5,True,0.5,2.294732093811035,0.7170105576515198,1.3324120044708252,0.7044258713722229
195,ppo_lognormal,lognormal,log,6,False,0.0,1.8384299278259277,0.7351266145706177,2.3214101791381836,0.748054027557373
195,ppo_lognormal,lognormal,log,7,False,0.0,1.8553866147994995,0.7351248264312744,2.5535566806793213,0.7484726905822754
196,ppo_lognormal,lognormal,log,0,False,0.0,1.7561419010162354,0.722637414932251,1.577993631362915,0.7288060188293457
196,ppo_lognormal,lognormal,log,1,False,0.0,2.317021608352661,0.73664391040802,1.9890689849853516,0.743022620677948
196,ppo_lognormal,lognormal,log,2,False,0.0,1.0265008211135864,0.7338204383850098,1.165233850479126,0.7311090230941772
196,ppo_lognormal,lognormal,log,3,True,0.5,1.9732125997543335,0.6992374062538147,1.0368077754974365,0.7105862498283386
196,ppo_lognormal,lognormal,log,4,False,0.0,2.1203603744506836,0.7451082468032837,2.4493062496185303,0.7458813190460205
196,ppo_lognormal,lognormal,log,5,True,0.5,2.2945034503936768,0.7169100046157837,1.3318976163864136,0.7042799592018127
196,ppo_lognormal,lognormal,log,6,False,0.0,1.8384299278259277,0.7351266145706177,2.3214101791381836,0.748054027557373
196,ppo_lognormal,lognormal,log,7,False,0.0,1.8553866147994995,0.7351248264312744,2.5535566806793213,0.7484726905822754
197,ppo_lognormal,lognormal,log,0,False,0.0,1.7561419010162354,0.722637414932251,1.577993631362915,0.7288060188293457
197,ppo_lognormal,lognormal,log,1,False,0.0,2.317021608352661,0.73664391040802,1.9890689849853516,0.743022620677948
197,ppo_lognormal,lognormal,log,2,False,0.0,1.0265008211135864,0.7338204383850098,1.165233850479126,0.7311090230941772
197,ppo_lognormal,lognormal,log,3,True,0.5,1.9736212491989136,0.698769211769104,1.0363059043884277,0.7103851437568665
197,ppo_lognormal,lognormal,log,4,False,0.0,2.1203603744506836,0.7451082468032837,2.4493062496185303,0.7458813190460205
197,ppo_lognormal,lognormal,log,5,True,0.5,2.29424786567688,0.7168045043945312,1.3313795328140259,0.7040913701057434
197,ppo_lognormal,lognormal,log,6,False,0.0,1.8384299278259277,0.7351266145706177,2.3214101791381836,0.748054027557373
197,ppo_lognormal,lognormal,log,7,False,0.0,1.8553866147994995,0.7351248264312744,2.5535566806793213,0.7484726905822754
198,ppo_lognormal,lognormal,log,0,False,0.0,1.7561419010162354,0.722637414932251,1.577993631362915,0.7288060188293457
198,ppo_lognormal,lognormal,log,1,False,0.0,2.317021608352661,0.73664391040802,1.9890689849853516,0.743022620677948
198,ppo_lognormal,lognormal,log,2,False,0.0,1.0265008211135864,0.7338204383850098,1.165233850479126,0.7311090230941772
198,ppo_lognormal,lognormal,log,3,True,0.5,1.974084734916687,0.6983016133308411,1.0357999801635742,0.7101888656616211
198,ppo_lognormal,lognormal,log,4,False,0.0,2.1203603744506836,0.7451082468032837,2.4493062496185303,0.7458813190460205
198,ppo_lognormal,lognormal,log,5,True,0.5,2.2940268516540527,0.7166323065757751,1.3308591842651367,0.7039275765419006
198,ppo_lognormal,lognormal,log,6,False,0.0,1.8384299278259277,0.7351266145706177,2.3214101791381836,0.748054027557373
198,ppo_lognormal,lognormal,log,7,False,0.0,1.8553866147994995,0.7351248264312744,2.5535566806793213,0.7484726905822754
199,ppo_lognormal,lognormal,log,0,False,0.0,1.7561419010162354,0.722637414932251,1.577993631362915,0.7288060188293457
199,ppo_lognormal,lognormal,log,1,False,0.0,2.317021608352661,0.73664391040802,1.9890689849853516,0.743022620677948
199,ppo_lognormal,lognormal,log,2,False,0.0,1.0265008211135864,0.7338204383850098,1.165233850479126,0.7311090230941772
199,ppo_lognormal,lognormal,log,3,True,0.5,1.9745149612426758,0.6978639960289001,1.0353095531463623,0.7100095152854919
199,ppo_lognormal,lognormal,log,4,False,0.0,2.1203603744506836,0.7451082468032837,2.4493062496185303,0.7458813190460205
199,ppo_lognormal,lognormal,log,5,True,0.5,2.293933868408203,0.7163873910903931,1.3303245306015015,0.703728437423706
199,ppo_lognormal,lognormal,log,6,False,0.0,1.8384299278259277,0.7351266145706177,2.3214101791381836,0.748054027557373
199,ppo_lognormal,lognormal,log,7,False,0.0,1.8553866147994995,0.7351248264312744,2.5535566806793213,0.7484726905822754
200,ppo_lognormal,lognormal,log,0,False,0.0,1.7561419010162354,0.722637414932251,1.577993631362915,0.7288060188293457
200,ppo_lognormal,lognormal,log,1,False,0.0,2.317021608352661,0.73664391040802,1.9890689849853516,0.743022620677948
200,ppo_lognormal,lognormal,log,2,False,0.0,1.0265008211135864,0.7338204383850098,1.165233850479126,0.7311090230941772
200,ppo_lognormal,lognormal,log,3,False,0.0,1.9749503135681152,0.6974533200263977,1.0348390340805054,0.7098603844642639
200,ppo_lognormal,lognormal,log,4,False,0.0,2.1203603744506836,0.7451082468032837,2.4493062496185303,0.7458813190460205
200,ppo_lognormal,lognormal,log,5,True,1.0,2.2937300205230713,0.7160931825637817,1.3297683000564575,0.7035444378852844
200,ppo_lognormal,lognormal,log,6,False,0.0,1.8384299278259277,0.7351266145706177,2.3214101791381836,0.748054027557373
200,ppo_lognormal,lognormal,log,7,False,0.0,1.8553866147994995,0.7351248264312744,2.5535566806793213,0.7484726905822754
201,ppo_lognormal,lognormal,log,0,False,0.0,1.7561419010162354,0.722637414932251,1.577993631362915,0.7288060188293457
201,ppo_lognormal,lognormal,log,1,False,0.0,2.317021608352661,0.73664391040802,1.9890689849853516,0.743022620677948
201,ppo_lognormal,lognormal,log,2,False,0.0,1.0265008211135864,0.7338204383850098,1.165233850479126,0.7311090230941772
201,ppo_lognormal,lognormal,log,3,False,0.0,1.9749503135681152,0.6974533200263977,1.0348390340805054,0.7098603844642639
201,ppo_lognormal,lognormal,log,4,False,0.0,2.1203603744506836,0.7451082468032837,2.4493062496185303,0.7458813190460205
201,ppo_lognormal,lognormal,log,5,True,1.0,2.2931299209594727,0.7156636714935303,1.3291683197021484,0.7031224370002747
201,ppo_lognormal,lognormal,log,6,False,0.0,1.8384299278259277,0.7351266145706177,2.3214101791381836,0.748054027557373
201,ppo_lognormal,lognormal,log,7,False,0.0,1.8553866147994995,0.7351248264312744,2.5535566806793213,0.7484726905822754
202,ppo_lognormal,lognormal,log,0,False,0.0,1.7561419010162354,0.722637414932251,1.577993631362915,0.7288060188293457
202,ppo_lognormal,lognormal,log,1,False,0.0,2.317021608352661,0.73664391040802,1.9890689849853516,0.743022620677948
202,ppo_lognormal,lognormal,log,2,False,0.0,1.0265008211135864,0.7338204383850098,1.165233850479126,0.7311090230941772
202,ppo_lognormal,lognormal,log,3,False,0.0,1.9749503135681152,0.6974533200263977,1.0348390340805054,0.7098603844642639
202,ppo_lognormal,lognormal,log,4,False,0.0,2.1203603744506836,0.7451082468032837,2.4493062496185303,0.7458813190460205
202,ppo_lognormal,lognormal,log,5,True,1.0,2.2925355434417725,0.7152613401412964,1.3285696506500244,0.7029643654823303
202,ppo_lognormal,lognormal,log,6,False,0.0,1.8384299278259277,0.7351266145706177,2.3214101791381836,0.748054027557373
202,ppo_lognormal,lognormal,log,7,False,0.0,1.8553866147994995,0.7351248264312744,2.5535566806793213,0.7484726905822754
203,ppo_lognormal,lognormal,log,0,False,0.0,1.7561419010162354,0.722637414932251,1.577993631362915,0.7288060188293457
203,ppo_lognormal,lognormal,log,1,False,0.0,2.317021608352661,0.73664391040802,1.9890689849853516,0.743022620677948
203,ppo_lognormal,lognormal,log,2,False,0.0,1.0265008211135864,0.7338204383850098,1.165233850479126,0.7311090230941772
203,ppo_lognormal,lognormal,log,3,False,0.0,1.9749503135681152,0.6974533200263977,1.0348390340805054,0.7098603844642639
203,ppo_lognormal,lognormal,log,4,False,0.0,2.1203603744506836,0.7451082468032837,2.4493062496185303,0.7458813190460205
203,ppo_lognormal,lognormal,log,5,True,1.0,2.291964530944824,0.7148639559745789,1.3279825448989868,0.7028329372406006
203,ppo_lognormal,lognormal,log,6,False,0.0,1.8384299278259277,0.7351266145706177,2.3214101791381836,0.748054027557373
203,ppo_lognormal,lognormal,log,7,False,0.0,1.8553866147994995,0.7351248264312744,2.5535566806793213,0.7484726905822754
204,ppo_lognormal,lognormal,log,0,False,0.0,1.7561419010162354,0.722637414932251,1.577993631362915,0.7288060188293457
204,ppo_lognormal,lognormal,log,1,False,0.0,2.317021608352661,0.73664391040802,1.9890689849853516,0.743022620677948
204,ppo_lognormal,lognormal,log,2,False,0.0,1.0265008211135864,0.7338204383850098,1.165233850479126,0.7311090230941772
204,ppo_lognormal,lognormal,log,3,False,0.0,1.9749503135681152,0.6974533200263977,1.0348390340805054,0.7098603844642639
204,ppo_lognormal,lognormal,log,4,False,0.0,2.1203603744506836,0.7451082468032837,2.4493062496185303,0.7458813190460205
204,ppo_lognormal,lognormal,log,5,True,1.0,2.291384696960449,0.7144783735275269,1.3274039030075073,0.7025758028030396
204,ppo_lognormal,lognormal,log,6,False,0.0,1.8384299278259277,0.7351266145706177,2.3214101791381836,0.748054027557373
204,ppo_lognormal,lognormal,log,7,False,0.0,1.8553866147994995,0.7351248264312744,2.5535566806793213,0.7484726905822754
205,ppo_lognormal,lognormal,log,0,False,0.0,1.7561419010162354,0.722637414932251,1.577993631362915,0.7288060188293457
205,ppo_lognormal,lognormal,log,1,False,0.0,2.317021608352661,0.73664391040802,1.9890689849853516,0.743022620677948
205,ppo_lognormal,lognormal,log,2,False,0.0,1.0265008211135864,0.7338204383850098,1.165233850479126,0.7311090230941772
205,ppo_lognormal,lognormal,log,3,False,0.0,1.9749503135681152,0.6974533200263977,1.0348390340805054,0.7098603844642639
205,ppo_lognormal,lognormal,log,4,False,0.0,2.1203603744506836,0.7451082468032837,2.4493062496185303,0.7458813190460205
205,ppo_lognormal,lognormal,log,5,True,1.0,2.2909271717071533,0.7141025066375732,1.326843023300171,0.702357828617096
205,ppo_lognormal,lognormal,log,6,False,0.0,1.8384299278259277,0.7351266145706177,2.3214101791381836,0.748054027557373
205,ppo_lognormal,lognormal,log,7,False,0.0,1.8553866147994995,0.7351248264312744,2.5535566806793213,0.7484726905822754
206,ppo_lognormal,lognormal,log,0,False,0.0,1.7561419010162354,0.722637414932251,1.577993631362915,0.7288060188293457
206,ppo_lognormal,lognormal,log,1,False,0.0,2.317021608352661,0.73664391040802,1.9890689849853516,0.743022620677948
206,ppo_lognormal,lognormal,log,2,False,0.0,1.0265008211135864,0.7338204383850098,1.165233850479126,0.7311090230941772
206,ppo_lognormal,lognormal,log,3,False,0.0,1.9749503135681152,0.6974533200263977,1.0348390340805054,0.7098603844642639
206,ppo_lognormal,lognormal,log,4,False,0.0,2.1203603744506836,0.7451082468032837,2.4493062496185303,0.7458813190460205
206,ppo_lognormal,lognormal,log,5,True,1.0,2.2906177043914795,0.7137120962142944,1.326291561126709,0.7020995616912842
206,ppo_lognormal,lognormal,log,6,False,0.0,1.8384299278259277,0.7351266145706177,2.3214101791381836,0.748054027557373
206,ppo_lognormal,lognormal,log,7,False,0.0,1.8553866147994995,0.7351248264312744,2.5535566806793213,0.7484726905822754
207,ppo_lognormal,lognormal,log,0,False,0.0,1.7561419010162354,0.722637414932251,1.577993631362915,0.7288060188293457
207,ppo_lognormal,lognormal,log,1,False,0.0,2.317021608352661,0.73664391040802,1.9890689849853516,0.743022620677948
207,ppo_lognormal,lognormal,log,2,False,0.0,1.0265008211135864,0.7338204383850098,1.165233850479126,0.7311090230941772
207,ppo_lognormal,lognormal,log,3,False,0.0,1.9749503135681152,0.6974533200263977,1.0348390340805054,0.7098603844642639
207,ppo_lognormal,lognormal,log,4,False,0.0,2.1203603744506836,0.7451082468032837,2.4493062496185303,0.7458813190460205
207,ppo_lognormal,lognormal,log,5,True,1.0,2.2902519702911377,0.7133702039718628,1.3257330656051636,0.7017951011657715
207,ppo_lognormal,lognormal,log,6,False,0.0,1.8384299278259277,0.7351266145706177,2.3214101791381836,0.748054027557373
207,ppo_lognormal,lognormal,log,7,False,0.0,1.8553866147994995,0.7351248264312744,2.5535566806793213,0.7484726905822754
208,ppo_lognormal,lognormal,log,0,False,0.0,1.7561419010162354,0.722637414932251,1.577993631362915,0.7288060188293457
208,ppo_lognormal,lognormal,log,1,False,0.0,2.317021608352661,0.73664391040802,1.9890689849853516,0.743022620677948
208,ppo_lognormal,lognormal,log,2,False,0.0,1.0265008211135864,0.7338204383850098,1.165233850479126,0.7311090230941772
208,ppo_lognormal,lognormal,log,3,False,0.0,1.9749503135681152,0.6974533200263977,1.0348390340805054,0.7098603844642639
208,ppo_lognormal,lognormal,log,4,False,0.0,2.1203603744506836,0.7451082468032837,2.4493062496185303,0.7458813190460205
208,ppo_lognormal,lognormal,log,5,True,1.0,2.2898786067962646,0.7130106687545776,1.3251789808273315,0.7014637589454651
208,ppo_lognormal,lognormal,log,6,False,0.0,1.8384299278259277,0.7351266145706177,2.3214101791381836,0.748054027557373
208,ppo_lognormal,lognormal,log,7,False,0.0,1.8553866147994995,0.7351248264312744,2.5535566806793213,0.7484726905822754
209,ppo_lognormal,lognormal,log,0,False,0.0,1.7561419010162354,0.722637414932251,1.577993631362915,0.7288060188293457
209,ppo_lognormal,lognormal,log,1,False,0.0,2.317021608352661,0.73664391040802,1.9890689849853516,0.743022620677948
209,ppo_lognormal,lognormal,log,2,False,0.0,1.0265008211135864,0.7338204383850098,1.165233850479126,0.7311090230941772
209,ppo_lognormal,lognormal,log,3,False,0.0,1.9749503135681152,0.6974533200263977,1.0348390340805054,0.7098603844642639
209,ppo_lognormal,lognormal,log,4,False,0.0,2.1203603744506836,0.7451082468032837,2.4493062496185303,0.7458813190460205
209,ppo_lognormal,lognormal,log,5,True,1.0,2.2894797325134277,0.7126592993736267,1.3246153593063354,0.7011243104934692
209,ppo_lognormal,lognormal,log,6,False,0.0,1.8384299278259277,0.7351266145706177,2.3214101791381836,0.748054027557373
209,ppo_lognormal,lognormal,log,7,False,0.0,1.8553866147994995,0.7351248264312744,2.5535566806793213,0.7484726905822754
210,ppo_lognormal,lognormal,log,0,False,0.0,1.7561419010162354,0.722637414932251,1.577993631362915,0.7288060188293457
210,ppo_lognormal,lognormal,log,1,False,0.0,2.317021608352661,0.73664391040802,1.9890689849853516,0.743022620677948
210,ppo_lognormal,lognormal,log,2,False,0.0,1.0265008211135864,0.7338204383850098,1.165233850479126,0.7311090230941772
210,ppo_lognormal,lognormal,log,3,False,0.0,1.9749503135681152,0.6974533200263977,1.0348390340805054,0.7098603844642639
210,ppo_lognormal,lognormal,log,4,False,0.0,2.1203603744506836,0.7451082468032837,2.4493062496185303,0.7458813190460205
210,ppo_lognormal,lognormal,log,5,True,1.0,2.2892374992370605,0.7122961282730103,1.3240549564361572,0.700772762298584
210,ppo_lognormal,lognormal,log,6,False,0.0,1.8384299278259277,0.7351266145706177,2.3214101791381836,0.748054027557373
210,ppo_lognormal,lognormal,log,7,False,0.0,1.8553866147994995,0.7351248264312744,2.5535566806793213,0.7484726905822754
211,ppo_lognormal,lognormal,log,0,False,0.0,1.7561419010162354,0.722637414932251,1.577993631362915,0.7288060188293457
211,ppo_lognormal,lognormal,log,1,False,0.0,2.317021608352661,0.73664391040802,1.9890689849853516,0.743022620677948
211,ppo_lognormal,lognormal,log,2,False,0.0,1.0265008211135864,0.7338204383850098,1.165233850479126,0.7311090230941772
211,ppo_lognormal,lognormal,log,3,False,0.0,1.9749503135681152,0.6974533200263977,1.0348390340805054,0.7098603844642639
211,ppo_lognormal,lognormal,log,4,False,0.0,2.1203603744506836,0.7451082468032837,2.4493062496185303,0.7458813190460205
211,ppo_lognormal,lognormal,log,5,True,1.0,2.288957118988037,0.7119498252868652,1.3234997987747192,0.7004028558731079
211,ppo_lognormal,lognormal,log,6,False,0.0,1.8384299278259277,0.7351266145706177,2.3214101791381836,0.748054027557373
211,ppo_lognormal,lognormal,log,7,False,0.0,1.8553866147994995,0.7351248264312744,2.5535566806793213,0.7484726905822754
212,ppo_lognormal,lognormal,log,0,False,0.0,1.7561419010162354,0.722637414932251,1.577993631362915,0.7288060188293457
212,ppo_lognormal,lognormal,log,1,False,0.0,2.317021608352661,0.73664391040802,1.9890689849853516,0.743022620677948
212,ppo_lognormal,lognormal,log,2,False,0.0,1.0265008211135864,0.7338204383850098,1.165233850479126,0.7311090230941772
212,ppo_lognormal,lognormal,log,3,False,0.0,1.9749503135681152,0.6974533200263977,1.0348390340805054,0.7098603844642639
212,ppo_lognormal,lognormal,log,4,False,0.0,2.1203603744506836,0.7451082468032837,2.4493062496185303,0.7458813190460205
212,ppo_lognormal,lognormal,log,5,True,1.0,2.2887678146362305,0.7115835547447205,1.3229535818099976,0.7000523805618286
212,ppo_lognormal,lognormal,log,6,False,0.0,1.8384299278259277,0.7351266145706177,2.3214101791381836,0.748054027557373
212,ppo_lognormal,lognormal,log,7,False,0.0,1.8553866147994995,0.7351248264312744,2.5535566806793213,0.7484726905822754
213,ppo_lognormal,lognormal,log,0,False,0.0,1.7561419010162354,0.722637414932251,1.577993631362915,0.7288060188293457
213,ppo_lognormal,lognormal,log,1,False,0.0,2.317021608352661,0.73664391040802,1.9890689849853516,0.743022620677948
213,ppo_lognormal,lognormal,log,2,False,0.0,1.0265008211135864,0.7338204383850098,1.165233850479126,0.7311090230941772
213,ppo_lognormal,lognormal,log,3,False,0.0,1.9749503135681152,0.6974533200263977,1.0348390340805054,0.7098603844642639
213,ppo_lognormal,lognormal,log,4,False,0.0,2.1203603744506836,0.7451082468032837,2.4493062496185303,0.7458813190460205
213,ppo_lognormal,lognormal,log,5,True,1.0,2.288679361343384,0.7112017273902893,1.322428822517395,0.6997794508934021
213,ppo_lognormal,lognormal,log,6,False,0.0,1.8384299278259277,0.7351266145706177,2.3214101791381836,0.748054027557373
213,ppo_lognormal,lognormal,log,7,False,0.0,1.8553866147994995,0.7351248264312744,2.5535566806793213,0.7484726905822754
214,ppo_lognormal,lognormal,log,0,False,0.0,1.7561419010162354,0.722637414932251,1.577993631362915,0.7288060188293457
214,ppo_lognormal,lognormal,log,1,False,0.0,2.317021608352661,0.73664391040802,1.9890689849853516,0.743022620677948
214,ppo_lognormal,lognormal,log,2,False,0.0,1.0265008211135864,0.7338204383850098,1.165233850479126,0.7311090230941772
214,ppo_lognormal,lognormal,log,3,False,0.0,1.9749503135681152,0.6974533200263977,1.0348390340805054,0.7098603844642639
214,ppo_lognormal,lognormal,log,4,False,0.0,2.1203603744506836,0.7451082468032837,2.4493062496185303,0.7458813190460205
214,ppo_lognormal,lognormal,log,5,True,1.0,2.2885348796844482,0.7108267545700073,1.3219035863876343,0.6995870471000671
214,ppo_lognormal,lognormal,log,6,False,0.0,1.8384299278259277,0.7351266145706177,2.3214101791381836,0.748054027557373
214,ppo_lognormal,lognormal,log,7,False,0.0,1.8553866147994995,0.7351248264312744,2.5535566806793213,0.7484726905822754
215,ppo_lognormal,lognormal,log,0,False,0.0,1.7561419010162354,0.722637414932251,1.577993631362915,0.7288060188293457
215,ppo_lognormal,lognormal,log,1,False,0.0,2.317021608352661,0.73664391040802,1.9890689849853516,0.743022620677948
215,ppo_lognormal,lognormal,log,2,False,0.0,1.0265008211135864,0.7338204383850098,1.165233850479126,0.7311090230941772
215,ppo_lognormal,lognormal,log,3,False,0.0,1.9749503135681152,0.6974533200263977,1.0348390340805054,0.7098603844642639
215,ppo_lognormal,lognormal,log,4,False,0.0,2.1203603744506836,0.7451082468032837,2.4493062496185303,0.7458813190460205
215,ppo_lognormal,lognormal,log,5,True,1.0,2.2883341312408447,0.7104512453079224,1.3213666677474976,0.699425995349884
215,ppo_lognormal,lognormal,log,6,False,0.0,1.8384299278259277,0.7351266145706177,2.3214101791381836,0.748054027557373
215,ppo_lognormal,lognormal,log,7,False,0.0,1.8553866147994995,0.7351248264312744,2.5535566806793213,0.7484726905822754
216,ppo_lognormal,lognormal,log,0,False,0.0,1.7561419010162354,0.722637414932251,1.577993631362915,0.7288060188293457
216,ppo_lognormal,lognormal,log,1,False,0.0,2.317021608352661,0.73664391040802,1.9890689849853516,0.743022620677948
216,ppo_lognormal,lognormal,log,2,False,0.0,1.0265008211135864,0.7338204383850098,1.165233850479126,0.7311090230941772
216,ppo_lognormal,lognormal,log,3,False,0.0,1.9749503135681152,0.6974533200263977,1.0348390340805054,0.7098603844642639
216,ppo_lognormal,lognormal,log,4,False,0.0,2.1203603744506836,0.7451082468032837,2.4493062496185303,0.7458813190460205
216,ppo_lognormal,lognormal,log,5,True,1.0,2.2880916595458984,0.7100780010223389,1.3208204507827759,0.6993155479431152
216,ppo_lognormal,lognormal,log,6,False,0.0,1.8384299278259277,0.7351266145706177,2.3214101791381836,0.748054027557373
216,ppo_lognormal,lognormal,log,7,False,0.0,1.8553866147994995,0.7351248264312744,2.5535566806793213,0.7484726905822754
217,ppo_lognormal,lognormal,log,0,False,0.0,1.7561419010162354,0.722637414932251,1.577993631362915,0.7288060188293457
217,ppo_lognormal,lognormal,log,1,False,0.0,2.317021608352661,0.73664391040802,1.9890689849853516,0.743022620677948
217,ppo_lognormal,lognormal,log,2,False,0.0,1.0265008211135864,0.7338204383850098,1.165233850479126,0.7311090230941772
217,ppo_lognormal,lognormal,log,3,False,0.0,1.9749503135681152,0.6974533200263977,1.0348390340805054,0.7098603844642639
217,ppo_lognormal,lognormal,log,4,False,0.0,2.1203603744506836,0.7451082468032837,2.4493062496185303,0.7458813190460205
217,ppo_lognormal,lognormal,log,5,True,1.0,2.2877800464630127,0.7097148895263672,1.3202674388885498,0.699215292930603
217,ppo_lognormal,lognormal,log,6,False,0.0,1.8384299278259277,0.7351266145706177,2.3214101791381836,0.748054027557373
217,ppo_lognormal,lognormal,log,7,False,0.0,1.8553866147994995,0.7351248264312744,2.5535566806793213,0.7484726905822754
218,ppo_lognormal,lognormal,log,0,False,0.0,1.7561419010162354,0.722637414932251,1.577993631362915,0.7288060188293457
218,ppo_lognormal,lognormal,log,1,False,0.0,2.317021608352661,0.73664391040802,1.9890689849853516,0.743022620677948
218,ppo_lognormal,lognormal,log,2,False,0.0,1.0265008211135864,0.7338204383850098,1.165233850479126,0.7311090230941772
218,ppo_lognormal,lognormal,log,3,False,0.0,1.9749503135681152,0.6974533200263977,1.0348390340805054,0.7098603844642639
218,ppo_lognormal,lognormal,log,4,False,0.0,2.1203603744506836,0.7451082468032837,2.4493062496185303,0.7458813190460205
218,ppo_lognormal,lognormal,log,5,True,1.0,2.2875306606292725,0.7093504667282104,1.3197112083435059,0.6990751028060913
218,ppo_lognormal,lognormal,log,6,False,0.0,1.8384299278259277,0.7351266145706177,2.3214101791381836,0.748054027557373
218,ppo_lognormal,lognormal,log,7,False,0.0,1.8553866147994995,0.7351248264312744,2.5535566806793213,0.7484726905822754
219,ppo_lognormal,lognormal,log,0,False,0.0,1.7561419010162354,0.722637414932251,1.577993631362915,0.7288060188293457
219,ppo_lognormal,lognormal,log,1,False,0.0,2.317021608352661,0.73664391040802,1.9890689849853516,0.743022620677948
219,ppo_lognormal,lognormal,log,2,False,0.0,1.0265008211135864,0.7338204383850098,1.165233850479126,0.7311090230941772
219,ppo_lognormal,lognormal,log,3,False,0.0,1.9749503135681152,0.6974533200263977,1.0348390340805054,0.7098603844642639
219,ppo_lognormal,lognormal,log,4,False,0.0,2.1203603744506836,0.7451082468032837,2.4493062496185303,0.7458813190460205
219,ppo_lognormal,lognormal,log,5,True,1.0,2.2872965335845947,0.7090234756469727,1.3191426992416382,0.6989352703094482
219,ppo_lognormal,lognormal,log,6,False,0.0,1.8384299278259277,0.7351266145706177,2.3214101791381836,0.748054027557373
219,ppo_lognormal,lognormal,log,7,False,0.0,1.8553866147994995,0.7351248264312744,2.5535566806793213,0.7484726905822754
220,ppo_lognormal,lognormal,log,0,False,0.0,1.7561419010162354,0.722637414932251,1.577993631362915,0.7288060188293457
220,ppo_lognormal,lognormal,log,1,False,0.0,2.317021608352661,0.73664391040802,1.9890689849853516,0.743022620677948
220,ppo_lognormal,lognormal,log,2,False,0.0,1.0265008211135864,0.7338204383850098,1.165233850479126,0.7311090230941772
220,ppo_lognormal,lognormal,log,3,False,0.0,1.9749503135681152,0.6974533200263977,1.0348390340805054,0.7098603844642639
220,ppo_lognormal,lognormal,log,4,False,0.0,2.1203603744506836,0.7451082468032837,2.4493062496185303,0.7458813190460205
220,ppo_lognormal,lognormal,log,5,True,1.0,2.2871346473693848,0.7087146639823914,1.3185685873031616,0.6987656354904175
220,ppo_lognormal,lognormal,log,6,False,0.0,1.8384299278259277,0.7351266145706177,2.3214101791381836,0.748054027557373
220,ppo_lognormal,lognormal,log,7,False,0.0,1.8553866147994995,0.7351248264312744,2.5535566806793213,0.7484726905822754
221,ppo_lognormal,lognormal,log,0,False,0.0,1.7561419010162354,0.722637414932251,1.577993631362915,0.7288060188293457
221,ppo_lognormal,lognormal,log,1,False,0.0,2.317021608352661,0.73664391040802,1.9890689849853516,0.743022620677948
221,ppo_lognormal,lognormal,log,2,False,0.0,1.0265008211135864,0.7338204383850098,1.165233850479126,0.7311090230941772
221,ppo_lognormal,lognormal,log,3,False,0.0,1.9749503135681152,0.6974533200263977,1.0348390340805054,0.7098603844642639
221,ppo_lognormal,lognormal,log,4,False,0.0,2.1203603744506836,0.7451082468032837,2.4493062496185303,0.7458813190460205
221,ppo_lognormal,lognormal,log,5,True,1.0,2.286907911300659,0.708391010761261,1.318000078201294,0.6986150145530701
221,ppo_lognormal,lognormal,log,6,False,0.0,1.8384299278259277,0.7351266145706177,2.3214101791381836,0.748054027557373
221,ppo_lognormal,lognormal,log,7,False,0.0,1.8553866147994995,0.7351248264312744,2.5535566806793213,0.7484726905822754
222,ppo_lognormal,lognormal,log,0,False,0.0,1.7561419010162354,0.722637414932251,1.577993631362915,0.7288060188293457
222,ppo_lognormal,lognormal,log,1,False,0.0,2.317021608352661,0.73664391040802,1.9890689849853516,0.743022620677948
222,ppo_lognormal,lognormal,log,2,False,0.0,1.0265008211135864,0.7338204383850098,1.165233850479126,0.7311090230941772
222,ppo_lognormal,lognormal,log,3,False,0.0,1.9749503135681152,0.6974533200263977,1.0348390340805054,0.7098603844642639
222,ppo_lognormal,lognormal,log,4,False,0.0,2.1203603744506836,0.7451082468032837,2.4493062496185303,0.7458813190460205
222,ppo_lognormal,lognormal,log,5,True,1.0,2.286642074584961,0.7080792188644409,1.3174375295639038,0.6984148025512695
222,ppo_lognormal,lognormal,log,6,False,0.0,1.8384299278259277,0.7351266145706177,2.3214101791381836,0.748054027557373
222,ppo_lognormal,lognormal,log,7,False,0.0,1.8553866147994995,0.7351248264312744,2.5535566806793213,0.7484726905822754
223,ppo_lognormal,lognormal,log,0,False,0.0,1.7561419010162354,0.722637414932251,1.577993631362915,0.7288060188293457
223,ppo_lognormal,lognormal,log,1,False,0.0,2.317021608352661,0.73664391040802,1.9890689849853516,0.743022620677948
223,ppo_lognormal,lognormal,log,2,False,0.0,1.0265008211135864,0.7338204383850098,1.165233850479126,0.7311090230941772
223,ppo_lognormal,lognormal,log,3,False,0.0,1.9749503135681152,0.6974533200263977,1.0348390340805054,0.7098603844642639
223,ppo_lognormal,lognormal,log,4,False,0.0,2.1203603744506836,0.7451082468032837,2.4493062496185303,0.7458813190460205
223,ppo_lognormal,lognormal,log,5,True,1.0,2.2863361835479736,0.7077867984771729,1.316867709159851,0.6982303857803345
223,ppo_lognormal,lognormal,log,6,False,0.0,1.8384299278259277,0.7351266145706177,2.3214101791381836,0.748054027557373
223,ppo_lognormal,lognormal,log,7,False,0.0,1.8553866147994995,0.7351248264312744,2.5535566806793213,0.7484726905822754
224,ppo_lognormal,lognormal,log,0,False,0.0,1.7561419010162354,0.722637414932251,1.577993631362915,0.7288060188293457
224,ppo_lognormal,lognormal,log,1,False,0.0,2.317021608352661,0.73664391040802,1.9890689849853516,0.743022620677948
224,ppo_lognormal,lognormal,log,2,False,0.0,1.0265008211135864,0.7338204383850098,1.165233850479126,0.7311090230941772
224,ppo_lognormal,lognormal,log,3,False,0.0,1.9749503135681152,0.6974533200263977,1.0348390340805054,0.7098603844642639
224,ppo_lognormal,lognormal,log,4,False,0.0,2.1203603744506836,0.7451082468032837,2.4493062496185303,0.7458813190460205
224,ppo_lognormal,lognormal,log,5,True,1.0,2.2860093116760254,0.7075037956237793,1.3163024187088013,0.698004961013794
224,ppo_lognormal,lognormal,log,6,False,0.0,1.8384299278259277,0.7351266145706177,2.3214101791381836,0.748054027557373
224,ppo_lognormal,lognormal,log,7,False,0.0,1.8553866147994995,0.7351248264312744,2.5535566806793213,0.7484726905822754
225,ppo_lognormal,lognormal,log,0,False,0.0,1.7561419010162354,0.722637414932251,1.577993631362915,0.7288060188293457
225,ppo_lognormal,lognormal,log,1,False,0.0,2.317021608352661,0.73664391040802,1.9890689849853516,0.743022620677948
225,ppo_lognormal,lognormal,log,2,False,0.0,1.0265008211135864,0.7338204383850098,1.165233850479126,0.7311090230941772
225,ppo_lognormal,lognormal,log,3,False,0.0,1.9749503135681152,0.6974533200263977,1.0348390340805054,0.7098603844642639
225,ppo_lognormal,lognormal,log,4,False,0.0,2.1203603744506836,0.7451082468032837,2.4493062496185303,0.7458813190460205
225,ppo_lognormal,lognormal,log,5,True,1.0,2.285753011703491,0.707263708114624,1.315732479095459,0.6977630853652954
225,ppo_lognormal,lognormal,log,6,False,0.0,1.8384299278259277,0.7351266145706177,2.3214101791381836,0.748054027557373
225,ppo_lognormal,lognormal,log,7,False,0.0,1.8553866147994995,0.7351248264312744,2.5535566806793213,0.7484726905822754
226,ppo_lognormal,lognormal,log,0,False,0.0,1.7561419010162354,0.722637414932251,1.577993631362915,0.7288060188293457
226,ppo_lognormal,lognormal,log,1,False,0.0,2.317021608352661,0.73664391040802,1.9890689849853516,0.743022620677948
226,ppo_lognormal,lognormal,log,2,False,0.0,1.0265008211135864,0.7338204383850098,1.165233850479126,0.7311090230941772
226,ppo_lognormal,lognormal,log,3,False,0.0,1.9749503135681152,0.6974533200263977,1.0348390340805054,0.7098603844642639
226,ppo_lognormal,lognormal,log,4,False,0.0,2.1203603744506836,0.7451082468032837,2.4493062496185303,0.7458813190460205
226,ppo_lognormal,lognormal,log,5,True,1.0,2.2854981422424316,0.707045316696167,1.315168857574463,0.69748455286026
226,ppo_lognormal,lognormal,log,6,False,0.0,1.8384299278259277,0.7351266145706177,2.3214101791381836,0.748054027557373
226,ppo_lognormal,lognormal,log,7,False,0.0,1.8553866147994995,0.7351248264312744,2.5535566806793213,0.7484726905822754
227,ppo_lognormal,lognormal,log,0,False,0.0,1.7561419010162354,0.722637414932251,1.577993631362915,0.7288060188293457
227,ppo_lognormal,lognormal,log,1,False,0.0,2.317021608352661,0.73664391040802,1.9890689849853516,0.743022620677948
227,ppo_lognormal,lognormal,log,2,False,0.0,1.0265008211135864,0.7338204383850098,1.165233850479126,0.7311090230941772
227,ppo_lognormal,lognormal,log,3,False,0.0,1.9749503135681152,0.6974533200263977,1.0348390340805054,0.7098603844642639
227,ppo_lognormal,lognormal,log,4,False,0.0,2.1203603744506836,0.7451082468032837,2.4493062496185303,0.7458813190460205
227,ppo_lognormal,lognormal,log,5,True,1.0,2.2853574752807617,0.7068093419075012,1.3146066665649414,0.6972205638885498
227,ppo_lognormal,lognormal,log,6,False,0.0,1.8384299278259277,0.7351266145706177,2.3214101791381836,0.748054027557373
227,ppo_lognormal,lognormal,log,7,False,0.0,1.8553866147994995,0.7351248264312744,2.5535566806793213,0.7484726905822754
228,ppo_lognormal,lognormal,log,0,False,0.0,1.7561419010162354,0.722637414932251,1.577993631362915,0.7288060188293457
228,ppo_lognormal,lognormal,log,1,False,0.0,2.317021608352661,0.73664391040802,1.9890689849853516,0.743022620677948
228,ppo_lognormal,lognormal,log,2,False,0.0,1.0265008211135864,0.7338204383850098,1.165233850479126,0.7311090230941772
228,ppo_lognormal,lognormal,log,3,False,0.0,1.9749503135681152,0.6974533200263977,1.0348390340805054,0.7098603844642639
228,ppo_lognormal,lognormal,log,4,False,0.0,2.1203603744506836,0.7451082468032837,2.4493062496185303,0.7458813190460205
228,ppo_lognormal,lognormal,log,5,True,1.0,2.2851741313934326,0.7065461874008179,1.3140512704849243,0.6969605684280396
228,ppo_lognormal,lognormal,log,6,False,0.0,1.8384299278259277,0.7351266145706177,2.3214101791381836,0.748054027557373
228,ppo_lognormal,lognormal,log,7,False,0.0,1.8553866147994995,0.7351248264312744,2.5535566806793213,0.7484726905822754
229,ppo_lognormal,lognormal,log,0,False,0.0,1.7561419010162354,0.722637414932251,1.577993631362915,0.7288060188293457
229,ppo_lognormal,lognormal,log,1,False,0.0,2.317021608352661,0.73664391040802,1.9890689849853516,0.743022620677948
229,ppo_lognormal,lognormal,log,2,False,0.0,1.0265008211135864,0.7338204383850098,1.165233850479126,0.7311090230941772
229,ppo_lognormal,lognormal,log,3,False,0.0,1.9749503135681152,0.6974533200263977,1.0348390340805054,0.7098603844642639
229,ppo_lognormal,lognormal,log,4,False,0.0,2.1203603744506836,0.7451082468032837,2.4493062496185303,0.7458813190460205
229,ppo_lognormal,lognormal,log,5,True,1.0,2.2849111557006836,0.7062619924545288,1.3135135173797607,0.6967090368270874
229,ppo_lognormal,lognormal,log,6,False,0.0,1.8384299278259277,0.7351266145706177,2.3214101791381836,0.748054027557373
229,ppo_lognormal,lognormal,log,7,False,0.0,1.8553866147994995,0.7351248264312744,2.5535566806793213,0.7484726905822754
230,ppo_lognormal,lognormal,log,0,False,0.0,1.7561419010162354,0.722637414932251,1.577993631362915,0.7288060188293457
230,ppo_lognormal,lognormal,log,1,False,0.0,2.317021608352661,0.73664391040802,1.9890689849853516,0.743022620677948
230,ppo_lognormal,lognormal,log,2,False,0.0,1.0265008211135864,0.7338204383850098,1.165233850479126,0.7311090230941772
230,ppo_lognormal,lognormal,log,3,False,0.0,1.9749503135681152,0.6974533200263977,1.0348390340805054,0.7098603844642639
230,ppo_lognormal,lognormal,log,4,False,0.0,2.1203603744506836,0.7451082468032837,2.4493062496185303,0.7458813190460205
230,ppo_lognormal,lognormal,log,5,True,1.0,2.2847471237182617,0.7059822678565979,1.3129703998565674,0.6964589953422546
230,ppo_lognormal,lognormal,log,6,False,0.0,1.8384299278259277,0.7351266145706177,2.3214101791381836,0.748054027557373
230,ppo_lognormal,lognormal,log,7,False,0.0,1.8553866147994995,0.7351248264312744,2.5535566806793213,0.7484726905822754
231,ppo_lognormal,lognormal,log,0,False,0.0,1.7561419010162354,0.722637414932251,1.577993631362915,0.7288060188293457
231,ppo_lognormal,lognormal,log,1,False,0.0,2.317021608352661,0.73664391040802,1.9890689849853516,0.743022620677948
231,ppo_lognormal,lognormal,log,2,False,0.0,1.0265008211135864,0.7338204383850098,1.165233850479126,0.7311090230941772
231,ppo_lognormal,lognormal,log,3,False,0.0,1.9749503135681152,0.6974533200263977,1.0348390340805054,0.7098603844642639
231,ppo_lognormal,lognormal,log,4,False,0.0,2.1203603744506836,0.7451082468032837,2.4493062496185303,0.7458813190460205
231,ppo_lognormal,lognormal,log,5,True,1.0,2.284593105316162,0.7057046890258789,1.3124345541000366,0.6961740255355835
231,ppo_lognormal,lognormal,log,6,False,0.0,1.8384299278259277,0.7351266145706177,2.3214101791381836,0.748054027557373
231,ppo_lognormal,lognormal,log,7,False,0.0,1.8553866147994995,0.7351248264312744,2.5535566806793213,0.7484726905822754
232,ppo_lognormal,lognormal,log,0,False,0.0,1.7561419010162354,0.722637414932251,1.577993631362915,0.7288060188293457
232,ppo_lognormal,lognormal,log,1,False,0.0,2.317021608352661,0.73664391040802,1.9890689849853516,0.743022620677948
232,ppo_lognormal,lognormal,log,2,False,0.0,1.0265008211135864,0.7338204383850098,1.165233850479126,0.7311090230941772
232,ppo_lognormal,lognormal,log,3,False,0.0,1.9749503135681152,0.6974533200263977,1.0348390340805054,0.7098603844642639
232,ppo_lognormal,lognormal,log,4,False,0.0,2.1203603744506836,0.7451082468032837,2.4493062496185303,0.7458813190460205
232,ppo_lognormal,lognormal,log,5,True,1.0,2.284473419189453,0.705406129360199,1.3119020462036133,0.6958874464035034
232,ppo_lognormal,lognormal,log,6,False,0.0,1.8384299278259277,0.7351266145706177,2.3214101791381836,0.748054027557373
232,ppo_lognormal,lognormal,log,7,False,0.0,1.8553866147994995,0.7351248264312744,2.5535566806793213,0.7484726905822754
233,ppo_lognormal,lognormal,log,0,False,0.0,1.7561419010162354,0.722637414932251,1.577993631362915,0.7288060188293457
233,ppo_lognormal,lognormal,log,1,False,0.0,2.317021608352661,0.73664391040802,1.9890689849853516,0.743022620677948
233,ppo_lognormal,lognormal,log,2,False,0.0,1.0265008211135864,0.7338204383850098,1.165233850479126,0.7311090230941772
233,ppo_lognormal,lognormal,log,3,False,0.0,1.9749503135681152,0.6974533200263977,1.0348390340805054,0.7098603844642639
233,ppo_lognormal,lognormal,log,4,False,0.0,2.1203603744506836,0.7451082468032837,2.4493062496185303,0.7458813190460205
233,ppo_lognormal,lognormal,log,5,True,1.0,2.2843127250671387,0.7051249146461487,1.3113740682601929,0.6955751180648804
233,ppo_lognormal,lognormal,log,6,False,0.0,1.8384299278259277,0.7351266145706177,2.3214101791381836,0.748054027557373
233,ppo_lognormal,lognormal,log,7,False,0.0,1.8553866147994995,0.7351248264312744,2.5535566806793213,0.7484726905822754
234,ppo_lognormal,lognormal,log,0,False,0.0,1.7561419010162354,0.722637414932251,1.577993631362915,0.7288060188293457
234,ppo_lognormal,lognormal,log,1,False,0.0,2.317021608352661,0.73664391040802,1.9890689849853516,0.743022620677948
234,ppo_lognormal,lognormal,log,2,False,0.0,1.0265008211135864,0.7338204383850098,1.165233850479126,0.7311090230941772
234,ppo_lognormal,lognormal,log,3,False,0.0,1.9749503135681152,0.6974533200263977,1.0348390340805054,0.7098603844642639
234,ppo_lognormal,lognormal,log,4,False,0.0,2.1203603744506836,0.7451082468032837,2.4493062496185303,0.7458813190460205
234,ppo_lognormal,lognormal,log,5,True,1.0,2.284106492996216,0.7048401832580566,1.3108443021774292,0.6952615976333618
234,ppo_lognormal,lognormal,log,6,False,0.0,1.8384299278259277,0.7351266145706177,2.3214101791381836,0.748054027557373
234,ppo_lognormal,lognormal,log,7,False,0.0,1.8553866147994995,0.7351248264312744,2.5535566806793213,0.7484726905822754
235,ppo_lognormal,lognormal,log,0,False,0.0,1.7561419010162354,0.722637414932251,1.577993631362915,0.7288060188293457
235,ppo_lognormal,lognormal,log,1,False,0.0,2.317021608352661,0.73664391040802,1.9890689849853516,0.743022620677948
235,ppo_lognormal,lognormal,log,2,False,0.0,1.0265008211135864,0.7338204383850098,1.165233850479126,0.7311090230941772
235,ppo_lognormal,lognormal,log,3,False,0.0,1.9749503135681152,0.6974533200263977,1.0348390340805054,0.7098603844642639
235,ppo_lognormal,lognormal,log,4,False,0.0,2.1203603744506836,0.7451082468032837,2.4493062496185303,0.7458813190460205
235,ppo_lognormal,lognormal,log,5,True,1.0,2.28391170501709,0.7045840620994568,1.3103077411651611,0.6949383020401001
235,ppo_lognormal,lognormal,log,6,False,0.0,1.8384299278259277,0.7351266145706177,2.3214101791381836,0.748054027557373
235,ppo_lognormal,lognormal,log,7,False,0.0,1.8553866147994995,0.7351248264312744,2.5535566806793213,0.7484726905822754
236,ppo_lognormal,lognormal,log,0,False,0.0,1.7561419010162354,0.722637414932251,1.577993631362915,0.7288060188293457
236,ppo_lognormal,lognormal,log,1,False,0.0,2.317021608352661,0.73664391040802,1.9890689849853516,0.743022620677948
236,ppo_lognormal,lognormal,log,2,False,0.0,1.0265008211135864,0.7338204383850098,1.165233850479126,0.7311090230941772
236,ppo_lognormal,lognormal,log,3,False,0.0,1.9749503135681152,0.6974533200263977,1.0348390340805054,0.7098603844642639
236,ppo_lognormal,lognormal,log,4,False,0.0,2.1203603744506836,0.7451082468032837,2.4493062496185303,0.7458813190460205
236,ppo_lognormal,lognormal,log,5,True,1.0,2.283724784851074,0.7043360471725464,1.309762954711914,0.6946192979812622
236,ppo_lognormal,lognormal,log,6,False,0.0,1.8384299278259277,0.7351266145706177,2.3214101791381836,0.748054027557373
236,ppo_lognormal,lognormal,log,7,False,0.0,1.8553866147994995,0.7351248264312744,2.5535566806793213,0.7484726905822754
237,ppo_lognormal,lognormal,log,0,False,0.0,1.7561419010162354,0.722637414932251,1.577993631362915,0.7288060188293457
237,ppo_lognormal,lognormal,log,1,False,0.0,2.317021608352661,0.73664391040802,1.9890689849853516,0.743022620677948
237,ppo_lognormal,lognormal,log,2,False,0.0,1.0265008211135864,0.7338204383850098,1.165233850479126,0.7311090230941772
237,ppo_lognormal,lognormal,log,3,False,0.0,1.9749503135681152,0.6974533200263977,1.0348390340805054,0.7098603844642639
237,ppo_lognormal,lognormal,log,4,False,0.0,2.1203603744506836,0.7451082468032837,2.4493062496185303,0.7458813190460205
237,ppo_lognormal,lognormal,log,5,True,1.0,2.283489227294922,0.7041066884994507,1.309231162071228,0.6942777633666992
237,ppo_lognormal,lognormal,log,6,False,0.0,1.8384299278259277,0.7351266145706177,2.3214101791381836,0.748054027557373
237,ppo_lognormal,lognormal,log,7,False,0.0,1.8553866147994995,0.7351248264312744,2.5535566806793213,0.7484726905822754
238,ppo_lognormal,lognormal,log,0,False,0.0,1.7561419010162354,0.722637414932251,1.577993631362915,0.7288060188293457
238,ppo_lognormal,lognormal,log,1,False,0.0,2.317021608352661,0.73664391040802,1.9890689849853516,0.743022620677948
238,ppo_lognormal,lognormal,log,2,False,0.0,1.0265008211135864,0.7338204383850098,1.165233850479126,0.7311090230941772
238,ppo_lognormal,lognormal,log,3,False,0.0,1.9749503135681152,0.6974533200263977,1.0348390340805054,0.7098603844642639
238,ppo_lognormal,lognormal,log,4,False,0.0,2.1203603744506836,0.7451082468032837,2.4493062496185303,0.7458813190460205
238,ppo_lognormal,lognormal,log,5,True,1.0,2.283235549926758,0.7038384079933167,1.3087204694747925,0.693949282169342
238,ppo_lognormal,lognormal,log,6,False,0.0,1.8384299278259277,0.7351266145706177,2.3214101791381836,0.748054027557373
238,ppo_lognormal,lognormal,log,7,False,0.0,1.8553866147994995,0.7351248264312744,2.5535566806793213,0.7484726905822754
239,ppo_lognormal,lognormal,log,0,False,0.0,1.7561419010162354,0.722637414932251,1.577993631362915,0.7288060188293457
239,ppo_lognormal,lognormal,log,1,False,0.0,2.317021608352661,0.73664391040802,1.9890689849853516,0.743022620677948
239,ppo_lognormal,lognormal,log,2,False,0.0,1.0265008211135864,0.7338204383850098,1.165233850479126,0.7311090230941772
239,ppo_lognormal,lognormal,log,3,False,0.0,1.9749503135681152,0.6974533200263977,1.0348390340805054,0.7098603844642639
239,ppo_lognormal,lognormal,log,4,False,0.0,2.1203603744506836,0.7451082468032837,2.4493062496185303,0.7458813190460205
239,ppo_lognormal,lognormal,log,5,True,1.0,2.283003330230713,0.7035800218582153,1.308211088180542,0.6936020255088806
239,ppo_lognormal,lognormal,log,6,False,0.0,1.8384299278259277,0.7351266145706177,2.3214101791381836,0.748054027557373
239,ppo_lognormal,lognormal,log,7,False,0.0,1.8553866147994995,0.7351248264312744,2.5535566806793213,0.7484726905822754
240,ppo_lognormal,lognormal,log,0,False,0.0,1.7561419010162354,0.722637414932251,1.577993631362915,0.7288060188293457
240,ppo_lognormal,lognormal,log,1,False,0.0,2.317021608352661,0.73664391040802,1.9890689849853516,0.743022620677948
240,ppo_lognormal,lognormal,log,2,False,0.0,1.0265008211135864,0.7338204383850098,1.165233850479126,0.7311090230941772
240,ppo_lognormal,lognormal,log,3,False,0.0,1.9749503135681152,0.6974533200263977,1.0348390340805054,0.7098603844642639
240,ppo_lognormal,lognormal,log,4,False,0.0,2.1203603744506836,0.7451082468032837,2.4493062496185303,0.7458813190460205
240,ppo_lognormal,lognormal,log,5,True,1.0,2.282846689224243,0.7033044695854187,1.3077360391616821,0.6932970881462097
240,ppo_lognormal,lognormal,log,6,False,0.0,1.8384299278259277,0.7351266145706177,2.3214101791381836,0.748054027557373
240,ppo_lognormal,lognormal,log,7,False,0.0,1.8553866147994995,0.7351248264312744,2.5535566806793213,0.7484726905822754
241,ppo_lognormal,lognormal,log,0,False,0.0,1.7561419010162354,0.722637414932251,1.577993631362915,0.7288060188293457
241,ppo_lognormal,lognormal,log,1,False,0.0,2.317021608352661,0.73664391040802,1.9890689849853516,0.743022620677948
241,ppo_lognormal,lognormal,log,2,False,0.0,1.0265008211135864,0.7338204383850098,1.165233850479126,0.7311090230941772
241,ppo_lognormal,lognormal,log,3,False,0.0,1.9749503135681152,0.6974533200263977,1.0348390340805054,0.7098603844642639
241,ppo_lognormal,lognormal,log,4,False,0.0,2.1203603744506836,0.7451082468032837,2.4493062496185303,0.7458813190460205
241,ppo_lognormal,lognormal,log,5,True,1.0,2.2826943397521973,0.7030251622200012,1.3072575330734253,0.6929776668548584
241,ppo_lognormal,lognormal,log,6,False,0.0,1.8384299278259277,0.7351266145706177,2.3214101791381836,0.748054027557373
241,ppo_lognormal,lognormal,log,7,False,0.0,1.8553866147994995,0.7351248264312744,2.5535566806793213,0.7484726905822754
242,ppo_lognormal,lognormal,log,0,False,0.0,1.7561419010162354,0.722637414932251,1.577993631362915,0.7288060188293457
242,ppo_lognormal,lognormal,log,1,False,0.0,2.317021608352661,0.73664391040802,1.9890689849853516,0.743022620677948
242,ppo_lognormal,lognormal,log,2,False,0.0,1.0265008211135864,0.7338204383850098,1.165233850479126,0.7311090230941772
242,ppo_lognormal,lognormal,log,3,False,0.0,1.9749503135681152,0.6974533200263977,1.0348390340805054,0.7098603844642639
242,ppo_lognormal,lognormal,log,4,False,0.0,2.1203603744506836,0.7451082468032837,2.4493062496185303,0.7458813190460205
242,ppo_lognormal,lognormal,log,5,True,1.0,2.2825067043304443,0.7027568221092224,1.3067669868469238,0.6927168369293213
242,ppo_lognormal,lognormal,log,6,False,0.0,1.8384299278259277,0.7351266145706177,2.3214101791381836,0.748054027557373
242,ppo_lognormal,lognormal,log,7,False,0.0,1.8553866147994995,0.7351248264312744,2.5535566806793213,0.7484726905822754
243,ppo_lognormal,lognormal,log,0,False,0.0,1.7561419010162354,0.722637414932251,1.577993631362915,0.7288060188293457
243,ppo_lognormal,lognormal,log,1,False,0.0,2.317021608352661,0.73664391040802,1.9890689849853516,0.743022620677948
243,ppo_lognormal,lognormal,log,2,False,0.0,1.0265008211135864,0.7338204383850098,1.165233850479126,0.7311090230941772
243,ppo_lognormal,lognormal,log,3,False,0.0,1.9749503135681152,0.6974533200263977,1.0348390340805054,0.7098603844642639
243,ppo_lognormal,lognormal,log,4,False,0.0,2.1203603744506836,0.7451082468032837,2.4493062496185303,0.7458813190460205
243,ppo_lognormal,lognormal,log,5,True,1.0,2.2822813987731934,0.7024787068367004,1.3062818050384521,0.6924387216567993
243,ppo_lognormal,lognormal,log,6,False,0.0,1.8384299278259277,0.7351266145706177,2.3214101791381836,0.748054027557373
243,ppo_lognormal,lognormal,log,7,False,0.0,1.8553866147994995,0.7351248264312744,2.5535566806793213,0.7484726905822754
244,ppo_lognormal,lognormal,log,0,False,0.0,1.7561419010162354,0.722637414932251,1.577993631362915,0.7288060188293457
244,ppo_lognormal,lognormal,log,1,False,0.0,2.317021608352661,0.73664391040802,1.9890689849853516,0.743022620677948
244,ppo_lognormal,lognormal,log,2,False,0.0,1.0265008211135864,0.7338204383850098,1.165233850479126,0.7311090230941772
244,ppo_lognormal,lognormal,log,3,False,0.0,1.9749503135681152,0.6974533200263977,1.0348390340805054,0.7098603844642639
244,ppo_lognormal,lognormal,log,4,False,0.0,2.1203603744506836,0.7451082468032837,2.4493062496185303,0.7458813190460205
244,ppo_lognormal,lognormal,log,5,True,1.0,2.282047748565674,0.7022242546081543,1.3057920932769775,0.6921414732933044
244,ppo_lognormal,lognormal,log,6,False,0.0,1.8384299278259277,0.7351266145706177,2.3214101791381836,0.748054027557373
244,ppo_lognormal,lognormal,log,7,False,0.0,1.8553866147994995,0.7351248264312744,2.5535566806793213,0.7484726905822754
245,ppo_lognormal,lognormal,log,0,False,0.0,1.7561419010162354,0.722637414932251,1.577993631362915,0.7288060188293457
245,ppo_lognormal,lognormal,log,1,False,0.0,2.317021608352661,0.73664391040802,1.9890689849853516,0.743022620677948
245,ppo_lognormal,lognormal,log,2,False,0.0,1.0265008211135864,0.7338204383850098,1.165233850479126,0.7311090230941772
245,ppo_lognormal,lognormal,log,3,False,0.0,1.9749503135681152,0.6974533200263977,1.0348390340805054,0.7098603844642639
245,ppo_lognormal,lognormal,log,4,False,0.0,2.1203603744506836,0.7451082468032837,2.4493062496185303,0.7458813190460205
245,ppo_lognormal,lognormal,log,5,True,1.0,2.2818779945373535,0.7019479870796204,1.305309772491455,0.6918375492095947
245,ppo_lognormal,lognormal,log,6,False,0.0,1.8384299278259277,0.7351266145706177,2.3214101791381836,0.748054027557373
245,ppo_lognormal,lognormal,log,7,False,0.0,1.8553866147994995,0.7351248264312744,2.5535566806793213,0.7484726905822754
246,ppo_lognormal,lognormal,log,0,False,0.0,1.7561419010162354,0.722637414932251,1.577993631362915,0.7288060188293457
246,ppo_lognormal,lognormal,log,1,False,0.0,2.317021608352661,0.73664391040802,1.9890689849853516,0.743022620677948
246,ppo_lognormal,lognormal,log,2,False,0.0,1.0265008211135864,0.7338204383850098,1.165233850479126,0.7311090230941772
246,ppo_lognormal,lognormal,log,3,False,0.0,1.9749503135681152,0.6974533200263977,1.0348390340805054,0.7098603844642639
246,ppo_lognormal,lognormal,log,4,False,0.0,2.1203603744506836,0.7451082468032837,2.4493062496185303,0.7458813190460205
246,ppo_lognormal,lognormal,log,5,True,1.0,2.2816529273986816,0.7016783356666565,1.3048185110092163,0.6915528774261475
246,ppo_lognormal,lognormal,log,6,False,0.0,1.8384299278259277,0.7351266145706177,2.3214101791381836,0.748054027557373
246,ppo_lognormal,lognormal,log,7,False,0.0,1.8553866147994995,0.7351248264312744,2.5535566806793213,0.7484726905822754
247,ppo_lognormal,lognormal,log,0,False,0.0,1.7561419010162354,0.722637414932251,1.577993631362915,0.7288060188293457
247,ppo_lognormal,lognormal,log,1,False,0.0,2.317021608352661,0.73664391040802,1.9890689849853516,0.743022620677948
247,ppo_lognormal,lognormal,log,2,False,0.0,1.0265008211135864,0.7338204383850098,1.165233850479126,0.7311090230941772
247,ppo_lognormal,lognormal,log,3,False,0.0,1.9749503135681152,0.6974533200263977,1.0348390340805054,0.7098603844642639
247,ppo_lognormal,lognormal,log,4,False,0.0,2.1203603744506836,0.7451082468032837,2.4493062496185303,0.7458813190460205
247,ppo_lognormal,lognormal,log,5,True,1.0,2.2814033031463623,0.7013794183731079,1.3043818473815918,0.6912634968757629
247,ppo_lognormal,lognormal,log,6,False,0.0,1.8384299278259277,0.7351266145706177,2.3214101791381836,0.748054027557373
247,ppo_lognormal,lognormal,log,7,False,0.0,1.8553866147994995,0.7351248264312744,2.5535566806793213,0.7484726905822754
248,ppo_lognormal,lognormal,log,0,False,0.0,1.7561419010162354,0.722637414932251,1.577993631362915,0.7288060188293457
248,ppo_lognormal,lognormal,log,1,False,0.0,2.317021608352661,0.73664391040802,1.9890689849853516,0.743022620677948
248,ppo_lognormal,lognormal,log,2,False,0.0,1.0265008211135864,0.7338204383850098,1.165233850479126,0.7311090230941772
248,ppo_lognormal,lognormal,log,3,False,0.0,1.9749503135681152,0.6974533200263977,1.0348390340805054,0.7098603844642639
248,ppo_lognormal,lognormal,log,4,False,0.0,2.1203603744506836,0.7451082468032837,2.4493062496185303,0.7458813190460205
248,ppo_lognormal,lognormal,log,5,True,1.0,2.2811481952667236,0.7010946869850159,1.3039292097091675,0.6909724473953247
248,ppo_lognormal,lognormal,log,6,False,0.0,1.8384299278259277,0.7351266145706177,2.3214101791381836,0.748054027557373
248,ppo_lognormal,lognormal,log,7,False,0.0,1.8553866147994995,0.7351248264312744,2.5535566806793213,0.7484726905822754
249,ppo_lognormal,lognormal,log,0,False,0.0,1.7561419010162354,0.722637414932251,1.577993631362915,0.7288060188293457
249,ppo_lognormal,lognormal,log,1,False,0.0,2.317021608352661,0.73664391040802,1.9890689849853516,0.743022620677948
249,ppo_lognormal,lognormal,log,2,False,0.0,1.0265008211135864,0.7338204383850098,1.165233850479126,0.7311090230941772
249,ppo_lognormal,lognormal,log,3,False,0.0,1.9749503135681152,0.6974533200263977,1.0348390340805054,0.7098603844642639
249,ppo_lognormal,lognormal,log,4,False,0.0,2.1203603744506836,0.7451082468032837,2.4493062496185303,0.7458813190460205
249,ppo_lognormal,lognormal,log,5,True,1.0,2.2808303833007812,0.7008076310157776,1.3034765720367432,0.6907317638397217
249,ppo_lognormal,lognormal,log,6,False,0.0,1.8384299278259277,0.7351266145706177,2.3214101791381836,0.748054027557373
249,ppo_lognormal,lognormal,log,7,False,0.0,1.8553866147994995,0.7351248264312744,2.5535566806793213,0.7484726905822754
250,ppo_lognormal,lognormal,log,0,False,0.0,1.7561419010162354,0.722637414932251,1.577993631362915,0.7288060188293457
250,ppo_lognormal,lognormal,log,1,False,0.0,2.317021608352661,0.73664391040802,1.9890689849853516,0.743022620677948
250,ppo_lognormal,lognormal,log,2,False,0.0,1.0265008211135864,0.7338204383850098,1.165233850479126,0.7311090230941772
250,ppo_lognormal,lognormal,log,3,False,0.0,1.9749503135681152,0.6974533200263977,1.0348390340805054,0.7098603844642639
250,ppo_lognormal,lognormal,log,4,False,0.0,2.1203603744506836,0.7451082468032837,2.4493062496185303,0.7458813190460205
250,ppo_lognormal,lognormal,log,5,True,1.0,2.2804853916168213,0.7005106210708618,1.3030343055725098,0.6905127763748169
250,ppo_lognormal,lognormal,log,6,False,0.0,1.8384299278259277,0.7351266145706177,2.3214101791381836,0.748054027557373
250,ppo_lognormal,lognormal,log,7,False,0.0,1.8553866147994995,0.7351248264312744,2.5535566806793213,0.7484726905822754
251,ppo_lognormal,lognormal,log,0,False,0.0,1.7561419010162354,0.722637414932251,1.577993631362915,0.7288060188293457
251,ppo_lognormal,lognormal,log,1,False,0.0,2.317021608352661,0.73664391040802,1.9890689849853516,0.743022620677948
251,ppo_lognormal,lognormal,log,2,False,0.0,1.0265008211135864,0.7338204383850098,1.165233850479126,0.7311090230941772
251,ppo_lognormal,lognormal,log,3,False,0.0,1.9749503135681152,0.6974533200263977,1.0348390340805054,0.7098603844642639
251,ppo_lognormal,lognormal,log,4,False,0.0,2.1203603744506836,0.7451082468032837,2.4493062496185303,0.7458813190460205
251,ppo_lognormal,lognormal,log,5,True,1.0,2.2801718711853027,0.7002074122428894,1.3025816679000854,0.690288782119751
251,ppo_lognormal,lognormal,log,6,False,0.0,1.8384299278259277,0.7351266145706177,2.3214101791381836,0.748054027557373
251,ppo_lognormal,lognormal,log,7,False,0.0,1.8553866147994995,0.7351248264312744,2.5535566806793213,0.7484726905822754
252,ppo_lognormal,lognormal,log,0,False,0.0,1.7561419010162354,0.722637414932251,1.577993631362915,0.7288060188293457
252,ppo_lognormal,lognormal,log,1,False,0.0,2.317021608352661,0.73664391040802,1.9890689849853516,0.743022620677948
252,ppo_lognormal,lognormal,log,2,False,0.0,1.0265008211135864,0.7338204383850098,1.165233850479126,0.7311090230941772
252,ppo_lognormal,lognormal,log,3,False,0.0,1.9749503135681152,0.6974533200263977,1.0348390340805054,0.7098603844642639
252,ppo_lognormal,lognormal,log,4,False,0.0,2.1203603744506836,0.7451082468032837,2.4493062496185303,0.7458813190460205
252,ppo_lognormal,lognormal,log,5,True,1.0,2.2798848152160645,0.69988614320755,1.3021289110183716,0.6900640726089478
252,ppo_lognormal,lognormal,log,6,False,0.0,1.8384299278259277,0.7351266145706177,2.3214101791381836,0.748054027557373
252,ppo_lognormal,lognormal,log,7,False,0.0,1.8553866147994995,0.7351248264312744,2.5535566806793213,0.7484726905822754
253,ppo_lognormal,lognormal,log,0,False,0.0,1.7561419010162354,0.722637414932251,1.577993631362915,0.7288060188293457
253,ppo_lognormal,lognormal,log,1,False,0.0,2.317021608352661,0.73664391040802,1.9890689849853516,0.743022620677948
253,ppo_lognormal,lognormal,log,2,False,0.0,1.0265008211135864,0.7338204383850098,1.165233850479126,0.7311090230941772
253,ppo_lognormal,lognormal,log,3,False,0.0,1.9749503135681152,0.6974533200263977,1.0348390340805054,0.7098603844642639
253,ppo_lognormal,lognormal,log,4,False,0.0,2.1203603744506836,0.7451082468032837,2.4493062496185303,0.7458813190460205
253,ppo_lognormal,lognormal,log,5,True,1.0,2.279618501663208,0.6995919942855835,1.3016592264175415,0.6898393034934998
253,ppo_lognormal,lognormal,log,6,False,0.0,1.8384299278259277,0.7351266145706177,2.3214101791381836,0.748054027557373
253,ppo_lognormal,lognormal,log,7,False,0.0,1.8553866147994995,0.7351248264312744,2.5535566806793213,0.7484726905822754
254,ppo_lognormal,lognormal,log,0,False,0.0,1.7561419010162354,0.722637414932251,1.577993631362915,0.7288060188293457
254,ppo_lognormal,lognormal,log,1,False,0.0,2.317021608352661,0.73664391040802,1.9890689849853516,0.743022620677948
254,ppo_lognormal,lognormal,log,2,False,0.0,1.0265008211135864,0.7338204383850098,1.165233850479126,0.7311090230941772
254,ppo_lognormal,lognormal,log,3,False,0.0,1.9749503135681152,0.6974533200263977,1.0348390340805054,0.7098603844642639
254,ppo_lognormal,lognormal,log,4,False,0.0,2.1203603744506836,0.7451082468032837,2.4493062496185303,0.7458813190460205
254,ppo_lognormal,lognormal,log,5,True,1.0,2.2793471813201904,0.699326753616333,1.301185131072998,0.6895908117294312
254,ppo_lognormal,lognormal,log,6,False,0.0,1.8384299278259277,0.7351266145706177,2.3214101791381836,0.748054027557373
254,ppo_lognormal,lognormal,log,7,False,0.0,1.8553866147994995,0.7351248264312744,2.5535566806793213,0.7484726905822754
255,ppo_lognormal,lognormal,log,0,False,0.0,1.7561419010162354,0.722637414932251,1.577993631362915,0.7288060188293457
255,ppo_lognormal,lognormal,log,1,False,0.0,2.317021608352661,0.73664391040802,1.9890689849853516,0.743022620677948
255,ppo_lognormal,lognormal,log,2,False,0.0,1.0265008211135864,0.7338204383850098,1.165233850479126,0.7311090230941772
255,ppo_lognormal,lognormal,log,3,False,0.0,1.9749503135681152,0.6974533200263977,1.0348390340805054,0.7098603844642639
255,ppo_lognormal,lognormal,log,4,False,0.0,2.1203603744506836,0.7451082468032837,2.4493062496185303,0.7458813190460205
255,ppo_lognormal,lognormal,log,5,True,1.0,2.279086112976074,0.6990437507629395,1.3007075786590576,0.6893659234046936
255,ppo_lognormal,lognormal,log,6,False,0.0,1.8384299278259277,0.7351266145706177,2.3214101791381836,0.748054027557373
255,ppo_lognormal,lognormal,log,7,False,0.0,1.8553866147994995,0.7351248264312744,2.5535566806793213,0.7484726905822754
256,ppo_lognormal,lognormal,log,0,False,0.0,1.7561419010162354,0.722637414932251,1.577993631362915,0.7288060188293457
256,ppo_lognormal,lognormal,log,1,False,0.0,2.317021608352661,0.73664391040802,1.9890689849853516,0.743022620677948
256,ppo_lognormal,lognormal,log,2,False,0.0,1.0265008211135864,0.7338204383850098,1.165233850479126,0.7311090230941772
256,ppo_lognormal,lognormal,log,3,False,0.0,1.9749503135681152,0.6974533200263977,1.0348390340805054,0.7098603844642639
256,ppo_lognormal,lognormal,log,4,False,0.0,2.1203603744506836,0.7451082468032837,2.4493062496185303,0.7458813190460205
256,ppo_lognormal,lognormal,log,5,True,1.0,2.2788383960723877,0.6987916827201843,1.3002192974090576,0.6891324520111084
256,ppo_lognormal,lognormal,log,6,False,0.0,1.8384299278259277,0.7351266145706177,2.3214101791381836,0.748054027557373
256,ppo_lognormal,lognormal,log,7,False,0.0,1.8553866147994995,0.7351248264312744,2.5535566806793213,0.7484726905822754
257,ppo_lognormal,lognormal,log,0,False,0.0,1.7561419010162354,0.722637414932251,1.577993631362915,0.7288060188293457
257,ppo_lognormal,lognormal,log,1,False,0.0,2.317021608352661,0.73664391040802,1.9890689849853516,0.743022620677948
257,ppo_lognormal,lognormal,log,2,False,0.0,1.0265008211135864,0.7338204383850098,1.165233850479126,0.7311090230941772
257,ppo_lognormal,lognormal,log,3,False,0.0,1.9749503135681152,0.6974533200263977,1.0348390340805054,0.7098603844642639
257,ppo_lognormal,lognormal,log,4,False,0.0,2.1203603744506836,0.7451082468032837,2.4493062496185303,0.7458813190460205
257,ppo_lognormal,lognormal,log,5,True,1.0,2.278574228286743,0.6985567808151245,1.2997263669967651,0.688884973526001
257,ppo_lognormal,lognormal,log,6,False,0.0,1.8384299278259277,0.7351266145706177,2.3214101791381836,0.748054027557373
257,ppo_lognormal,lognormal,log,7,False,0.0,1.8553866147994995,0.7351248264312744,2.5535566806793213,0.7484726905822754
258,ppo_lognormal,lognormal,log,0,False,0.0,1.7561419010162354,0.722637414932251,1.577993631362915,0.7288060188293457
258,ppo_lognormal,lognormal,log,1,False,0.0,2.317021608352661,0.73664391040802,1.9890689849853516,0.743022620677948
258,ppo_lognormal,lognormal,log,2,False,0.0,1.0265008211135864,0.7338204383850098,1.165233850479126,0.7311090230941772
258,ppo_lognormal,lognormal,log,3,False,0.0,1.9749503135681152,0.6974533200263977,1.0348390340805054,0.7098603844642639
258,ppo_lognormal,lognormal,log,4,False,0.0,2.1203603744506836,0.7451082468032837,2.4493062496185303,0.7458813190460205
258,ppo_lognormal,lognormal,log,5,True,1.0,2.2783331871032715,0.6983217000961304,1.299224853515625,0.6886446475982666
258,ppo_lognormal,lognormal,log,6,False,0.0,1.8384299278259277,0.7351266145706177,2.3214101791381836,0.748054027557373
258,ppo_lognormal,lognormal,log,7,False,0.0,1.8553866147994995,0.7351248264312744,2.5535566806793213,0.7484726905822754
259,ppo_lognormal,lognormal,log,0,False,0.0,1.7561419010162354,0.722637414932251,1.577993631362915,0.7288060188293457
259,ppo_lognormal,lognormal,log,1,False,0.0,2.317021608352661,0.73664391040802,1.9890689849853516,0.743022620677948
259,ppo_lognormal,lognormal,log,2,False,0.0,1.0265008211135864,0.7338204383850098,1.165233850479126,0.7311090230941772
259,ppo_lognormal,lognormal,log,3,False,0.0,1.9749503135681152,0.6974533200263977,1.0348390340805054,0.7098603844642639
259,ppo_lognormal,lognormal,log,4,False,0.0,2.1203603744506836,0.7451082468032837,2.4493062496185303,0.7458813190460205
259,ppo_lognormal,lognormal,log,5,True,1.0,2.278123140335083,0.6980932950973511,1.2987234592437744,0.6883846521377563
259,ppo_lognormal,lognormal,log,6,False,0.0,1.8384299278259277,0.7351266145706177,2.3214101791381836,0.748054027557373
259,ppo_lognormal,lognormal,log,7,False,0.0,1.8553866147994995,0.7351248264312744,2.5535566806793213,0.7484726905822754
260,ppo_lognormal,lognormal,log,0,False,0.0,1.7561419010162354,0.722637414932251,1.577993631362915,0.7288060188293457
260,ppo_lognormal,lognormal,log,1,False,0.0,2.317021608352661,0.73664391040802,1.9890689849853516,0.743022620677948
260,ppo_lognormal,lognormal,log,2,False,0.0,1.0265008211135864,0.7338204383850098,1.165233850479126,0.7311090230941772
260,ppo_lognormal,lognormal,log,3,False,0.0,1.9749503135681152,0.6974533200263977,1.0348390340805054,0.7098603844642639
260,ppo_lognormal,lognormal,log,4,False,0.0,2.1203603744506836,0.7451082468032837,2.4493062496185303,0.7458813190460205
260,ppo_lognormal,lognormal,log,5,True,1.0,2.2778632640838623,0.6978563070297241,1.2982226610183716,0.6881476640701294
260,ppo_lognormal,lognormal,log,6,False,0.0,1.8384299278259277,0.7351266145706177,2.3214101791381836,0.748054027557373
260,ppo_lognormal,lognormal,log,7,False,0.0,1.8553866147994995,0.7351248264312744,2.5535566806793213,0.7484726905822754
261,ppo_lognormal,lognormal,log,0,False,0.0,1.7561419010162354,0.722637414932251,1.577993631362915,0.7288060188293457
261,ppo_lognormal,lognormal,log,1,False,0.0,2.317021608352661,0.73664391040802,1.9890689849853516,0.743022620677948
261,ppo_lognormal,lognormal,log,2,False,0.0,1.0265008211135864,0.7338204383850098,1.165233850479126,0.7311090230941772
261,ppo_lognormal,lognormal,log,3,False,0.0,1.9749503135681152,0.6974533200263977,1.0348390340805054,0.7098603844642639
261,ppo_lognormal,lognormal,log,4,False,0.0,2.1203603744506836,0.7451082468032837,2.4493062496185303,0.7458813190460205
261,ppo_lognormal,lognormal,log,5,True,1.0,2.277547836303711,0.6976057291030884,1.2977362871170044,0.687904417514801
261,ppo_lognormal,lognormal,log,6,False,0.0,1.8384299278259277,0.7351266145706177,2.3214101791381836,0.748054027557373
261,ppo_lognormal,lognormal,log,7,False,0.0,1.8553866147994995,0.7351248264312744,2.5535566806793213,0.7484726905822754
262,ppo_lognormal,lognormal,log,0,False,0.0,1.7561419010162354,0.722637414932251,1.577993631362915,0.7288060188293457
262,ppo_lognormal,lognormal,log,1,False,0.0,2.317021608352661,0.73664391040802,1.9890689849853516,0.743022620677948
262,ppo_lognormal,lognormal,log,2,False,0.0,1.0265008211135864,0.7338204383850098,1.165233850479126,0.7311090230941772
262,ppo_lognormal,lognormal,log,3,False,0.0,1.9749503135681152,0.6974533200263977,1.0348390340805054,0.7098603844642639
262,ppo_lognormal,lognormal,log,4,False,0.0,2.1203603744506836,0.7451082468032837,2.4493062496185303,0.7458813190460205
262,ppo_lognormal,lognormal,log,5,True,1.0,2.2772178649902344,0.6973510384559631,1.2972490787506104,0.6876567006111145
262,ppo_lognormal,lognormal,log,6,False,0.0,1.8384299278259277,0.7351266145706177,2.3214101791381836,0.748054027557373
262,ppo_lognormal,lognormal,log,7,False,0.0,1.8553866147994995,0.7351248264312744,2.5535566806793213,0.7484726905822754
263,ppo_lognormal,lognormal,log,0,False,0.0,1.7561419010162354,0.722637414932251,1.577993631362915,0.7288060188293457
263,ppo_lognormal,lognormal,log,1,False,0.0,2.317021608352661,0.73664391040802,1.9890689849853516,0.743022620677948
263,ppo_lognormal,lognormal,log,2,False,0.0,1.0265008211135864,0.7338204383850098,1.165233850479126,0.7311090230941772
263,ppo_lognormal,lognormal,log,3,False,0.0,1.9749503135681152,0.6974533200263977,1.0348390340805054,0.7098603844642639
263,ppo_lognormal,lognormal,log,4,False,0.0,2.1203603744506836,0.7451082468032837,2.4493062496185303,0.7458813190460205
263,ppo_lognormal,lognormal,log,5,True,1.0,2.276900291442871,0.6970931887626648,1.2967603206634521,0.6874011158943176
263,ppo_lognormal,lognormal,log,6,False,0.0,1.8384299278259277,0.7351266145706177,2.3214101791381836,0.748054027557373
263,ppo_lognormal,lognormal,log,7,False,0.0,1.8553866147994995,0.7351248264312744,2.5535566806793213,0.7484726905822754
264,ppo_lognormal,lognormal,log,0,False,0.0,1.7561419010162354,0.722637414932251,1.577993631362915,0.7288060188293457
264,ppo_lognormal,lognormal,log,1,False,0.0,2.317021608352661,0.73664391040802,1.9890689849853516,0.743022620677948
264,ppo_lognormal,lognormal,log,2,False,0.0,1.0265008211135864,0.7338204383850098,1.165233850479126,0.7311090230941772
264,ppo_lognormal,lognormal,log,3,False,0.0,1.9749503135681152,0.6974533200263977,1.0348390340805054,0.7098603844642639
264,ppo_lognormal,lognormal,log,4,False,0.0,2.1203603744506836,0.7451082468032837,2.4493062496185303,0.7458813190460205
264,ppo_lognormal,lognormal,log,5,True,1.0,2.276582717895508,0.6968526840209961,1.2962768077850342,0.6871213912963867
264,ppo_lognormal,lognormal,log,6,False,0.0,1.8384299278259277,0.7351266145706177,2.3214101791381836,0.748054027557373
264,ppo_lognormal,lognormal,log,7,False,0.0,1.8553866147994995,0.7351248264312744,2.5535566806793213,0.7484726905822754
265,ppo_lognormal,lognormal,log,0,False,0.0,1.7561419010162354,0.722637414932251,1.577993631362915,0.7288060188293457
265,ppo_lognormal,lognormal,log,1,False,0.0,2.317021608352661,0.73664391040802,1.9890689849853516,0.743022620677948
265,ppo_lognormal,lognormal,log,2,False,0.0,1.0265008211135864,0.7338204383850098,1.165233850479126,0.7311090230941772
265,ppo_lognormal,lognormal,log,3,False,0.0,1.9749503135681152,0.6974533200263977,1.0348390340805054,0.7098603844642639
265,ppo_lognormal,lognormal,log,4,False,0.0,2.1203603744506836,0.7451082468032837,2.4493062496185303,0.7458813190460205
265,ppo_lognormal,lognormal,log,5,True,1.0,2.276211738586426,0.6965983510017395,1.2958080768585205,0.6868462562561035
265,ppo_lognormal,lognormal,log,6,False,0.0,1.8384299278259277,0.7351266145706177,2.3214101791381836,0.748054027557373
265,ppo_lognormal,lognormal,log,7,False,0.0,1.8553866147994995,0.7351248264312744,2.5535566806793213,0.7484726905822754
266,ppo_lognormal,lognormal,log,0,False,0.0,1.7561419010162354,0.722637414932251,1.577993631362915,0.7288060188293457
266,ppo_lognormal,lognormal,log,1,False,0.0,2.317021608352661,0.73664391040802,1.9890689849853516,0.743022620677948
266,ppo_lognormal,lognormal,log,2,False,0.0,1.0265008211135864,0.7338204383850098,1.165233850479126,0.7311090230941772
266,ppo_lognormal,lognormal,log,3,False,0.0,1.9749503135681152,0.6974533200263977,1.0348390340805054,0.7098603844642639
266,ppo_lognormal,lognormal,log,4,False,0.0,2.1203603744506836,0.7451082468032837,2.4493062496185303,0.7458813190460205
266,ppo_lognormal,lognormal,log,5,True,1.0,2.2758796215057373,0.696349561214447,1.2953293323516846,0.6865825653076172
266,ppo_lognormal,lognormal,log,6,False,0.0,1.8384299278259277,0.7351266145706177,2.3214101791381836,0.748054027557373
266,ppo_lognormal,lognormal,log,7,False,0.0,1.8553866147994995,0.7351248264312744,2.5535566806793213,0.7484726905822754
267,ppo_lognormal,lognormal,log,0,False,0.0,1.7561419010162354,0.722637414932251,1.577993631362915,0.7288060188293457
267,ppo_lognormal,lognormal,log,1,False,0.0,2.317021608352661,0.73664391040802,1.9890689849853516,0.743022620677948
267,ppo_lognormal,lognormal,log,2,False,0.0,1.0265008211135864,0.7338204383850098,1.165233850479126,0.7311090230941772
267,ppo_lognormal,lognormal,log,3,False,0.0,1.9749503135681152,0.6974533200263977,1.0348390340805054,0.7098603844642639
267,ppo_lognormal,lognormal,log,4,False,0.0,2.1203603744506836,0.7451082468032837,2.4493062496185303,0.7458813190460205
267,ppo_lognormal,lognormal,log,5,True,1.0,2.275529384613037,0.6960868835449219,1.2948602437973022,0.6863109469413757
267,ppo_lognormal,lognormal,log,6,False,0.0,1.8384299278259277,0.7351266145706177,2.3214101791381836,0.748054027557373
267,ppo_lognormal,lognormal,log,7,False,0.0,1.8553866147994995,0.7351248264312744,2.5535566806793213,0.7484726905822754
268,ppo_lognormal,lognormal,log,0,False,0.0,1.7561419010162354,0.722637414932251,1.577993631362915,0.7288060188293457
268,ppo_lognormal,lognormal,log,1,False,0.0,2.317021608352661,0.73664391040802,1.9890689849853516,0.743022620677948
268,ppo_lognormal,lognormal,log,2,False,0.0,1.0265008211135864,0.7338204383850098,1.165233850479126,0.7311090230941772
268,ppo_lognormal,lognormal,log,3,False,0.0,1.9749503135681152,0.6974533200263977,1.0348390340805054,0.7098603844642639
268,ppo_lognormal,lognormal,log,4,False,0.0,2.1203603744506836,0.7451082468032837,2.4493062496185303,0.7458813190460205
268,ppo_lognormal,lognormal,log,5,True,1.0,2.275177001953125,0.695846676826477,1.2943861484527588,0.6860331892967224
268,ppo_lognormal,lognormal,log,6,False,0.0,1.8384299278259277,0.7351266145706177,2.3214101791381836,0.748054027557373
268,ppo_lognormal,lognormal,log,7,False,0.0,1.8553866147994995,0.7351248264312744,2.5535566806793213,0.7484726905822754
269,ppo_lognormal,lognormal,log,0,False,0.0,1.7561419010162354,0.722637414932251,1.577993631362915,0.7288060188293457
269,ppo_lognormal,lognormal,log,1,False,0.0,2.317021608352661,0.73664391040802,1.9890689849853516,0.743022620677948
269,ppo_lognormal,lognormal,log,2,False,0.0,1.0265008211135864,0.7338204383850098,1.165233850479126,0.7311090230941772
269,ppo_lognormal,lognormal,log,3,False,0.0,1.9749503135681152,0.6974533200263977,1.0348390340805054,0.7098603844642639
269,ppo_lognormal,lognormal,log,4,False,0.0,2.1203603744506836,0.7451082468032837,2.4493062496185303,0.7458813190460205
269,ppo_lognormal,lognormal,log,5,True,1.0,2.2749435901641846,0.6956199407577515,1.2939085960388184,0.6857873201370239
269,ppo_lognormal,lognormal,log,6,False,0.0,1.8384299278259277,0.7351266145706177,2.3214101791381836,0.748054027557373
269,ppo_lognormal,lognormal,log,7,False,0.0,1.8553866147994995,0.7351248264312744,2.5535566806793213,0.7484726905822754
270,ppo_lognormal,lognormal,log,0,False,0.0,1.7561419010162354,0.722637414932251,1.577993631362915,0.7288060188293457
270,ppo_lognormal,lognormal,log,1,False,0.0,2.317021608352661,0.73664391040802,1.9890689849853516,0.743022620677948
270,ppo_lognormal,lognormal,log,2,False,0.0,1.0265008211135864,0.7338204383850098,1.165233850479126,0.7311090230941772
270,ppo_lognormal,lognormal,log,3,False,0.0,1.9749503135681152,0.6974533200263977,1.0348390340805054,0.7098603844642639
270,ppo_lognormal,lognormal,log,4,False,0.0,2.1203603744506836,0.7451082468032837,2.4493062496185303,0.7458813190460205
270,ppo_lognormal,lognormal,log,5,True,1.0,2.274653673171997,0.6953728199005127,1.2934454679489136,0.6855717301368713
270,ppo_lognormal,lognormal,log,6,False,0.0,1.8384299278259277,0.7351266145706177,2.3214101791381836,0.748054027557373
270,ppo_lognormal,lognormal,log,7,False,0.0,1.8553866147994995,0.7351248264312744,2.5535566806793213,0.7484726905822754
271,ppo_lognormal,lognormal,log,0,False,0.0,1.7561419010162354,0.722637414932251,1.577993631362915,0.7288060188293457
271,ppo_lognormal,lognormal,log,1,False,0.0,2.317021608352661,0.73664391040802,1.9890689849853516,0.743022620677948
271,ppo_lognormal,lognormal,log,2,False,0.0,1.0265008211135864,0.7338204383850098,1.165233850479126,0.7311090230941772
271,ppo_lognormal,lognormal,log,3,False,0.0,1.9749503135681152,0.6974533200263977,1.0348390340805054,0.7098603844642639
271,ppo_lognormal,lognormal,log,4,False,0.0,2.1203603744506836,0.7451082468032837,2.4493062496185303,0.7458813190460205
271,ppo_lognormal,lognormal,log,5,True,1.0,2.2743263244628906,0.6951286792755127,1.2929812669754028,0.6853581666946411
271,ppo_lognormal,lognormal,log,6,False,0.0,1.8384299278259277,0.7351266145706177,2.3214101791381836,0.748054027557373
271,ppo_lognormal,lognormal,log,7,False,0.0,1.8553866147994995,0.7351248264312744,2.5535566806793213,0.7484726905822754
272,ppo_lognormal,lognormal,log,0,False,0.0,1.7561419010162354,0.722637414932251,1.577993631362915,0.7288060188293457
272,ppo_lognormal,lognormal,log,1,False,0.0,2.317021608352661,0.73664391040802,1.9890689849853516,0.743022620677948
272,ppo_lognormal,lognormal,log,2,False,0.0,1.0265008211135864,0.7338204383850098,1.165233850479126,0.7311090230941772
272,ppo_lognormal,lognormal,log,3,False,0.0,1.9749503135681152,0.6974533200263977,1.0348390340805054,0.7098603844642639
272,ppo_lognormal,lognormal,log,4,False,0.0,2.1203603744506836,0.7451082468032837,2.4493062496185303,0.7458813190460205
272,ppo_lognormal,lognormal,log,5,True,1.0,2.274120807647705,0.694858193397522,1.2925450801849365,0.6851625442504883
272,ppo_lognormal,lognormal,log,6,False,0.0,1.8384299278259277,0.7351266145706177,2.3214101791381836,0.748054027557373
272,ppo_lognormal,lognormal,log,7,False,0.0,1.8553866147994995,0.7351248264312744,2.5535566806793213,0.7484726905822754
273,ppo_lognormal,lognormal,log,0,False,0.0,1.7561419010162354,0.722637414932251,1.577993631362915,0.7288060188293457
273,ppo_lognormal,lognormal,log,1,False,0.0,2.317021608352661,0.73664391040802,1.9890689849853516,0.743022620677948
273,ppo_lognormal,lognormal,log,2,False,0.0,1.0265008211135864,0.7338204383850098,1.165233850479126,0.7311090230941772
273,ppo_lognormal,lognormal,log,3,False,0.0,1.9749503135681152,0.6974533200263977,1.0348390340805054,0.7098603844642639
273,ppo_lognormal,lognormal,log,4,False,0.0,2.1203603744506836,0.7451082468032837,2.4493062496185303,0.7458813190460205
273,ppo_lognormal,lognormal,log,5,True,1.0,2.2739181518554688,0.6945853233337402,1.2921007871627808,0.6850044131278992
273,ppo_lognormal,lognormal,log,6,False,0.0,1.8384299278259277,0.7351266145706177,2.3214101791381836,0.748054027557373
273,ppo_lognormal,lognormal,log,7,False,0.0,1.8553866147994995,0.7351248264312744,2.5535566806793213,0.7484726905822754
274,ppo_lognormal,lognormal,log,0,False,0.0,1.7561419010162354,0.722637414932251,1.577993631362915,0.7288060188293457
274,ppo_lognormal,lognormal,log,1,False,0.0,2.317021608352661,0.73664391040802,1.9890689849853516,0.743022620677948
274,ppo_lognormal,lognormal,log,2,False,0.0,1.0265008211135864,0.7338204383850098,1.165233850479126,0.7311090230941772
274,ppo_lognormal,lognormal,log,3,False,0.0,1.9749503135681152,0.6974533200263977,1.0348390340805054,0.7098603844642639
274,ppo_lognormal,lognormal,log,4,False,0.0,2.1203603744506836,0.7451082468032837,2.4493062496185303,0.7458813190460205
274,ppo_lognormal,lognormal,log,5,True,1.0,2.2736802101135254,0.6943209171295166,1.2916556596755981,0.6848284602165222
274,ppo_lognormal,lognormal,log,6,False,0.0,1.8384299278259277,0.7351266145706177,2.3214101791381836,0.748054027557373
274,ppo_lognormal,lognormal,log,7,False,0.0,1.8553866147994995,0.7351248264312744,2.5535566806793213,0.7484726905822754
275,ppo_lognormal,lognormal,log,0,False,0.0,1.7561419010162354,0.722637414932251,1.577993631362915,0.7288060188293457
275,ppo_lognormal,lognormal,log,1,False,0.0,2.317021608352661,0.73664391040802,1.9890689849853516,0.743022620677948
275,ppo_lognormal,lognormal,log,2,False,0.0,1.0265008211135864,0.7338204383850098,1.165233850479126,0.7311090230941772
275,ppo_lognormal,lognormal,log,3,False,0.0,1.9749503135681152,0.6974533200263977,1.0348390340805054,0.7098603844642639
275,ppo_lognormal,lognormal,log,4,False,0.0,2.1203603744506836,0.7451082468032837,2.4493062496185303,0.7458813190460205
275,ppo_lognormal,lognormal,log,5,True,1.0,2.2734272480010986,0.6940501928329468,1.2912064790725708,0.6846791505813599
275,ppo_lognormal,lognormal,log,6,False,0.0,1.8384299278259277,0.7351266145706177,2.3214101791381836,0.748054027557373
275,ppo_lognormal,lognormal,log,7,False,0.0,1.8553866147994995,0.7351248264312744,2.5535566806793213,0.7484726905822754
276,ppo_lognormal,lognormal,log,0,False,0.0,1.7561419010162354,0.722637414932251,1.577993631362915,0.7288060188293457
276,ppo_lognormal,lognormal,log,1,False,0.0,2.317021608352661,0.73664391040802,1.9890689849853516,0.743022620677948
276,ppo_lognormal,lognormal,log,2,False,0.0,1.0265008211135864,0.7338204383850098,1.165233850479126,0.7311090230941772
276,ppo_lognormal,lognormal,log,3,False,0.0,1.9749503135681152,0.6974533200263977,1.0348390340805054,0.7098603844642639
276,ppo_lognormal,lognormal,log,4,False,0.0,2.1203603744506836,0.7451082468032837,2.4493062496185303,0.7458813190460205
276,ppo_lognormal,lognormal,log,5,True,1.0,2.273247718811035,0.6937838792800903,1.2907525300979614,0.6845640540122986
276,ppo_lognormal,lognormal,log,6,False,0.0,1.8384299278259277,0.7351266145706177,2.3214101791381836,0.748054027557373
276,ppo_lognormal,lognormal,log,7,False,0.0,1.8553866147994995,0.7351248264312744,2.5535566806793213,0.7484726905822754
277,ppo_lognormal,lognormal,log,0,False,0.0,1.7561419010162354,0.722637414932251,1.577993631362915,0.7288060188293457
277,ppo_lognormal,lognormal,log,1,False,0.0,2.317021608352661,0.73664391040802,1.9890689849853516,0.743022620677948
277,ppo_lognormal,lognormal,log,2,False,0.0,1.0265008211135864,0.7338204383850098,1.165233850479126,0.7311090230941772
277,ppo_lognormal,lognormal,log,3,False,0.0,1.9749503135681152,0.6974533200263977,1.0348390340805054,0.7098603844642639
277,ppo_lognormal,lognormal,log,4,False,0.0,2.1203603744506836,0.7451082468032837,2.4493062496185303,0.7458813190460205
277,ppo_lognormal,lognormal,log,5,True,1.0,2.273078203201294,0.693528413772583,1.2902885675430298,0.6844538450241089
277,ppo_lognormal,lognormal,log,6,False,0.0,1.8384299278259277,0.7351266145706177,2.3214101791381836,0.748054027557373
277,ppo_lognormal,lognormal,log,7,False,0.0,1.8553866147994995,0.7351248264312744,2.5535566806793213,0.7484726905822754
278,ppo_lognormal,lognormal,log,0,False,0.0,1.7561419010162354,0.722637414932251,1.577993631362915,0.7288060188293457
278,ppo_lognormal,lognormal,log,1,False,0.0,2.317021608352661,0.73664391040802,1.9890689849853516,0.743022620677948
278,ppo_lognormal,lognormal,log,2,False,0.0,1.0265008211135864,0.7338204383850098,1.165233850479126,0.7311090230941772
278,ppo_lognormal,lognormal,log,3,False,0.0,1.9749503135681152,0.6974533200263977,1.0348390340805054,0.7098603844642639
278,ppo_lognormal,lognormal,log,4,False,0.0,2.1203603744506836,0.7451082468032837,2.4493062496185303,0.7458813190460205
278,ppo_lognormal,lognormal,log,5,True,1.0,2.2729332447052,0.6933140158653259,1.2898356914520264,0.6842981576919556
278,ppo_lognormal,lognormal,log,6,False,0.0,1.8384299278259277,0.7351266145706177,2.3214101791381836,0.748054027557373
278,ppo_lognormal,lognormal,log,7,False,0.0,1.8553866147994995,0.7351248264312744,2.5535566806793213,0.7484726905822754
279,ppo_lognormal,lognormal,log,0,False,0.0,1.7561419010162354,0.722637414932251,1.577993631362915,0.7288060188293457
279,ppo_lognormal,lognormal,log,1,False,0.0,2.317021608352661,0.73664391040802,1.9890689849853516,0.743022620677948
279,ppo_lognormal,lognormal,log,2,False,0.0,1.0265008211135864,0.7338204383850098,1.165233850479126,0.7311090230941772
279,ppo_lognormal,lognormal,log,3,False,0.0,1.9749503135681152,0.6974533200263977,1.0348390340805054,0.7098603844642639
279,ppo_lognormal,lognormal,log,4,False,0.0,2.1203603744506836,0.7451082468032837,2.4493062496185303,0.7458813190460205
279,ppo_lognormal,lognormal,log,5,True,1.0,2.27276873588562,0.6931045651435852,1.2893847227096558,0.6841163635253906
279,ppo_lognormal,lognormal,log,6,False,0.0,1.8384299278259277,0.7351266145706177,2.3214101791381836,0.748054027557373
279,ppo_lognormal,lognormal,log,7,False,0.0,1.8553866147994995,0.7351248264312744,2.5535566806793213,0.7484726905822754
280,ppo_lognormal,lognormal,log,0,False,0.0,1.7561419010162354,0.722637414932251,1.577993631362915,0.7288060188293457
280,ppo_lognormal,lognormal,log,1,False,0.0,2.317021608352661,0.73664391040802,1.9890689849853516,0.743022620677948
280,ppo_lognormal,lognormal,log,2,False,0.0,1.0265008211135864,0.7338204383850098,1.165233850479126,0.7311090230941772
280,ppo_lognormal,lognormal,log,3,False,0.0,1.9749503135681152,0.6974533200263977,1.0348390340805054,0.7098603844642639
280,ppo_lognormal,lognormal,log,4,False,0.0,2.1203603744506836,0.7451082468032837,2.4493062496185303,0.7458813190460205
280,ppo_lognormal,lognormal,log,5,True,1.0,2.272596836090088,0.6928645372390747,1.2889554500579834,0.6839203238487244
280,ppo_lognormal,lognormal,log,6,False,0.0,1.8384299278259277,0.7351266145706177,2.3214101791381836,0.748054027557373
280,ppo_lognormal,lognormal,log,7,False,0.0,1.8553866147994995,0.7351248264312744,2.5535566806793213,0.7484726905822754
281,ppo_lognormal,lognormal,log,0,False,0.0,1.7561419010162354,0.722637414932251,1.577993631362915,0.7288060188293457
281,ppo_lognormal,lognormal,log,1,False,0.0,2.317021608352661,0.73664391040802,1.9890689849853516,0.743022620677948
281,ppo_lognormal,lognormal,log,2,False,0.0,1.0265008211135864,0.7338204383850098,1.165233850479126,0.7311090230941772
281,ppo_lognormal,lognormal,log,3,False,0.0,1.9749503135681152,0.6974533200263977,1.0348390340805054,0.7098603844642639
281,ppo_lognormal,lognormal,log,4,False,0.0,2.1203603744506836,0.7451082468032837,2.4493062496185303,0.7458813190460205
281,ppo_lognormal,lognormal,log,5,True,1.0,2.272423267364502,0.6926473379135132,1.2885150909423828,0.6837633848190308
281,ppo_lognormal,lognormal,log,6,False,0.0,1.8384299278259277,0.7351266145706177,2.3214101791381836,0.748054027557373
281,ppo_lognormal,lognormal,log,7,False,0.0,1.8553866147994995,0.7351248264312744,2.5535566806793213,0.7484726905822754
282,ppo_lognormal,lognormal,log,0,False,0.0,1.7561419010162354,0.722637414932251,1.577993631362915,0.7288060188293457
282,ppo_lognormal,lognormal,log,1,False,0.0,2.317021608352661,0.73664391040802,1.9890689849853516,0.743022620677948
282,ppo_lognormal,lognormal,log,2,False,0.0,1.0265008211135864,0.7338204383850098,1.165233850479126,0.7311090230941772
282,ppo_lognormal,lognormal,log,3,False,0.0,1.9749503135681152,0.6974533200263977,1.0348390340805054,0.7098603844642639
282,ppo_lognormal,lognormal,log,4,False,0.0,2.1203603744506836,0.7451082468032837,2.4493062496185303,0.7458813190460205
282,ppo_lognormal,lognormal,log,5,True,1.0,2.2722537517547607,0.692449688911438,1.2880710363388062,0.6835841536521912
282,ppo_lognormal,lognormal,log,6,False,0.0,1.8384299278259277,0.7351266145706177,2.3214101791381836,0.748054027557373
282,ppo_lognormal,lognormal,log,7,False,0.0,1.8553866147994995,0.7351248264312744,2.5535566806793213,0.7484726905822754
283,ppo_lognormal,lognormal,log,0,False,0.0,1.7561419010162354,0.722637414932251,1.577993631362915,0.7288060188293457
283,ppo_lognormal,lognormal,log,1,False,0.0,2.317021608352661,0.73664391040802,1.9890689849853516,0.743022620677948
283,ppo_lognormal,lognormal,log,2,False,0.0,1.0265008211135864,0.7338204383850098,1.165233850479126,0.7311090230941772
283,ppo_lognormal,lognormal,log,3,False,0.0,1.9749503135681152,0.6974533200263977,1.0348390340805054,0.7098603844642639
283,ppo_lognormal,lognormal,log,4,False,0.0,2.1203603744506836,0.7451082468032837,2.4493062496185303,0.7458813190460205
283,ppo_lognormal,lognormal,log,5,True,1.0,2.272045850753784,0.6922616958618164,1.2876241207122803,0.6833988428115845
283,ppo_lognormal,lognormal,log,6,False,0.0,1.8384299278259277,0.7351266145706177,2.3214101791381836,0.748054027557373
283,ppo_lognormal,lognormal,log,7,False,0.0,1.8553866147994995,0.7351248264312744,2.5535566806793213,0.7484726905822754
284,ppo_lognormal,lognormal,log,0,False,0.0,1.7561419010162354,0.722637414932251,1.577993631362915,0.7288060188293457
284,ppo_lognormal,lognormal,log,1,False,0.0,2.317021608352661,0.73664391040802,1.9890689849853516,0.743022620677948
284,ppo_lognormal,lognormal,log,2,False,0.0,1.0265008211135864,0.7338204383850098,1.165233850479126,0.7311090230941772
284,ppo_lognormal,lognormal,log,3,False,0.0,1.9749503135681152,0.6974533200263977,1.0348390340805054,0.7098603844642639
284,ppo_lognormal,lognormal,log,4,False,0.0,2.1203603744506836,0.7451082468032837,2.4493062496185303,0.7458813190460205
284,ppo_lognormal,lognormal,log,5,True,1.0,2.271784782409668,0.6920797824859619,1.28718101978302,0.6832062005996704
284,ppo_lognormal,lognormal,log,6,False,0.0,1.8384299278259277,0.7351266145706177,2.3214101791381836,0.748054027557373
284,ppo_lognormal,lognormal,log,7,False,0.0,1.8553866147994995,0.7351248264312744,2.5535566806793213,0.7484726905822754
285,ppo_lognormal,lognormal,log,0,False,0.0,1.7561419010162354,0.722637414932251,1.577993631362915,0.7288060188293457
285,ppo_lognormal,lognormal,log,1,False,0.0,2.317021608352661,0.73664391040802,1.9890689849853516,0.743022620677948
285,ppo_lognormal,lognormal,log,2,False,0.0,1.0265008211135864,0.7338204383850098,1.165233850479126,0.7311090230941772
285,ppo_lognormal,lognormal,log,3,False,0.0,1.9749503135681152,0.6974533200263977,1.0348390340805054,0.7098603844642639
285,ppo_lognormal,lognormal,log,4,False,0.0,2.1203603744506836,0.7451082468032837,2.4493062496185303,0.7458813190460205
285,ppo_lognormal,lognormal,log,5,True,1.0,2.2715115547180176,0.6919252276420593,1.28673255443573,0.6830105185508728
285,ppo_lognormal,lognormal,log,6,False,0.0,1.8384299278259277,0.7351266145706177,2.3214101791381836,0.748054027557373
285,ppo_lognormal,lognormal,log,7,False,0.0,1.8553866147994995,0.7351248264312744,2.5535566806793213,0.7484726905822754
286,ppo_lognormal,lognormal,log,0,False,0.0,1.7561419010162354,0.722637414932251,1.577993631362915,0.7288060188293457
286,ppo_lognormal,lognormal,log,1,False,0.0,2.317021608352661,0.73664391040802,1.9890689849853516,0.743022620677948
286,ppo_lognormal,lognormal,log,2,False,0.0,1.0265008211135864,0.7338204383850098,1.165233850479126,0.7311090230941772
286,ppo_lognormal,lognormal,log,3,False,0.0,1.9749503135681152,0.6974533200263977,1.0348390340805054,0.7098603844642639
286,ppo_lognormal,lognormal,log,4,False,0.0,2.1203603744506836,0.7451082468032837,2.4493062496185303,0.7458813190460205
286,ppo_lognormal,lognormal,log,5,True,1.0,2.2712419033050537,0.691748321056366,1.2862924337387085,0.6828006505966187
286,ppo_lognormal,lognormal,log,6,False,0.0,1.8384299278259277,0.7351266145706177,2.3214101791381836,0.748054027557373
286,ppo_lognormal,lognormal,log,7,False,0.0,1.8553866147994995,0.7351248264312744,2.5535566806793213,0.7484726905822754
287,ppo_lognormal,lognormal,log,0,False,0.0,1.7561419010162354,0.722637414932251,1.577993631362915,0.7288060188293457
287,ppo_lognormal,lognormal,log,1,False,0.0,2.317021608352661,0.73664391040802,1.9890689849853516,0.743022620677948
287,ppo_lognormal,lognormal,log,2,False,0.0,1.0265008211135864,0.7338204383850098,1.165233850479126,0.7311090230941772
287,ppo_lognormal,lognormal,log,3,False,0.0,1.9749503135681152,0.6974533200263977,1.0348390340805054,0.7098603844642639
287,ppo_lognormal,lognormal,log,4,False,0.0,2.1203603744506836,0.7451082468032837,2.4493062496185303,0.7458813190460205
287,ppo_lognormal,lognormal,log,5,True,1.0,2.2709648609161377,0.6915859580039978,1.2858610153198242,0.6825626492500305
287,ppo_lognormal,lognormal,log,6,False,0.0,1.8384299278259277,0.7351266145706177,2.3214101791381836,0.748054027557373
287,ppo_lognormal,lognormal,log,7,False,0.0,1.8553866147994995,0.7351248264312744,2.5535566806793213,0.7484726905822754
288,ppo_lognormal,lognormal,log,0,False,0.0,1.7561419010162354,0.722637414932251,1.577993631362915,0.7288060188293457
288,ppo_lognormal,lognormal,log,1,False,0.0,2.317021608352661,0.73664391040802,1.9890689849853516,0.743022620677948
288,ppo_lognormal,lognormal,log,2,False,0.0,1.0265008211135864,0.7338204383850098,1.165233850479126,0.7311090230941772
288,ppo_lognormal,lognormal,log,3,False,0.0,1.9749503135681152,0.6974533200263977,1.0348390340805054,0.7098603844642639
288,ppo_lognormal,lognormal,log,4,False,0.0,2.1203603744506836,0.7451082468032837,2.4493062496185303,0.7458813190460205
288,ppo_lognormal,lognormal,log,5,True,1.0,2.2706680297851562,0.691422164440155,1.2854293584823608,0.6823804378509521
288,ppo_lognormal,lognormal,log,6,False,0.0,1.8384299278259277,0.7351266145706177,2.3214101791381836,0.748054027557373
288,ppo_lognormal,lognormal,log,7,False,0.0,1.8553866147994995,0.7351248264312744,2.5535566806793213,0.7484726905822754
289,ppo_lognormal,lognormal,log,0,False,0.0,1.7561419010162354,0.722637414932251,1.577993631362915,0.7288060188293457
289,ppo_lognormal,lognormal,log,1,False,0.0,2.317021608352661,0.73664391040802,1.9890689849853516,0.743022620677948
289,ppo_lognormal,lognormal,log,2,False,0.0,1.0265008211135864,0.7338204383850098,1.165233850479126,0.7311090230941772
289,ppo_lognormal,lognormal,log,3,False,0.0,1.9749503135681152,0.6974533200263977,1.0348390340805054,0.7098603844642639
289,ppo_lognormal,lognormal,log,4,False,0.0,2.1203603744506836,0.7451082468032837,2.4493062496185303,0.7458813190460205
289,ppo_lognormal,lognormal,log,5,True,1.0,2.270317792892456,0.6912451982498169,1.285011649131775,0.6821974515914917
289,ppo_lognormal,lognormal,log,6,False,0.0,1.8384299278259277,0.7351266145706177,2.3214101791381836,0.748054027557373
289,ppo_lognormal,lognormal,log,7,False,0.0,1.8553866147994995,0.7351248264312744,2.5535566806793213,0.7484726905822754
290,ppo_lognormal,lognormal,log,0,False,0.0,1.7561419010162354,0.722637414932251,1.577993631362915,0.7288060188293457
290,ppo_lognormal,lognormal,log,1,False,0.0,2.317021608352661,0.73664391040802,1.9890689849853516,0.743022620677948
290,ppo_lognormal,lognormal,log,2,False,0.0,1.0265008211135864,0.7338204383850098,1.165233850479126,0.7311090230941772
290,ppo_lognormal,lognormal,log,3,False,0.0,1.9749503135681152,0.6974533200263977,1.0348390340805054,0.7098603844642639
290,ppo_lognormal,lognormal,log,4,False,0.0,2.1203603744506836,0.7451082468032837,2.4493062496185303,0.7458813190460205
290,ppo_lognormal,lognormal,log,5,True,1.0,2.269976854324341,0.6910547018051147,1.284593939781189,0.6820048093795776
290,ppo_lognormal,lognormal,log,6,False,0.0,1.8384299278259277,0.7351266145706177,2.3214101791381836,0.748054027557373
290,ppo_lognormal,lognormal,log,7,False,0.0,1.8553866147994995,0.7351248264312744,2.5535566806793213,0.7484726905822754
291,ppo_lognormal,lognormal,log,0,False,0.0,1.7561419010162354,0.722637414932251,1.577993631362915,0.7288060188293457
291,ppo_lognormal,lognormal,log,1,False,0.0,2.317021608352661,0.73664391040802,1.9890689849853516,0.743022620677948
291,ppo_lognormal,lognormal,log,2,False,0.0,1.0265008211135864,0.7338204383850098,1.165233850479126,0.7311090230941772
291,ppo_lognormal,lognormal,log,3,False,0.0,1.9749503135681152,0.6974533200263977,1.0348390340805054,0.7098603844642639
291,ppo_lognormal,lognormal,log,4,False,0.0,2.1203603744506836,0.7451082468032837,2.4493062496185303,0.7458813190460205
291,ppo_lognormal,lognormal,log,5,True,1.0,2.2696335315704346,0.6908688545227051,1.2841709852218628,0.6818561553955078
291,ppo_lognormal,lognormal,log,6,False,0.0,1.8384299278259277,0.7351266145706177,2.3214101791381836,0.748054027557373
291,ppo_lognormal,lognormal,log,7,False,0.0,1.8553866147994995,0.7351248264312744,2.5535566806793213,0.7484726905822754
292,ppo_lognormal,lognormal,log,0,False,0.0,1.7561419010162354,0.722637414932251,1.577993631362915,0.7288060188293457
292,ppo_lognormal,lognormal,log,1,False,0.0,2.317021608352661,0.73664391040802,1.9890689849853516,0.743022620677948
292,ppo_lognormal,lognormal,log,2,False,0.0,1.0265008211135864,0.7338204383850098,1.165233850479126,0.7311090230941772
292,ppo_lognormal,lognormal,log,3,False,0.0,1.9749503135681152,0.6974533200263977,1.0348390340805054,0.7098603844642639
292,ppo_lognormal,lognormal,log,4,False,0.0,2.1203603744506836,0.7451082468032837,2.4493062496185303,0.7458813190460205
292,ppo_lognormal,lognormal,log,5,True,1.0,2.269294261932373,0.6906849145889282,1.283743143081665,0.6816994547843933
292,ppo_lognormal,lognormal,log,6,False,0.0,1.8384299278259277,0.7351266145706177,2.3214101791381836,0.748054027557373
292,ppo_lognormal,lognormal,log,7,False,0.0,1.8553866147994995,0.7351248264312744,2.5535566806793213,0.7484726905822754
293,ppo_lognormal,lognormal,log,0,False,0.0,1.7561419010162354,0.722637414932251,1.577993631362915,0.7288060188293457
293,ppo_lognormal,lognormal,log,1,False,0.0,2.317021608352661,0.73664391040802,1.9890689849853516,0.743022620677948
293,ppo_lognormal,lognormal,log,2,False,0.0,1.0265008211135864,0.7338204383850098,1.165233850479126,0.7311090230941772
293,ppo_lognormal,lognormal,log,3,False,0.0,1.9749503135681152,0.6974533200263977,1.0348390340805054,0.7098603844642639
293,ppo_lognormal,lognormal,log,4,False,0.0,2.1203603744506836,0.7451082468032837,2.4493062496185303,0.7458813190460205
293,ppo_lognormal,lognormal,log,5,True,1.0,2.268967628479004,0.6904700994491577,1.2833248376846313,0.6815558671951294
293,ppo_lognormal,lognormal,log,6,False,0.0,1.8384299278259277,0.7351266145706177,2.3214101791381836,0.748054027557373
293,ppo_lognormal,lognormal,log,7,False,0.0,1.8553866147994995,0.7351248264312744,2.5535566806793213,0.7484726905822754
294,ppo_lognormal,lognormal,log,0,False,0.0,1.7561419010162354,0.722637414932251,1.577993631362915,0.7288060188293457
294,ppo_lognormal,lognormal,log,1,False,0.0,2.317021608352661,0.73664391040802,1.9890689849853516,0.743022620677948
294,ppo_lognormal,lognormal,log,2,False,0.0,1.0265008211135864,0.7338204383850098,1.165233850479126,0.7311090230941772
294,ppo_lognormal,lognormal,log,3,False,0.0,1.9749503135681152,0.6974533200263977,1.0348390340805054,0.7098603844642639
294,ppo_lognormal,lognormal,log,4,False,0.0,2.1203603744506836,0.7451082468032837,2.4493062496185303,0.7458813190460205
294,ppo_lognormal,lognormal,log,5,True,1.0,2.2686767578125,0.6902552843093872,1.2829079627990723,0.6813998222351074
294,ppo_lognormal,lognormal,log,6,False,0.0,1.8384299278259277,0.7351266145706177,2.3214101791381836,0.748054027557373
294,ppo_lognormal,lognormal,log,7,False,0.0,1.8553866147994995,0.7351248264312744,2.5535566806793213,0.7484726905822754
295,ppo_lognormal,lognormal,log,0,False,0.0,1.7561419010162354,0.722637414932251,1.577993631362915,0.7288060188293457
295,ppo_lognormal,lognormal,log,1,False,0.0,2.317021608352661,0.73664391040802,1.9890689849853516,0.743022620677948
295,ppo_lognormal,lognormal,log,2,False,0.0,1.0265008211135864,0.7338204383850098,1.165233850479126,0.7311090230941772
295,ppo_lognormal,lognormal,log,3,False,0.0,1.9749503135681152,0.6974533200263977,1.0348390340805054,0.7098603844642639
295,ppo_lognormal,lognormal,log,4,False,0.0,2.1203603744506836,0.7451082468032837,2.4493062496185303,0.7458813190460205
295,ppo_lognormal,lognormal,log,5,True,1.0,2.2683804035186768,0.6900186538696289,1.2824970483779907,0.6812649965286255
295,ppo_lognormal,lognormal,log,6,False,0.0,1.8384299278259277,0.7351266145706177,2.3214101791381836,0.748054027557373
295,ppo_lognormal,lognormal,log,7,False,0.0,1.8553866147994995,0.7351248264312744,2.5535566806793213,0.7484726905822754
296,ppo_lognormal,lognormal,log,0,False,0.0,1.7561419010162354,0.722637414932251,1.577993631362915,0.7288060188293457
296,ppo_lognormal,lognormal,log,1,False,0.0,2.317021608352661,0.73664391040802,1.9890689849853516,0.743022620677948
296,ppo_lognormal,lognormal,log,2,False,0.0,1.0265008211135864,0.7338204383850098,1.165233850479126,0.7311090230941772
296,ppo_lognormal,lognormal,log,3,False,0.0,1.9749503135681152,0.6974533200263977,1.0348390340805054,0.7098603844642639
296,ppo_lognormal,lognormal,log,4,False,0.0,2.1203603744506836,0.7451082468032837,2.4493062496185303,0.7458813190460205
296,ppo_lognormal,lognormal,log,5,True,1.0,2.268087387084961,0.6897944808006287,1.282082438468933,0.6811127662658691
296,ppo_lognormal,lognormal,log,6,False,0.0,1.8384299278259277,0.7351266145706177,2.3214101791381836,0.748054027557373
296,ppo_lognormal,lognormal,log,7,False,0.0,1.8553866147994995,0.7351248264312744,2.5535566806793213,0.7484726905822754
297,ppo_lognormal,lognormal,log,0,False,0.0,1.7561419010162354,0.722637414932251,1.577993631362915,0.7288060188293457
297,ppo_lognormal,lognormal,log,1,False,0.0,2.317021608352661,0.73664391040802,1.9890689849853516,0.743022620677948
297,ppo_lognormal,lognormal,log,2,False,0.0,1.0265008211135864,0.7338204383850098,1.165233850479126,0.7311090230941772
297,ppo_lognormal,lognormal,log,3,False,0.0,1.9749503135681152,0.6974533200263977,1.0348390340805054,0.7098603844642639
297,ppo_lognormal,lognormal,log,4,False,0.0,2.1203603744506836,0.7451082468032837,2.4493062496185303,0.7458813190460205
297,ppo_lognormal,lognormal,log,5,True,1.0,2.2677788734436035,0.6895782947540283,1.2816619873046875,0.6809734106063843
297,ppo_lognormal,lognormal,log,6,False,0.0,1.8384299278259277,0.7351266145706177,2.3214101791381836,0.748054027557373
297,ppo_lognormal,lognormal,log,7,False,0.0,1.8553866147994995,0.7351248264312744,2.5535566806793213,0.7484726905822754
298,ppo_lognormal,lognormal,log,0,False,0.0,1.7561419010162354,0.722637414932251,1.577993631362915,0.7288060188293457
298,ppo_lognormal,lognormal,log,1,False,0.0,2.317021608352661,0.73664391040802,1.9890689849853516,0.743022620677948
298,ppo_lognormal,lognormal,log,2,False,0.0,1.0265008211135864,0.7338204383850098,1.165233850479126,0.7311090230941772
298,ppo_lognormal,lognormal,log,3,False,0.0,1.9749503135681152,0.6974533200263977,1.0348390340805054,0.7098603844642639
298,ppo_lognormal,lognormal,log,4,False,0.0,2.1203603744506836,0.7451082468032837,2.4493062496185303,0.7458813190460205
298,ppo_lognormal,lognormal,log,5,True,1.0,2.267444372177124,0.6893677115440369,1.2812420129776,0.6808685660362244
298,ppo_lognormal,lognormal,log,6,False,0.0,1.8384299278259277,0.7351266145706177,2.3214101791381836,0.748054027557373
298,ppo_lognormal,lognormal,log,7,False,0.0,1.8553866147994995,0.7351248264312744,2.5535566806793213,0.7484726905822754
299,ppo_lognormal,lognormal,log,0,False,0.0,1.7561419010162354,0.722637414932251,1.577993631362915,0.7288060188293457
299,ppo_lognormal,lognormal,log,1,False,0.0,2.317021608352661,0.73664391040802,1.9890689849853516,0.743022620677948
299,ppo_lognormal,lognormal,log,2,False,0.0,1.0265008211135864,0.7338204383850098,1.165233850479126,0.7311090230941772
299,ppo_lognormal,lognormal,log,3,False,0.0,1.9749503135681152,0.6974533200263977,1.0348390340805054,0.7098603844642639
299,ppo_lognormal,lognormal,log,4,False,0.0,2.1203603744506836,0.7451082468032837,2.4493062496185303,0.7458813190460205
299,ppo_lognormal,lognormal,log,5,True,1.0,2.2670998573303223,0.6891471743583679,1.2808256149291992,0.6807946562767029
299,ppo_lognormal,lognormal,log,6,False,0.0,1.8384299278259277,0.7351266145706177,2.3214101791381836,0.748054027557373
299,ppo_lognormal,lognormal,log,7,False,0.0,1.8553866147994995,0.7351248264312744,2.5535566806793213,0.7484726905822754
300,ppo_lognormal,lognormal,log,0,False,0.0,1.7561419010162354,0.722637414932251,1.577993631362915,0.7288060188293457
300,ppo_lognormal,lognormal,log,1,False,0.0,2.317021608352661,0.73664391040802,1.9890689849853516,0.743022620677948
300,ppo_lognormal,lognormal,log,2,False,0.0,1.0265008211135864,0.7338204383850098,1.165233850479126,0.7311090230941772
300,ppo_lognormal,lognormal,log,3,False,0.0,1.9749503135681152,0.6974533200263977,1.0348390340805054,0.7098603844642639
300,ppo_lognormal,lognormal,log,4,False,0.0,2.1203603744506836,0.7451082468032837,2.4493062496185303,0.7458813190460205
300,ppo_lognormal,lognormal,log,5,True,1.0,2.266770124435425,0.6888942718505859,1.2804359197616577,0.6807141304016113
300,ppo_lognormal,lognormal,log,6,False,0.0,1.8384299278259277,0.7351266145706177,2.3214101791381836,0.748054027557373
300,ppo_lognormal,lognormal,log,7,False,0.0,1.8553866147994995,0.7351248264312744,2.5535566806793213,0.7484726905822754
301,ppo_lognormal,lognormal,log,0,False,0.0,1.7561419010162354,0.722637414932251,1.577993631362915,0.7288060188293457
301,ppo_lognormal,lognormal,log,1,False,0.0,2.317021608352661,0.73664391040802,1.9890689849853516,0.743022620677948
301,ppo_lognormal,lognormal,log,2,False,0.0,1.0265008211135864,0.7338204383850098,1.165233850479126,0.7311090230941772
301,ppo_lognormal,lognormal,log,3,False,0.0,1.9749503135681152,0.6974533200263977,1.0348390340805054,0.7098603844642639
301,ppo_lognormal,lognormal,log,4,False,0.0,2.1203603744506836,0.7451082468032837,2.4493062496185303,0.7458813190460205
301,ppo_lognormal,lognormal,log,5,True,1.0,2.2664361000061035,0.6886481046676636,1.2800440788269043,0.6806122660636902
301,ppo_lognormal,lognormal,log,6,False,0.0,1.8384299278259277,0.7351266145706177,2.3214101791381836,0.748054027557373
301,ppo_lognormal,lognormal,log,7,False,0.0,1.8553866147994995,0.7351248264312744,2.5535566806793213,0.7484726905822754
302,ppo_lognormal,lognormal,log,0,False,0.0,1.7561419010162354,0.722637414932251,1.577993631362915,0.7288060188293457
302,ppo_lognormal,lognormal,log,1,False,0.0,2.317021608352661,0.73664391040802,1.9890689849853516,0.743022620677948
302,ppo_lognormal,lognormal,log,2,False,0.0,1.0265008211135864,0.7338204383850098,1.165233850479126,0.7311090230941772
302,ppo_lognormal,lognormal,log,3,False,0.0,1.9749503135681152,0.6974533200263977,1.0348390340805054,0.7098603844642639
302,ppo_lognormal,lognormal,log,4,False,0.0,2.1203603744506836,0.7451082468032837,2.4493062496185303,0.7458813190460205
302,ppo_lognormal,lognormal,log,5,True,1.0,2.2661852836608887,0.6884192228317261,1.2796578407287598,0.6804776787757874
302,ppo_lognormal,lognormal,log,6,False,0.0,1.8384299278259277,0.7351266145706177,2.3214101791381836,0.748054027557373
302,ppo_lognormal,lognormal,log,7,False,0.0,1.8553866147994995,0.7351248264312744,2.5535566806793213,0.7484726905822754
303,ppo_lognormal,lognormal,log,0,False,0.0,1.7561419010162354,0.722637414932251,1.577993631362915,0.7288060188293457
303,ppo_lognormal,lognormal,log,1,False,0.0,2.317021608352661,0.73664391040802,1.9890689849853516,0.743022620677948
303,ppo_lognormal,lognormal,log,2,False,0.0,1.0265008211135864,0.7338204383850098,1.165233850479126,0.7311090230941772
303,ppo_lognormal,lognormal,log,3,False,0.0,1.9749503135681152,0.6974533200263977,1.0348390340805054,0.7098603844642639
303,ppo_lognormal,lognormal,log,4,False,0.0,2.1203603744506836,0.7451082468032837,2.4493062496185303,0.7458813190460205
303,ppo_lognormal,lognormal,log,5,True,1.0,2.265937566757202,0.688212513923645,1.2792624235153198,0.6803383231163025
303,ppo_lognormal,lognormal,log,6,False,0.0,1.8384299278259277,0.7351266145706177,2.3214101791381836,0.748054027557373
303,ppo_lognormal,lognormal,log,7,False,0.0,1.8553866147994995,0.7351248264312744,2.5535566806793213,0.7484726905822754
304,ppo_lognormal,lognormal,log,0,False,0.0,1.7561419010162354,0.722637414932251,1.577993631362915,0.7288060188293457
304,ppo_lognormal,lognormal,log,1,False,0.0,2.317021608352661,0.73664391040802,1.9890689849853516,0.743022620677948
304,ppo_lognormal,lognormal,log,2,False,0.0,1.0265008211135864,0.7338204383850098,1.165233850479126,0.7311090230941772
304,ppo_lognormal,lognormal,log,3,False,0.0,1.9749503135681152,0.6974533200263977,1.0348390340805054,0.7098603844642639
304,ppo_lognormal,lognormal,log,4,False,0.0,2.1203603744506836,0.7451082468032837,2.4493062496185303,0.7458813190460205
304,ppo_lognormal,lognormal,log,5,True,1.0,2.2656776905059814,0.688003420829773,1.2788680791854858,0.680184006690979
304,ppo_lognormal,lognormal,log,6,False,0.0,1.8384299278259277,0.7351266145706177,2.3214101791381836,0.748054027557373
304,ppo_lognormal,lognormal,log,7,False,0.0,1.8553866147994995,0.7351248264312744,2.5535566806793213,0.7484726905822754
305,ppo_lognormal,lognormal,log,0,False,0.0,1.7561419010162354,0.722637414932251,1.577993631362915,0.7288060188293457
305,ppo_lognormal,lognormal,log,1,False,0.0,2.317021608352661,0.73664391040802,1.9890689849853516,0.743022620677948
305,ppo_lognormal,lognormal,log,2,False,0.0,1.0265008211135864,0.7338204383850098,1.165233850479126,0.7311090230941772
305,ppo_lognormal,lognormal,log,3,False,0.0,1.9749503135681152,0.6974533200263977,1.0348390340805054,0.7098603844642639
305,ppo_lognormal,lognormal,log,4,False,0.0,2.1203603744506836,0.7451082468032837,2.4493062496185303,0.7458813190460205
305,ppo_lognormal,lognormal,log,5,True,1.0,2.2653732299804688,0.6878040432929993,1.2785274982452393,0.6800376176834106
305,ppo_lognormal,lognormal,log,6,False,0.0,1.8384299278259277,0.7351266145706177,2.3214101791381836,0.748054027557373
305,ppo_lognormal,lognormal,log,7,False,0.0,1.8553866147994995,0.7351248264312744,2.5535566806793213,0.7484726905822754
306,ppo_lognormal,lognormal,log,0,False,0.0,1.7561419010162354,0.722637414932251,1.577993631362915,0.7288060188293457
306,ppo_lognormal,lognormal,log,1,False,0.0,2.317021608352661,0.73664391040802,1.9890689849853516,0.743022620677948
306,ppo_lognormal,lognormal,log,2,False,0.0,1.0265008211135864,0.7338204383850098,1.165233850479126,0.7311090230941772
306,ppo_lognormal,lognormal,log,3,False,0.0,1.9749503135681152,0.6974533200263977,1.0348390340805054,0.7098603844642639
306,ppo_lognormal,lognormal,log,4,False,0.0,2.1203603744506836,0.7451082468032837,2.4493062496185303,0.7458813190460205
306,ppo_lognormal,lognormal,log,5,True,1.0,2.265062093734741,0.6876004934310913,1.2781802415847778,0.6798853278160095
306,ppo_lognormal,lognormal,log,6,False,0.0,1.8384299278259277,0.7351266145706177,2.3214101791381836,0.748054027557373
306,ppo_lognormal,lognormal,log,7,False,0.0,1.8553866147994995,0.7351248264312744,2.5535566806793213,0.7484726905822754
307,ppo_lognormal,lognormal,log,0,False,0.0,1.7561419010162354,0.722637414932251,1.577993631362915,0.7288060188293457
307,ppo_lognormal,lognormal,log,1,False,0.0,2.317021608352661,0.73664391040802,1.9890689849853516,0.743022620677948
307,ppo_lognormal,lognormal,log,2,False,0.0,1.0265008211135864,0.7338204383850098,1.165233850479126,0.7311090230941772
307,ppo_lognormal,lognormal,log,3,False,0.0,1.9749503135681152,0.6974533200263977,1.0348390340805054,0.7098603844642639
307,ppo_lognormal,lognormal,log,4,False,0.0,2.1203603744506836,0.7451082468032837,2.4493062496185303,0.7458813190460205
307,ppo_lognormal,lognormal,log,5,True,1.0,2.2647955417633057,0.6873972415924072,1.2778350114822388,0.6797053217887878
307,ppo_lognormal,lognormal,log,6,False,0.0,1.8384299278259277,0.7351266145706177,2.3214101791381836,0.748054027557373
307,ppo_lognormal,lognormal,log,7,False,0.0,1.8553866147994995,0.7351248264312744,2.5535566806793213,0.7484726905822754
308,ppo_lognormal,lognormal,log,0,False,0.0,1.7561419010162354,0.722637414932251,1.577993631362915,0.7288060188293457
308,ppo_lognormal,lognormal,log,1,False,0.0,2.317021608352661,0.73664391040802,1.9890689849853516,0.743022620677948
308,ppo_lognormal,lognormal,log,2,False,0.0,1.0265008211135864,0.7338204383850098,1.165233850479126,0.7311090230941772
308,ppo_lognormal,lognormal,log,3,False,0.0,1.9749503135681152,0.6974533200263977,1.0348390340805054,0.7098603844642639
308,ppo_lognormal,lognormal,log,4,False,0.0,2.1203603744506836,0.7451082468032837,2.4493062496185303,0.7458813190460205
308,ppo_lognormal,lognormal,log,5,True,1.0,2.2645716667175293,0.6872057914733887,1.2774757146835327,0.6795458197593689
308,ppo_lognormal,lognormal,log,6,False,0.0,1.8384299278259277,0.7351266145706177,2.3214101791381836,0.748054027557373
308,ppo_lognormal,lognormal,log,7,False,0.0,1.8553866147994995,0.7351248264312744,2.5535566806793213,0.7484726905822754
309,ppo_lognormal,lognormal,log,0,False,0.0,1.7561419010162354,0.722637414932251,1.577993631362915,0.7288060188293457
309,ppo_lognormal,lognormal,log,1,False,0.0,2.317021608352661,0.73664391040802,1.9890689849853516,0.743022620677948
309,ppo_lognormal,lognormal,log,2,False,0.0,1.0265008211135864,0.7338204383850098,1.165233850479126,0.7311090230941772
309,ppo_lognormal,lognormal,log,3,False,0.0,1.9749503135681152,0.6974533200263977,1.0348390340805054,0.7098603844642639
309,ppo_lognormal,lognormal,log,4,False,0.0,2.1203603744506836,0.7451082468032837,2.4493062496185303,0.7458813190460205
309,ppo_lognormal,lognormal,log,5,True,1.0,2.264315605163574,0.6870055794715881,1.2771246433258057,0.6793701648712158
309,ppo_lognormal,lognormal,log,6,False,0.0,1.8384299278259277,0.7351266145706177,2.3214101791381836,0.748054027557373
309,ppo_lognormal,lognormal,log,7,False,0.0,1.8553866147994995,0.7351248264312744,2.5535566806793213,0.7484726905822754
310,ppo_lognormal,lognormal,log,0,False,0.0,1.7561419010162354,0.722637414932251,1.577993631362915,0.7288060188293457
310,ppo_lognormal,lognormal,log,1,False,0.0,2.317021608352661,0.73664391040802,1.9890689849853516,0.743022620677948
310,ppo_lognormal,lognormal,log,2,False,0.0,1.0265008211135864,0.7338204383850098,1.165233850479126,0.7311090230941772
310,ppo_lognormal,lognormal,log,3,False,0.0,1.9749503135681152,0.6974533200263977,1.0348390340805054,0.7098603844642639
310,ppo_lognormal,lognormal,log,4,False,0.0,2.1203603744506836,0.7451082468032837,2.4493062496185303,0.7458813190460205
310,ppo_lognormal,lognormal,log,5,True,1.0,2.2640721797943115,0.6868100166320801,1.2767618894577026,0.6792057156562805
310,ppo_lognormal,lognormal,log,6,False,0.0,1.8384299278259277,0.7351266145706177,2.3214101791381836,0.748054027557373
310,ppo_lognormal,lognormal,log,7,False,0.0,1.8553866147994995,0.7351248264312744,2.5535566806793213,0.7484726905822754
311,ppo_lognormal,lognormal,log,0,False,0.0,1.7561419010162354,0.722637414932251,1.577993631362915,0.7288060188293457
311,ppo_lognormal,lognormal,log,1,False,0.0,2.317021608352661,0.73664391040802,1.9890689849853516,0.743022620677948
311,ppo_lognormal,lognormal,log,2,False,0.0,1.0265008211135864,0.7338204383850098,1.165233850479126,0.7311090230941772
311,ppo_lognormal,lognormal,log,3,False,0.0,1.9749503135681152,0.6974533200263977,1.0348390340805054,0.7098603844642639
311,ppo_lognormal,lognormal,log,4,False,0.0,2.1203603744506836,0.7451082468032837,2.4493062496185303,0.7458813190460205
311,ppo_lognormal,lognormal,log,5,True,1.0,2.2637975215911865,0.6866347193717957,1.2764034271240234,0.6790618896484375
311,ppo_lognormal,lognormal,log,6,False,0.0,1.8384299278259277,0.7351266145706177,2.3214101791381836,0.748054027557373
311,ppo_lognormal,lognormal,log,7,False,0.0,1.8553866147994995,0.7351248264312744,2.5535566806793213,0.7484726905822754
312,ppo_lognormal,lognormal,log,0,False,0.0,1.7561419010162354,0.722637414932251,1.577993631362915,0.7288060188293457
312,ppo_lognormal,lognormal,log,1,False,0.0,2.317021608352661,0.73664391040802,1.9890689849853516,0.743022620677948
312,ppo_lognormal,lognormal,log,2,False,0.0,1.0265008211135864,0.7338204383850098,1.165233850479126,0.7311090230941772
312,ppo_lognormal,lognormal,log,3,False,0.0,1.9749503135681152,0.6974533200263977,1.0348390340805054,0.7098603844642639
312,ppo_lognormal,lognormal,log,4,False,0.0,2.1203603744506836,0.7451082468032837,2.4493062496185303,0.7458813190460205
312,ppo_lognormal,lognormal,log,5,True,1.0,2.263582706451416,0.6864528059959412,1.2760432958602905,0.6789603233337402
312,ppo_lognormal,lognormal,log,6,False,0.0,1.8384299278259277,0.7351266145706177,2.3214101791381836,0.748054027557373
312,ppo_lognormal,lognormal,log,7,False,0.0,1.8553866147994995,0.7351248264312744,2.5535566806793213,0.7484726905822754
313,ppo_lognormal,lognormal,log,0,False,0.0,1.7561419010162354,0.722637414932251,1.577993631362915,0.7288060188293457
313,ppo_lognormal,lognormal,log,1,False,0.0,2.317021608352661,0.73664391040802,1.9890689849853516,0.743022620677948
313,ppo_lognormal,lognormal,log,2,False,0.0,1.0265008211135864,0.7338204383850098,1.165233850479126,0.7311090230941772
313,ppo_lognormal,lognormal,log,3,False,0.0,1.9749503135681152,0.6974533200263977,1.0348390340805054,0.7098603844642639
313,ppo_lognormal,lognormal,log,4,False,0.0,2.1203603744506836,0.7451082468032837,2.4493062496185303,0.7458813190460205
313,ppo_lognormal,lognormal,log,5,True,1.0,2.263357162475586,0.6862961053848267,1.2756773233413696,0.678895115852356
313,ppo_lognormal,lognormal,log,6,False,0.0,1.8384299278259277,0.7351266145706177,2.3214101791381836,0.748054027557373
313,ppo_lognormal,lognormal,log,7,False,0.0,1.8553866147994995,0.7351248264312744,2.5535566806793213,0.7484726905822754
314,ppo_lognormal,lognormal,log,0,False,0.0,1.7561419010162354,0.722637414932251,1.577993631362915,0.7288060188293457
314,ppo_lognormal,lognormal,log,1,False,0.0,2.317021608352661,0.73664391040802,1.9890689849853516,0.743022620677948
314,ppo_lognormal,lognormal,log,2,False,0.0,1.0265008211135864,0.7338204383850098,1.165233850479126,0.7311090230941772
314,ppo_lognormal,lognormal,log,3,False,0.0,1.9749503135681152,0.6974533200263977,1.0348390340805054,0.7098603844642639
314,ppo_lognormal,lognormal,log,4,False,0.0,2.1203603744506836,0.7451082468032837,2.4493062496185303,0.7458813190460205
314,ppo_lognormal,lognormal,log,5,True,1.0,2.2631595134735107,0.686106264591217,1.2753242254257202,0.6788484454154968
314,ppo_lognormal,lognormal,log,6,False,0.0,1.8384299278259277,0.7351266145706177,2.3214101791381836,0.748054027557373
314,ppo_lognormal,lognormal,log,7,False,0.0,1.8553866147994995,0.7351248264312744,2.5535566806793213,0.7484726905822754
315,ppo_lognormal,lognormal,log,0,False,0.0,1.7561419010162354,0.722637414932251,1.577993631362915,0.7288060188293457
315,ppo_lognormal,lognormal,log,1,False,0.0,2.317021608352661,0.73664391040802,1.9890689849853516,0.743022620677948
315,ppo_lognormal,lognormal,log,2,False,0.0,1.0265008211135864,0.7338204383850098,1.165233850479126,0.7311090230941772
315,ppo_lognormal,lognormal,log,3,False,0.0,1.9749503135681152,0.6974533200263977,1.0348390340805054,0.7098603844642639
315,ppo_lognormal,lognormal,log,4,False,0.0,2.1203603744506836,0.7451082468032837,2.4493062496185303,0.7458813190460205
315,ppo_lognormal,lognormal,log,5,True,1.0,2.2629785537719727,0.6859286427497864,1.2749598026275635,0.6787970066070557
315,ppo_lognormal,lognormal,log,6,False,0.0,1.8384299278259277,0.7351266145706177,2.3214101791381836,0.748054027557373
315,ppo_lognormal,lognormal,log,7,False,0.0,1.8553866147994995,0.7351248264312744,2.5535566806793213,0.7484726905822754
316,ppo_lognormal,lognormal,log,0,False,0.0,1.7561419010162354,0.722637414932251,1.577993631362915,0.7288060188293457
316,ppo_lognormal,lognormal,log,1,False,0.0,2.317021608352661,0.73664391040802,1.9890689849853516,0.743022620677948
316,ppo_lognormal,lognormal,log,2,False,0.0,1.0265008211135864,0.7338204383850098,1.165233850479126,0.7311090230941772
316,ppo_lognormal,lognormal,log,3,False,0.0,1.9749503135681152,0.6974533200263977,1.0348390340805054,0.7098603844642639
316,ppo_lognormal,lognormal,log,4,False,0.0,2.1203603744506836,0.7451082468032837,2.4493062496185303,0.7458813190460205
316,ppo_lognormal,lognormal,log,5,True,1.0,2.2628016471862793,0.6857614517211914,1.27458918094635,0.6787261366844177
316,ppo_lognormal,lognormal,log,6,False,0.0,1.8384299278259277,0.7351266145706177,2.3214101791381836,0.748054027557373
316,ppo_lognormal,lognormal,log,7,False,0.0,1.8553866147994995,0.7351248264312744,2.5535566806793213,0.7484726905822754
317,ppo_lognormal,lognormal,log,0,False,0.0,1.7561419010162354,0.722637414932251,1.577993631362915,0.7288060188293457
317,ppo_lognormal,lognormal,log,1,False,0.0,2.317021608352661,0.73664391040802,1.9890689849853516,0.743022620677948
317,ppo_lognormal,lognormal,log,2,False,0.0,1.0265008211135864,0.7338204383850098,1.165233850479126,0.7311090230941772
317,ppo_lognormal,lognormal,log,3,False,0.0,1.9749503135681152,0.6974533200263977,1.0348390340805054,0.7098603844642639
317,ppo_lognormal,lognormal,log,4,False,0.0,2.1203603744506836,0.7451082468032837,2.4493062496185303,0.7458813190460205
317,ppo_lognormal,lognormal,log,5,True,1.0,2.2627015113830566,0.6855868697166443,1.27422297000885,0.6786412596702576
317,ppo_lognormal,lognormal,log,6,False,0.0,1.8384299278259277,0.7351266145706177,2.3214101791381836,0.748054027557373
317,ppo_lognormal,lognormal,log,7,False,0.0,1.8553866147994995,0.7351248264312744,2.5535566806793213,0.7484726905822754
318,ppo_lognormal,lognormal,log,0,False,0.0,1.7561419010162354,0.722637414932251,1.577993631362915,0.7288060188293457
318,ppo_lognormal,lognormal,log,1,False,0.0,2.317021608352661,0.73664391040802,1.9890689849853516,0.743022620677948
318,ppo_lognormal,lognormal,log,2,False,0.0,1.0265008211135864,0.7338204383850098,1.165233850479126,0.7311090230941772
318,ppo_lognormal,lognormal,log,3,False,0.0,1.9749503135681152,0.6974533200263977,1.0348390340805054,0.7098603844642639
318,ppo_lognormal,lognormal,log,4,False,0.0,2.1203603744506836,0.7451082468032837,2.4493062496185303,0.7458813190460205
318,ppo_lognormal,lognormal,log,5,True,1.0,2.2625765800476074,0.6854113340377808,1.2738540172576904,0.6785845160484314
318,ppo_lognormal,lognormal,log,6,False,0.0,1.8384299278259277,0.7351266145706177,2.3214101791381836,0.748054027557373
318,ppo_lognormal,lognormal,log,7,False,0.0,1.8553866147994995,0.7351248264312744,2.5535566806793213,0.7484726905822754
319,ppo_lognormal,lognormal,log,0,False,0.0,1.7561419010162354,0.722637414932251,1.577993631362915,0.7288060188293457
319,ppo_lognormal,lognormal,log,1,False,0.0,2.317021608352661,0.73664391040802,1.9890689849853516,0.743022620677948
319,ppo_lognormal,lognormal,log,2,False,0.0,1.0265008211135864,0.7338204383850098,1.165233850479126,0.7311090230941772
319,ppo_lognormal,lognormal,log,3,False,0.0,1.9749503135681152,0.6974533200263977,1.0348390340805054,0.7098603844642639
319,ppo_lognormal,lognormal,log,4,False,0.0,2.1203603744506836,0.7451082468032837,2.4493062496185303,0.7458813190460205
319,ppo_lognormal,lognormal,log,5,True,1.0,2.2623822689056396,0.6852500438690186,1.2734912633895874,0.6785317659378052
319,ppo_lognormal,lognormal,log,6,False,0.0,1.8384299278259277,0.7351266145706177,2.3214101791381836,0.748054027557373
319,ppo_lognormal,lognormal,log,7,False,0.0,1.8553866147994995,0.7351248264312744,2.5535566806793213,0.7484726905822754
320,ppo_lognormal,lognormal,log,0,False,0.0,1.7561419010162354,0.722637414932251,1.577993631362915,0.7288060188293457
320,ppo_lognormal,lognormal,log,1,False,0.0,2.317021608352661,0.73664391040802,1.9890689849853516,0.743022620677948
320,ppo_lognormal,lognormal,log,2,False,0.0,1.0265008211135864,0.7338204383850098,1.165233850479126,0.7311090230941772
320,ppo_lognormal,lognormal,log,3,False,0.0,1.9749503135681152,0.6974533200263977,1.0348390340805054,0.7098603844642639
320,ppo_lognormal,lognormal,log,4,False,0.0,2.1203603744506836,0.7451082468032837,2.4493062496185303,0.7458813190460205
320,ppo_lognormal,lognormal,log,5,True,1.0,2.2621958255767822,0.685090184211731,1.2731318473815918,0.6784441471099854
320,ppo_lognormal,lognormal,log,6,False,0.0,1.8384299278259277,0.7351266145706177,2.3214101791381836,0.748054027557373
320,ppo_lognormal,lognormal,log,7,False,0.0,1.8553866147994995,0.7351248264312744,2.5535566806793213,0.7484726905822754
321,ppo_lognormal,lognormal,log,0,False,0.0,1.7561419010162354,0.722637414932251,1.577993631362915,0.7288060188293457
321,ppo_lognormal,lognormal,log,1,False,0.0,2.317021608352661,0.73664391040802,1.9890689849853516,0.743022620677948
321,ppo_lognormal,lognormal,log,2,False,0.0,1.0265008211135864,0.7338204383850098,1.165233850479126,0.7311090230941772
321,ppo_lognormal,lognormal,log,3,False,0.0,1.9749503135681152,0.6974533200263977,1.0348390340805054,0.7098603844642639
321,ppo_lognormal,lognormal,log,4,False,0.0,2.1203603744506836,0.7451082468032837,2.4493062496185303,0.7458813190460205
321,ppo_lognormal,lognormal,log,5,True,1.0,2.2620041370391846,0.6849210262298584,1.2727692127227783,0.6783759593963623
321,ppo_lognormal,lognormal,log,6,False,0.0,1.8384299278259277,0.7351266145706177,2.3214101791381836,0.748054027557373
321,ppo_lognormal,lognormal,log,7,False,0.0,1.8553866147994995,0.7351248264312744,2.5535566806793213,0.7484726905822754
322,ppo_lognormal,lognormal,log,0,False,0.0,1.7561419010162354,0.722637414932251,1.577993631362915,0.7288060188293457
322,ppo_lognormal,lognormal,log,1,False,0.0,2.317021608352661,0.73664391040802,1.9890689849853516,0.743022620677948
322,ppo_lognormal,lognormal,log,2,False,0.0,1.0265008211135864,0.7338204383850098,1.165233850479126,0.7311090230941772
322,ppo_lognormal,lognormal,log,3,False,0.0,1.9749503135681152,0.6974533200263977,1.0348390340805054,0.7098603844642639
322,ppo_lognormal,lognormal,log,4,False,0.0,2.1203603744506836,0.7451082468032837,2.4493062496185303,0.7458813190460205
322,ppo_lognormal,lognormal,log,5,True,1.0,2.2617907524108887,0.6847435832023621,1.2724075317382812,0.6782993078231812
322,ppo_lognormal,lognormal,log,6,False,0.0,1.8384299278259277,0.7351266145706177,2.3214101791381836,0.748054027557373
322,ppo_lognormal,lognormal,log,7,False,0.0,1.8553866147994995,0.7351248264312744,2.5535566806793213,0.7484726905822754
323,ppo_lognormal,lognormal,log,0,False,0.0,1.7561419010162354,0.722637414932251,1.577993631362915,0.7288060188293457
323,ppo_lognormal,lognormal,log,1,False,0.0,2.317021608352661,0.73664391040802,1.9890689849853516,0.743022620677948
323,ppo_lognormal,lognormal,log,2,False,0.0,1.0265008211135864,0.7338204383850098,1.165233850479126,0.7311090230941772
323,ppo_lognormal,lognormal,log,3,False,0.0,1.9749503135681152,0.6974533200263977,1.0348390340805054,0.7098603844642639
323,ppo_lognormal,lognormal,log,4,False,0.0,2.1203603744506836,0.7451082468032837,2.4493062496185303,0.7458813190460205
323,ppo_lognormal,lognormal,log,5,True,1.0,2.261587381362915,0.6845420002937317,1.2720537185668945,0.6782220005989075
323,ppo_lognormal,lognormal,log,6,False,0.0,1.8384299278259277,0.7351266145706177,2.3214101791381836,0.748054027557373
323,ppo_lognormal,lognormal,log,7,False,0.0,1.8553866147994995,0.7351248264312744,2.5535566806793213,0.7484726905822754
324,ppo_lognormal,lognormal,log,0,False,0.0,1.7561419010162354,0.722637414932251,1.577993631362915,0.7288060188293457
324,ppo_lognormal,lognormal,log,1,False,0.0,2.317021608352661,0.73664391040802,1.9890689849853516,0.743022620677948
324,ppo_lognormal,lognormal,log,2,False,0.0,1.0265008211135864,0.7338204383850098,1.165233850479126,0.7311090230941772
324,ppo_lognormal,lognormal,log,3,False,0.0,1.9749503135681152,0.6974533200263977,1.0348390340805054,0.7098603844642639
324,ppo_lognormal,lognormal,log,4,False,0.0,2.1203603744506836,0.7451082468032837,2.4493062496185303,0.7458813190460205
324,ppo_lognormal,lognormal,log,5,True,1.0,2.261396646499634,0.6843448877334595,1.2716937065124512,0.6781375408172607
324,ppo_lognormal,lognormal,log,6,False,0.0,1.8384299278259277,0.7351266145706177,2.3214101791381836,0.748054027557373
324,ppo_lognormal,lognormal,log,7,False,0.0,1.8553866147994995,0.7351248264312744,2.5535566806793213,0.7484726905822754
325,ppo_lognormal,lognormal,log,0,False,0.0,1.7561419010162354,0.722637414932251,1.577993631362915,0.7288060188293457
325,ppo_lognormal,lognormal,log,1,False,0.0,2.317021608352661,0.73664391040802,1.9890689849853516,0.743022620677948
325,ppo_lognormal,lognormal,log,2,False,0.0,1.0265008211135864,0.7338204383850098,1.165233850479126,0.7311090230941772
325,ppo_lognormal,lognormal,log,3,False,0.0,1.9749503135681152,0.6974533200263977,1.0348390340805054,0.7098603844642639
325,ppo_lognormal,lognormal,log,4,False,0.0,2.1203603744506836,0.7451082468032837,2.4493062496185303,0.7458813190460205
325,ppo_lognormal,lognormal,log,5,True,1.0,2.261262893676758,0.6841336488723755,1.2713383436203003,0.6780669689178467
325,ppo_lognormal,lognormal,log,6,False,0.0,1.8384299278259277,0.7351266145706177,2.3214101791381836,0.748054027557373
325,ppo_lognormal,lognormal,log,7,False,0.0,1.8553866147994995,0.7351248264312744,2.5535566806793213,0.7484726905822754
326,ppo_lognormal,lognormal,log,0,False,0.0,1.7561419010162354,0.722637414932251,1.577993631362915,0.7288060188293457
326,ppo_lognormal,lognormal,log,1,False,0.0,2.317021608352661,0.73664391040802,1.9890689849853516,0.743022620677948
326,ppo_lognormal,lognormal,log,2,False,0.0,1.0265008211135864,0.7338204383850098,1.165233850479126,0.7311090230941772
326,ppo_lognormal,lognormal,log,3,False,0.0,1.9749503135681152,0.6974533200263977,1.0348390340805054,0.7098603844642639
326,ppo_lognormal,lognormal,log,4,False,0.0,2.1203603744506836,0.7451082468032837,2.4493062496185303,0.7458813190460205
326,ppo_lognormal,lognormal,log,5,True,1.0,2.261143207550049,0.6839419007301331,1.270976185798645,0.6779859066009521
326,ppo_lognormal,lognormal,log,6,False,0.0,1.8384299278259277,0.7351266145706177,2.3214101791381836,0.748054027557373
326,ppo_lognormal,lognormal,log,7,False,0.0,1.8553866147994995,0.7351248264312744,2.5535566806793213,0.7484726905822754
327,ppo_lognormal,lognormal,log,0,False,0.0,1.7561419010162354,0.722637414932251,1.577993631362915,0.7288060188293457
327,ppo_lognormal,lognormal,log,1,False,0.0,2.317021608352661,0.73664391040802,1.9890689849853516,0.743022620677948
327,ppo_lognormal,lognormal,log,2,False,0.0,1.0265008211135864,0.7338204383850098,1.165233850479126,0.7311090230941772
327,ppo_lognormal,lognormal,log,3,False,0.0,1.9749503135681152,0.6974533200263977,1.0348390340805054,0.7098603844642639
327,ppo_lognormal,lognormal,log,4,False,0.0,2.1203603744506836,0.7451082468032837,2.4493062496185303,0.7458813190460205
327,ppo_lognormal,lognormal,log,5,True,1.0,2.261051654815674,0.6837362051010132,1.270616888999939,0.6779043078422546
327,ppo_lognormal,lognormal,log,6,False,0.0,1.8384299278259277,0.7351266145706177,2.3214101791381836,0.748054027557373
327,ppo_lognormal,lognormal,log,7,False,0.0,1.8553866147994995,0.7351248264312744,2.5535566806793213,0.7484726905822754
328,ppo_lognormal,lognormal,log,0,False,0.0,1.7561419010162354,0.722637414932251,1.577993631362915,0.7288060188293457
328,ppo_lognormal,lognormal,log,1,False,0.0,2.317021608352661,0.73664391040802,1.9890689849853516,0.743022620677948
328,ppo_lognormal,lognormal,log,2,False,0.0,1.0265008211135864,0.7338204383850098,1.165233850479126,0.7311090230941772
328,ppo_lognormal,lognormal,log,3,False,0.0,1.9749503135681152,0.6974533200263977,1.0348390340805054,0.7098603844642639
328,ppo_lognormal,lognormal,log,4,False,0.0,2.1203603744506836,0.7451082468032837,2.4493062496185303,0.7458813190460205
328,ppo_lognormal,lognormal,log,5,True,1.0,2.2609822750091553,0.6835331916809082,1.2702674865722656,0.677788257598877
328,ppo_lognormal,lognormal,log,6,False,0.0,1.8384299278259277,0.7351266145706177,2.3214101791381836,0.748054027557373
328,ppo_lognormal,lognormal,log,7,False,0.0,1.8553866147994995,0.7351248264312744,2.5535566806793213,0.7484726905822754
329,ppo_lognormal,lognormal,log,0,False,0.0,1.7561419010162354,0.722637414932251,1.577993631362915,0.7288060188293457
329,ppo_lognormal,lognormal,log,1,False,0.0,2.317021608352661,0.73664391040802,1.9890689849853516,0.743022620677948
329,ppo_lognormal,lognormal,log,2,False,0.0,1.0265008211135864,0.7338204383850098,1.165233850479126,0.7311090230941772
329,ppo_lognormal,lognormal,log,3,False,0.0,1.9749503135681152,0.6974533200263977,1.0348390340805054,0.7098603844642639
329,ppo_lognormal,lognormal,log,4,False,0.0,2.1203603744506836,0.7451082468032837,2.4493062496185303,0.7458813190460205
329,ppo_lognormal,lognormal,log,5,True,1.0,2.260944366455078,0.6833239793777466,1.269917368888855,0.677695095539093
329,ppo_lognormal,lognormal,log,6,False,0.0,1.8384299278259277,0.7351266145706177,2.3214101791381836,0.748054027557373
329,ppo_lognormal,lognormal,log,7,False,0.0,1.8553866147994995,0.7351248264312744,2.5535566806793213,0.7484726905822754
330,ppo_lognormal,lognormal,log,0,False,0.0,1.7561419010162354,0.722637414932251,1.577993631362915,0.7288060188293457
330,ppo_lognormal,lognormal,log,1,False,0.0,2.317021608352661,0.73664391040802,1.9890689849853516,0.743022620677948
330,ppo_lognormal,lognormal,log,2,False,0.0,1.0265008211135864,0.7338204383850098,1.165233850479126,0.7311090230941772
330,ppo_lognormal,lognormal,log,3,False,0.0,1.9749503135681152,0.6974533200263977,1.0348390340805054,0.7098603844642639
330,ppo_lognormal,lognormal,log,4,False,0.0,2.1203603744506836,0.7451082468032837,2.4493062496185303,0.7458813190460205
330,ppo_lognormal,lognormal,log,5,True,1.0,2.260928153991699,0.6831287145614624,1.26956045627594,0.6776056885719299
330,ppo_lognormal,lognormal,log,6,False,0.0,1.8384299278259277,0.7351266145706177,2.3214101791381836,0.748054027557373
330,ppo_lognormal,lognormal,log,7,False,0.0,1.8553866147994995,0.7351248264312744,2.5535566806793213,0.7484726905822754
331,ppo_lognormal,lognormal,log,0,False,0.0,1.7561419010162354,0.722637414932251,1.577993631362915,0.7288060188293457
331,ppo_lognormal,lognormal,log,1,False,0.0,2.317021608352661,0.73664391040802,1.9890689849853516,0.743022620677948
331,ppo_lognormal,lognormal,log,2,False,0.0,1.0265008211135864,0.7338204383850098,1.165233850479126,0.7311090230941772
331,ppo_lognormal,lognormal,log,3,False,0.0,1.9749503135681152,0.6974533200263977,1.0348390340805054,0.7098603844642639
331,ppo_lognormal,lognormal,log,4,False,0.0,2.1203603744506836,0.7451082468032837,2.4493062496185303,0.7458813190460205
331,ppo_lognormal,lognormal,log,5,True,1.0,2.2609124183654785,0.6829367876052856,1.2692058086395264,0.6774933338165283
331,ppo_lognormal,lognormal,log,6,False,0.0,1.8384299278259277,0.7351266145706177,2.3214101791381836,0.748054027557373
331,ppo_lognormal,lognormal,log,7,False,0.0,1.8553866147994995,0.7351248264312744,2.5535566806793213,0.7484726905822754
332,ppo_lognormal,lognormal,log,0,False,0.0,1.7561419010162354,0.722637414932251,1.577993631362915,0.7288060188293457
332,ppo_lognormal,lognormal,log,1,False,0.0,2.317021608352661,0.73664391040802,1.9890689849853516,0.743022620677948
332,ppo_lognormal,lognormal,log,2,False,0.0,1.0265008211135864,0.7338204383850098,1.165233850479126,0.7311090230941772
332,ppo_lognormal,lognormal,log,3,False,0.0,1.9749503135681152,0.6974533200263977,1.0348390340805054,0.7098603844642639
332,ppo_lognormal,lognormal,log,4,False,0.0,2.1203603744506836,0.7451082468032837,2.4493062496185303,0.7458813190460205
332,ppo_lognormal,lognormal,log,5,True,1.0,2.260890483856201,0.6827340126037598,1.268860101699829,0.677362322807312
332,ppo_lognormal,lognormal,log,6,False,0.0,1.8384299278259277,0.7351266145706177,2.3214101791381836,0.748054027557373
332,ppo_lognormal,lognormal,log,7,False,0.0,1.8553866147994995,0.7351248264312744,2.5535566806793213,0.7484726905822754
333,ppo_lognormal,lognormal,log,0,False,0.0,1.7561419010162354,0.722637414932251,1.577993631362915,0.7288060188293457
333,ppo_lognormal,lognormal,log,1,False,0.0,2.317021608352661,0.73664391040802,1.9890689849853516,0.743022620677948
333,ppo_lognormal,lognormal,log,2,False,0.0,1.0265008211135864,0.7338204383850098,1.165233850479126,0.7311090230941772
333,ppo_lognormal,lognormal,log,3,False,0.0,1.9749503135681152,0.6974533200263977,1.0348390340805054,0.7098603844642639
333,ppo_lognormal,lognormal,log,4,False,0.0,2.1203603744506836,0.7451082468032837,2.4493062496185303,0.7458813190460205
333,ppo_lognormal,lognormal,log,5,True,1.0,2.2608253955841064,0.6825112104415894,1.2685405015945435,0.6772240400314331
333,ppo_lognormal,lognormal,log,6,False,0.0,1.8384299278259277,0.7351266145706177,2.3214101791381836,0.748054027557373
333,ppo_lognormal,lognormal,log,7,False,0.0,1.8553866147994995,0.7351248264312744,2.5535566806793213,0.7484726905822754
334,ppo_lognormal,lognormal,log,0,False,0.0,1.7561419010162354,0.722637414932251,1.577993631362915,0.7288060188293457
334,ppo_lognormal,lognormal,log,1,False,0.0,2.317021608352661,0.73664391040802,1.9890689849853516,0.743022620677948
334,ppo_lognormal,lognormal,log,2,False,0.0,1.0265008211135864,0.7338204383850098,1.165233850479126,0.7311090230941772
334,ppo_lognormal,lognormal,log,3,False,0.0,1.9749503135681152,0.6974533200263977,1.0348390340805054,0.7098603844642639
334,ppo_lognormal,lognormal,log,4,False,0.0,2.1203603744506836,0.7451082468032837,2.4493062496185303,0.7458813190460205
334,ppo_lognormal,lognormal,log,5,True,1.0,2.260777711868286,0.6822836995124817,1.2682193517684937,0.6771167516708374
334,ppo_lognormal,lognormal,log,6,False,0.0,1.8384299278259277,0.7351266145706177,2.3214101791381836,0.748054027557373
334,ppo_lognormal,lognormal,log,7,False,0.0,1.8553866147994995,0.7351248264312744,2.5535566806793213,0.7484726905822754
335,ppo_lognormal,lognormal,log,0,False,0.0,1.7561419010162354,0.722637414932251,1.577993631362915,0.7288060188293457
335,ppo_lognormal,lognormal,log,1,False,0.0,2.317021608352661,0.73664391040802,1.9890689849853516,0.743022620677948
335,ppo_lognormal,lognormal,log,2,False,0.0,1.0265008211135864,0.7338204383850098,1.165233850479126,0.7311090230941772
335,ppo_lognormal,lognormal,log,3,False,0.0,1.9749503135681152,0.6974533200263977,1.0348390340805054,0.7098603844642639
335,ppo_lognormal,lognormal,log,4,False,0.0,2.1203603744506836,0.7451082468032837,2.4493062496185303,0.7458813190460205
335,ppo_lognormal,lognormal,log,5,True,1.0,2.26080322265625,0.6820553541183472,1.2679064273834229,0.6770080327987671
335,ppo_lognormal,lognormal,log,6,False,0.0,1.8384299278259277,0.7351266145706177,2.3214101791381836,0.748054027557373
335,ppo_lognormal,lognormal,log,7,False,0.0,1.8553866147994995,0.7351248264312744,2.5535566806793213,0.7484726905822754
336,ppo_lognormal,lognormal,log,0,False,0.0,1.7561419010162354,0.722637414932251,1.577993631362915,0.7288060188293457
336,ppo_lognormal,lognormal,log,1,False,0.0,2.317021608352661,0.73664391040802,1.9890689849853516,0.743022620677948
336,ppo_lognormal,lognormal,log,2,False,0.0,1.0265008211135864,0.7338204383850098,1.165233850479126,0.7311090230941772
336,ppo_lognormal,lognormal,log,3,False,0.0,1.9749503135681152,0.6974533200263977,1.0348390340805054,0.7098603844642639
336,ppo_lognormal,lognormal,log,4,False,0.0,2.1203603744506836,0.7451082468032837,2.4493062496185303,0.7458813190460205
336,ppo_lognormal,lognormal,log,5,True,1.0,2.260857105255127,0.6818335652351379,1.2675917148590088,0.6768859624862671
336,ppo_lognormal,lognormal,log,6,False,0.0,1.8384299278259277,0.7351266145706177,2.3214101791381836,0.748054027557373
336,ppo_lognormal,lognormal,log,7,False,0.0,1.8553866147994995,0.7351248264312744,2.5535566806793213,0.7484726905822754
337,ppo_lognormal,lognormal,log,0,False,0.0,1.7561419010162354,0.722637414932251,1.577993631362915,0.7288060188293457
337,ppo_lognormal,lognormal,log,1,False,0.0,2.317021608352661,0.73664391040802,1.9890689849853516,0.743022620677948
337,ppo_lognormal,lognormal,log,2,False,0.0,1.0265008211135864,0.7338204383850098,1.165233850479126,0.7311090230941772
337,ppo_lognormal,lognormal,log,3,False,0.0,1.9749503135681152,0.6974533200263977,1.0348390340805054,0.7098603844642639
337,ppo_lognormal,lognormal,log,4,False,0.0,2.1203603744506836,0.7451082468032837,2.4493062496185303,0.7458813190460205
337,ppo_lognormal,lognormal,log,5,True,1.0,2.260892152786255,0.6816185116767883,1.2672700881958008,0.6767657399177551
337,ppo_lognormal,lognormal,log,6,False,0.0,1.8384299278259277,0.7351266145706177,2.3214101791381836,0.748054027557373
337,ppo_lognormal,lognormal,log,7,False,0.0,1.8553866147994995,0.7351248264312744,2.5535566806793213,0.7484726905822754
338,ppo_lognormal,lognormal,log,0,False,0.0,1.7561419010162354,0.722637414932251,1.577993631362915,0.7288060188293457
338,ppo_lognormal,lognormal,log,1,False,0.0,2.317021608352661,0.73664391040802,1.9890689849853516,0.743022620677948
338,ppo_lognormal,lognormal,log,2,False,0.0,1.0265008211135864,0.7338204383850098,1.165233850479126,0.7311090230941772
338,ppo_lognormal,lognormal,log,3,False,0.0,1.9749503135681152,0.6974533200263977,1.0348390340805054,0.7098603844642639
338,ppo_lognormal,lognormal,log,4,False,0.0,2.1203603744506836,0.7451082468032837,2.4493062496185303,0.7458813190460205
338,ppo_lognormal,lognormal,log,5,True,1.0,2.260917901992798,0.6813963651657104,1.2669490575790405,0.6766424179077148
338,ppo_lognormal,lognormal,log,6,False,0.0,1.8384299278259277,0.7351266145706177,2.3214101791381836,0.748054027557373
338,ppo_lognormal,lognormal,log,7,False,0.0,1.8553866147994995,0.7351248264312744,2.5535566806793213,0.7484726905822754
339,ppo_lognormal,lognormal,log,0,False,0.0,1.7561419010162354,0.722637414932251,1.577993631362915,0.7288060188293457
339,ppo_lognormal,lognormal,log,1,False,0.0,2.317021608352661,0.73664391040802,1.9890689849853516,0.743022620677948
339,ppo_lognormal,lognormal,log,2,False,0.0,1.0265008211135864,0.7338204383850098,1.165233850479126,0.7311090230941772
339,ppo_lognormal,lognormal,log,3,False,0.0,1.9749503135681152,0.6974533200263977,1.0348390340805054,0.7098603844642639
339,ppo_lognormal,lognormal,log,4,False,0.0,2.1203603744506836,0.7451082468032837,2.4493062496185303,0.7458813190460205
339,ppo_lognormal,lognormal,log,5,True,1.0,2.26096510887146,0.6811929941177368,1.2666563987731934,0.6765223741531372
339,ppo_lognormal,lognormal,log,6,False,0.0,1.8384299278259277,0.7351266145706177,2.3214101791381836,0.748054027557373
339,ppo_lognormal,lognormal,log,7,False,0.0,1.8553866147994995,0.7351248264312744,2.5535566806793213,0.7484726905822754
340,ppo_lognormal,lognormal,log,0,False,0.0,1.7561419010162354,0.722637414932251,1.577993631362915,0.7288060188293457
340,ppo_lognormal,lognormal,log,1,False,0.0,2.317021608352661,0.73664391040802,1.9890689849853516,0.743022620677948
340,ppo_lognormal,lognormal,log,2,False,0.0,1.0265008211135864,0.7338204383850098,1.165233850479126,0.7311090230941772
340,ppo_lognormal,lognormal,log,3,False,0.0,1.9749503135681152,0.6974533200263977,1.0348390340805054,0.7098603844642639
340,ppo_lognormal,lognormal,log,4,False,0.0,2.1203603744506836,0.7451082468032837,2.4493062496185303,0.7458813190460205
340,ppo_lognormal,lognormal,log,5,True,1.0,2.2609994411468506,0.6809908747673035,1.266356348991394,0.6764023900032043
340,ppo_lognormal,lognormal,log,6,False,0.0,1.8384299278259277,0.7351266145706177,2.3214101791381836,0.748054027557373
340,ppo_lognormal,lognormal,log,7,False,0.0,1.8553866147994995,0.7351248264312744,2.5535566806793213,0.7484726905822754
341,ppo_lognormal,lognormal,log,0,False,0.0,1.7561419010162354,0.722637414932251,1.577993631362915,0.7288060188293457
341,ppo_lognormal,lognormal,log,1,False,0.0,2.317021608352661,0.73664391040802,1.9890689849853516,0.743022620677948
341,ppo_lognormal,lognormal,log,2,False,0.0,1.0265008211135864,0.7338204383850098,1.165233850479126,0.7311090230941772
341,ppo_lognormal,lognormal,log,3,False,0.0,1.9749503135681152,0.6974533200263977,1.0348390340805054,0.7098603844642639
341,ppo_lognormal,lognormal,log,4,False,0.0,2.1203603744506836,0.7451082468032837,2.4493062496185303,0.7458813190460205
341,ppo_lognormal,lognormal,log,5,True,1.0,2.2609689235687256,0.6807978749275208,1.2660554647445679,0.6762872338294983
341,ppo_lognormal,lognormal,log,6,False,0.0,1.8384299278259277,0.7351266145706177,2.3214101791381836,0.748054027557373
341,ppo_lognormal,lognormal,log,7,False,0.0,1.8553866147994995,0.7351248264312744,2.5535566806793213,0.7484726905822754
342,ppo_lognormal,lognormal,log,0,False,0.0,1.7561419010162354,0.722637414932251,1.577993631362915,0.7288060188293457
342,ppo_lognormal,lognormal,log,1,False,0.0,2.317021608352661,0.73664391040802,1.9890689849853516,0.743022620677948
342,ppo_lognormal,lognormal,log,2,False,0.0,1.0265008211135864,0.7338204383850098,1.165233850479126,0.7311090230941772
342,ppo_lognormal,lognormal,log,3,False,0.0,1.9749503135681152,0.6974533200263977,1.0348390340805054,0.7098603844642639
342,ppo_lognormal,lognormal,log,4,False,0.0,2.1203603744506836,0.7451082468032837,2.4493062496185303,0.7458813190460205
342,ppo_lognormal,lognormal,log,5,True,1.0,2.260932683944702,0.6806249618530273,1.2657543420791626,0.6761483550071716
342,ppo_lognormal,lognormal,log,6,False,0.0,1.8384299278259277,0.7351266145706177,2.3214101791381836,0.748054027557373
342,ppo_lognormal,lognormal,log,7,False,0.0,1.8553866147994995,0.7351248264312744,2.5535566806793213,0.7484726905822754
343,ppo_lognormal,lognormal,log,0,False,0.0,1.7561419010162354,0.722637414932251,1.577993631362915,0.7288060188293457
343,ppo_lognormal,lognormal,log,1,False,0.0,2.317021608352661,0.73664391040802,1.9890689849853516,0.743022620677948
343,ppo_lognormal,lognormal,log,2,False,0.0,1.0265008211135864,0.7338204383850098,1.165233850479126,0.7311090230941772
343,ppo_lognormal,lognormal,log,3,False,0.0,1.9749503135681152,0.6974533200263977,1.0348390340805054,0.7098603844642639
343,ppo_lognormal,lognormal,log,4,False,0.0,2.1203603744506836,0.7451082468032837,2.4493062496185303,0.7458813190460205
343,ppo_lognormal,lognormal,log,5,True,1.0,2.260894298553467,0.6804693937301636,1.265453577041626,0.6759880781173706
343,ppo_lognormal,lognormal,log,6,False,0.0,1.8384299278259277,0.7351266145706177,2.3214101791381836,0.748054027557373
343,ppo_lognormal,lognormal,log,7,False,0.0,1.8553866147994995,0.7351248264312744,2.5535566806793213,0.7484726905822754
344,ppo_lognormal,lognormal,log,0,False,0.0,1.7561419010162354,0.722637414932251,1.577993631362915,0.7288060188293457
344,ppo_lognormal,lognormal,log,1,False,0.0,2.317021608352661,0.73664391040802,1.9890689849853516,0.743022620677948
344,ppo_lognormal,lognormal,log,2,False,0.0,1.0265008211135864,0.7338204383850098,1.165233850479126,0.7311090230941772
344,ppo_lognormal,lognormal,log,3,False,0.0,1.9749503135681152,0.6974533200263977,1.0348390340805054,0.7098603844642639
344,ppo_lognormal,lognormal,log,4,False,0.0,2.1203603744506836,0.7451082468032837,2.4493062496185303,0.7458813190460205
344,ppo_lognormal,lognormal,log,5,True,1.0,2.2608394622802734,0.6803344488143921,1.2651448249816895,0.675835132598877
344,ppo_lognormal,lognormal,log,6,False,0.0,1.8384299278259277,0.7351266145706177,2.3214101791381836,0.748054027557373
344,ppo_lognormal,lognormal,log,7,False,0.0,1.8553866147994995,0.7351248264312744,2.5535566806793213,0.7484726905822754
345,ppo_lognormal,lognormal,log,0,False,0.0,1.7561419010162354,0.722637414932251,1.577993631362915,0.7288060188293457
345,ppo_lognormal,lognormal,log,1,False,0.0,2.317021608352661,0.73664391040802,1.9890689849853516,0.743022620677948
345,ppo_lognormal,lognormal,log,2,False,0.0,1.0265008211135864,0.7338204383850098,1.165233850479126,0.7311090230941772
345,ppo_lognormal,lognormal,log,3,False,0.0,1.9749503135681152,0.6974533200263977,1.0348390340805054,0.7098603844642639
345,ppo_lognormal,lognormal,log,4,False,0.0,2.1203603744506836,0.7451082468032837,2.4493062496185303,0.7458813190460205
345,ppo_lognormal,lognormal,log,5,True,1.0,2.260737419128418,0.6801761984825134,1.2648550271987915,0.6756900548934937
345,ppo_lognormal,lognormal,log,6,False,0.0,1.8384299278259277,0.7351266145706177,2.3214101791381836,0.748054027557373
345,ppo_lognormal,lognormal,log,7,False,0.0,1.8553866147994995,0.7351248264312744,2.5535566806793213,0.7484726905822754
346,ppo_lognormal,lognormal,log,0,False,0.0,1.7561419010162354,0.722637414932251,1.577993631362915,0.7288060188293457
346,ppo_lognormal,lognormal,log,1,False,0.0,2.317021608352661,0.73664391040802,1.9890689849853516,0.743022620677948
346,ppo_lognormal,lognormal,log,2,False,0.0,1.0265008211135864,0.7338204383850098,1.165233850479126,0.7311090230941772
346,ppo_lognormal,lognormal,log,3,False,0.0,1.9749503135681152,0.6974533200263977,1.0348390340805054,0.7098603844642639
346,ppo_lognormal,lognormal,log,4,False,0.0,2.1203603744506836,0.7451082468032837,2.4493062496185303,0.7458813190460205
346,ppo_lognormal,lognormal,log,5,True,1.0,2.2606282234191895,0.6800311803817749,1.264561414718628,0.6755325794219971
346,ppo_lognormal,lognormal,log,6,False,0.0,1.8384299278259277,0.7351266145706177,2.3214101791381836,0.748054027557373
346,ppo_lognormal,lognormal,log,7,False,0.0,1.8553866147994995,0.7351248264312744,2.5535566806793213,0.7484726905822754
347,ppo_lognormal,lognormal,log,0,False,0.0,1.7561419010162354,0.722637414932251,1.577993631362915,0.7288060188293457
347,ppo_lognormal,lognormal,log,1,False,0.0,2.317021608352661,0.73664391040802,1.9890689849853516,0.743022620677948
347,ppo_lognormal,lognormal,log,2,False,0.0,1.0265008211135864,0.7338204383850098,1.165233850479126,0.7311090230941772
347,ppo_lognormal,lognormal,log,3,False,0.0,1.9749503135681152,0.6974533200263977,1.0348390340805054,0.7098603844642639
347,ppo_lognormal,lognormal,log,4,False,0.0,2.1203603744506836,0.7451082468032837,2.4493062496185303,0.7458813190460205
347,ppo_lognormal,lognormal,log,5,True,1.0,2.260532855987549,0.6799104809761047,1.2642658948898315,0.6754228472709656
347,ppo_lognormal,lognormal,log,6,False,0.0,1.8384299278259277,0.7351266145706177,2.3214101791381836,0.748054027557373
347,ppo_lognormal,lognormal,log,7,False,0.0,1.8553866147994995,0.7351248264312744,2.5535566806793213,0.7484726905822754
348,ppo_lognormal,lognormal,log,0,False,0.0,1.7561419010162354,0.722637414932251,1.577993631362915,0.7288060188293457
348,ppo_lognormal,lognormal,log,1,False,0.0,2.317021608352661,0.73664391040802,1.9890689849853516,0.743022620677948
348,ppo_lognormal,lognormal,log,2,False,0.0,1.0265008211135864,0.7338204383850098,1.165233850479126,0.7311090230941772
348,ppo_lognormal,lognormal,log,3,False,0.0,1.9749503135681152,0.6974533200263977,1.0348390340805054,0.7098603844642639
348,ppo_lognormal,lognormal,log,4,False,0.0,2.1203603744506836,0.7451082468032837,2.4493062496185303,0.7458813190460205
348,ppo_lognormal,lognormal,log,5,True,1.0,2.260467290878296,0.6797938346862793,1.263968586921692,0.6752970218658447
348,ppo_lognormal,lognormal,log,6,False,0.0,1.8384299278259277,0.7351266145706177,2.3214101791381836,0.748054027557373
348,ppo_lognormal,lognormal,log,7,False,0.0,1.8553866147994995,0.7351248264312744,2.5535566806793213,0.7484726905822754
349,ppo_lognormal,lognormal,log,0,False,0.0,1.7561419010162354,0.722637414932251,1.577993631362915,0.7288060188293457
349,ppo_lognormal,lognormal,log,1,False,0.0,2.317021608352661,0.73664391040802,1.9890689849853516,0.743022620677948
349,ppo_lognormal,lognormal,log,2,False,0.0,1.0265008211135864,0.7338204383850098,1.165233850479126,0.7311090230941772
349,ppo_lognormal,lognormal,log,3,False,0.0,1.9749503135681152,0.6974533200263977,1.0348390340805054,0.7098603844642639
349,ppo_lognormal,lognormal,log,4,False,0.0,2.1203603744506836,0.7451082468032837,2.4493062496185303,0.7458813190460205
349,ppo_lognormal,lognormal,log,5,True,1.0,2.2604081630706787,0.6796801090240479,1.2636756896972656,0.6751474142074585
349,ppo_lognormal,lognormal,log,6,False,0.0,1.8384299278259277,0.7351266145706177,2.3214101791381836,0.748054027557373
349,ppo_lognormal,lognormal,log,7,False,0.0,1.8553866147994995,0.7351248264312744,2.5535566806793213,0.7484726905822754
350,ppo_lognormal,lognormal,log,0,False,0.0,1.7561419010162354,0.722637414932251,1.577993631362915,0.7288060188293457
350,ppo_lognormal,lognormal,log,1,False,0.0,2.317021608352661,0.73664391040802,1.9890689849853516,0.743022620677948
350,ppo_lognormal,lognormal,log,2,False,0.0,1.0265008211135864,0.7338204383850098,1.165233850479126,0.7311090230941772
350,ppo_lognormal,lognormal,log,3,False,0.0,1.9749503135681152,0.6974533200263977,1.0348390340805054,0.7098603844642639
350,ppo_lognormal,lognormal,log,4,False,0.0,2.1203603744506836,0.7451082468032837,2.4493062496185303,0.7458813190460205
350,ppo_lognormal,lognormal,log,5,True,1.0,2.2603697776794434,0.6795606017112732,1.2633936405181885,0.6749749183654785
350,ppo_lognormal,lognormal,log,6,False,0.0,1.8384299278259277,0.7351266145706177,2.3214101791381836,0.748054027557373
350,ppo_lognormal,lognormal,log,7,False,0.0,1.8553866147994995,0.7351248264312744,2.5535566806793213,0.7484726905822754
351,ppo_lognormal,lognormal,log,0,False,0.0,1.7561419010162354,0.722637414932251,1.577993631362915,0.7288060188293457
351,ppo_lognormal,lognormal,log,1,False,0.0,2.317021608352661,0.73664391040802,1.9890689849853516,0.743022620677948
351,ppo_lognormal,lognormal,log,2,False,0.0,1.0265008211135864,0.7338204383850098,1.165233850479126,0.7311090230941772
351,ppo_lognormal,lognormal,log,3,False,0.0,1.9749503135681152,0.6974533200263977,1.0348390340805054,0.7098603844642639
351,ppo_lognormal,lognormal,log,4,False,0.0,2.1203603744506836,0.7451082468032837,2.4493062496185303,0.7458813190460205
351,ppo_lognormal,lognormal,log,5,True,1.0,2.260298013687134,0.6794475317001343,1.2631088495254517,0.6747993230819702
351,ppo_lognormal,lognormal,log,6,False,0.0,1.8384299278259277,0.7351266145706177,2.3214101791381836,0.748054027557373
351,ppo_lognormal,lognormal,log,7,False,0.0,1.8553866147994995,0.7351248264312744,2.5535566806793213,0.7484726905822754
352,ppo_lognormal,lognormal,log,0,False,0.0,1.7561419010162354,0.722637414932251,1.577993631362915,0.7288060188293457
352,ppo_lognormal,lognormal,log,1,False,0.0,2.317021608352661,0.73664391040802,1.9890689849853516,0.743022620677948
352,ppo_lognormal,lognormal,log,2,False,0.0,1.0265008211135864,0.7338204383850098,1.165233850479126,0.7311090230941772
352,ppo_lognormal,lognormal,log,3,False,0.0,1.9749503135681152,0.6974533200263977,1.0348390340805054,0.7098603844642639
352,ppo_lognormal,lognormal,log,4,False,0.0,2.1203603744506836,0.7451082468032837,2.4493062496185303,0.7458813190460205
352,ppo_lognormal,lognormal,log,5,True,1.0,2.260211229324341,0.6793032288551331,1.2628426551818848,0.6746433973312378
352,ppo_lognormal,lognormal,log,6,False,0.0,1.8384299278259277,0.7351266145706177,2.3214101791381836,0.748054027557373
352,ppo_lognormal,lognormal,log,7,False,0.0,1.8553866147994995,0.7351248264312744,2.5535566806793213,0.7484726905822754
353,ppo_lognormal,lognormal,log,0,False,0.0,1.7561419010162354,0.722637414932251,1.577993631362915,0.7288060188293457
353,ppo_lognormal,lognormal,log,1,False,0.0,2.317021608352661,0.73664391040802,1.9890689849853516,0.743022620677948
353,ppo_lognormal,lognormal,log,2,False,0.0,1.0265008211135864,0.7338204383850098,1.165233850479126,0.7311090230941772
353,ppo_lognormal,lognormal,log,3,False,0.0,1.9749503135681152,0.6974533200263977,1.0348390340805054,0.7098603844642639
353,ppo_lognormal,lognormal,log,4,False,0.0,2.1203603744506836,0.7451082468032837,2.4493062496185303,0.7458813190460205
353,ppo_lognormal,lognormal,log,5,True,1.0,2.260157346725464,0.679156482219696,1.2625693082809448,0.6745022535324097
353,ppo_lognormal,lognormal,log,6,False,0.0,1.8384299278259277,0.7351266145706177,2.3214101791381836,0.748054027557373
353,ppo_lognormal,lognormal,log,7,False,0.0,1.8553866147994995,0.7351248264312744,2.5535566806793213,0.7484726905822754
354,ppo_lognormal,lognormal,log,0,False,0.0,1.7561419010162354,0.722637414932251,1.577993631362915,0.7288060188293457
354,ppo_lognormal,lognormal,log,1,False,0.0,2.317021608352661,0.73664391040802,1.9890689849853516,0.743022620677948
354,ppo_lognormal,lognormal,log,2,False,0.0,1.0265008211135864,0.7338204383850098,1.165233850479126,0.7311090230941772
354,ppo_lognormal,lognormal,log,3,False,0.0,1.9749503135681152,0.6974533200263977,1.0348390340805054,0.7098603844642639
354,ppo_lognormal,lognormal,log,4,False,0.0,2.1203603744506836,0.7451082468032837,2.4493062496185303,0.7458813190460205
354,ppo_lognormal,lognormal,log,5,True,1.0,2.2600796222686768,0.6790243983268738,1.2622884511947632,0.6743844747543335
354,ppo_lognormal,lognormal,log,6,False,0.0,1.8384299278259277,0.7351266145706177,2.3214101791381836,0.748054027557373
354,ppo_lognormal,lognormal,log,7,False,0.0,1.8553866147994995,0.7351248264312744,2.5535566806793213,0.7484726905822754
355,ppo_lognormal,lognormal,log,0,False,0.0,1.7561419010162354,0.722637414932251,1.577993631362915,0.7288060188293457
355,ppo_lognormal,lognormal,log,1,False,0.0,2.317021608352661,0.73664391040802,1.9890689849853516,0.743022620677948
355,ppo_lognormal,lognormal,log,2,False,0.0,1.0265008211135864,0.7338204383850098,1.165233850479126,0.7311090230941772
355,ppo_lognormal,lognormal,log,3,False,0.0,1.9749503135681152,0.6974533200263977,1.0348390340805054,0.7098603844642639
355,ppo_lognormal,lognormal,log,4,False,0.0,2.1203603744506836,0.7451082468032837,2.4493062496185303,0.7458813190460205
355,ppo_lognormal,lognormal,log,5,True,1.0,2.2599611282348633,0.6788910031318665,1.2620065212249756,0.674278736114502
355,ppo_lognormal,lognormal,log,6,False,0.0,1.8384299278259277,0.7351266145706177,2.3214101791381836,0.748054027557373
355,ppo_lognormal,lognormal,log,7,False,0.0,1.8553866147994995,0.7351248264312744,2.5535566806793213,0.7484726905822754
356,ppo_lognormal,lognormal,log,0,False,0.0,1.7561419010162354,0.722637414932251,1.577993631362915,0.7288060188293457
356,ppo_lognormal,lognormal,log,1,False,0.0,2.317021608352661,0.73664391040802,1.9890689849853516,0.743022620677948
356,ppo_lognormal,lognormal,log,2,False,0.0,1.0265008211135864,0.7338204383850098,1.165233850479126,0.7311090230941772
356,ppo_lognormal,lognormal,log,3,False,0.0,1.9749503135681152,0.6974533200263977,1.0348390340805054,0.7098603844642639
356,ppo_lognormal,lognormal,log,4,False,0.0,2.1203603744506836,0.7451082468032837,2.4493062496185303,0.7458813190460205
356,ppo_lognormal,lognormal,log,5,True,1.0,2.259864091873169,0.6787749528884888,1.2617194652557373,0.6741647124290466
356,ppo_lognormal,lognormal,log,6,False,0.0,1.8384299278259277,0.7351266145706177,2.3214101791381836,0.748054027557373
356,ppo_lognormal,lognormal,log,7,False,0.0,1.8553866147994995,0.7351248264312744,2.5535566806793213,0.7484726905822754
357,ppo_lognormal,lognormal,log,0,False,0.0,1.7561419010162354,0.722637414932251,1.577993631362915,0.7288060188293457
357,ppo_lognormal,lognormal,log,1,False,0.0,2.317021608352661,0.73664391040802,1.9890689849853516,0.743022620677948
357,ppo_lognormal,lognormal,log,2,False,0.0,1.0265008211135864,0.7338204383850098,1.165233850479126,0.7311090230941772
357,ppo_lognormal,lognormal,log,3,False,0.0,1.9749503135681152,0.6974533200263977,1.0348390340805054,0.7098603844642639
357,ppo_lognormal,lognormal,log,4,False,0.0,2.1203603744506836,0.7451082468032837,2.4493062496185303,0.7458813190460205
357,ppo_lognormal,lognormal,log,5,True,1.0,2.259852647781372,0.6786562204360962,1.2614511251449585,0.6740428805351257
357,ppo_lognormal,lognormal,log,6,False,0.0,1.8384299278259277,0.7351266145706177,2.3214101791381836,0.748054027557373
357,ppo_lognormal,lognormal,log,7,False,0.0,1.8553866147994995,0.7351248264312744,2.5535566806793213,0.7484726905822754
358,ppo_lognormal,lognormal,log,0,False,0.0,1.7561419010162354,0.722637414932251,1.577993631362915,0.7288060188293457
358,ppo_lognormal,lognormal,log,1,False,0.0,2.317021608352661,0.73664391040802,1.9890689849853516,0.743022620677948
358,ppo_lognormal,lognormal,log,2,False,0.0,1.0265008211135864,0.7338204383850098,1.165233850479126,0.7311090230941772
358,ppo_lognormal,lognormal,log,3,False,0.0,1.9749503135681152,0.6974533200263977,1.0348390340805054,0.7098603844642639
358,ppo_lognormal,lognormal,log,4,False,0.0,2.1203603744506836,0.7451082468032837,2.4493062496185303,0.7458813190460205
358,ppo_lognormal,lognormal,log,5,True,1.0,2.259836435317993,0.6785494685173035,1.2611920833587646,0.6738932132720947
358,ppo_lognormal,lognormal,log,6,False,0.0,1.8384299278259277,0.7351266145706177,2.3214101791381836,0.748054027557373
358,ppo_lognormal,lognormal,log,7,False,0.0,1.8553866147994995,0.7351248264312744,2.5535566806793213,0.7484726905822754
359,ppo_lognormal,lognormal,log,0,False,0.0,1.7561419010162354,0.722637414932251,1.577993631362915,0.7288060188293457
359,ppo_lognormal,lognormal,log,1,False,0.0,2.317021608352661,0.73664391040802,1.9890689849853516,0.743022620677948
359,ppo_lognormal,lognormal,log,2,False,0.0,1.0265008211135864,0.7338204383850098,1.165233850479126,0.7311090230941772
359,ppo_lognormal,lognormal,log,3,False,0.0,1.9749503135681152,0.6974533200263977,1.0348390340805054,0.7098603844642639
359,ppo_lognormal,lognormal,log,4,False,0.0,2.1203603744506836,0.7451082468032837,2.4493062496185303,0.7458813190460205
359,ppo_lognormal,lognormal,log,5,True,1.0,2.259847640991211,0.6784294843673706,1.260932207107544,0.6737454533576965
359,ppo_lognormal,lognormal,log,6,False,0.0,1.8384299278259277,0.7351266145706177,2.3214101791381836,0.748054027557373
359,ppo_lognormal,lognormal,log,7,False,0.0,1.8553866147994995,0.7351248264312744,2.5535566806793213,0.7484726905822754
360,ppo_lognormal,lognormal,log,0,False,0.0,1.7561419010162354,0.722637414932251,1.577993631362915,0.7288060188293457
360,ppo_lognormal,lognormal,log,1,False,0.0,2.317021608352661,0.73664391040802,1.9890689849853516,0.743022620677948
360,ppo_lognormal,lognormal,log,2,False,0.0,1.0265008211135864,0.7338204383850098,1.165233850479126,0.7311090230941772
360,ppo_lognormal,lognormal,log,3,False,0.0,1.9749503135681152,0.6974533200263977,1.0348390340805054,0.7098603844642639
360,ppo_lognormal,lognormal,log,4,False,0.0,2.1203603744506836,0.7451082468032837,2.4493062496185303,0.7458813190460205
360,ppo_lognormal,lognormal,log,5,True,1.0,2.2598586082458496,0.6782922148704529,1.2606769800186157,0.6735925674438477
360,ppo_lognormal,lognormal,log,6,False,0.0,1.8384299278259277,0.7351266145706177,2.3214101791381836,0.748054027557373
360,ppo_lognormal,lognormal,log,7,False,0.0,1.8553866147994995,0.7351248264312744,2.5535566806793213,0.7484726905822754
361,ppo_lognormal,lognormal,log,0,False,0.0,1.7561419010162354,0.722637414932251,1.577993631362915,0.7288060188293457
361,ppo_lognormal,lognormal,log,1,False,0.0,2.317021608352661,0.73664391040802,1.9890689849853516,0.743022620677948
361,ppo_lognormal,lognormal,log,2,False,0.0,1.0265008211135864,0.7338204383850098,1.165233850479126,0.7311090230941772
361,ppo_lognormal,lognormal,log,3,False,0.0,1.9749503135681152,0.6974533200263977,1.0348390340805054,0.7098603844642639
361,ppo_lognormal,lognormal,log,4,False,0.0,2.1203603744506836,0.7451082468032837,2.4493062496185303,0.7458813190460205
361,ppo_lognormal,lognormal,log,5,True,1.0,2.2598659992218018,0.6781598925590515,1.2604132890701294,0.6734651923179626
361,ppo_lognormal,lognormal,log,6,False,0.0,1.8384299278259277,0.7351266145706177,2.3214101791381836,0.748054027557373
361,ppo_lognormal,lognormal,log,7,False,0.0,1.8553866147994995,0.7351248264312744,2.5535566806793213,0.7484726905822754
362,ppo_lognormal,lognormal,log,0,False,0.0,1.7561419010162354,0.722637414932251,1.577993631362915,0.7288060188293457
362,ppo_lognormal,lognormal,log,1,False,0.0,2.317021608352661,0.73664391040802,1.9890689849853516,0.743022620677948
362,ppo_lognormal,lognormal,log,2,False,0.0,1.0265008211135864,0.7338204383850098,1.165233850479126,0.7311090230941772
362,ppo_lognormal,lognormal,log,3,False,0.0,1.9749503135681152,0.6974533200263977,1.0348390340805054,0.7098603844642639
362,ppo_lognormal,lognormal,log,4,False,0.0,2.1203603744506836,0.7451082468032837,2.4493062496185303,0.7458813190460205
362,ppo_lognormal,lognormal,log,5,True,1.0,2.259831428527832,0.6780339479446411,1.2601454257965088,0.6733500957489014
362,ppo_lognormal,lognormal,log,6,False,0.0,1.8384299278259277,0.7351266145706177,2.3214101791381836,0.748054027557373
362,ppo_lognormal,lognormal,log,7,False,0.0,1.8553866147994995,0.7351248264312744,2.5535566806793213,0.7484726905822754
363,ppo_lognormal,lognormal,log,0,False,0.0,1.7561419010162354,0.722637414932251,1.577993631362915,0.7288060188293457
363,ppo_lognormal,lognormal,log,1,False,0.0,2.317021608352661,0.73664391040802,1.9890689849853516,0.743022620677948
363,ppo_lognormal,lognormal,log,2,False,0.0,1.0265008211135864,0.7338204383850098,1.165233850479126,0.7311090230941772
363,ppo_lognormal,lognormal,log,3,False,0.0,1.9749503135681152,0.6974533200263977,1.0348390340805054,0.7098603844642639
363,ppo_lognormal,lognormal,log,4,False,0.0,2.1203603744506836,0.7451082468032837,2.4493062496185303,0.7458813190460205
363,ppo_lognormal,lognormal,log,5,True,1.0,2.259787082672119,0.6779294013977051,1.2598705291748047,0.673245906829834
363,ppo_lognormal,lognormal,log,6,False,0.0,1.8384299278259277,0.7351266145706177,2.3214101791381836,0.748054027557373
363,ppo_lognormal,lognormal,log,7,False,0.0,1.8553866147994995,0.7351248264312744,2.5535566806793213,0.7484726905822754
364,ppo_lognormal,lognormal,log,0,False,0.0,1.7561419010162354,0.722637414932251,1.577993631362915,0.7288060188293457
364,ppo_lognormal,lognormal,log,1,False,0.0,2.317021608352661,0.73664391040802,1.9890689849853516,0.743022620677948
364,ppo_lognormal,lognormal,log,2,False,0.0,1.0265008211135864,0.7338204383850098,1.165233850479126,0.7311090230941772
364,ppo_lognormal,lognormal,log,3,False,0.0,1.9749503135681152,0.6974533200263977,1.0348390340805054,0.7098603844642639
364,ppo_lognormal,lognormal,log,4,False,0.0,2.1203603744506836,0.7451082468032837,2.4493062496185303,0.7458813190460205
364,ppo_lognormal,lognormal,log,5,True,1.0,2.259748935699463,0.6778403520584106,1.2595990896224976,0.6731566190719604
364,ppo_lognormal,lognormal,log,6,False,0.0,1.8384299278259277,0.7351266145706177,2.3214101791381836,0.748054027557373
364,ppo_lognormal,lognormal,log,7,False,0.0,1.8553866147994995,0.7351248264312744,2.5535566806793213,0.7484726905822754
365,ppo_lognormal,lognormal,log,0,False,0.0,1.7561419010162354,0.722637414932251,1.577993631362915,0.7288060188293457
365,ppo_lognormal,lognormal,log,1,False,0.0,2.317021608352661,0.73664391040802,1.9890689849853516,0.743022620677948
365,ppo_lognormal,lognormal,log,2,False,0.0,1.0265008211135864,0.7338204383850098,1.165233850479126,0.7311090230941772
365,ppo_lognormal,lognormal,log,3,False,0.0,1.9749503135681152,0.6974533200263977,1.0348390340805054,0.7098603844642639
365,ppo_lognormal,lognormal,log,4,False,0.0,2.1203603744506836,0.7451082468032837,2.4493062496185303,0.7458813190460205
365,ppo_lognormal,lognormal,log,5,True,1.0,2.2597217559814453,0.6777493953704834,1.259329080581665,0.6730492115020752
365,ppo_lognormal,lognormal,log,6,False,0.0,1.8384299278259277,0.7351266145706177,2.3214101791381836,0.748054027557373
365,ppo_lognormal,lognormal,log,7,False,0.0,1.8553866147994995,0.7351248264312744,2.5535566806793213,0.7484726905822754
366,ppo_lognormal,lognormal,log,0,False,0.0,1.7561419010162354,0.722637414932251,1.577993631362915,0.7288060188293457
366,ppo_lognormal,lognormal,log,1,False,0.0,2.317021608352661,0.73664391040802,1.9890689849853516,0.743022620677948
366,ppo_lognormal,lognormal,log,2,False,0.0,1.0265008211135864,0.7338204383850098,1.165233850479126,0.7311090230941772
366,ppo_lognormal,lognormal,log,3,False,0.0,1.9749503135681152,0.6974533200263977,1.0348390340805054,0.7098603844642639
366,ppo_lognormal,lognormal,log,4,False,0.0,2.1203603744506836,0.7451082468032837,2.4493062496185303,0.7458813190460205
366,ppo_lognormal,lognormal,log,5,True,1.0,2.2596590518951416,0.6776371598243713,1.2590757608413696,0.6729335784912109
366,ppo_lognormal,lognormal,log,6,False,0.0,1.8384299278259277,0.7351266145706177,2.3214101791381836,0.748054027557373
366,ppo_lognormal,lognormal,log,7,False,0.0,1.8553866147994995,0.7351248264312744,2.5535566806793213,0.7484726905822754
367,ppo_lognormal,lognormal,log,0,False,0.0,1.7561419010162354,0.722637414932251,1.577993631362915,0.7288060188293457
367,ppo_lognormal,lognormal,log,1,False,0.0,2.317021608352661,0.73664391040802,1.9890689849853516,0.743022620677948
367,ppo_lognormal,lognormal,log,2,False,0.0,1.0265008211135864,0.7338204383850098,1.165233850479126,0.7311090230941772
367,ppo_lognormal,lognormal,log,3,False,0.0,1.9749503135681152,0.6974533200263977,1.0348390340805054,0.7098603844642639
367,ppo_lognormal,lognormal,log,4,False,0.0,2.1203603744506836,0.7451082468032837,2.4493062496185303,0.7458813190460205
367,ppo_lognormal,lognormal,log,5,True,1.0,2.259603261947632,0.6775144934654236,1.2588266134262085,0.6728041172027588
367,ppo_lognormal,lognormal,log,6,False,0.0,1.8384299278259277,0.7351266145706177,2.3214101791381836,0.748054027557373
367,ppo_lognormal,lognormal,log,7,False,0.0,1.8553866147994995,0.7351248264312744,2.5535566806793213,0.7484726905822754
368,ppo_lognormal,lognormal,log,0,False,0.0,1.7561419010162354,0.722637414932251,1.577993631362915,0.7288060188293457
368,ppo_lognormal,lognormal,log,1,False,0.0,2.317021608352661,0.73664391040802,1.9890689849853516,0.743022620677948
368,ppo_lognormal,lognormal,log,2,False,0.0,1.0265008211135864,0.7338204383850098,1.165233850479126,0.7311090230941772
368,ppo_lognormal,lognormal,log,3,False,0.0,1.9749503135681152,0.6974533200263977,1.0348390340805054,0.7098603844642639
368,ppo_lognormal,lognormal,log,4,False,0.0,2.1203603744506836,0.7451082468032837,2.4493062496185303,0.7458813190460205
368,ppo_lognormal,lognormal,log,5,True,1.0,2.2595574855804443,0.6773790717124939,1.258583664894104,0.672714114189148
368,ppo_lognormal,lognormal,log,6,False,0.0,1.8384299278259277,0.7351266145706177,2.3214101791381836,0.748054027557373
368,ppo_lognormal,lognormal,log,7,False,0.0,1.8553866147994995,0.7351248264312744,2.5535566806793213,0.7484726905822754
369,ppo_lognormal,lognormal,log,0,False,0.0,1.7561419010162354,0.722637414932251,1.577993631362915,0.7288060188293457
369,ppo_lognormal,lognormal,log,1,False,0.0,2.317021608352661,0.73664391040802,1.9890689849853516,0.743022620677948
369,ppo_lognormal,lognormal,log,2,False,0.0,1.0265008211135864,0.7338204383850098,1.165233850479126,0.7311090230941772
369,ppo_lognormal,lognormal,log,3,False,0.0,1.9749503135681152,0.6974533200263977,1.0348390340805054,0.7098603844642639
369,ppo_lognormal,lognormal,log,4,False,0.0,2.1203603744506836,0.7451082468032837,2.4493062496185303,0.7458813190460205
369,ppo_lognormal,lognormal,log,5,True,1.0,2.259535074234009,0.6772415041923523,1.2583351135253906,0.672631025314331
369,ppo_lognormal,lognormal,log,6,False,0.0,1.8384299278259277,0.7351266145706177,2.3214101791381836,0.748054027557373
369,ppo_lognormal,lognormal,log,7,False,0.0,1.8553866147994995,0.7351248264312744,2.5535566806793213,0.7484726905822754
370,ppo_lognormal,lognormal,log,0,False,0.0,1.7561419010162354,0.722637414932251,1.577993631362915,0.7288060188293457
370,ppo_lognormal,lognormal,log,1,False,0.0,2.317021608352661,0.73664391040802,1.9890689849853516,0.743022620677948
370,ppo_lognormal,lognormal,log,2,False,0.0,1.0265008211135864,0.7338204383850098,1.165233850479126,0.7311090230941772
370,ppo_lognormal,lognormal,log,3,False,0.0,1.9749503135681152,0.6974533200263977,1.0348390340805054,0.7098603844642639
370,ppo_lognormal,lognormal,log,4,False,0.0,2.1203603744506836,0.7451082468032837,2.4493062496185303,0.7458813190460205
370,ppo_lognormal,lognormal,log,5,True,1.0,2.259498357772827,0.677099347114563,1.258083701133728,0.672546923160553
370,ppo_lognormal,lognormal,log,6,False,0.0,1.8384299278259277,0.7351266145706177,2.3214101791381836,0.748054027557373
370,ppo_lognormal,lognormal,log,7,False,0.0,1.8553866147994995,0.7351248264312744,2.5535566806793213,0.7484726905822754
371,ppo_lognormal,lognormal,log,0,False,0.0,1.7561419010162354,0.722637414932251,1.577993631362915,0.7288060188293457
371,ppo_lognormal,lognormal,log,1,False,0.0,2.317021608352661,0.73664391040802,1.9890689849853516,0.743022620677948
371,ppo_lognormal,lognormal,log,2,False,0.0,1.0265008211135864,0.7338204383850098,1.165233850479126,0.7311090230941772
371,ppo_lognormal,lognormal,log,3,False,0.0,1.9749503135681152,0.6974533200263977,1.0348390340805054,0.7098603844642639
371,ppo_lognormal,lognormal,log,4,False,0.0,2.1203603744506836,0.7451082468032837,2.4493062496185303,0.7458813190460205
371,ppo_lognormal,lognormal,log,5,True,1.0,2.259446620941162,0.6769709587097168,1.257840871810913,0.6724361777305603
371,ppo_lognormal,lognormal,log,6,False,0.0,1.8384299278259277,0.7351266145706177,2.3214101791381836,0.748054027557373
371,ppo_lognormal,lognormal,log,7,False,0.0,1.8553866147994995,0.7351248264312744,2.5535566806793213,0.7484726905822754
372,ppo_lognormal,lognormal,log,0,False,0.0,1.7561419010162354,0.722637414932251,1.577993631362915,0.7288060188293457
372,ppo_lognormal,lognormal,log,1,False,0.0,2.317021608352661,0.73664391040802,1.9890689849853516,0.743022620677948
372,ppo_lognormal,lognormal,log,2,False,0.0,1.0265008211135864,0.7338204383850098,1.165233850479126,0.7311090230941772
372,ppo_lognormal,lognormal,log,3,False,0.0,1.9749503135681152,0.6974533200263977,1.0348390340805054,0.7098603844642639
372,ppo_lognormal,lognormal,log,4,False,0.0,2.1203603744506836,0.7451082468032837,2.4493062496185303,0.7458813190460205
372,ppo_lognormal,lognormal,log,5,True,1.0,2.2593917846679688,0.6768458485603333,1.257595419883728,0.6723158359527588
372,ppo_lognormal,lognormal,log,6,False,0.0,1.8384299278259277,0.7351266145706177,2.3214101791381836,0.748054027557373
372,ppo_lognormal,lognormal,log,7,False,0.0,1.8553866147994995,0.7351248264312744,2.5535566806793213,0.7484726905822754
373,ppo_lognormal,lognormal,log,0,False,0.0,1.7561419010162354,0.722637414932251,1.577993631362915,0.7288060188293457
373,ppo_lognormal,lognormal,log,1,False,0.0,2.317021608352661,0.73664391040802,1.9890689849853516,0.743022620677948
373,ppo_lognormal,lognormal,log,2,False,0.0,1.0265008211135864,0.7338204383850098,1.165233850479126,0.7311090230941772
373,ppo_lognormal,lognormal,log,3,False,0.0,1.9749503135681152,0.6974533200263977,1.0348390340805054,0.7098603844642639
373,ppo_lognormal,lognormal,log,4,False,0.0,2.1203603744506836,0.7451082468032837,2.4493062496185303,0.7458813190460205
373,ppo_lognormal,lognormal,log,5,True,1.0,2.259331226348877,0.6767190098762512,1.2573579549789429,0.6721768379211426
373,ppo_lognormal,lognormal,log,6,False,0.0,1.8384299278259277,0.7351266145706177,2.3214101791381836,0.748054027557373
373,ppo_lognormal,lognormal,log,7,False,0.0,1.8553866147994995,0.7351248264312744,2.5535566806793213,0.7484726905822754
374,ppo_lognormal,lognormal,log,0,False,0.0,1.7561419010162354,0.722637414932251,1.577993631362915,0.7288060188293457
374,ppo_lognormal,lognormal,log,1,False,0.0,2.317021608352661,0.73664391040802,1.9890689849853516,0.743022620677948
374,ppo_lognormal,lognormal,log,2,False,0.0,1.0265008211135864,0.7338204383850098,1.165233850479126,0.7311090230941772
374,ppo_lognormal,lognormal,log,3,False,0.0,1.9749503135681152,0.6974533200263977,1.0348390340805054,0.7098603844642639
374,ppo_lognormal,lognormal,log,4,False,0.0,2.1203603744506836,0.7451082468032837,2.4493062496185303,0.7458813190460205
374,ppo_lognormal,lognormal,log,5,True,1.0,2.259270191192627,0.6765952706336975,1.2571171522140503,0.6720330119132996
374,ppo_lognormal,lognormal,log,6,False,0.0,1.8384299278259277,0.7351266145706177,2.3214101791381836,0.748054027557373
374,ppo_lognormal,lognormal,log,7,False,0.0,1.8553866147994995,0.7351248264312744,2.5535566806793213,0.7484726905822754
375,ppo_lognormal,lognormal,log,0,False,0.0,1.7561419010162354,0.722637414932251,1.577993631362915,0.7288060188293457
375,ppo_lognormal,lognormal,log,1,False,0.0,2.317021608352661,0.73664391040802,1.9890689849853516,0.743022620677948
375,ppo_lognormal,lognormal,log,2,False,0.0,1.0265008211135864,0.7338204383850098,1.165233850479126,0.7311090230941772
375,ppo_lognormal,lognormal,log,3,False,0.0,1.9749503135681152,0.6974533200263977,1.0348390340805054,0.7098603844642639
375,ppo_lognormal,lognormal,log,4,False,0.0,2.1203603744506836,0.7451082468032837,2.4493062496185303,0.7458813190460205
375,ppo_lognormal,lognormal,log,5,True,1.0,2.2592062950134277,0.6764894127845764,1.2568784952163696,0.6718761920928955
375,ppo_lognormal,lognormal,log,6,False,0.0,1.8384299278259277,0.7351266145706177,2.3214101791381836,0.748054027557373
375,ppo_lognormal,lognormal,log,7,False,0.0,1.8553866147994995,0.7351248264312744,2.5535566806793213,0.7484726905822754
376,ppo_lognormal,lognormal,log,0,False,0.0,1.7561419010162354,0.722637414932251,1.577993631362915,0.7288060188293457
376,ppo_lognormal,lognormal,log,1,False,0.0,2.317021608352661,0.73664391040802,1.9890689849853516,0.743022620677948
376,ppo_lognormal,lognormal,log,2,False,0.0,1.0265008211135864,0.7338204383850098,1.165233850479126,0.7311090230941772
376,ppo_lognormal,lognormal,log,3,False,0.0,1.9749503135681152,0.6974533200263977,1.0348390340805054,0.7098603844642639
376,ppo_lognormal,lognormal,log,4,False,0.0,2.1203603744506836,0.7451082468032837,2.4493062496185303,0.7458813190460205
376,ppo_lognormal,lognormal,log,5,True,1.0,2.2591140270233154,0.6763814687728882,1.2566425800323486,0.6717241406440735
376,ppo_lognormal,lognormal,log,6,False,0.0,1.8384299278259277,0.7351266145706177,2.3214101791381836,0.748054027557373
376,ppo_lognormal,lognormal,log,7,False,0.0,1.8553866147994995,0.7351248264312744,2.5535566806793213,0.7484726905822754
377,ppo_lognormal,lognormal,log,0,False,0.0,1.7561419010162354,0.722637414932251,1.577993631362915,0.7288060188293457
377,ppo_lognormal,lognormal,log,1,False,0.0,2.317021608352661,0.73664391040802,1.9890689849853516,0.743022620677948
377,ppo_lognormal,lognormal,log,2,False,0.0,1.0265008211135864,0.7338204383850098,1.165233850479126,0.7311090230941772
377,ppo_lognormal,lognormal,log,3,False,0.0,1.9749503135681152,0.6974533200263977,1.0348390340805054,0.7098603844642639
377,ppo_lognormal,lognormal,log,4,False,0.0,2.1203603744506836,0.7451082468032837,2.4493062496185303,0.7458813190460205
377,ppo_lognormal,lognormal,log,5,True,1.0,2.25907564163208,0.6762566566467285,1.256417989730835,0.6715940833091736
377,ppo_lognormal,lognormal,log,6,False,0.0,1.8384299278259277,0.7351266145706177,2.3214101791381836,0.748054027557373
377,ppo_lognormal,lognormal,log,7,False,0.0,1.8553866147994995,0.7351248264312744,2.5535566806793213,0.7484726905822754
378,ppo_lognormal,lognormal,log,0,False,0.0,1.7561419010162354,0.722637414932251,1.577993631362915,0.7288060188293457
378,ppo_lognormal,lognormal,log,1,False,0.0,2.317021608352661,0.73664391040802,1.9890689849853516,0.743022620677948
378,ppo_lognormal,lognormal,log,2,False,0.0,1.0265008211135864,0.7338204383850098,1.165233850479126,0.7311090230941772
378,ppo_lognormal,lognormal,log,3,False,0.0,1.9749503135681152,0.6974533200263977,1.0348390340805054,0.7098603844642639
378,ppo_lognormal,lognormal,log,4,False,0.0,2.1203603744506836,0.7451082468032837,2.4493062496185303,0.7458813190460205
378,ppo_lognormal,lognormal,log,5,True,1.0,2.259028911590576,0.6761451959609985,1.2561851739883423,0.6714750528335571
378,ppo_lognormal,lognormal,log,6,False,0.0,1.8384299278259277,0.7351266145706177,2.3214101791381836,0.748054027557373
378,ppo_lognormal,lognormal,log,7,False,0.0,1.8553866147994995,0.7351248264312744,2.5535566806793213,0.7484726905822754
379,ppo_lognormal,lognormal,log,0,False,0.0,1.7561419010162354,0.722637414932251,1.577993631362915,0.7288060188293457
379,ppo_lognormal,lognormal,log,1,False,0.0,2.317021608352661,0.73664391040802,1.9890689849853516,0.743022620677948
379,ppo_lognormal,lognormal,log,2,False,0.0,1.0265008211135864,0.7338204383850098,1.165233850479126,0.7311090230941772
379,ppo_lognormal,lognormal,log,3,False,0.0,1.9749503135681152,0.6974533200263977,1.0348390340805054,0.7098603844642639
379,ppo_lognormal,lognormal,log,4,False,0.0,2.1203603744506836,0.7451082468032837,2.4493062496185303,0.7458813190460205
379,ppo_lognormal,lognormal,log,5,True,1.0,2.2589900493621826,0.6760293245315552,1.2559542655944824,0.6713454723358154
379,ppo_lognormal,lognormal,log,6,False,0.0,1.8384299278259277,0.7351266145706177,2.3214101791381836,0.748054027557373
379,ppo_lognormal,lognormal,log,7,False,0.0,1.8553866147994995,0.7351248264312744,2.5535566806793213,0.7484726905822754
380,ppo_lognormal,lognormal,log,0,False,0.0,1.7561419010162354,0.722637414932251,1.577993631362915,0.7288060188293457
380,ppo_lognormal,lognormal,log,1,False,0.0,2.317021608352661,0.73664391040802,1.9890689849853516,0.743022620677948
380,ppo_lognormal,lognormal,log,2,False,0.0,1.0265008211135864,0.7338204383850098,1.165233850479126,0.7311090230941772
380,ppo_lognormal,lognormal,log,3,False,0.0,1.9749503135681152,0.6974533200263977,1.0348390340805054,0.7098603844642639
380,ppo_lognormal,lognormal,log,4,False,0.0,2.1203603744506836,0.7451082468032837,2.4493062496185303,0.7458813190460205
380,ppo_lognormal,lognormal,log,5,True,1.0,2.258936643600464,0.6759259700775146,1.2557213306427002,0.6712093949317932
380,ppo_lognormal,lognormal,log,6,False,0.0,1.8384299278259277,0.7351266145706177,2.3214101791381836,0.748054027557373
380,ppo_lognormal,lognormal,log,7,False,0.0,1.8553866147994995,0.7351248264312744,2.5535566806793213,0.7484726905822754
381,ppo_lognormal,lognormal,log,0,False,0.0,1.7561419010162354,0.722637414932251,1.577993631362915,0.7288060188293457
381,ppo_lognormal,lognormal,log,1,False,0.0,2.317021608352661,0.73664391040802,1.9890689849853516,0.743022620677948
381,ppo_lognormal,lognormal,log,2,False,0.0,1.0265008211135864,0.7338204383850098,1.165233850479126,0.7311090230941772
381,ppo_lognormal,lognormal,log,3,False,0.0,1.9749503135681152,0.6974533200263977,1.0348390340805054,0.7098603844642639
381,ppo_lognormal,lognormal,log,4,False,0.0,2.1203603744506836,0.7451082468032837,2.4493062496185303,0.7458813190460205
381,ppo_lognormal,lognormal,log,5,True,1.0,2.258913278579712,0.6758272647857666,1.2554912567138672,0.6710630655288696
381,ppo_lognormal,lognormal,log,6,False,0.0,1.8384299278259277,0.7351266145706177,2.3214101791381836,0.748054027557373
381,ppo_lognormal,lognormal,log,7,False,0.0,1.8553866147994995,0.7351248264312744,2.5535566806793213,0.7484726905822754
382,ppo_lognormal,lognormal,log,0,False,0.0,1.7561419010162354,0.722637414932251,1.577993631362915,0.7288060188293457
382,ppo_lognormal,lognormal,log,1,False,0.0,2.317021608352661,0.73664391040802,1.9890689849853516,0.743022620677948
382,ppo_lognormal,lognormal,log,2,False,0.0,1.0265008211135864,0.7338204383850098,1.165233850479126,0.7311090230941772
382,ppo_lognormal,lognormal,log,3,False,0.0,1.9749503135681152,0.6974533200263977,1.0348390340805054,0.7098603844642639
382,ppo_lognormal,lognormal,log,4,False,0.0,2.1203603744506836,0.7451082468032837,2.4493062496185303,0.7458813190460205
382,ppo_lognormal,lognormal,log,5,True,1.0,2.2588443756103516,0.6757148504257202,1.2552714347839355,0.6709360480308533
382,ppo_lognormal,lognormal,log,6,False,0.0,1.8384299278259277,0.7351266145706177,2.3214101791381836,0.748054027557373
382,ppo_lognormal,lognormal,log,7,False,0.0,1.8553866147994995,0.7351248264312744,2.5535566806793213,0.7484726905822754
383,ppo_lognormal,lognormal,log,0,False,0.0,1.7561419010162354,0.722637414932251,1.577993631362915,0.7288060188293457
383,ppo_lognormal,lognormal,log,1,False,0.0,2.317021608352661,0.73664391040802,1.9890689849853516,0.743022620677948
383,ppo_lognormal,lognormal,log,2,False,0.0,1.0265008211135864,0.7338204383850098,1.165233850479126,0.7311090230941772
383,ppo_lognormal,lognormal,log,3,False,0.0,1.9749503135681152,0.6974533200263977,1.0348390340805054,0.7098603844642639
383,ppo_lognormal,lognormal,log,4,False,0.0,2.1203603744506836,0.7451082468032837,2.4493062496185303,0.7458813190460205
383,ppo_lognormal,lognormal,log,5,True,1.0,2.2587890625,0.6755936145782471,1.255055546760559,0.6708012223243713
383,ppo_lognormal,lognormal,log,6,False,0.0,1.8384299278259277,0.7351266145706177,2.3214101791381836,0.748054027557373
383,ppo_lognormal,lognormal,log,7,False,0.0,1.8553866147994995,0.7351248264312744,2.5535566806793213,0.7484726905822754
384,ppo_lognormal,lognormal,log,0,False,0.0,1.7561419010162354,0.722637414932251,1.577993631362915,0.7288060188293457
384,ppo_lognormal,lognormal,log,1,False,0.0,2.317021608352661,0.73664391040802,1.9890689849853516,0.743022620677948
384,ppo_lognormal,lognormal,log,2,False,0.0,1.0265008211135864,0.7338204383850098,1.165233850479126,0.7311090230941772
384,ppo_lognormal,lognormal,log,3,False,0.0,1.9749503135681152,0.6974533200263977,1.0348390340805054,0.7098603844642639
384,ppo_lognormal,lognormal,log,4,False,0.0,2.1203603744506836,0.7451082468032837,2.4493062496185303,0.7458813190460205
384,ppo_lognormal,lognormal,log,5,True,1.0,2.2587335109710693,0.6754608154296875,1.2548418045043945,0.6706679463386536
384,ppo_lognormal,lognormal,log,6,False,0.0,1.8384299278259277,0.7351266145706177,2.3214101791381836,0.748054027557373
384,ppo_lognormal,lognormal,log,7,False,0.0,1.8553866147994995,0.7351248264312744,2.5535566806793213,0.7484726905822754
385,ppo_lognormal,lognormal,log,0,False,0.0,1.7561419010162354,0.722637414932251,1.577993631362915,0.7288060188293457
385,ppo_lognormal,lognormal,log,1,False,0.0,2.317021608352661,0.73664391040802,1.9890689849853516,0.743022620677948
385,ppo_lognormal,lognormal,log,2,False,0.0,1.0265008211135864,0.7338204383850098,1.165233850479126,0.7311090230941772
385,ppo_lognormal,lognormal,log,3,False,0.0,1.9749503135681152,0.6974533200263977,1.0348390340805054,0.7098603844642639
385,ppo_lognormal,lognormal,log,4,False,0.0,2.1203603744506836,0.7451082468032837,2.4493062496185303,0.7458813190460205
385,ppo_lognormal,lognormal,log,5,True,1.0,2.258716106414795,0.675317645072937,1.2546347379684448,0.6705366969108582
385,ppo_lognormal,lognormal,log,6,False,0.0,1.8384299278259277,0.7351266145706177,2.3214101791381836,0.748054027557373
385,ppo_lognormal,lognormal,log,7,False,0.0,1.8553866147994995,0.7351248264312744,2.5535566806793213,0.7484726905822754
386,ppo_lognormal,lognormal,log,0,False,0.0,1.7561419010162354,0.722637414932251,1.577993631362915,0.7288060188293457
386,ppo_lognormal,lognormal,log,1,False,0.0,2.317021608352661,0.73664391040802,1.9890689849853516,0.743022620677948
386,ppo_lognormal,lognormal,log,2,False,0.0,1.0265008211135864,0.7338204383850098,1.165233850479126,0.7311090230941772
386,ppo_lognormal,lognormal,log,3,False,0.0,1.9749503135681152,0.6974533200263977,1.0348390340805054,0.7098603844642639
386,ppo_lognormal,lognormal,log,4,False,0.0,2.1203603744506836,0.7451082468032837,2.4493062496185303,0.7458813190460205
386,ppo_lognormal,lognormal,log,5,True,1.0,2.2587101459503174,0.6751756072044373,1.2544262409210205,0.6704006791114807
386,ppo_lognormal,lognormal,log,6,False,0.0,1.8384299278259277,0.7351266145706177,2.3214101791381836,0.748054027557373
386,ppo_lognormal,lognormal,log,7,False,0.0,1.8553866147994995,0.7351248264312744,2.5535566806793213,0.7484726905822754
387,ppo_lognormal,lognormal,log,0,False,0.0,1.7561419010162354,0.722637414932251,1.577993631362915,0.7288060188293457
387,ppo_lognormal,lognormal,log,1,False,0.0,2.317021608352661,0.73664391040802,1.9890689849853516,0.743022620677948
387,ppo_lognormal,lognormal,log,2,False,0.0,1.0265008211135864,0.7338204383850098,1.165233850479126,0.7311090230941772
387,ppo_lognormal,lognormal,log,3,False,0.0,1.9749503135681152,0.6974533200263977,1.0348390340805054,0.7098603844642639
387,ppo_lognormal,lognormal,log,4,False,0.0,2.1203603744506836,0.7451082468032837,2.4493062496185303,0.7458813190460205
387,ppo_lognormal,lognormal,log,5,True,1.0,2.2587172985076904,0.675045371055603,1.2542129755020142,0.6702634692192078
387,ppo_lognormal,lognormal,log,6,False,0.0,1.8384299278259277,0.7351266145706177,2.3214101791381836,0.748054027557373
387,ppo_lognormal,lognormal,log,7,False,0.0,1.8553866147994995,0.7351248264312744,2.5535566806793213,0.7484726905822754
388,ppo_lognormal,lognormal,log,0,False,0.0,1.7561419010162354,0.722637414932251,1.577993631362915,0.7288060188293457
388,ppo_lognormal,lognormal,log,1,False,0.0,2.317021608352661,0.73664391040802,1.9890689849853516,0.743022620677948
388,ppo_lognormal,lognormal,log,2,False,0.0,1.0265008211135864,0.7338204383850098,1.165233850479126,0.7311090230941772
388,ppo_lognormal,lognormal,log,3,False,0.0,1.9749503135681152,0.6974533200263977,1.0348390340805054,0.7098603844642639
388,ppo_lognormal,lognormal,log,4,False,0.0,2.1203603744506836,0.7451082468032837,2.4493062496185303,0.7458813190460205
388,ppo_lognormal,lognormal,log,5,True,1.0,2.258700370788574,0.6749199628829956,1.2539955377578735,0.670147180557251
388,ppo_lognormal,lognormal,log,6,False,0.0,1.8384299278259277,0.7351266145706177,2.3214101791381836,0.748054027557373
388,ppo_lognormal,lognormal,log,7,False,0.0,1.8553866147994995,0.7351248264312744,2.5535566806793213,0.7484726905822754
389,ppo_lognormal,lognormal,log,0,False,0.0,1.7561419010162354,0.722637414932251,1.577993631362915,0.7288060188293457
389,ppo_lognormal,lognormal,log,1,False,0.0,2.317021608352661,0.73664391040802,1.9890689849853516,0.743022620677948
389,ppo_lognormal,lognormal,log,2,False,0.0,1.0265008211135864,0.7338204383850098,1.165233850479126,0.7311090230941772
389,ppo_lognormal,lognormal,log,3,False,0.0,1.9749503135681152,0.6974533200263977,1.0348390340805054,0.7098603844642639
389,ppo_lognormal,lognormal,log,4,False,0.0,2.1203603744506836,0.7451082468032837,2.4493062496185303,0.7458813190460205
389,ppo_lognormal,lognormal,log,5,True,1.0,2.2586755752563477,0.6748070120811462,1.2537881135940552,0.6700397729873657
389,ppo_lognormal,lognormal,log,6,False,0.0,1.8384299278259277,0.7351266145706177,2.3214101791381836,0.748054027557373
389,ppo_lognormal,lognormal,log,7,False,0.0,1.8553866147994995,0.7351248264312744,2.5535566806793213,0.7484726905822754
390,ppo_lognormal,lognormal,log,0,False,0.0,1.7561419010162354,0.722637414932251,1.577993631362915,0.7288060188293457
390,ppo_lognormal,lognormal,log,1,False,0.0,2.317021608352661,0.73664391040802,1.9890689849853516,0.743022620677948
390,ppo_lognormal,lognormal,log,2,False,0.0,1.0265008211135864,0.7338204383850098,1.165233850479126,0.7311090230941772
390,ppo_lognormal,lognormal,log,3,False,0.0,1.9749503135681152,0.6974533200263977,1.0348390340805054,0.7098603844642639
390,ppo_lognormal,lognormal,log,4,False,0.0,2.1203603744506836,0.7451082468032837,2.4493062496185303,0.7458813190460205
390,ppo_lognormal,lognormal,log,5,True,1.0,2.2586898803710938,0.674677848815918,1.2535945177078247,0.6699445247650146
390,ppo_lognormal,lognormal,log,6,False,0.0,1.8384299278259277,0.7351266145706177,2.3214101791381836,0.748054027557373
390,ppo_lognormal,lognormal,log,7,False,0.0,1.8553866147994995,0.7351248264312744,2.5535566806793213,0.7484726905822754
391,ppo_lognormal,lognormal,log,0,False,0.0,1.7561419010162354,0.722637414932251,1.577993631362915,0.7288060188293457
391,ppo_lognormal,lognormal,log,1,False,0.0,2.317021608352661,0.73664391040802,1.9890689849853516,0.743022620677948
391,ppo_lognormal,lognormal,log,2,False,0.0,1.0265008211135864,0.7338204383850098,1.165233850479126,0.7311090230941772
391,ppo_lognormal,lognormal,log,3,False,0.0,1.9749503135681152,0.6974533200263977,1.0348390340805054,0.7098603844642639
391,ppo_lognormal,lognormal,log,4,False,0.0,2.1203603744506836,0.7451082468032837,2.4493062496185303,0.7458813190460205
391,ppo_lognormal,lognormal,log,5,True,1.0,2.258737087249756,0.6745342016220093,1.2534173727035522,0.6698668003082275
391,ppo_lognormal,lognormal,log,6,False,0.0,1.8384299278259277,0.7351266145706177,2.3214101791381836,0.748054027557373
391,ppo_lognormal,lognormal,log,7,False,0.0,1.8553866147994995,0.7351248264312744,2.5535566806793213,0.7484726905822754
392,ppo_lognormal,lognormal,log,0,False,0.0,1.7561419010162354,0.722637414932251,1.577993631362915,0.7288060188293457
392,ppo_lognormal,lognormal,log,1,False,0.0,2.317021608352661,0.73664391040802,1.9890689849853516,0.743022620677948
392,ppo_lognormal,lognormal,log,2,False,0.0,1.0265008211135864,0.7338204383850098,1.165233850479126,0.7311090230941772
392,ppo_lognormal,lognormal,log,3,False,0.0,1.9749503135681152,0.6974533200263977,1.0348390340805054,0.7098603844642639
392,ppo_lognormal,lognormal,log,4,False,0.0,2.1203603744506836,0.7451082468032837,2.4493062496185303,0.7458813190460205
392,ppo_lognormal,lognormal,log,5,True,1.0,2.258756637573242,0.6744047999382019,1.2532322406768799,0.6697901487350464
392,ppo_lognormal,lognormal,log,6,False,0.0,1.8384299278259277,0.7351266145706177,2.3214101791381836,0.748054027557373
392,ppo_lognormal,lognormal,log,7,False,0.0,1.8553866147994995,0.7351248264312744,2.5535566806793213,0.7484726905822754
393,ppo_lognormal,lognormal,log,0,False,0.0,1.7561419010162354,0.722637414932251,1.577993631362915,0.7288060188293457
393,ppo_lognormal,lognormal,log,1,False,0.0,2.317021608352661,0.73664391040802,1.9890689849853516,0.743022620677948
393,ppo_lognormal,lognormal,log,2,False,0.0,1.0265008211135864,0.7338204383850098,1.165233850479126,0.7311090230941772
393,ppo_lognormal,lognormal,log,3,False,0.0,1.9749503135681152,0.6974533200263977,1.0348390340805054,0.7098603844642639
393,ppo_lognormal,lognormal,log,4,False,0.0,2.1203603744506836,0.7451082468032837,2.4493062496185303,0.7458813190460205
393,ppo_lognormal,lognormal,log,5,True,1.0,2.2587921619415283,0.6742953062057495,1.2530418634414673,0.6697078347206116
393,ppo_lognormal,lognormal,log,6,False,0.0,1.8384299278259277,0.7351266145706177,2.3214101791381836,0.748054027557373
393,ppo_lognormal,lognormal,log,7,False,0.0,1.8553866147994995,0.7351248264312744,2.5535566806793213,0.7484726905822754
394,ppo_lognormal,lognormal,log,0,False,0.0,1.7561419010162354,0.722637414932251,1.577993631362915,0.7288060188293457
394,ppo_lognormal,lognormal,log,1,False,0.0,2.317021608352661,0.73664391040802,1.9890689849853516,0.743022620677948
394,ppo_lognormal,lognormal,log,2,False,0.0,1.0265008211135864,0.7338204383850098,1.165233850479126,0.7311090230941772
394,ppo_lognormal,lognormal,log,3,False,0.0,1.9749503135681152,0.6974533200263977,1.0348390340805054,0.7098603844642639
394,ppo_lognormal,lognormal,log,4,False,0.0,2.1203603744506836,0.7451082468032837,2.4493062496185303,0.7458813190460205
394,ppo_lognormal,lognormal,log,5,True,1.0,2.258824586868286,0.6741665005683899,1.2528645992279053,0.6696368455886841
394,ppo_lognormal,lognormal,log,6,False,0.0,1.8384299278259277,0.7351266145706177,2.3214101791381836,0.748054027557373
394,ppo_lognormal,lognormal,log,7,False,0.0,1.8553866147994995,0.7351248264312744,2.5535566806793213,0.7484726905822754
395,ppo_lognormal,lognormal,log,0,False,0.0,1.7561419010162354,0.722637414932251,1.577993631362915,0.7288060188293457
395,ppo_lognormal,lognormal,log,1,False,0.0,2.317021608352661,0.73664391040802,1.9890689849853516,0.743022620677948
395,ppo_lognormal,lognormal,log,2,False,0.0,1.0265008211135864,0.7338204383850098,1.165233850479126,0.7311090230941772
395,ppo_lognormal,lognormal,log,3,False,0.0,1.9749503135681152,0.6974533200263977,1.0348390340805054,0.7098603844642639
395,ppo_lognormal,lognormal,log,4,False,0.0,2.1203603744506836,0.7451082468032837,2.4493062496185303,0.7458813190460205
395,ppo_lognormal,lognormal,log,5,True,1.0,2.258901357650757,0.6740420460700989,1.252703309059143,0.6695513129234314
395,ppo_lognormal,lognormal,log,6,False,0.0,1.8384299278259277,0.7351266145706177,2.3214101791381836,0.748054027557373
395,ppo_lognormal,lognormal,log,7,False,0.0,1.8553866147994995,0.7351248264312744,2.5535566806793213,0.7484726905822754
396,ppo_lognormal,lognormal,log,0,False,0.0,1.7561419010162354,0.722637414932251,1.577993631362915,0.7288060188293457
396,ppo_lognormal,lognormal,log,1,False,0.0,2.317021608352661,0.73664391040802,1.9890689849853516,0.743022620677948
396,ppo_lognormal,lognormal,log,2,False,0.0,1.0265008211135864,0.7338204383850098,1.165233850479126,0.7311090230941772
396,ppo_lognormal,lognormal,log,3,False,0.0,1.9749503135681152,0.6974533200263977,1.0348390340805054,0.7098603844642639
396,ppo_lognormal,lognormal,log,4,False,0.0,2.1203603744506836,0.7451082468032837,2.4493062496185303,0.7458813190460205
396,ppo_lognormal,lognormal,log,5,True,1.0,2.2590198516845703,0.673926591873169,1.2525440454483032,0.6694634556770325
396,ppo_lognormal,lognormal,log,6,False,0.0,1.8384299278259277,0.7351266145706177,2.3214101791381836,0.748054027557373
396,ppo_lognormal,lognormal,log,7,False,0.0,1.8553866147994995,0.7351248264312744,2.5535566806793213,0.7484726905822754
397,ppo_lognormal,lognormal,log,0,False,0.0,1.7561419010162354,0.722637414932251,1.577993631362915,0.7288060188293457
397,ppo_lognormal,lognormal,log,1,False,0.0,2.317021608352661,0.73664391040802,1.9890689849853516,0.743022620677948
397,ppo_lognormal,lognormal,log,2,False,0.0,1.0265008211135864,0.7338204383850098,1.165233850479126,0.7311090230941772
397,ppo_lognormal,lognormal,log,3,False,0.0,1.9749503135681152,0.6974533200263977,1.0348390340805054,0.7098603844642639
397,ppo_lognormal,lognormal,log,4,False,0.0,2.1203603744506836,0.7451082468032837,2.4493062496185303,0.7458813190460205
397,ppo_lognormal,lognormal,log,5,True,1.0,2.2591195106506348,0.6738156080245972,1.2523819208145142,0.6693627834320068
397,ppo_lognormal,lognormal,log,6,False,0.0,1.8384299278259277,0.7351266145706177,2.3214101791381836,0.748054027557373
397,ppo_lognormal,lognormal,log,7,False,0.0,1.8553866147994995,0.7351248264312744,2.5535566806793213,0.7484726905822754
398,ppo_lognormal,lognormal,log,0,False,0.0,1.7561419010162354,0.722637414932251,1.577993631362915,0.7288060188293457
398,ppo_lognormal,lognormal,log,1,False,0.0,2.317021608352661,0.73664391040802,1.9890689849853516,0.743022620677948
398,ppo_lognormal,lognormal,log,2,False,0.0,1.0265008211135864,0.7338204383850098,1.165233850479126,0.7311090230941772
398,ppo_lognormal,lognormal,log,3,False,0.0,1.9749503135681152,0.6974533200263977,1.0348390340805054,0.7098603844642639
398,ppo_lognormal,lognormal,log,4,False,0.0,2.1203603744506836,0.7451082468032837,2.4493062496185303,0.7458813190460205
398,ppo_lognormal,lognormal,log,5,True,1.0,2.2591991424560547,0.6737181544303894,1.2522116899490356,0.669260561466217
398,ppo_lognormal,lognormal,log,6,False,0.0,1.8384299278259277,0.7351266145706177,2.3214101791381836,0.748054027557373
398,ppo_lognormal,lognormal,log,7,False,0.0,1.8553866147994995,0.7351248264312744,2.5535566806793213,0.7484726905822754
399,ppo_lognormal,lognormal,log,0,False,0.0,1.7561419010162354,0.722637414932251,1.577993631362915,0.7288060188293457
399,ppo_lognormal,lognormal,log,1,False,0.0,2.317021608352661,0.73664391040802,1.9890689849853516,0.743022620677948
399,ppo_lognormal,lognormal,log,2,False,0.0,1.0265008211135864,0.7338204383850098,1.165233850479126,0.7311090230941772
399,ppo_lognormal,lognormal,log,3,False,0.0,1.9749503135681152,0.6974533200263977,1.0348390340805054,0.7098603844642639
399,ppo_lognormal,lognormal,log,4,False,0.0,2.1203603744506836,0.7451082468032837,2.4493062496185303,0.7458813190460205
399,ppo_lognormal,lognormal,log,5,True,1.0,2.259295701980591,0.6736225485801697,1.252037525177002,0.6691651344299316
399,ppo_lognormal,lognormal,log,6,False,0.0,1.8384299278259277,0.7351266145706177,2.3214101791381836,0.748054027557373
399,ppo_lognormal,lognormal,log,7,False,0.0,1.8553866147994995,0.7351248264312744,2.5535566806793213,0.7484726905822754
400,ppo_lognormal,lognormal,log,0,False,0.0,1.7561419010162354,0.722637414932251,1.577993631362915,0.7288060188293457
400,ppo_lognormal,lognormal,log,1,False,0.0,2.317021608352661,0.73664391040802,1.9890689849853516,0.743022620677948
400,ppo_lognormal,lognormal,log,2,False,0.0,1.0265008211135864,0.7338204383850098,1.165233850479126,0.7311090230941772
400,ppo_lognormal,lognormal,log,3,False,0.0,1.9749503135681152,0.6974533200263977,1.0348390340805054,0.7098603844642639
400,ppo_lognormal,lognormal,log,4,False,0.0,2.1203603744506836,0.7451082468032837,2.4493062496185303,0.7458813190460205
400,ppo_lognormal,lognormal,log,5,True,1.0,2.259427309036255,0.6735209226608276,1.2518736124038696,0.6690691113471985
400,ppo_lognormal,lognormal,log,6,False,0.0,1.8384299278259277,0.7351266145706177,2.3214101791381836,0.748054027557373
400,ppo_lognormal,lognormal,log,7,False,0.0,1.8553866147994995,0.7351248264312744,2.5535566806793213,0.7484726905822754
401,ppo_lognormal,lognormal,log,0,False,0.0,1.7561419010162354,0.722637414932251,1.577993631362915,0.7288060188293457
401,ppo_lognormal,lognormal,log,1,False,0.0,2.317021608352661,0.73664391040802,1.9890689849853516,0.743022620677948
401,ppo_lognormal,lognormal,log,2,False,0.0,1.0265008211135864,0.7338204383850098,1.165233850479126,0.7311090230941772
401,ppo_lognormal,lognormal,log,3,False,0.0,1.9749503135681152,0.6974533200263977,1.0348390340805054,0.7098603844642639
401,ppo_lognormal,lognormal,log,4,False,0.0,2.1203603744506836,0.7451082468032837,2.4493062496185303,0.7458813190460205
401,ppo_lognormal,lognormal,log,5,True,1.0,2.259585380554199,0.6734145283699036,1.2517160177230835,0.6689718961715698
401,ppo_lognormal,lognormal,log,6,False,0.0,1.8384299278259277,0.7351266145706177,2.3214101791381836,0.748054027557373
401,ppo_lognormal,lognormal,log,7,False,0.0,1.8553866147994995,0.7351248264312744,2.5535566806793213,0.7484726905822754
402,ppo_lognormal,lognormal,log,0,False,0.0,1.7561419010162354,0.722637414932251,1.577993631362915,0.7288060188293457
402,ppo_lognormal,lognormal,log,1,False,0.0,2.317021608352661,0.73664391040802,1.9890689849853516,0.743022620677948
402,ppo_lognormal,lognormal,log,2,False,0.0,1.0265008211135864,0.7338204383850098,1.165233850479126,0.7311090230941772
402,ppo_lognormal,lognormal,log,3,False,0.0,1.9749503135681152,0.6974533200263977,1.0348390340805054,0.7098603844642639
402,ppo_lognormal,lognormal,log,4,False,0.0,2.1203603744506836,0.7451082468032837,2.4493062496185303,0.7458813190460205
402,ppo_lognormal,lognormal,log,5,True,1.0,2.259749412536621,0.6733087301254272,1.2515535354614258,0.6688766479492188
402,ppo_lognormal,lognormal,log,6,False,0.0,1.8384299278259277,0.7351266145706177,2.3214101791381836,0.748054027557373
402,ppo_lognormal,lognormal,log,7,False,0.0,1.8553866147994995,0.7351248264312744,2.5535566806793213,0.7484726905822754
403,ppo_lognormal,lognormal,log,0,False,0.0,1.7561419010162354,0.722637414932251,1.577993631362915,0.7288060188293457
403,ppo_lognormal,lognormal,log,1,False,0.0,2.317021608352661,0.73664391040802,1.9890689849853516,0.743022620677948
403,ppo_lognormal,lognormal,log,2,False,0.0,1.0265008211135864,0.7338204383850098,1.165233850479126,0.7311090230941772
403,ppo_lognormal,lognormal,log,3,False,0.0,1.9749503135681152,0.6974533200263977,1.0348390340805054,0.7098603844642639
403,ppo_lognormal,lognormal,log,4,False,0.0,2.1203603744506836,0.7451082468032837,2.4493062496185303,0.7458813190460205
403,ppo_lognormal,lognormal,log,5,True,1.0,2.2599024772644043,0.6732087135314941,1.2513835430145264,0.6687840223312378
403,ppo_lognormal,lognormal,log,6,False,0.0,1.8384299278259277,0.7351266145706177,2.3214101791381836,0.748054027557373
403,ppo_lognormal,lognormal,log,7,False,0.0,1.8553866147994995,0.7351248264312744,2.5535566806793213,0.7484726905822754
404,ppo_lognormal,lognormal,log,0,False,0.0,1.7561419010162354,0.722637414932251,1.577993631362915,0.7288060188293457
404,ppo_lognormal,lognormal,log,1,False,0.0,2.317021608352661,0.73664391040802,1.9890689849853516,0.743022620677948
404,ppo_lognormal,lognormal,log,2,False,0.0,1.0265008211135864,0.7338204383850098,1.165233850479126,0.7311090230941772
404,ppo_lognormal,lognormal,log,3,False,0.0,1.9749503135681152,0.6974533200263977,1.0348390340805054,0.7098603844642639
404,ppo_lognormal,lognormal,log,4,False,0.0,2.1203603744506836,0.7451082468032837,2.4493062496185303,0.7458813190460205
404,ppo_lognormal,lognormal,log,5,True,1.0,2.2600841522216797,0.6731019616127014,1.2512285709381104,0.6686960458755493
404,ppo_lognormal,lognormal,log,6,False,0.0,1.8384299278259277,0.7351266145706177,2.3214101791381836,0.748054027557373
404,ppo_lognormal,lognormal,log,7,False,0.0,1.8553866147994995,0.7351248264312744,2.5535566806793213,0.7484726905822754
405,ppo_lognormal,lognormal,log,0,False,0.0,1.7561419010162354,0.722637414932251,1.577993631362915,0.7288060188293457
405,ppo_lognormal,lognormal,log,1,False,0.0,2.317021608352661,0.73664391040802,1.9890689849853516,0.743022620677948
405,ppo_lognormal,lognormal,log,2,False,0.0,1.0265008211135864,0.7338204383850098,1.165233850479126,0.7311090230941772
405,ppo_lognormal,lognormal,log,3,False,0.0,1.9749503135681152,0.6974533200263977,1.0348390340805054,0.7098603844642639
405,ppo_lognormal,lognormal,log,4,False,0.0,2.1203603744506836,0.7451082468032837,2.4493062496185303,0.7458813190460205
405,ppo_lognormal,lognormal,log,5,True,1.0,2.2602474689483643,0.6730059385299683,1.251065731048584,0.6686078310012817
405,ppo_lognormal,lognormal,log,6,False,0.0,1.8384299278259277,0.7351266145706177,2.3214101791381836,0.748054027557373
405,ppo_lognormal,lognormal,log,7,False,0.0,1.8553866147994995,0.7351248264312744,2.5535566806793213,0.7484726905822754
406,ppo_lognormal,lognormal,log,0,False,0.0,1.7561419010162354,0.722637414932251,1.577993631362915,0.7288060188293457
406,ppo_lognormal,lognormal,log,1,False,0.0,2.317021608352661,0.73664391040802,1.9890689849853516,0.743022620677948
406,ppo_lognormal,lognormal,log,2,False,0.0,1.0265008211135864,0.7338204383850098,1.165233850479126,0.7311090230941772
406,ppo_lognormal,lognormal,log,3,False,0.0,1.9749503135681152,0.6974533200263977,1.0348390340805054,0.7098603844642639
406,ppo_lognormal,lognormal,log,4,False,0.0,2.1203603744506836,0.7451082468032837,2.4493062496185303,0.7458813190460205
406,ppo_lognormal,lognormal,log,5,True,1.0,2.2604212760925293,0.6729021668434143,1.2509045600891113,0.6685270071029663
406,ppo_lognormal,lognormal,log,6,False,0.0,1.8384299278259277,0.7351266145706177,2.3214101791381836,0.748054027557373
406,ppo_lognormal,lognormal,log,7,False,0.0,1.8553866147994995,0.7351248264312744,2.5535566806793213,0.7484726905822754
407,ppo_lognormal,lognormal,log,0,False,0.0,1.7561419010162354,0.722637414932251,1.577993631362915,0.7288060188293457
407,ppo_lognormal,lognormal,log,1,False,0.0,2.317021608352661,0.73664391040802,1.9890689849853516,0.743022620677948
407,ppo_lognormal,lognormal,log,2,False,0.0,1.0265008211135864,0.7338204383850098,1.165233850479126,0.7311090230941772
407,ppo_lognormal,lognormal,log,3,False,0.0,1.9749503135681152,0.6974533200263977,1.0348390340805054,0.7098603844642639
407,ppo_lognormal,lognormal,log,4,False,0.0,2.1203603744506836,0.7451082468032837,2.4493062496185303,0.7458813190460205
407,ppo_lognormal,lognormal,log,5,True,1.0,2.260571002960205,0.6728003025054932,1.2507426738739014,0.6684358716011047
407,ppo_lognormal,lognormal,log,6,False,0.0,1.8384299278259277,0.7351266145706177,2.3214101791381836,0.748054027557373
407,ppo_lognormal,lognormal,log,7,False,0.0,1.8553866147994995,0.7351248264312744,2.5535566806793213,0.7484726905822754
408,ppo_lognormal,lognormal,log,0,False,0.0,1.7561419010162354,0.722637414932251,1.577993631362915,0.7288060188293457
408,ppo_lognormal,lognormal,log,1,False,0.0,2.317021608352661,0.73664391040802,1.9890689849853516,0.743022620677948
408,ppo_lognormal,lognormal,log,2,False,0.0,1.0265008211135864,0.7338204383850098,1.165233850479126,0.7311090230941772
408,ppo_lognormal,lognormal,log,3,False,0.0,1.9749503135681152,0.6974533200263977,1.0348390340805054,0.7098603844642639
408,ppo_lognormal,lognormal,log,4,False,0.0,2.1203603744506836,0.7451082468032837,2.4493062496185303,0.7458813190460205
408,ppo_lognormal,lognormal,log,5,True,1.0,2.2607297897338867,0.6727112531661987,1.2505793571472168,0.6683400869369507
408,ppo_lognormal,lognormal,log,6,False,0.0,1.8384299278259277,0.7351266145706177,2.3214101791381836,0.748054027557373
408,ppo_lognormal,lognormal,log,7,False,0.0,1.8553866147994995,0.7351248264312744,2.5535566806793213,0.7484726905822754
409,ppo_lognormal,lognormal,log,0,False,0.0,1.7561419010162354,0.722637414932251,1.577993631362915,0.7288060188293457
409,ppo_lognormal,lognormal,log,1,False,0.0,2.317021608352661,0.73664391040802,1.9890689849853516,0.743022620677948
409,ppo_lognormal,lognormal,log,2,False,0.0,1.0265008211135864,0.7338204383850098,1.165233850479126,0.7311090230941772
409,ppo_lognormal,lognormal,log,3,False,0.0,1.9749503135681152,0.6974533200263977,1.0348390340805054,0.7098603844642639
409,ppo_lognormal,lognormal,log,4,False,0.0,2.1203603744506836,0.7451082468032837,2.4493062496185303,0.7458813190460205
409,ppo_lognormal,lognormal,log,5,True,1.0,2.260878801345825,0.6726219058036804,1.2504141330718994,0.6682398319244385
409,ppo_lognormal,lognormal,log,6,False,0.0,1.8384299278259277,0.7351266145706177,2.3214101791381836,0.748054027557373
409,ppo_lognormal,lognormal,log,7,False,0.0,1.8553866147994995,0.7351248264312744,2.5535566806793213,0.7484726905822754
410,ppo_lognormal,lognormal,log,0,False,0.0,1.7561419010162354,0.722637414932251,1.577993631362915,0.7288060188293457
410,ppo_lognormal,lognormal,log,1,False,0.0,2.317021608352661,0.73664391040802,1.9890689849853516,0.743022620677948
410,ppo_lognormal,lognormal,log,2,False,0.0,1.0265008211135864,0.7338204383850098,1.165233850479126,0.7311090230941772
410,ppo_lognormal,lognormal,log,3,False,0.0,1.9749503135681152,0.6974533200263977,1.0348390340805054,0.7098603844642639
410,ppo_lognormal,lognormal,log,4,False,0.0,2.1203603744506836,0.7451082468032837,2.4493062496185303,0.7458813190460205
410,ppo_lognormal,lognormal,log,5,True,1.0,2.2610042095184326,0.6725373864173889,1.2502444982528687,0.6681400537490845
410,ppo_lognormal,lognormal,log,6,False,0.0,1.8384299278259277,0.7351266145706177,2.3214101791381836,0.748054027557373
410,ppo_lognormal,lognormal,log,7,False,0.0,1.8553866147994995,0.7351248264312744,2.5535566806793213,0.7484726905822754
411,ppo_lognormal,lognormal,log,0,False,0.0,1.7561419010162354,0.722637414932251,1.577993631362915,0.7288060188293457
411,ppo_lognormal,lognormal,log,1,False,0.0,2.317021608352661,0.73664391040802,1.9890689849853516,0.743022620677948
411,ppo_lognormal,lognormal,log,2,False,0.0,1.0265008211135864,0.7338204383850098,1.165233850479126,0.7311090230941772
411,ppo_lognormal,lognormal,log,3,False,0.0,1.9749503135681152,0.6974533200263977,1.0348390340805054,0.7098603844642639
411,ppo_lognormal,lognormal,log,4,False,0.0,2.1203603744506836,0.7451082468032837,2.4493062496185303,0.7458813190460205
411,ppo_lognormal,lognormal,log,5,True,1.0,2.2610862255096436,0.6724612712860107,1.2500735521316528,0.6680440306663513
411,ppo_lognormal,lognormal,log,6,False,0.0,1.8384299278259277,0.7351266145706177,2.3214101791381836,0.748054027557373
411,ppo_lognormal,lognormal,log,7,False,0.0,1.8553866147994995,0.7351248264312744,2.5535566806793213,0.7484726905822754
412,ppo_lognormal,lognormal,log,0,False,0.0,1.7561419010162354,0.722637414932251,1.577993631362915,0.7288060188293457
412,ppo_lognormal,lognormal,log,1,False,0.0,2.317021608352661,0.73664391040802,1.9890689849853516,0.743022620677948
412,ppo_lognormal,lognormal,log,2,False,0.0,1.0265008211135864,0.7338204383850098,1.165233850479126,0.7311090230941772
412,ppo_lognormal,lognormal,log,3,False,0.0,1.9749503135681152,0.6974533200263977,1.0348390340805054,0.7098603844642639
412,ppo_lognormal,lognormal,log,4,False,0.0,2.1203603744506836,0.7451082468032837,2.4493062496185303,0.7458813190460205
412,ppo_lognormal,lognormal,log,5,True,1.0,2.26116943359375,0.672376275062561,1.249906063079834,0.667945146560669
412,ppo_lognormal,lognormal,log,6,False,0.0,1.8384299278259277,0.7351266145706177,2.3214101791381836,0.748054027557373
412,ppo_lognormal,lognormal,log,7,False,0.0,1.8553866147994995,0.7351248264312744,2.5535566806793213,0.7484726905822754
413,ppo_lognormal,lognormal,log,0,False,0.0,1.7561419010162354,0.722637414932251,1.577993631362915,0.7288060188293457
413,ppo_lognormal,lognormal,log,1,False,0.0,2.317021608352661,0.73664391040802,1.9890689849853516,0.743022620677948
413,ppo_lognormal,lognormal,log,2,False,0.0,1.0265008211135864,0.7338204383850098,1.165233850479126,0.7311090230941772
413,ppo_lognormal,lognormal,log,3,False,0.0,1.9749503135681152,0.6974533200263977,1.0348390340805054,0.7098603844642639
413,ppo_lognormal,lognormal,log,4,False,0.0,2.1203603744506836,0.7451082468032837,2.4493062496185303,0.7458813190460205
413,ppo_lognormal,lognormal,log,5,True,1.0,2.2612698078155518,0.6722854375839233,1.2497425079345703,0.6678476929664612
413,ppo_lognormal,lognormal,log,6,False,0.0,1.8384299278259277,0.7351266145706177,2.3214101791381836,0.748054027557373
413,ppo_lognormal,lognormal,log,7,False,0.0,1.8553866147994995,0.7351248264312744,2.5535566806793213,0.7484726905822754
414,ppo_lognormal,lognormal,log,0,False,0.0,1.7561419010162354,0.722637414932251,1.577993631362915,0.7288060188293457
414,ppo_lognormal,lognormal,log,1,False,0.0,2.317021608352661,0.73664391040802,1.9890689849853516,0.743022620677948
414,ppo_lognormal,lognormal,log,2,False,0.0,1.0265008211135864,0.7338204383850098,1.165233850479126,0.7311090230941772
414,ppo_lognormal,lognormal,log,3,False,0.0,1.9749503135681152,0.6974533200263977,1.0348390340805054,0.7098603844642639
414,ppo_lognormal,lognormal,log,4,False,0.0,2.1203603744506836,0.7451082468032837,2.4493062496185303,0.7458813190460205
414,ppo_lognormal,lognormal,log,5,True,1.0,2.261366128921509,0.6722050309181213,1.2495758533477783,0.6677489280700684
414,ppo_lognormal,lognormal,log,6,False,0.0,1.8384299278259277,0.7351266145706177,2.3214101791381836,0.748054027557373
414,ppo_lognormal,lognormal,log,7,False,0.0,1.8553866147994995,0.7351248264312744,2.5535566806793213,0.7484726905822754
415,ppo_lognormal,lognormal,log,0,False,0.0,1.7561419010162354,0.722637414932251,1.577993631362915,0.7288060188293457
415,ppo_lognormal,lognormal,log,1,False,0.0,2.317021608352661,0.73664391040802,1.9890689849853516,0.743022620677948
415,ppo_lognormal,lognormal,log,2,False,0.0,1.0265008211135864,0.7338204383850098,1.165233850479126,0.7311090230941772
415,ppo_lognormal,lognormal,log,3,False,0.0,1.9749503135681152,0.6974533200263977,1.0348390340805054,0.7098603844642639
415,ppo_lognormal,lognormal,log,4,False,0.0,2.1203603744506836,0.7451082468032837,2.4493062496185303,0.7458813190460205
415,ppo_lognormal,lognormal,log,5,True,1.0,2.26145076751709,0.6721318960189819,1.2494070529937744,0.6676476001739502
415,ppo_lognormal,lognormal,log,6,False,0.0,1.8384299278259277,0.7351266145706177,2.3214101791381836,0.748054027557373
415,ppo_lognormal,lognormal,log,7,False,0.0,1.8553866147994995,0.7351248264312744,2.5535566806793213,0.7484726905822754
416,ppo_lognormal,lognormal,log,0,False,0.0,1.7561419010162354,0.722637414932251,1.577993631362915,0.7288060188293457
416,ppo_lognormal,lognormal,log,1,False,0.0,2.317021608352661,0.73664391040802,1.9890689849853516,0.743022620677948
416,ppo_lognormal,lognormal,log,2,False,0.0,1.0265008211135864,0.7338204383850098,1.165233850479126,0.7311090230941772
416,ppo_lognormal,lognormal,log,3,False,0.0,1.9749503135681152,0.6974533200263977,1.0348390340805054,0.7098603844642639
416,ppo_lognormal,lognormal,log,4,False,0.0,2.1203603744506836,0.7451082468032837,2.4493062496185303,0.7458813190460205
416,ppo_lognormal,lognormal,log,5,True,1.0,2.2615649700164795,0.6720762252807617,1.2492461204528809,0.6675492525100708
416,ppo_lognormal,lognormal,log,6,False,0.0,1.8384299278259277,0.7351266145706177,2.3214101791381836,0.748054027557373
416,ppo_lognormal,lognormal,log,7,False,0.0,1.8553866147994995,0.7351248264312744,2.5535566806793213,0.7484726905822754
417,ppo_lognormal,lognormal,log,0,False,0.0,1.7561419010162354,0.722637414932251,1.577993631362915,0.7288060188293457
417,ppo_lognormal,lognormal,log,1,False,0.0,2.317021608352661,0.73664391040802,1.9890689849853516,0.743022620677948
417,ppo_lognormal,lognormal,log,2,False,0.0,1.0265008211135864,0.7338204383850098,1.165233850479126,0.7311090230941772
417,ppo_lognormal,lognormal,log,3,False,0.0,1.9749503135681152,0.6974533200263977,1.0348390340805054,0.7098603844642639
417,ppo_lognormal,lognormal,log,4,False,0.0,2.1203603744506836,0.7451082468032837,2.4493062496185303,0.7458813190460205
417,ppo_lognormal,lognormal,log,5,True,1.0,2.2616682052612305,0.6720238327980042,1.2490828037261963,0.6674492359161377
417,ppo_lognormal,lognormal,log,6,False,0.0,1.8384299278259277,0.7351266145706177,2.3214101791381836,0.748054027557373
417,ppo_lognormal,lognormal,log,7,False,0.0,1.8553866147994995,0.7351248264312744,2.5535566806793213,0.7484726905822754
418,ppo_lognormal,lognormal,log,0,False,0.0,1.7561419010162354,0.722637414932251,1.577993631362915,0.7288060188293457
418,ppo_lognormal,lognormal,log,1,False,0.0,2.317021608352661,0.73664391040802,1.9890689849853516,0.743022620677948
418,ppo_lognormal,lognormal,log,2,False,0.0,1.0265008211135864,0.7338204383850098,1.165233850479126,0.7311090230941772
418,ppo_lognormal,lognormal,log,3,False,0.0,1.9749503135681152,0.6974533200263977,1.0348390340805054,0.7098603844642639
418,ppo_lognormal,lognormal,log,4,False,0.0,2.1203603744506836,0.7451082468032837,2.4493062496185303,0.7458813190460205
418,ppo_lognormal,lognormal,log,5,True,1.0,2.261787176132202,0.6719646453857422,1.2489218711853027,0.6673595905303955
418,ppo_lognormal,lognormal,log,6,False,0.0,1.8384299278259277,0.7351266145706177,2.3214101791381836,0.748054027557373
418,ppo_lognormal,lognormal,log,7,False,0.0,1.8553866147994995,0.7351248264312744,2.5535566806793213,0.7484726905822754
419,ppo_lognormal,lognormal,log,0,False,0.0,1.7561419010162354,0.722637414932251,1.577993631362915,0.7288060188293457
419,ppo_lognormal,lognormal,log,1,False,0.0,2.317021608352661,0.73664391040802,1.9890689849853516,0.743022620677948
419,ppo_lognormal,lognormal,log,2,False,0.0,1.0265008211135864,0.7338204383850098,1.165233850479126,0.7311090230941772
419,ppo_lognormal,lognormal,log,3,False,0.0,1.9749503135681152,0.6974533200263977,1.0348390340805054,0.7098603844642639
419,ppo_lognormal,lognormal,log,4,False,0.0,2.1203603744506836,0.7451082468032837,2.4493062496185303,0.7458813190460205
419,ppo_lognormal,lognormal,log,5,True,1.0,2.261906623840332,0.6718993186950684,1.2487643957138062,0.6672655940055847
419,ppo_lognormal,lognormal,log,6,False,0.0,1.8384299278259277,0.7351266145706177,2.3214101791381836,0.748054027557373
419,ppo_lognormal,lognormal,log,7,False,0.0,1.8553866147994995,0.7351248264312744,2.5535566806793213,0.7484726905822754
420,ppo_lognormal,lognormal,log,0,False,0.0,1.7561419010162354,0.722637414932251,1.577993631362915,0.7288060188293457
420,ppo_lognormal,lognormal,log,1,False,0.0,2.317021608352661,0.73664391040802,1.9890689849853516,0.743022620677948
420,ppo_lognormal,lognormal,log,2,False,0.0,1.0265008211135864,0.7338204383850098,1.165233850479126,0.7311090230941772
420,ppo_lognormal,lognormal,log,3,False,0.0,1.9749503135681152,0.6974533200263977,1.0348390340805054,0.7098603844642639
420,ppo_lognormal,lognormal,log,4,False,0.0,2.1203603744506836,0.7451082468032837,2.4493062496185303,0.7458813190460205
420,ppo_lognormal,lognormal,log,5,True,1.0,2.2620344161987305,0.6718341112136841,1.2486070394515991,0.667172908782959
420,ppo_lognormal,lognormal,log,6,False,0.0,1.8384299278259277,0.7351266145706177,2.3214101791381836,0.748054027557373
420,ppo_lognormal,lognormal,log,7,False,0.0,1.8553866147994995,0.7351248264312744,2.5535566806793213,0.7484726905822754
421,ppo_lognormal,lognormal,log,0,False,0.0,1.7561419010162354,0.722637414932251,1.577993631362915,0.7288060188293457
421,ppo_lognormal,lognormal,log,1,False,0.0,2.317021608352661,0.73664391040802,1.9890689849853516,0.743022620677948
421,ppo_lognormal,lognormal,log,2,False,0.0,1.0265008211135864,0.7338204383850098,1.165233850479126,0.7311090230941772
421,ppo_lognormal,lognormal,log,3,False,0.0,1.9749503135681152,0.6974533200263977,1.0348390340805054,0.7098603844642639
421,ppo_lognormal,lognormal,log,4,False,0.0,2.1203603744506836,0.7451082468032837,2.4493062496185303,0.7458813190460205
421,ppo_lognormal,lognormal,log,5,True,1.0,2.262147903442383,0.671775221824646,1.2484508752822876,0.6670732498168945
421,ppo_lognormal,lognormal,log,6,False,0.0,1.8384299278259277,0.7351266145706177,2.3214101791381836,0.748054027557373
421,ppo_lognormal,lognormal,log,7,False,0.0,1.8553866147994995,0.7351248264312744,2.5535566806793213,0.7484726905822754
422,ppo_lognormal,lognormal,log,0,False,0.0,1.7561419010162354,0.722637414932251,1.577993631362915,0.7288060188293457
422,ppo_lognormal,lognormal,log,1,False,0.0,2.317021608352661,0.73664391040802,1.9890689849853516,0.743022620677948
422,ppo_lognormal,lognormal,log,2,False,0.0,1.0265008211135864,0.7338204383850098,1.165233850479126,0.7311090230941772
422,ppo_lognormal,lognormal,log,3,False,0.0,1.9749503135681152,0.6974533200263977,1.0348390340805054,0.7098603844642639
422,ppo_lognormal,lognormal,log,4,False,0.0,2.1203603744506836,0.7451082468032837,2.4493062496185303,0.7458813190460205
422,ppo_lognormal,lognormal,log,5,True,1.0,2.262251138687134,0.6717079281806946,1.248300552368164,0.6669796705245972
422,ppo_lognormal,lognormal,log,6,False,0.0,1.8384299278259277,0.7351266145706177,2.3214101791381836,0.748054027557373
422,ppo_lognormal,lognormal,log,7,False,0.0,1.8553866147994995,0.7351248264312744,2.5535566806793213,0.7484726905822754
423,ppo_lognormal,lognormal,log,0,False,0.0,1.7561419010162354,0.722637414932251,1.577993631362915,0.7288060188293457
423,ppo_lognormal,lognormal,log,1,False,0.0,2.317021608352661,0.73664391040802,1.9890689849853516,0.743022620677948
423,ppo_lognormal,lognormal,log,2,False,0.0,1.0265008211135864,0.7338204383850098,1.165233850479126,0.7311090230941772
423,ppo_lognormal,lognormal,log,3,False,0.0,1.9749503135681152,0.6974533200263977,1.0348390340805054,0.7098603844642639
423,ppo_lognormal,lognormal,log,4,False,0.0,2.1203603744506836,0.7451082468032837,2.4493062496185303,0.7458813190460205
423,ppo_lognormal,lognormal,log,5,True,1.0,2.262356996536255,0.6716423034667969,1.248148798942566,0.6668873429298401
423,ppo_lognormal,lognormal,log,6,False,0.0,1.8384299278259277,0.7351266145706177,2.3214101791381836,0.748054027557373
423,ppo_lognormal,lognormal,log,7,False,0.0,1.8553866147994995,0.7351248264312744,2.5535566806793213,0.7484726905822754
424,ppo_lognormal,lognormal,log,0,False,0.0,1.7561419010162354,0.722637414932251,1.577993631362915,0.7288060188293457
424,ppo_lognormal,lognormal,log,1,False,0.0,2.317021608352661,0.73664391040802,1.9890689849853516,0.743022620677948
424,ppo_lognormal,lognormal,log,2,False,0.0,1.0265008211135864,0.7338204383850098,1.165233850479126,0.7311090230941772
424,ppo_lognormal,lognormal,log,3,False,0.0,1.9749503135681152,0.6974533200263977,1.0348390340805054,0.7098603844642639
424,ppo_lognormal,lognormal,log,4,False,0.0,2.1203603744506836,0.7451082468032837,2.4493062496185303,0.7458813190460205
424,ppo_lognormal,lognormal,log,5,True,1.0,2.2624573707580566,0.6715807318687439,1.2479937076568604,0.6668019890785217
424,ppo_lognormal,lognormal,log,6,False,0.0,1.8384299278259277,0.7351266145706177,2.3214101791381836,0.748054027557373
424,ppo_lognormal,lognormal,log,7,False,0.0,1.8553866147994995,0.7351248264312744,2.5535566806793213,0.7484726905822754
425,ppo_lognormal,lognormal,log,0,False,0.0,1.7561419010162354,0.722637414932251,1.577993631362915,0.7288060188293457
425,ppo_lognormal,lognormal,log,1,False,0.0,2.317021608352661,0.73664391040802,1.9890689849853516,0.743022620677948
425,ppo_lognormal,lognormal,log,2,False,0.0,1.0265008211135864,0.7338204383850098,1.165233850479126,0.7311090230941772
425,ppo_lognormal,lognormal,log,3,False,0.0,1.9749503135681152,0.6974533200263977,1.0348390340805054,0.7098603844642639
425,ppo_lognormal,lognormal,log,4,False,0.0,2.1203603744506836,0.7451082468032837,2.4493062496185303,0.7458813190460205
425,ppo_lognormal,lognormal,log,5,True,1.0,2.2625584602355957,0.6715251207351685,1.2478457689285278,0.6667269468307495
425,ppo_lognormal,lognormal,log,6,False,0.0,1.8384299278259277,0.7351266145706177,2.3214101791381836,0.748054027557373
425,ppo_lognormal,lognormal,log,7,False,0.0,1.8553866147994995,0.7351248264312744,2.5535566806793213,0.7484726905822754
426,ppo_lognormal,lognormal,log,0,False,0.0,1.7561419010162354,0.722637414932251,1.577993631362915,0.7288060188293457
426,ppo_lognormal,lognormal,log,1,False,0.0,2.317021608352661,0.73664391040802,1.9890689849853516,0.743022620677948
426,ppo_lognormal,lognormal,log,2,False,0.0,1.0265008211135864,0.7338204383850098,1.165233850479126,0.7311090230941772
426,ppo_lognormal,lognormal,log,3,False,0.0,1.9749503135681152,0.6974533200263977,1.0348390340805054,0.7098603844642639
426,ppo_lognormal,lognormal,log,4,False,0.0,2.1203603744506836,0.7451082468032837,2.4493062496185303,0.7458813190460205
426,ppo_lognormal,lognormal,log,5,True,1.0,2.262645721435547,0.6714661717414856,1.247696042060852,0.6666558384895325
426,ppo_lognormal,lognormal,log,6,False,0.0,1.8384299278259277,0.7351266145706177,2.3214101791381836,0.748054027557373
426,ppo_lognormal,lognormal,log,7,False,0.0,1.8553866147994995,0.7351248264312744,2.5535566806793213,0.7484726905822754
427,ppo_lognormal,lognormal,log,0,False,0.0,1.7561419010162354,0.722637414932251,1.577993631362915,0.7288060188293457
427,ppo_lognormal,lognormal,log,1,False,0.0,2.317021608352661,0.73664391040802,1.9890689849853516,0.743022620677948
427,ppo_lognormal,lognormal,log,2,False,0.0,1.0265008211135864,0.7338204383850098,1.165233850479126,0.7311090230941772
427,ppo_lognormal,lognormal,log,3,False,0.0,1.9749503135681152,0.6974533200263977,1.0348390340805054,0.7098603844642639
427,ppo_lognormal,lognormal,log,4,False,0.0,2.1203603744506836,0.7451082468032837,2.4493062496185303,0.7458813190460205
427,ppo_lognormal,lognormal,log,5,True,1.0,2.2627198696136475,0.6714133024215698,1.247548222541809,0.6665807962417603
427,ppo_lognormal,lognormal,log,6,False,0.0,1.8384299278259277,0.7351266145706177,2.3214101791381836,0.748054027557373
427,ppo_lognormal,lognormal,log,7,False,0.0,1.8553866147994995,0.7351248264312744,2.5535566806793213,0.7484726905822754
428,ppo_lognormal,lognormal,log,0,False,0.0,1.7561419010162354,0.722637414932251,1.577993631362915,0.7288060188293457
428,ppo_lognormal,lognormal,log,1,False,0.0,2.317021608352661,0.73664391040802,1.9890689849853516,0.743022620677948
428,ppo_lognormal,lognormal,log,2,False,0.0,1.0265008211135864,0.7338204383850098,1.165233850479126,0.7311090230941772
428,ppo_lognormal,lognormal,log,3,False,0.0,1.9749503135681152,0.6974533200263977,1.0348390340805054,0.7098603844642639
428,ppo_lognormal,lognormal,log,4,False,0.0,2.1203603744506836,0.7451082468032837,2.4493062496185303,0.7458813190460205
428,ppo_lognormal,lognormal,log,5,True,1.0,2.2627720832824707,0.6713587641716003,1.247401475906372,0.6665033102035522
428,ppo_lognormal,lognormal,log,6,False,0.0,1.8384299278259277,0.7351266145706177,2.3214101791381836,0.748054027557373
428,ppo_lognormal,lognormal,log,7,False,0.0,1.8553866147994995,0.7351248264312744,2.5535566806793213,0.7484726905822754
429,ppo_lognormal,lognormal,log,0,False,0.0,1.7561419010162354,0.722637414932251,1.577993631362915,0.7288060188293457
429,ppo_lognormal,lognormal,log,1,False,0.0,2.317021608352661,0.73664391040802,1.9890689849853516,0.743022620677948
429,ppo_lognormal,lognormal,log,2,False,0.0,1.0265008211135864,0.7338204383850098,1.165233850479126,0.7311090230941772
429,ppo_lognormal,lognormal,log,3,False,0.0,1.9749503135681152,0.6974533200263977,1.0348390340805054,0.7098603844642639
429,ppo_lognormal,lognormal,log,4,False,0.0,2.1203603744506836,0.7451082468032837,2.4493062496185303,0.7458813190460205
429,ppo_lognormal,lognormal,log,5,True,1.0,2.2628417015075684,0.6713039875030518,1.2472562789916992,0.6664284467697144
429,ppo_lognormal,lognormal,log,6,False,0.0,1.8384299278259277,0.7351266145706177,2.3214101791381836,0.748054027557373
429,ppo_lognormal,lognormal,log,7,False,0.0,1.8553866147994995,0.7351248264312744,2.5535566806793213,0.7484726905822754
430,ppo_lognormal,lognormal,log,0,False,0.0,1.7561419010162354,0.722637414932251,1.577993631362915,0.7288060188293457
430,ppo_lognormal,lognormal,log,1,False,0.0,2.317021608352661,0.73664391040802,1.9890689849853516,0.743022620677948
430,ppo_lognormal,lognormal,log,2,False,0.0,1.0265008211135864,0.7338204383850098,1.165233850479126,0.7311090230941772
430,ppo_lognormal,lognormal,log,3,False,0.0,1.9749503135681152,0.6974533200263977,1.0348390340805054,0.7098603844642639
430,ppo_lognormal,lognormal,log,4,False,0.0,2.1203603744506836,0.7451082468032837,2.4493062496185303,0.7458813190460205
430,ppo_lognormal,lognormal,log,5,True,1.0,2.2629079818725586,0.6712409257888794,1.2471188306808472,0.6663472056388855
430,ppo_lognormal,lognormal,log,6,False,0.0,1.8384299278259277,0.7351266145706177,2.3214101791381836,0.748054027557373
430,ppo_lognormal,lognormal,log,7,False,0.0,1.8553866147994995,0.7351248264312744,2.5535566806793213,0.7484726905822754
431,ppo_lognormal,lognormal,log,0,False,0.0,1.7561419010162354,0.722637414932251,1.577993631362915,0.7288060188293457
431,ppo_lognormal,lognormal,log,1,False,0.0,2.317021608352661,0.73664391040802,1.9890689849853516,0.743022620677948
431,ppo_lognormal,lognormal,log,2,False,0.0,1.0265008211135864,0.7338204383850098,1.165233850479126,0.7311090230941772
431,ppo_lognormal,lognormal,log,3,False,0.0,1.9749503135681152,0.6974533200263977,1.0348390340805054,0.7098603844642639
431,ppo_lognormal,lognormal,log,4,False,0.0,2.1203603744506836,0.7451082468032837,2.4493062496185303,0.7458813190460205
431,ppo_lognormal,lognormal,log,5,True,1.0,2.2629611492156982,0.6711783409118652,1.2469855546951294,0.6662582159042358
431,ppo_lognormal,lognormal,log,6,False,0.0,1.8384299278259277,0.7351266145706177,2.3214101791381836,0.748054027557373
431,ppo_lognormal,lognormal,log,7,False,0.0,1.8553866147994995,0.7351248264312744,2.5535566806793213,0.7484726905822754
432,ppo_lognormal,lognormal,log,0,False,0.0,1.7561419010162354,0.722637414932251,1.577993631362915,0.7288060188293457
432,ppo_lognormal,lognormal,log,1,False,0.0,2.317021608352661,0.73664391040802,1.9890689849853516,0.743022620677948
432,ppo_lognormal,lognormal,log,2,False,0.0,1.0265008211135864,0.7338204383850098,1.165233850479126,0.7311090230941772
432,ppo_lognormal,lognormal,log,3,False,0.0,1.9749503135681152,0.6974533200263977,1.0348390340805054,0.7098603844642639
432,ppo_lognormal,lognormal,log,4,False,0.0,2.1203603744506836,0.7451082468032837,2.4493062496185303,0.7458813190460205
432,ppo_lognormal,lognormal,log,5,True,1.0,2.263014078140259,0.6711152791976929,1.2468557357788086,0.6661636829376221
432,ppo_lognormal,lognormal,log,6,False,0.0,1.8384299278259277,0.7351266145706177,2.3214101791381836,0.748054027557373
432,ppo_lognormal,lognormal,log,7,False,0.0,1.8553866147994995,0.7351248264312744,2.5535566806793213,0.7484726905822754
433,ppo_lognormal,lognormal,log,0,False,0.0,1.7561419010162354,0.722637414932251,1.577993631362915,0.7288060188293457
433,ppo_lognormal,lognormal,log,1,False,0.0,2.317021608352661,0.73664391040802,1.9890689849853516,0.743022620677948
433,ppo_lognormal,lognormal,log,2,False,0.0,1.0265008211135864,0.7338204383850098,1.165233850479126,0.7311090230941772
433,ppo_lognormal,lognormal,log,3,False,0.0,1.9749503135681152,0.6974533200263977,1.0348390340805054,0.7098603844642639
433,ppo_lognormal,lognormal,log,4,False,0.0,2.1203603744506836,0.7451082468032837,2.4493062496185303,0.7458813190460205
433,ppo_lognormal,lognormal,log,5,True,1.0,2.263071060180664,0.6710445284843445,1.2467283010482788,0.6660752296447754
433,ppo_lognormal,lognormal,log,6,False,0.0,1.8384299278259277,0.7351266145706177,2.3214101791381836,0.748054027557373
433,ppo_lognormal,lognormal,log,7,False,0.0,1.8553866147994995,0.7351248264312744,2.5535566806793213,0.7484726905822754
434,ppo_lognormal,lognormal,log,0,False,0.0,1.7561419010162354,0.722637414932251,1.577993631362915,0.7288060188293457
434,ppo_lognormal,lognormal,log,1,False,0.0,2.317021608352661,0.73664391040802,1.9890689849853516,0.743022620677948
434,ppo_lognormal,lognormal,log,2,False,0.0,1.0265008211135864,0.7338204383850098,1.165233850479126,0.7311090230941772
434,ppo_lognormal,lognormal,log,3,False,0.0,1.9749503135681152,0.6974533200263977,1.0348390340805054,0.7098603844642639
434,ppo_lognormal,lognormal,log,4,False,0.0,2.1203603744506836,0.7451082468032837,2.4493062496185303,0.7458813190460205
434,ppo_lognormal,lognormal,log,5,True,1.0,2.2631232738494873,0.6709697246551514,1.246606707572937,0.6659820079803467
434,ppo_lognormal,lognormal,log,6,False,0.0,1.8384299278259277,0.7351266145706177,2.3214101791381836,0.748054027557373
434,ppo_lognormal,lognormal,log,7,False,0.0,1.8553866147994995,0.7351248264312744,2.5535566806793213,0.7484726905822754
435,ppo_lognormal,lognormal,log,0,False,0.0,1.7561419010162354,0.722637414932251,1.577993631362915,0.7288060188293457
435,ppo_lognormal,lognormal,log,1,False,0.0,2.317021608352661,0.73664391040802,1.9890689849853516,0.743022620677948
435,ppo_lognormal,lognormal,log,2,False,0.0,1.0265008211135864,0.7338204383850098,1.165233850479126,0.7311090230941772
435,ppo_lognormal,lognormal,log,3,False,0.0,1.9749503135681152,0.6974533200263977,1.0348390340805054,0.7098603844642639
435,ppo_lognormal,lognormal,log,4,False,0.0,2.1203603744506836,0.7451082468032837,2.4493062496185303,0.7458813190460205
435,ppo_lognormal,lognormal,log,5,True,1.0,2.263176441192627,0.6709018349647522,1.2464839220046997,0.6658881902694702
435,ppo_lognormal,lognormal,log,6,False,0.0,1.8384299278259277,0.7351266145706177,2.3214101791381836,0.748054027557373
435,ppo_lognormal,lognormal,log,7,False,0.0,1.8553866147994995,0.7351248264312744,2.5535566806793213,0.7484726905822754
436,ppo_lognormal,lognormal,log,0,False,0.0,1.7561419010162354,0.722637414932251,1.577993631362915,0.7288060188293457
436,ppo_lognormal,lognormal,log,1,False,0.0,2.317021608352661,0.73664391040802,1.9890689849853516,0.743022620677948
436,ppo_lognormal,lognormal,log,2,False,0.0,1.0265008211135864,0.7338204383850098,1.165233850479126,0.7311090230941772
436,ppo_lognormal,lognormal,log,3,False,0.0,1.9749503135681152,0.6974533200263977,1.0348390340805054,0.7098603844642639
436,ppo_lognormal,lognormal,log,4,False,0.0,2.1203603744506836,0.7451082468032837,2.4493062496185303,0.7458813190460205
436,ppo_lognormal,lognormal,log,5,True,1.0,2.2632031440734863,0.6708396077156067,1.2463650703430176,0.6657914519309998
436,ppo_lognormal,lognormal,log,6,False,0.0,1.8384299278259277,0.7351266145706177,2.3214101791381836,0.748054027557373
436,ppo_lognormal,lognormal,log,7,False,0.0,1.8553866147994995,0.7351248264312744,2.5535566806793213,0.7484726905822754
437,ppo_lognormal,lognormal,log,0,False,0.0,1.7561419010162354,0.722637414932251,1.577993631362915,0.7288060188293457
437,ppo_lognormal,lognormal,log,1,False,0.0,2.317021608352661,0.73664391040802,1.9890689849853516,0.743022620677948
437,ppo_lognormal,lognormal,log,2,False,0.0,1.0265008211135864,0.7338204383850098,1.165233850479126,0.7311090230941772
437,ppo_lognormal,lognormal,log,3,False,0.0,1.9749503135681152,0.6974533200263977,1.0348390340805054,0.7098603844642639
437,ppo_lognormal,lognormal,log,4,False,0.0,2.1203603744506836,0.7451082468032837,2.4493062496185303,0.7458813190460205
437,ppo_lognormal,lognormal,log,5,True,1.0,2.263205051422119,0.6707785725593567,1.246246099472046,0.6657033562660217
437,ppo_lognormal,lognormal,log,6,False,0.0,1.8384299278259277,0.7351266145706177,2.3214101791381836,0.748054027557373
437,ppo_lognormal,lognormal,log,7,False,0.0,1.8553866147994995,0.7351248264312744,2.5535566806793213,0.7484726905822754
438,ppo_lognormal,lognormal,log,0,False,0.0,1.7561419010162354,0.722637414932251,1.577993631362915,0.7288060188293457
438,ppo_lognormal,lognormal,log,1,False,0.0,2.317021608352661,0.73664391040802,1.9890689849853516,0.743022620677948
438,ppo_lognormal,lognormal,log,2,False,0.0,1.0265008211135864,0.7338204383850098,1.165233850479126,0.7311090230941772
438,ppo_lognormal,lognormal,log,3,False,0.0,1.9749503135681152,0.6974533200263977,1.0348390340805054,0.7098603844642639
438,ppo_lognormal,lognormal,log,4,False,0.0,2.1203603744506836,0.7451082468032837,2.4493062496185303,0.7458813190460205
438,ppo_lognormal,lognormal,log,5,True,1.0,2.2632148265838623,0.6707162857055664,1.2461271286010742,0.6656168699264526
438,ppo_lognormal,lognormal,log,6,False,0.0,1.8384299278259277,0.7351266145706177,2.3214101791381836,0.748054027557373
438,ppo_lognormal,lognormal,log,7,False,0.0,1.8553866147994995,0.7351248264312744,2.5535566806793213,0.7484726905822754
439,ppo_lognormal,lognormal,log,0,False,0.0,1.7561419010162354,0.722637414932251,1.577993631362915,0.7288060188293457
439,ppo_lognormal,lognormal,log,1,False,0.0,2.317021608352661,0.73664391040802,1.9890689849853516,0.743022620677948
439,ppo_lognormal,lognormal,log,2,False,0.0,1.0265008211135864,0.7338204383850098,1.165233850479126,0.7311090230941772
439,ppo_lognormal,lognormal,log,3,False,0.0,1.9749503135681152,0.6974533200263977,1.0348390340805054,0.7098603844642639
439,ppo_lognormal,lognormal,log,4,False,0.0,2.1203603744506836,0.7451082468032837,2.4493062496185303,0.7458813190460205
439,ppo_lognormal,lognormal,log,5,True,1.0,2.2632243633270264,0.6706647276878357,1.2460095882415771,0.6655268669128418
439,ppo_lognormal,lognormal,log,6,False,0.0,1.8384299278259277,0.7351266145706177,2.3214101791381836,0.748054027557373
439,ppo_lognormal,lognormal,log,7,False,0.0,1.8553866147994995,0.7351248264312744,2.5535566806793213,0.7484726905822754
440,ppo_lognormal,lognormal,log,0,False,0.0,1.7561419010162354,0.722637414932251,1.577993631362915,0.7288060188293457
440,ppo_lognormal,lognormal,log,1,False,0.0,2.317021608352661,0.73664391040802,1.9890689849853516,0.743022620677948
440,ppo_lognormal,lognormal,log,2,False,0.0,1.0265008211135864,0.7338204383850098,1.165233850479126,0.7311090230941772
440,ppo_lognormal,lognormal,log,3,False,0.0,1.9749503135681152,0.6974533200263977,1.0348390340805054,0.7098603844642639
440,ppo_lognormal,lognormal,log,4,False,0.0,2.1203603744506836,0.7451082468032837,2.4493062496185303,0.7458813190460205
440,ppo_lognormal,lognormal,log,5,True,1.0,2.2632522583007812,0.6706095337867737,1.2458972930908203,0.6654372215270996
440,ppo_lognormal,lognormal,log,6,False,0.0,1.8384299278259277,0.7351266145706177,2.3214101791381836,0.748054027557373
440,ppo_lognormal,lognormal,log,7,False,0.0,1.8553866147994995,0.7351248264312744,2.5535566806793213,0.7484726905822754
441,ppo_lognormal,lognormal,log,0,False,0.0,1.7561419010162354,0.722637414932251,1.577993631362915,0.7288060188293457
441,ppo_lognormal,lognormal,log,1,False,0.0,2.317021608352661,0.73664391040802,1.9890689849853516,0.743022620677948
441,ppo_lognormal,lognormal,log,2,False,0.0,1.0265008211135864,0.7338204383850098,1.165233850479126,0.7311090230941772
441,ppo_lognormal,lognormal,log,3,False,0.0,1.9749503135681152,0.6974533200263977,1.0348390340805054,0.7098603844642639
441,ppo_lognormal,lognormal,log,4,False,0.0,2.1203603744506836,0.7451082468032837,2.4493062496185303,0.7458813190460205
441,ppo_lognormal,lognormal,log,5,True,1.0,2.263262987136841,0.6705536246299744,1.2457860708236694,0.6653668284416199
441,ppo_lognormal,lognormal,log,6,False,0.0,1.8384299278259277,0.7351266145706177,2.3214101791381836,0.748054027557373
441,ppo_lognormal,lognormal,log,7,False,0.0,1.8553866147994995,0.7351248264312744,2.5535566806793213,0.7484726905822754
442,ppo_lognormal,lognormal,log,0,False,0.0,1.7561419010162354,0.722637414932251,1.577993631362915,0.7288060188293457
442,ppo_lognormal,lognormal,log,1,False,0.0,2.317021608352661,0.73664391040802,1.9890689849853516,0.743022620677948
442,ppo_lognormal,lognormal,log,2,False,0.0,1.0265008211135864,0.7338204383850098,1.165233850479126,0.7311090230941772
442,ppo_lognormal,lognormal,log,3,False,0.0,1.9749503135681152,0.6974533200263977,1.0348390340805054,0.7098603844642639
442,ppo_lognormal,lognormal,log,4,False,0.0,2.1203603744506836,0.7451082468032837,2.4493062496185303,0.7458813190460205
442,ppo_lognormal,lognormal,log,5,True,1.0,2.263266086578369,0.6704937815666199,1.245676040649414,0.6652966141700745
442,ppo_lognormal,lognormal,log,6,False,0.0,1.8384299278259277,0.7351266145706177,2.3214101791381836,0.748054027557373
442,ppo_lognormal,lognormal,log,7,False,0.0,1.8553866147994995,0.7351248264312744,2.5535566806793213,0.7484726905822754
443,ppo_lognormal,lognormal,log,0,False,0.0,1.7561419010162354,0.722637414932251,1.577993631362915,0.7288060188293457
443,ppo_lognormal,lognormal,log,1,False,0.0,2.317021608352661,0.73664391040802,1.9890689849853516,0.743022620677948
443,ppo_lognormal,lognormal,log,2,False,0.0,1.0265008211135864,0.7338204383850098,1.165233850479126,0.7311090230941772
443,ppo_lognormal,lognormal,log,3,False,0.0,1.9749503135681152,0.6974533200263977,1.0348390340805054,0.7098603844642639
443,ppo_lognormal,lognormal,log,4,False,0.0,2.1203603744506836,0.7451082468032837,2.4493062496185303,0.7458813190460205
443,ppo_lognormal,lognormal,log,5,True,1.0,2.263265371322632,0.6704323887825012,1.2455717325210571,0.6652371883392334
443,ppo_lognormal,lognormal,log,6,False,0.0,1.8384299278259277,0.7351266145706177,2.3214101791381836,0.748054027557373
443,ppo_lognormal,lognormal,log,7,False,0.0,1.8553866147994995,0.7351248264312744,2.5535566806793213,0.7484726905822754
444,ppo_lognormal,lognormal,log,0,False,0.0,1.7561419010162354,0.722637414932251,1.577993631362915,0.7288060188293457
444,ppo_lognormal,lognormal,log,1,False,0.0,2.317021608352661,0.73664391040802,1.9890689849853516,0.743022620677948
444,ppo_lognormal,lognormal,log,2,False,0.0,1.0265008211135864,0.7338204383850098,1.165233850479126,0.7311090230941772
444,ppo_lognormal,lognormal,log,3,False,0.0,1.9749503135681152,0.6974533200263977,1.0348390340805054,0.7098603844642639
444,ppo_lognormal,lognormal,log,4,False,0.0,2.1203603744506836,0.7451082468032837,2.4493062496185303,0.7458813190460205
444,ppo_lognormal,lognormal,log,5,True,1.0,2.2632789611816406,0.6703821420669556,1.2454710006713867,0.6651718020439148
444,ppo_lognormal,lognormal,log,6,False,0.0,1.8384299278259277,0.7351266145706177,2.3214101791381836,0.748054027557373
444,ppo_lognormal,lognormal,log,7,False,0.0,1.8553866147994995,0.7351248264312744,2.5535566806793213,0.7484726905822754
445,ppo_lognormal,lognormal,log,0,False,0.0,1.7561419010162354,0.722637414932251,1.577993631362915,0.7288060188293457
445,ppo_lognormal,lognormal,log,1,False,0.0,2.317021608352661,0.73664391040802,1.9890689849853516,0.743022620677948
445,ppo_lognormal,lognormal,log,2,False,0.0,1.0265008211135864,0.7338204383850098,1.165233850479126,0.7311090230941772
445,ppo_lognormal,lognormal,log,3,False,0.0,1.9749503135681152,0.6974533200263977,1.0348390340805054,0.7098603844642639
445,ppo_lognormal,lognormal,log,4,False,0.0,2.1203603744506836,0.7451082468032837,2.4493062496185303,0.7458813190460205
445,ppo_lognormal,lognormal,log,5,True,1.0,2.263305902481079,0.6703229546546936,1.245378017425537,0.6651095151901245
445,ppo_lognormal,lognormal,log,6,False,0.0,1.8384299278259277,0.7351266145706177,2.3214101791381836,0.748054027557373
445,ppo_lognormal,lognormal,log,7,False,0.0,1.8553866147994995,0.7351248264312744,2.5535566806793213,0.7484726905822754
446,ppo_lognormal,lognormal,log,0,False,0.0,1.7561419010162354,0.722637414932251,1.577993631362915,0.7288060188293457
446,ppo_lognormal,lognormal,log,1,False,0.0,2.317021608352661,0.73664391040802,1.9890689849853516,0.743022620677948
446,ppo_lognormal,lognormal,log,2,False,0.0,1.0265008211135864,0.7338204383850098,1.165233850479126,0.7311090230941772
446,ppo_lognormal,lognormal,log,3,False,0.0,1.9749503135681152,0.6974533200263977,1.0348390340805054,0.7098603844642639
446,ppo_lognormal,lognormal,log,4,False,0.0,2.1203603744506836,0.7451082468032837,2.4493062496185303,0.7458813190460205
446,ppo_lognormal,lognormal,log,5,True,1.0,2.2633235454559326,0.6702603101730347,1.2452839612960815,0.66505366563797
446,ppo_lognormal,lognormal,log,6,False,0.0,1.8384299278259277,0.7351266145706177,2.3214101791381836,0.748054027557373
446,ppo_lognormal,lognormal,log,7,False,0.0,1.8553866147994995,0.7351248264312744,2.5535566806793213,0.7484726905822754
447,ppo_lognormal,lognormal,log,0,False,0.0,1.7561419010162354,0.722637414932251,1.577993631362915,0.7288060188293457
447,ppo_lognormal,lognormal,log,1,False,0.0,2.317021608352661,0.73664391040802,1.9890689849853516,0.743022620677948
447,ppo_lognormal,lognormal,log,2,False,0.0,1.0265008211135864,0.7338204383850098,1.165233850479126,0.7311090230941772
447,ppo_lognormal,lognormal,log,3,False,0.0,1.9749503135681152,0.6974533200263977,1.0348390340805054,0.7098603844642639
447,ppo_lognormal,lognormal,log,4,False,0.0,2.1203603744506836,0.7451082468032837,2.4493062496185303,0.7458813190460205
447,ppo_lognormal,lognormal,log,5,True,1.0,2.2633209228515625,0.6702061295509338,1.245200276374817,0.6650065183639526
447,ppo_lognormal,lognormal,log,6,False,0.0,1.8384299278259277,0.7351266145706177,2.3214101791381836,0.748054027557373
447,ppo_lognormal,lognormal,log,7,False,0.0,1.8553866147994995,0.7351248264312744,2.5535566806793213,0.7484726905822754
448,ppo_lognormal,lognormal,log,0,False,0.0,1.7561419010162354,0.722637414932251,1.577993631362915,0.7288060188293457
448,ppo_lognormal,lognormal,log,1,False,0.0,2.317021608352661,0.73664391040802,1.9890689849853516,0.743022620677948
448,ppo_lognormal,lognormal,log,2,False,0.0,1.0265008211135864,0.7338204383850098,1.165233850479126,0.7311090230941772
448,ppo_lognormal,lognormal,log,3,False,0.0,1.9749503135681152,0.6974533200263977,1.0348390340805054,0.7098603844642639
448,ppo_lognormal,lognormal,log,4,False,0.0,2.1203603744506836,0.7451082468032837,2.4493062496185303,0.7458813190460205
448,ppo_lognormal,lognormal,log,5,True,1.0,2.2633156776428223,0.670155942440033,1.2451162338256836,0.6649528741836548
448,ppo_lognormal,lognormal,log,6,False,0.0,1.8384299278259277,0.7351266145706177,2.3214101791381836,0.748054027557373
448,ppo_lognormal,lognormal,log,7,False,0.0,1.8553866147994995,0.7351248264312744,2.5535566806793213,0.7484726905822754
449,ppo_lognormal,lognormal,log,0,False,0.0,1.7561419010162354,0.722637414932251,1.577993631362915,0.7288060188293457
449,ppo_lognormal,lognormal,log,1,False,0.0,2.317021608352661,0.73664391040802,1.9890689849853516,0.743022620677948
449,ppo_lognormal,lognormal,log,2,False,0.0,1.0265008211135864,0.7338204383850098,1.165233850479126,0.7311090230941772
449,ppo_lognormal,lognormal,log,3,False,0.0,1.9749503135681152,0.6974533200263977,1.0348390340805054,0.7098603844642639
449,ppo_lognormal,lognormal,log,4,False,0.0,2.1203603744506836,0.7451082468032837,2.4493062496185303,0.7458813190460205
449,ppo_lognormal,lognormal,log,5,True,1.0,2.2633094787597656,0.6700965762138367,1.2450438737869263,0.6648997068405151
449,ppo_lognormal,lognormal,log,6,False,0.0,1.8384299278259277,0.7351266145706177,2.3214101791381836,0.748054027557373
449,ppo_lognormal,lognormal,log,7,False,0.0,1.8553866147994995,0.7351248264312744,2.5535566806793213,0.7484726905822754
450,ppo_lognormal,lognormal,log,0,False,0.0,1.7561419010162354,0.722637414932251,1.577993631362915,0.7288060188293457
450,ppo_lognormal,lognormal,log,1,False,0.0,2.317021608352661,0.73664391040802,1.9890689849853516,0.743022620677948
450,ppo_lognormal,lognormal,log,2,False,0.0,1.0265008211135864,0.7338204383850098,1.165233850479126,0.7311090230941772
450,ppo_lognormal,lognormal,log,3,False,0.0,1.9749503135681152,0.6974533200263977,1.0348390340805054,0.7098603844642639
450,ppo_lognormal,lognormal,log,4,False,0.0,2.1203603744506836,0.7451082468032837,2.4493062496185303,0.7458813190460205
450,ppo_lognormal,lognormal,log,5,True,1.0,2.263300657272339,0.6700422763824463,1.2449705600738525,0.6648409962654114
450,ppo_lognormal,lognormal,log,6,False,0.0,1.8384299278259277,0.7351266145706177,2.3214101791381836,0.748054027557373
450,ppo_lognormal,lognormal,log,7,False,0.0,1.8553866147994995,0.7351248264312744,2.5535566806793213,0.7484726905822754
451,ppo_lognormal,lognormal,log,0,False,0.0,1.7561419010162354,0.722637414932251,1.577993631362915,0.7288060188293457
451,ppo_lognormal,lognormal,log,1,False,0.0,2.317021608352661,0.73664391040802,1.9890689849853516,0.743022620677948
451,ppo_lognormal,lognormal,log,2,False,0.0,1.0265008211135864,0.7338204383850098,1.165233850479126,0.7311090230941772
451,ppo_lognormal,lognormal,log,3,False,0.0,1.9749503135681152,0.6974533200263977,1.0348390340805054,0.7098603844642639
451,ppo_lognormal,lognormal,log,4,False,0.0,2.1203603744506836,0.7451082468032837,2.4493062496185303,0.7458813190460205
451,ppo_lognormal,lognormal,log,5,True,1.0,2.263300657272339,0.6700422763824463,1.2449705600738525,0.6648409962654114
451,ppo_lognormal,lognormal,log,6,False,0.0,1.8384299278259277,0.7351266145706177,2.3214101791381836,0.748054027557373
451,ppo_lognormal,lognormal,log,7,False,0.0,1.8553866147994995,0.7351248264312744,2.5535566806793213,0.7484726905822754
452,ppo_lognormal,lognormal,log,0,False,0.0,1.7561419010162354,0.722637414932251,1.577993631362915,0.7288060188293457
452,ppo_lognormal,lognormal,log,1,False,0.0,2.317021608352661,0.73664391040802,1.9890689849853516,0.743022620677948
452,ppo_lognormal,lognormal,log,2,False,0.0,1.0265008211135864,0.7338204383850098,1.165233850479126,0.7311090230941772
452,ppo_lognormal,lognormal,log,3,False,0.0,1.9749503135681152,0.6974533200263977,1.0348390340805054,0.7098603844642639
452,ppo_lognormal,lognormal,log,4,False,0.0,2.1203603744506836,0.7451082468032837,2.4493062496185303,0.7458813190460205
452,ppo_lognormal,lognormal,log,5,True,1.0,2.263300657272339,0.6700422763824463,1.2449705600738525,0.6648409962654114
452,ppo_lognormal,lognormal,log,6,False,0.0,1.8384299278259277,0.7351266145706177,2.3214101791381836,0.748054027557373
452,ppo_lognormal,lognormal,log,7,False,0.0,1.8553866147994995,0.7351248264312744,2.5535566806793213,0.7484726905822754
453,ppo_lognormal,lognormal,log,0,False,0.0,1.7561419010162354,0.722637414932251,1.577993631362915,0.7288060188293457
453,ppo_lognormal,lognormal,log,1,False,0.0,2.317021608352661,0.73664391040802,1.9890689849853516,0.743022620677948
453,ppo_lognormal,lognormal,log,2,False,0.0,1.0265008211135864,0.7338204383850098,1.165233850479126,0.7311090230941772
453,ppo_lognormal,lognormal,log,3,False,0.0,1.9749503135681152,0.6974533200263977,1.0348390340805054,0.7098603844642639
453,ppo_lognormal,lognormal,log,4,False,0.0,2.1203603744506836,0.7451082468032837,2.4493062496185303,0.7458813190460205
453,ppo_lognormal,lognormal,log,5,True,1.0,2.263300657272339,0.6700422763824463,1.2449705600738525,0.6648409962654114
453,ppo_lognormal,lognormal,log,6,False,0.0,1.8384299278259277,0.7351266145706177,2.3214101791381836,0.748054027557373
453,ppo_lognormal,lognormal,log,7,False,0.0,1.8553866147994995,0.7351248264312744,2.5535566806793213,0.7484726905822754
454,ppo_lognormal,lognormal,log,0,False,0.0,1.7561419010162354,0.722637414932251,1.577993631362915,0.7288060188293457
454,ppo_lognormal,lognormal,log,1,False,0.0,2.317021608352661,0.73664391040802,1.9890689849853516,0.743022620677948
454,ppo_lognormal,lognormal,log,2,False,0.0,1.0265008211135864,0.7338204383850098,1.165233850479126,0.7311090230941772
454,ppo_lognormal,lognormal,log,3,False,0.0,1.9749503135681152,0.6974533200263977,1.0348390340805054,0.7098603844642639
454,ppo_lognormal,lognormal,log,4,False,0.0,2.1203603744506836,0.7451082468032837,2.4493062496185303,0.7458813190460205
454,ppo_lognormal,lognormal,log,5,True,1.0,2.263300657272339,0.6700422763824463,1.2449705600738525,0.6648409962654114
454,ppo_lognormal,lognormal,log,6,False,0.0,1.8384299278259277,0.7351266145706177,2.3214101791381836,0.748054027557373
454,ppo_lognormal,lognormal,log,7,False,0.0,1.8553866147994995,0.7351248264312744,2.5535566806793213,0.7484726905822754
455,ppo_lognormal,lognormal,log,0,False,0.0,1.7561419010162354,0.722637414932251,1.577993631362915,0.7288060188293457
455,ppo_lognormal,lognormal,log,1,False,0.0,2.317021608352661,0.73664391040802,1.9890689849853516,0.743022620677948
455,ppo_lognormal,lognormal,log,2,False,0.0,1.0265008211135864,0.7338204383850098,1.165233850479126,0.7311090230941772
455,ppo_lognormal,lognormal,log,3,False,0.0,1.9749503135681152,0.6974533200263977,1.0348390340805054,0.7098603844642639
455,ppo_lognormal,lognormal,log,4,False,0.0,2.1203603744506836,0.7451082468032837,2.4493062496185303,0.7458813190460205
455,ppo_lognormal,lognormal,log,5,True,1.0,2.263300657272339,0.6700422763824463,1.2449705600738525,0.6648409962654114
455,ppo_lognormal,lognormal,log,6,False,0.0,1.8384299278259277,0.7351266145706177,2.3214101791381836,0.748054027557373
455,ppo_lognormal,lognormal,log,7,False,0.0,1.8553866147994995,0.7351248264312744,2.5535566806793213,0.7484726905822754
456,ppo_lognormal,lognormal,log,0,False,0.0,1.7561419010162354,0.722637414932251,1.577993631362915,0.7288060188293457
456,ppo_lognormal,lognormal,log,1,False,0.0,2.317021608352661,0.73664391040802,1.9890689849853516,0.743022620677948
456,ppo_lognormal,lognormal,log,2,False,0.0,1.0265008211135864,0.7338204383850098,1.165233850479126,0.7311090230941772
456,ppo_lognormal,lognormal,log,3,False,0.0,1.9749503135681152,0.6974533200263977,1.0348390340805054,0.7098603844642639
456,ppo_lognormal,lognormal,log,4,False,0.0,2.1203603744506836,0.7451082468032837,2.4493062496185303,0.7458813190460205
456,ppo_lognormal,lognormal,log,5,True,1.0,2.263300657272339,0.6700422763824463,1.2449705600738525,0.6648409962654114
456,ppo_lognormal,lognormal,log,6,False,0.0,1.8384299278259277,0.7351266145706177,2.3214101791381836,0.748054027557373
456,ppo_lognormal,lognormal,log,7,False,0.0,1.8553866147994995,0.7351248264312744,2.5535566806793213,0.7484726905822754
457,ppo_lognormal,lognormal,log,0,False,0.0,1.7561419010162354,0.722637414932251,1.577993631362915,0.7288060188293457
457,ppo_lognormal,lognormal,log,1,False,0.0,2.317021608352661,0.73664391040802,1.9890689849853516,0.743022620677948
457,ppo_lognormal,lognormal,log,2,False,0.0,1.0265008211135864,0.7338204383850098,1.165233850479126,0.7311090230941772
457,ppo_lognormal,lognormal,log,3,False,0.0,1.9749503135681152,0.6974533200263977,1.0348390340805054,0.7098603844642639
457,ppo_lognormal,lognormal,log,4,False,0.0,2.1203603744506836,0.7451082468032837,2.4493062496185303,0.7458813190460205
457,ppo_lognormal,lognormal,log,5,True,1.0,2.263300657272339,0.6700422763824463,1.2449705600738525,0.6648409962654114
457,ppo_lognormal,lognormal,log,6,False,0.0,1.8384299278259277,0.7351266145706177,2.3214101791381836,0.748054027557373
457,ppo_lognormal,lognormal,log,7,False,0.0,1.8553866147994995,0.7351248264312744,2.5535566806793213,0.7484726905822754
458,ppo_lognormal,lognormal,log,0,False,0.0,1.7561419010162354,0.722637414932251,1.577993631362915,0.7288060188293457
458,ppo_lognormal,lognormal,log,1,False,0.0,2.317021608352661,0.73664391040802,1.9890689849853516,0.743022620677948
458,ppo_lognormal,lognormal,log,2,False,0.0,1.0265008211135864,0.7338204383850098,1.165233850479126,0.7311090230941772
458,ppo_lognormal,lognormal,log,3,False,0.0,1.9749503135681152,0.6974533200263977,1.0348390340805054,0.7098603844642639
458,ppo_lognormal,lognormal,log,4,False,0.0,2.1203603744506836,0.7451082468032837,2.4493062496185303,0.7458813190460205
458,ppo_lognormal,lognormal,log,5,True,1.0,2.263300657272339,0.6700422763824463,1.2449705600738525,0.6648409962654114
458,ppo_lognormal,lognormal,log,6,False,0.0,1.8384299278259277,0.7351266145706177,2.3214101791381836,0.748054027557373
458,ppo_lognormal,lognormal,log,7,False,0.0,1.8553866147994995,0.7351248264312744,2.5535566806793213,0.7484726905822754
459,ppo_lognormal,lognormal,log,0,False,0.0,1.7561419010162354,0.722637414932251,1.577993631362915,0.7288060188293457
459,ppo_lognormal,lognormal,log,1,False,0.0,2.317021608352661,0.73664391040802,1.9890689849853516,0.743022620677948
459,ppo_lognormal,lognormal,log,2,False,0.0,1.0265008211135864,0.7338204383850098,1.165233850479126,0.7311090230941772
459,ppo_lognormal,lognormal,log,3,False,0.0,1.9749503135681152,0.6974533200263977,1.0348390340805054,0.7098603844642639
459,ppo_lognormal,lognormal,log,4,False,0.0,2.1203603744506836,0.7451082468032837,2.4493062496185303,0.7458813190460205
459,ppo_lognormal,lognormal,log,5,True,1.0,2.263300657272339,0.6700422763824463,1.2449705600738525,0.6648409962654114
459,ppo_lognormal,lognormal,log,6,False,0.0,1.8384299278259277,0.7351266145706177,2.3214101791381836,0.748054027557373
459,ppo_lognormal,lognormal,log,7,False,0.0,1.8553866147994995,0.7351248264312744,2.5535566806793213,0.7484726905822754
460,ppo_lognormal,lognormal,log,0,False,0.0,1.7561419010162354,0.722637414932251,1.577993631362915,0.7288060188293457
460,ppo_lognormal,lognormal,log,1,False,0.0,2.317021608352661,0.73664391040802,1.9890689849853516,0.743022620677948
460,ppo_lognormal,lognormal,log,2,False,0.0,1.0265008211135864,0.7338204383850098,1.165233850479126,0.7311090230941772
460,ppo_lognormal,lognormal,log,3,False,0.0,1.9749503135681152,0.6974533200263977,1.0348390340805054,0.7098603844642639
460,ppo_lognormal,lognormal,log,4,False,0.0,2.1203603744506836,0.7451082468032837,2.4493062496185303,0.7458813190460205
460,ppo_lognormal,lognormal,log,5,True,1.0,2.263300657272339,0.6700422763824463,1.2449705600738525,0.6648409962654114
460,ppo_lognormal,lognormal,log,6,False,0.0,1.8384299278259277,0.7351266145706177,2.3214101791381836,0.748054027557373
460,ppo_lognormal,lognormal,log,7,False,0.0,1.8553866147994995,0.7351248264312744,2.5535566806793213,0.7484726905822754
461,ppo_lognormal,lognormal,log,0,False,0.0,1.7561419010162354,0.722637414932251,1.577993631362915,0.7288060188293457
461,ppo_lognormal,lognormal,log,1,False,0.0,2.317021608352661,0.73664391040802,1.9890689849853516,0.743022620677948
461,ppo_lognormal,lognormal,log,2,False,0.0,1.0265008211135864,0.7338204383850098,1.165233850479126,0.7311090230941772
461,ppo_lognormal,lognormal,log,3,False,0.0,1.9749503135681152,0.6974533200263977,1.0348390340805054,0.7098603844642639
461,ppo_lognormal,lognormal,log,4,False,0.0,2.1203603744506836,0.7451082468032837,2.4493062496185303,0.7458813190460205
461,ppo_lognormal,lognormal,log,5,True,1.0,2.263300657272339,0.6700422763824463,1.2449705600738525,0.6648409962654114
461,ppo_lognormal,lognormal,log,6,False,0.0,1.8384299278259277,0.7351266145706177,2.3214101791381836,0.748054027557373
461,ppo_lognormal,lognormal,log,7,False,0.0,1.8553866147994995,0.7351248264312744,2.5535566806793213,0.7484726905822754
462,ppo_lognormal,lognormal,log,0,False,0.0,1.7561419010162354,0.722637414932251,1.577993631362915,0.7288060188293457
462,ppo_lognormal,lognormal,log,1,False,0.0,2.317021608352661,0.73664391040802,1.9890689849853516,0.743022620677948
462,ppo_lognormal,lognormal,log,2,False,0.0,1.0265008211135864,0.7338204383850098,1.165233850479126,0.7311090230941772
462,ppo_lognormal,lognormal,log,3,False,0.0,1.9749503135681152,0.6974533200263977,1.0348390340805054,0.7098603844642639
462,ppo_lognormal,lognormal,log,4,False,0.0,2.1203603744506836,0.7451082468032837,2.4493062496185303,0.7458813190460205
462,ppo_lognormal,lognormal,log,5,True,1.0,2.263300657272339,0.6700422763824463,1.2449705600738525,0.6648409962654114
462,ppo_lognormal,lognormal,log,6,False,0.0,1.8384299278259277,0.7351266145706177,2.3214101791381836,0.748054027557373
462,ppo_lognormal,lognormal,log,7,False,0.0,1.8553866147994995,0.7351248264312744,2.5535566806793213,0.7484726905822754
463,ppo_lognormal,lognormal,log,0,False,0.0,1.7561419010162354,0.722637414932251,1.577993631362915,0.7288060188293457
463,ppo_lognormal,lognormal,log,1,False,0.0,2.317021608352661,0.73664391040802,1.9890689849853516,0.743022620677948
463,ppo_lognormal,lognormal,log,2,False,0.0,1.0265008211135864,0.7338204383850098,1.165233850479126,0.7311090230941772
463,ppo_lognormal,lognormal,log,3,False,0.0,1.9749503135681152,0.6974533200263977,1.0348390340805054,0.7098603844642639
463,ppo_lognormal,lognormal,log,4,False,0.0,2.1203603744506836,0.7451082468032837,2.4493062496185303,0.7458813190460205
463,ppo_lognormal,lognormal,log,5,True,1.0,2.263300657272339,0.6700422763824463,1.2449705600738525,0.6648409962654114
463,ppo_lognormal,lognormal,log,6,False,0.0,1.8384299278259277,0.7351266145706177,2.3214101791381836,0.748054027557373
463,ppo_lognormal,lognormal,log,7,False,0.0,1.8553866147994995,0.7351248264312744,2.5535566806793213,0.7484726905822754
464,ppo_lognormal,lognormal,log,0,False,0.0,1.7561419010162354,0.722637414932251,1.577993631362915,0.7288060188293457
464,ppo_lognormal,lognormal,log,1,False,0.0,2.317021608352661,0.73664391040802,1.9890689849853516,0.743022620677948
464,ppo_lognormal,lognormal,log,2,False,0.0,1.0265008211135864,0.7338204383850098,1.165233850479126,0.7311090230941772
464,ppo_lognormal,lognormal,log,3,False,0.0,1.9749503135681152,0.6974533200263977,1.0348390340805054,0.7098603844642639
464,ppo_lognormal,lognormal,log,4,False,0.0,2.1203603744506836,0.7451082468032837,2.4493062496185303,0.7458813190460205
464,ppo_lognormal,lognormal,log,5,True,1.0,2.263300657272339,0.6700422763824463,1.2449705600738525,0.6648409962654114
464,ppo_lognormal,lognormal,log,6,False,0.0,1.8384299278259277,0.7351266145706177,2.3214101791381836,0.748054027557373
464,ppo_lognormal,lognormal,log,7,False,0.0,1.8553866147994995,0.7351248264312744,2.5535566806793213,0.7484726905822754
465,ppo_lognormal,lognormal,log,0,False,0.0,1.7561419010162354,0.722637414932251,1.577993631362915,0.7288060188293457
465,ppo_lognormal,lognormal,log,1,False,0.0,2.317021608352661,0.73664391040802,1.9890689849853516,0.743022620677948
465,ppo_lognormal,lognormal,log,2,False,0.0,1.0265008211135864,0.7338204383850098,1.165233850479126,0.7311090230941772
465,ppo_lognormal,lognormal,log,3,False,0.0,1.9749503135681152,0.6974533200263977,1.0348390340805054,0.7098603844642639
465,ppo_lognormal,lognormal,log,4,False,0.0,2.1203603744506836,0.7451082468032837,2.4493062496185303,0.7458813190460205
465,ppo_lognormal,lognormal,log,5,True,1.0,2.263300657272339,0.6700422763824463,1.2449705600738525,0.6648409962654114
465,ppo_lognormal,lognormal,log,6,False,0.0,1.8384299278259277,0.7351266145706177,2.3214101791381836,0.748054027557373
465,ppo_lognormal,lognormal,log,7,False,0.0,1.8553866147994995,0.7351248264312744,2.5535566806793213,0.7484726905822754
466,ppo_lognormal,lognormal,log,0,False,0.0,1.7561419010162354,0.722637414932251,1.577993631362915,0.7288060188293457
466,ppo_lognormal,lognormal,log,1,False,0.0,2.317021608352661,0.73664391040802,1.9890689849853516,0.743022620677948
466,ppo_lognormal,lognormal,log,2,False,0.0,1.0265008211135864,0.7338204383850098,1.165233850479126,0.7311090230941772
466,ppo_lognormal,lognormal,log,3,False,0.0,1.9749503135681152,0.6974533200263977,1.0348390340805054,0.7098603844642639
466,ppo_lognormal,lognormal,log,4,False,0.0,2.1203603744506836,0.7451082468032837,2.4493062496185303,0.7458813190460205
466,ppo_lognormal,lognormal,log,5,True,1.0,2.263300657272339,0.6700422763824463,1.2449705600738525,0.6648409962654114
466,ppo_lognormal,lognormal,log,6,False,0.0,1.8384299278259277,0.7351266145706177,2.3214101791381836,0.748054027557373
466,ppo_lognormal,lognormal,log,7,False,0.0,1.8553866147994995,0.7351248264312744,2.5535566806793213,0.7484726905822754
467,ppo_lognormal,lognormal,log,0,False,0.0,1.7561419010162354,0.722637414932251,1.577993631362915,0.7288060188293457
467,ppo_lognormal,lognormal,log,1,False,0.0,2.317021608352661,0.73664391040802,1.9890689849853516,0.743022620677948
467,ppo_lognormal,lognormal,log,2,False,0.0,1.0265008211135864,0.7338204383850098,1.165233850479126,0.7311090230941772
467,ppo_lognormal,lognormal,log,3,False,0.0,1.9749503135681152,0.6974533200263977,1.0348390340805054,0.7098603844642639
467,ppo_lognormal,lognormal,log,4,False,0.0,2.1203603744506836,0.7451082468032837,2.4493062496185303,0.7458813190460205
467,ppo_lognormal,lognormal,log,5,True,1.0,2.263300657272339,0.6700422763824463,1.2449705600738525,0.6648409962654114
467,ppo_lognormal,lognormal,log,6,False,0.0,1.8384299278259277,0.7351266145706177,2.3214101791381836,0.748054027557373
467,ppo_lognormal,lognormal,log,7,False,0.0,1.8553866147994995,0.7351248264312744,2.5535566806793213,0.7484726905822754
468,ppo_lognormal,lognormal,log,0,False,0.0,1.7561419010162354,0.722637414932251,1.577993631362915,0.7288060188293457
468,ppo_lognormal,lognormal,log,1,False,0.0,2.317021608352661,0.73664391040802,1.9890689849853516,0.743022620677948
468,ppo_lognormal,lognormal,log,2,False,0.0,1.0265008211135864,0.7338204383850098,1.165233850479126,0.7311090230941772
468,ppo_lognormal,lognormal,log,3,False,0.0,1.9749503135681152,0.6974533200263977,1.0348390340805054,0.7098603844642639
468,ppo_lognormal,lognormal,log,4,False,0.0,2.1203603744506836,0.7451082468032837,2.4493062496185303,0.7458813190460205
468,ppo_lognormal,lognormal,log,5,True,1.0,2.263300657272339,0.6700422763824463,1.2449705600738525,0.6648409962654114
468,ppo_lognormal,lognormal,log,6,False,0.0,1.8384299278259277,0.7351266145706177,2.3214101791381836,0.748054027557373
468,ppo_lognormal,lognormal,log,7,False,0.0,1.8553866147994995,0.7351248264312744,2.5535566806793213,0.7484726905822754
469,ppo_lognormal,lognormal,log,0,False,0.0,1.7561419010162354,0.722637414932251,1.577993631362915,0.7288060188293457
469,ppo_lognormal,lognormal,log,1,False,0.0,2.317021608352661,0.73664391040802,1.9890689849853516,0.743022620677948
469,ppo_lognormal,lognormal,log,2,False,0.0,1.0265008211135864,0.7338204383850098,1.165233850479126,0.7311090230941772
469,ppo_lognormal,lognormal,log,3,False,0.0,1.9749503135681152,0.6974533200263977,1.0348390340805054,0.7098603844642639
469,ppo_lognormal,lognormal,log,4,False,0.0,2.1203603744506836,0.7451082468032837,2.4493062496185303,0.7458813190460205
469,ppo_lognormal,lognormal,log,5,True,1.0,2.263300657272339,0.6700422763824463,1.2449705600738525,0.6648409962654114
469,ppo_lognormal,lognormal,log,6,False,0.0,1.8384299278259277,0.7351266145706177,2.3214101791381836,0.748054027557373
469,ppo_lognormal,lognormal,log,7,False,0.0,1.8553866147994995,0.7351248264312744,2.5535566806793213,0.7484726905822754
470,ppo_lognormal,lognormal,log,0,False,0.0,1.7561419010162354,0.722637414932251,1.577993631362915,0.7288060188293457
470,ppo_lognormal,lognormal,log,1,False,0.0,2.317021608352661,0.73664391040802,1.9890689849853516,0.743022620677948
470,ppo_lognormal,lognormal,log,2,False,0.0,1.0265008211135864,0.7338204383850098,1.165233850479126,0.7311090230941772
470,ppo_lognormal,lognormal,log,3,False,0.0,1.9749503135681152,0.6974533200263977,1.0348390340805054,0.7098603844642639
470,ppo_lognormal,lognormal,log,4,False,0.0,2.1203603744506836,0.7451082468032837,2.4493062496185303,0.7458813190460205
470,ppo_lognormal,lognormal,log,5,True,1.0,2.263300657272339,0.6700422763824463,1.2449705600738525,0.6648409962654114
470,ppo_lognormal,lognormal,log,6,False,0.0,1.8384299278259277,0.7351266145706177,2.3214101791381836,0.748054027557373
470,ppo_lognormal,lognormal,log,7,False,0.0,1.8553866147994995,0.7351248264312744,2.5535566806793213,0.7484726905822754
471,ppo_lognormal,lognormal,log,0,False,0.0,1.7561419010162354,0.722637414932251,1.577993631362915,0.7288060188293457
471,ppo_lognormal,lognormal,log,1,False,0.0,2.317021608352661,0.73664391040802,1.9890689849853516,0.743022620677948
471,ppo_lognormal,lognormal,log,2,False,0.0,1.0265008211135864,0.7338204383850098,1.165233850479126,0.7311090230941772
471,ppo_lognormal,lognormal,log,3,False,0.0,1.9749503135681152,0.6974533200263977,1.0348390340805054,0.7098603844642639
471,ppo_lognormal,lognormal,log,4,False,0.0,2.1203603744506836,0.7451082468032837,2.4493062496185303,0.7458813190460205
471,ppo_lognormal,lognormal,log,5,True,1.0,2.263300657272339,0.6700422763824463,1.2449705600738525,0.6648409962654114
471,ppo_lognormal,lognormal,log,6,False,0.0,1.8384299278259277,0.7351266145706177,2.3214101791381836,0.748054027557373
471,ppo_lognormal,lognormal,log,7,False,0.0,1.8553866147994995,0.7351248264312744,2.5535566806793213,0.7484726905822754
472,ppo_lognormal,lognormal,log,0,False,0.0,1.7561419010162354,0.722637414932251,1.577993631362915,0.7288060188293457
472,ppo_lognormal,lognormal,log,1,False,0.0,2.317021608352661,0.73664391040802,1.9890689849853516,0.743022620677948
472,ppo_lognormal,lognormal,log,2,False,0.0,1.0265008211135864,0.7338204383850098,1.165233850479126,0.7311090230941772
472,ppo_lognormal,lognormal,log,3,False,0.0,1.9749503135681152,0.6974533200263977,1.0348390340805054,0.7098603844642639
472,ppo_lognormal,lognormal,log,4,False,0.0,2.1203603744506836,0.7451082468032837,2.4493062496185303,0.7458813190460205
472,ppo_lognormal,lognormal,log,5,True,1.0,2.263300657272339,0.6700422763824463,1.2449705600738525,0.6648409962654114
472,ppo_lognormal,lognormal,log,6,False,0.0,1.8384299278259277,0.7351266145706177,2.3214101791381836,0.748054027557373
472,ppo_lognormal,lognormal,log,7,False,0.0,1.8553866147994995,0.7351248264312744,2.5535566806793213,0.7484726905822754
473,ppo_lognormal,lognormal,log,0,False,0.0,1.7561419010162354,0.722637414932251,1.577993631362915,0.7288060188293457
473,ppo_lognormal,lognormal,log,1,False,0.0,2.317021608352661,0.73664391040802,1.9890689849853516,0.743022620677948
473,ppo_lognormal,lognormal,log,2,False,0.0,1.0265008211135864,0.7338204383850098,1.165233850479126,0.7311090230941772
473,ppo_lognormal,lognormal,log,3,False,0.0,1.9749503135681152,0.6974533200263977,1.0348390340805054,0.7098603844642639
473,ppo_lognormal,lognormal,log,4,False,0.0,2.1203603744506836,0.7451082468032837,2.4493062496185303,0.7458813190460205
473,ppo_lognormal,lognormal,log,5,True,1.0,2.263300657272339,0.6700422763824463,1.2449705600738525,0.6648409962654114
473,ppo_lognormal,lognormal,log,6,False,0.0,1.8384299278259277,0.7351266145706177,2.3214101791381836,0.748054027557373
473,ppo_lognormal,lognormal,log,7,False,0.0,1.8553866147994995,0.7351248264312744,2.5535566806793213,0.7484726905822754
474,ppo_lognormal,lognormal,log,0,False,0.0,1.7561419010162354,0.722637414932251,1.577993631362915,0.7288060188293457
474,ppo_lognormal,lognormal,log,1,False,0.0,2.317021608352661,0.73664391040802,1.9890689849853516,0.743022620677948
474,ppo_lognormal,lognormal,log,2,False,0.0,1.0265008211135864,0.7338204383850098,1.165233850479126,0.7311090230941772
474,ppo_lognormal,lognormal,log,3,False,0.0,1.9749503135681152,0.6974533200263977,1.0348390340805054,0.7098603844642639
474,ppo_lognormal,lognormal,log,4,False,0.0,2.1203603744506836,0.7451082468032837,2.4493062496185303,0.7458813190460205
474,ppo_lognormal,lognormal,log,5,True,1.0,2.263300657272339,0.6700422763824463,1.2449705600738525,0.6648409962654114
474,ppo_lognormal,lognormal,log,6,False,0.0,1.8384299278259277,0.7351266145706177,2.3214101791381836,0.748054027557373
474,ppo_lognormal,lognormal,log,7,False,0.0,1.8553866147994995,0.7351248264312744,2.5535566806793213,0.7484726905822754
475,ppo_lognormal,lognormal,log,0,False,0.0,1.7561419010162354,0.722637414932251,1.577993631362915,0.7288060188293457
475,ppo_lognormal,lognormal,log,1,False,0.0,2.317021608352661,0.73664391040802,1.9890689849853516,0.743022620677948
475,ppo_lognormal,lognormal,log,2,False,0.0,1.0265008211135864,0.7338204383850098,1.165233850479126,0.7311090230941772
475,ppo_lognormal,lognormal,log,3,False,0.0,1.9749503135681152,0.6974533200263977,1.0348390340805054,0.7098603844642639
475,ppo_lognormal,lognormal,log,4,False,0.0,2.1203603744506836,0.7451082468032837,2.4493062496185303,0.7458813190460205
475,ppo_lognormal,lognormal,log,5,True,1.0,2.263300657272339,0.6700422763824463,1.2449705600738525,0.6648409962654114
475,ppo_lognormal,lognormal,log,6,False,0.0,1.8384299278259277,0.7351266145706177,2.3214101791381836,0.748054027557373
475,ppo_lognormal,lognormal,log,7,False,0.0,1.8553866147994995,0.7351248264312744,2.5535566806793213,0.7484726905822754
476,ppo_lognormal,lognormal,log,0,False,0.0,1.7561419010162354,0.722637414932251,1.577993631362915,0.7288060188293457
476,ppo_lognormal,lognormal,log,1,False,0.0,2.317021608352661,0.73664391040802,1.9890689849853516,0.743022620677948
476,ppo_lognormal,lognormal,log,2,False,0.0,1.0265008211135864,0.7338204383850098,1.165233850479126,0.7311090230941772
476,ppo_lognormal,lognormal,log,3,False,0.0,1.9749503135681152,0.6974533200263977,1.0348390340805054,0.7098603844642639
476,ppo_lognormal,lognormal,log,4,False,0.0,2.1203603744506836,0.7451082468032837,2.4493062496185303,0.7458813190460205
476,ppo_lognormal,lognormal,log,5,True,1.0,2.263300657272339,0.6700422763824463,1.2449705600738525,0.6648409962654114
476,ppo_lognormal,lognormal,log,6,False,0.0,1.8384299278259277,0.7351266145706177,2.3214101791381836,0.748054027557373
476,ppo_lognormal,lognormal,log,7,False,0.0,1.8553866147994995,0.7351248264312744,2.5535566806793213,0.7484726905822754
477,ppo_lognormal,lognormal,log,0,False,0.0,1.7561419010162354,0.722637414932251,1.577993631362915,0.7288060188293457
477,ppo_lognormal,lognormal,log,1,False,0.0,2.317021608352661,0.73664391040802,1.9890689849853516,0.743022620677948
477,ppo_lognormal,lognormal,log,2,False,0.0,1.0265008211135864,0.7338204383850098,1.165233850479126,0.7311090230941772
477,ppo_lognormal,lognormal,log,3,False,0.0,1.9749503135681152,0.6974533200263977,1.0348390340805054,0.7098603844642639
477,ppo_lognormal,lognormal,log,4,False,0.0,2.1203603744506836,0.7451082468032837,2.4493062496185303,0.7458813190460205
477,ppo_lognormal,lognormal,log,5,True,1.0,2.263300657272339,0.6700422763824463,1.2449705600738525,0.6648409962654114
477,ppo_lognormal,lognormal,log,6,False,0.0,1.8384299278259277,0.7351266145706177,2.3214101791381836,0.748054027557373
477,ppo_lognormal,lognormal,log,7,False,0.0,1.8553866147994995,0.7351248264312744,2.5535566806793213,0.7484726905822754
478,ppo_lognormal,lognormal,log,0,False,0.0,1.7561419010162354,0.722637414932251,1.577993631362915,0.7288060188293457
478,ppo_lognormal,lognormal,log,1,False,0.0,2.317021608352661,0.73664391040802,1.9890689849853516,0.743022620677948
478,ppo_lognormal,lognormal,log,2,False,0.0,1.0265008211135864,0.7338204383850098,1.165233850479126,0.7311090230941772
478,ppo_lognormal,lognormal,log,3,False,0.0,1.9749503135681152,0.6974533200263977,1.0348390340805054,0.7098603844642639
478,ppo_lognormal,lognormal,log,4,False,0.0,2.1203603744506836,0.7451082468032837,2.4493062496185303,0.7458813190460205
478,ppo_lognormal,lognormal,log,5,True,1.0,2.263300657272339,0.6700422763824463,1.2449705600738525,0.6648409962654114
478,ppo_lognormal,lognormal,log,6,False,0.0,1.8384299278259277,0.7351266145706177,2.3214101791381836,0.748054027557373
478,ppo_lognormal,lognormal,log,7,False,0.0,1.8553866147994995,0.7351248264312744,2.5535566806793213,0.7484726905822754
479,ppo_lognormal,lognormal,log,0,False,0.0,1.7561419010162354,0.722637414932251,1.577993631362915,0.7288060188293457
479,ppo_lognormal,lognormal,log,1,False,0.0,2.317021608352661,0.73664391040802,1.9890689849853516,0.743022620677948
479,ppo_lognormal,lognormal,log,2,False,0.0,1.0265008211135864,0.7338204383850098,1.165233850479126,0.7311090230941772
479,ppo_lognormal,lognormal,log,3,False,0.0,1.9749503135681152,0.6974533200263977,1.0348390340805054,0.7098603844642639
479,ppo_lognormal,lognormal,log,4,False,0.0,2.1203603744506836,0.7451082468032837,2.4493062496185303,0.7458813190460205
479,ppo_lognormal,lognormal,log,5,True,1.0,2.263300657272339,0.6700422763824463,1.2449705600738525,0.6648409962654114
479,ppo_lognormal,lognormal,log,6,False,0.0,1.8384299278259277,0.7351266145706177,2.3214101791381836,0.748054027557373
479,ppo_lognormal,lognormal,log,7,False,0.0,1.8553866147994995,0.7351248264312744,2.5535566806793213,0.7484726905822754
480,ppo_lognormal,lognormal,log,0,False,0.0,1.7561419010162354,0.722637414932251,1.577993631362915,0.7288060188293457
480,ppo_lognormal,lognormal,log,1,False,0.0,2.317021608352661,0.73664391040802,1.9890689849853516,0.743022620677948
480,ppo_lognormal,lognormal,log,2,False,0.0,1.0265008211135864,0.7338204383850098,1.165233850479126,0.7311090230941772
480,ppo_lognormal,lognormal,log,3,False,0.0,1.9749503135681152,0.6974533200263977,1.0348390340805054,0.7098603844642639
480,ppo_lognormal,lognormal,log,4,False,0.0,2.1203603744506836,0.7451082468032837,2.4493062496185303,0.7458813190460205
480,ppo_lognormal,lognormal,log,5,True,1.0,2.263300657272339,0.6700422763824463,1.2449705600738525,0.6648409962654114
480,ppo_lognormal,lognormal,log,6,False,0.0,1.8384299278259277,0.7351266145706177,2.3214101791381836,0.748054027557373
480,ppo_lognormal,lognormal,log,7,False,0.0,1.8553866147994995,0.7351248264312744,2.5535566806793213,0.7484726905822754
481,ppo_lognormal,lognormal,log,0,False,0.0,1.7561419010162354,0.722637414932251,1.577993631362915,0.7288060188293457
481,ppo_lognormal,lognormal,log,1,False,0.0,2.317021608352661,0.73664391040802,1.9890689849853516,0.743022620677948
481,ppo_lognormal,lognormal,log,2,False,0.0,1.0265008211135864,0.7338204383850098,1.165233850479126,0.7311090230941772
481,ppo_lognormal,lognormal,log,3,False,0.0,1.9749503135681152,0.6974533200263977,1.0348390340805054,0.7098603844642639
481,ppo_lognormal,lognormal,log,4,False,0.0,2.1203603744506836,0.7451082468032837,2.4493062496185303,0.7458813190460205
481,ppo_lognormal,lognormal,log,5,True,1.0,2.263300657272339,0.6700422763824463,1.2449705600738525,0.6648409962654114
481,ppo_lognormal,lognormal,log,6,False,0.0,1.8384299278259277,0.7351266145706177,2.3214101791381836,0.748054027557373
481,ppo_lognormal,lognormal,log,7,False,0.0,1.8553866147994995,0.7351248264312744,2.5535566806793213,0.7484726905822754
482,ppo_lognormal,lognormal,log,0,False,0.0,1.7561419010162354,0.722637414932251,1.577993631362915,0.7288060188293457
482,ppo_lognormal,lognormal,log,1,False,0.0,2.317021608352661,0.73664391040802,1.9890689849853516,0.743022620677948
482,ppo_lognormal,lognormal,log,2,False,0.0,1.0265008211135864,0.7338204383850098,1.165233850479126,0.7311090230941772
482,ppo_lognormal,lognormal,log,3,False,0.0,1.9749503135681152,0.6974533200263977,1.0348390340805054,0.7098603844642639
482,ppo_lognormal,lognormal,log,4,False,0.0,2.1203603744506836,0.7451082468032837,2.4493062496185303,0.7458813190460205
482,ppo_lognormal,lognormal,log,5,True,1.0,2.263300657272339,0.6700422763824463,1.2449705600738525,0.6648409962654114
482,ppo_lognormal,lognormal,log,6,False,0.0,1.8384299278259277,0.7351266145706177,2.3214101791381836,0.748054027557373
482,ppo_lognormal,lognormal,log,7,False,0.0,1.8553866147994995,0.7351248264312744,2.5535566806793213,0.7484726905822754
483,ppo_lognormal,lognormal,log,0,False,0.0,1.7561419010162354,0.722637414932251,1.577993631362915,0.7288060188293457
483,ppo_lognormal,lognormal,log,1,False,0.0,2.317021608352661,0.73664391040802,1.9890689849853516,0.743022620677948
483,ppo_lognormal,lognormal,log,2,False,0.0,1.0265008211135864,0.7338204383850098,1.165233850479126,0.7311090230941772
483,ppo_lognormal,lognormal,log,3,False,0.0,1.9749503135681152,0.6974533200263977,1.0348390340805054,0.7098603844642639
483,ppo_lognormal,lognormal,log,4,False,0.0,2.1203603744506836,0.7451082468032837,2.4493062496185303,0.7458813190460205
483,ppo_lognormal,lognormal,log,5,True,1.0,2.263300657272339,0.6700422763824463,1.2449705600738525,0.6648409962654114
483,ppo_lognormal,lognormal,log,6,False,0.0,1.8384299278259277,0.7351266145706177,2.3214101791381836,0.748054027557373
483,ppo_lognormal,lognormal,log,7,False,0.0,1.8553866147994995,0.7351248264312744,2.5535566806793213,0.7484726905822754
484,ppo_lognormal,lognormal,log,0,False,0.0,1.7561419010162354,0.722637414932251,1.577993631362915,0.7288060188293457
484,ppo_lognormal,lognormal,log,1,False,0.0,2.317021608352661,0.73664391040802,1.9890689849853516,0.743022620677948
484,ppo_lognormal,lognormal,log,2,False,0.0,1.0265008211135864,0.7338204383850098,1.165233850479126,0.7311090230941772
484,ppo_lognormal,lognormal,log,3,False,0.0,1.9749503135681152,0.6974533200263977,1.0348390340805054,0.7098603844642639
484,ppo_lognormal,lognormal,log,4,False,0.0,2.1203603744506836,0.7451082468032837,2.4493062496185303,0.7458813190460205
484,ppo_lognormal,lognormal,log,5,True,1.0,2.263300657272339,0.6700422763824463,1.2449705600738525,0.6648409962654114
484,ppo_lognormal,lognormal,log,6,False,0.0,1.8384299278259277,0.7351266145706177,2.3214101791381836,0.748054027557373
484,ppo_lognormal,lognormal,log,7,False,0.0,1.8553866147994995,0.7351248264312744,2.5535566806793213,0.7484726905822754
485,ppo_lognormal,lognormal,log,0,False,0.0,1.7561419010162354,0.722637414932251,1.577993631362915,0.7288060188293457
485,ppo_lognormal,lognormal,log,1,False,0.0,2.317021608352661,0.73664391040802,1.9890689849853516,0.743022620677948
485,ppo_lognormal,lognormal,log,2,False,0.0,1.0265008211135864,0.7338204383850098,1.165233850479126,0.7311090230941772
485,ppo_lognormal,lognormal,log,3,False,0.0,1.9749503135681152,0.6974533200263977,1.0348390340805054,0.7098603844642639
485,ppo_lognormal,lognormal,log,4,False,0.0,2.1203603744506836,0.7451082468032837,2.4493062496185303,0.7458813190460205
485,ppo_lognormal,lognormal,log,5,True,1.0,2.263300657272339,0.6700422763824463,1.2449705600738525,0.6648409962654114
485,ppo_lognormal,lognormal,log,6,False,0.0,1.8384299278259277,0.7351266145706177,2.3214101791381836,0.748054027557373
485,ppo_lognormal,lognormal,log,7,False,0.0,1.8553866147994995,0.7351248264312744,2.5535566806793213,0.7484726905822754
486,ppo_lognormal,lognormal,log,0,False,0.0,1.7561419010162354,0.722637414932251,1.577993631362915,0.7288060188293457
486,ppo_lognormal,lognormal,log,1,False,0.0,2.317021608352661,0.73664391040802,1.9890689849853516,0.743022620677948
486,ppo_lognormal,lognormal,log,2,False,0.0,1.0265008211135864,0.7338204383850098,1.165233850479126,0.7311090230941772
486,ppo_lognormal,lognormal,log,3,False,0.0,1.9749503135681152,0.6974533200263977,1.0348390340805054,0.7098603844642639
486,ppo_lognormal,lognormal,log,4,False,0.0,2.1203603744506836,0.7451082468032837,2.4493062496185303,0.7458813190460205
486,ppo_lognormal,lognormal,log,5,True,1.0,2.263300657272339,0.6700422763824463,1.2449705600738525,0.6648409962654114
486,ppo_lognormal,lognormal,log,6,False,0.0,1.8384299278259277,0.7351266145706177,2.3214101791381836,0.748054027557373
486,ppo_lognormal,lognormal,log,7,False,0.0,1.8553866147994995,0.7351248264312744,2.5535566806793213,0.7484726905822754
487,ppo_lognormal,lognormal,log,0,False,0.0,1.7561419010162354,0.722637414932251,1.577993631362915,0.7288060188293457
487,ppo_lognormal,lognormal,log,1,False,0.0,2.317021608352661,0.73664391040802,1.9890689849853516,0.743022620677948
487,ppo_lognormal,lognormal,log,2,False,0.0,1.0265008211135864,0.7338204383850098,1.165233850479126,0.7311090230941772
487,ppo_lognormal,lognormal,log,3,False,0.0,1.9749503135681152,0.6974533200263977,1.0348390340805054,0.7098603844642639
487,ppo_lognormal,lognormal,log,4,False,0.0,2.1203603744506836,0.7451082468032837,2.4493062496185303,0.7458813190460205
487,ppo_lognormal,lognormal,log,5,True,1.0,2.263300657272339,0.6700422763824463,1.2449705600738525,0.6648409962654114
487,ppo_lognormal,lognormal,log,6,False,0.0,1.8384299278259277,0.7351266145706177,2.3214101791381836,0.748054027557373
487,ppo_lognormal,lognormal,log,7,False,0.0,1.8553866147994995,0.7351248264312744,2.5535566806793213,0.7484726905822754
488,ppo_lognormal,lognormal,log,0,False,0.0,1.7561419010162354,0.722637414932251,1.577993631362915,0.7288060188293457
488,ppo_lognormal,lognormal,log,1,False,0.0,2.317021608352661,0.73664391040802,1.9890689849853516,0.743022620677948
488,ppo_lognormal,lognormal,log,2,False,0.0,1.0265008211135864,0.7338204383850098,1.165233850479126,0.7311090230941772
488,ppo_lognormal,lognormal,log,3,False,0.0,1.9749503135681152,0.6974533200263977,1.0348390340805054,0.7098603844642639
488,ppo_lognormal,lognormal,log,4,False,0.0,2.1203603744506836,0.7451082468032837,2.4493062496185303,0.7458813190460205
488,ppo_lognormal,lognormal,log,5,True,1.0,2.263300657272339,0.6700422763824463,1.2449705600738525,0.6648409962654114
488,ppo_lognormal,lognormal,log,6,False,0.0,1.8384299278259277,0.7351266145706177,2.3214101791381836,0.748054027557373
488,ppo_lognormal,lognormal,log,7,False,0.0,1.8553866147994995,0.7351248264312744,2.5535566806793213,0.7484726905822754
489,ppo_lognormal,lognormal,log,0,False,0.0,1.7561419010162354,0.722637414932251,1.577993631362915,0.7288060188293457
489,ppo_lognormal,lognormal,log,1,False,0.0,2.317021608352661,0.73664391040802,1.9890689849853516,0.743022620677948
489,ppo_lognormal,lognormal,log,2,False,0.0,1.0265008211135864,0.7338204383850098,1.165233850479126,0.7311090230941772
489,ppo_lognormal,lognormal,log,3,False,0.0,1.9749503135681152,0.6974533200263977,1.0348390340805054,0.7098603844642639
489,ppo_lognormal,lognormal,log,4,False,0.0,2.1203603744506836,0.7451082468032837,2.4493062496185303,0.7458813190460205
489,ppo_lognormal,lognormal,log,5,True,1.0,2.263300657272339,0.6700422763824463,1.2449705600738525,0.6648409962654114
489,ppo_lognormal,lognormal,log,6,False,0.0,1.8384299278259277,0.7351266145706177,2.3214101791381836,0.748054027557373
489,ppo_lognormal,lognormal,log,7,False,0.0,1.8553866147994995,0.7351248264312744,2.5535566806793213,0.7484726905822754
490,ppo_lognormal,lognormal,log,0,False,0.0,1.7561419010162354,0.722637414932251,1.577993631362915,0.7288060188293457
490,ppo_lognormal,lognormal,log,1,False,0.0,2.317021608352661,0.73664391040802,1.9890689849853516,0.743022620677948
490,ppo_lognormal,lognormal,log,2,False,0.0,1.0265008211135864,0.7338204383850098,1.165233850479126,0.7311090230941772
490,ppo_lognormal,lognormal,log,3,False,0.0,1.9749503135681152,0.6974533200263977,1.0348390340805054,0.7098603844642639
490,ppo_lognormal,lognormal,log,4,False,0.0,2.1203603744506836,0.7451082468032837,2.4493062496185303,0.7458813190460205
490,ppo_lognormal,lognormal,log,5,True,1.0,2.263300657272339,0.6700422763824463,1.2449705600738525,0.6648409962654114
490,ppo_lognormal,lognormal,log,6,False,0.0,1.8384299278259277,0.7351266145706177,2.3214101791381836,0.748054027557373
490,ppo_lognormal,lognormal,log,7,False,0.0,1.8553866147994995,0.7351248264312744,2.5535566806793213,0.7484726905822754
491,ppo_lognormal,lognormal,log,0,False,0.0,1.7561419010162354,0.722637414932251,1.577993631362915,0.7288060188293457
491,ppo_lognormal,lognormal,log,1,False,0.0,2.317021608352661,0.73664391040802,1.9890689849853516,0.743022620677948
491,ppo_lognormal,lognormal,log,2,False,0.0,1.0265008211135864,0.7338204383850098,1.165233850479126,0.7311090230941772
491,ppo_lognormal,lognormal,log,3,False,0.0,1.9749503135681152,0.6974533200263977,1.0348390340805054,0.7098603844642639
491,ppo_lognormal,lognormal,log,4,False,0.0,2.1203603744506836,0.7451082468032837,2.4493062496185303,0.7458813190460205
491,ppo_lognormal,lognormal,log,5,True,1.0,2.263300657272339,0.6700422763824463,1.2449705600738525,0.6648409962654114
491,ppo_lognormal,lognormal,log,6,False,0.0,1.8384299278259277,0.7351266145706177,2.3214101791381836,0.748054027557373
491,ppo_lognormal,lognormal,log,7,False,0.0,1.8553866147994995,0.7351248264312744,2.5535566806793213,0.7484726905822754
492,ppo_lognormal,lognormal,log,0,False,0.0,1.7561419010162354,0.722637414932251,1.577993631362915,0.7288060188293457
492,ppo_lognormal,lognormal,log,1,False,0.0,2.317021608352661,0.73664391040802,1.9890689849853516,0.743022620677948
492,ppo_lognormal,lognormal,log,2,False,0.0,1.0265008211135864,0.7338204383850098,1.165233850479126,0.7311090230941772
492,ppo_lognormal,lognormal,log,3,False,0.0,1.9749503135681152,0.6974533200263977,1.0348390340805054,0.7098603844642639
492,ppo_lognormal,lognormal,log,4,False,0.0,2.1203603744506836,0.7451082468032837,2.4493062496185303,0.7458813190460205
492,ppo_lognormal,lognormal,log,5,True,1.0,2.263300657272339,0.6700422763824463,1.2449705600738525,0.6648409962654114
492,ppo_lognormal,lognormal,log,6,False,0.0,1.8384299278259277,0.7351266145706177,2.3214101791381836,0.748054027557373
492,ppo_lognormal,lognormal,log,7,False,0.0,1.8553866147994995,0.7351248264312744,2.5535566806793213,0.7484726905822754
493,ppo_lognormal,lognormal,log,0,False,0.0,1.7561419010162354,0.722637414932251,1.577993631362915,0.7288060188293457
493,ppo_lognormal,lognormal,log,1,False,0.0,2.317021608352661,0.73664391040802,1.9890689849853516,0.743022620677948
493,ppo_lognormal,lognormal,log,2,False,0.0,1.0265008211135864,0.7338204383850098,1.165233850479126,0.7311090230941772
493,ppo_lognormal,lognormal,log,3,False,0.0,1.9749503135681152,0.6974533200263977,1.0348390340805054,0.7098603844642639
493,ppo_lognormal,lognormal,log,4,False,0.0,2.1203603744506836,0.7451082468032837,2.4493062496185303,0.7458813190460205
493,ppo_lognormal,lognormal,log,5,True,1.0,2.263300657272339,0.6700422763824463,1.2449705600738525,0.6648409962654114
493,ppo_lognormal,lognormal,log,6,False,0.0,1.8384299278259277,0.7351266145706177,2.3214101791381836,0.748054027557373
493,ppo_lognormal,lognormal,log,7,False,0.0,1.8553866147994995,0.7351248264312744,2.5535566806793213,0.7484726905822754
494,ppo_lognormal,lognormal,log,0,False,0.0,1.7561419010162354,0.722637414932251,1.577993631362915,0.7288060188293457
494,ppo_lognormal,lognormal,log,1,False,0.0,2.317021608352661,0.73664391040802,1.9890689849853516,0.743022620677948
494,ppo_lognormal,lognormal,log,2,False,0.0,1.0265008211135864,0.7338204383850098,1.165233850479126,0.7311090230941772
494,ppo_lognormal,lognormal,log,3,False,0.0,1.9749503135681152,0.6974533200263977,1.0348390340805054,0.7098603844642639
494,ppo_lognormal,lognormal,log,4,False,0.0,2.1203603744506836,0.7451082468032837,2.4493062496185303,0.7458813190460205
494,ppo_lognormal,lognormal,log,5,True,1.0,2.263300657272339,0.6700422763824463,1.2449705600738525,0.6648409962654114
494,ppo_lognormal,lognormal,log,6,False,0.0,1.8384299278259277,0.7351266145706177,2.3214101791381836,0.748054027557373
494,ppo_lognormal,lognormal,log,7,False,0.0,1.8553866147994995,0.7351248264312744,2.5535566806793213,0.7484726905822754
495,ppo_lognormal,lognormal,log,0,False,0.0,1.7561419010162354,0.722637414932251,1.577993631362915,0.7288060188293457
495,ppo_lognormal,lognormal,log,1,False,0.0,2.317021608352661,0.73664391040802,1.9890689849853516,0.743022620677948
495,ppo_lognormal,lognormal,log,2,False,0.0,1.0265008211135864,0.7338204383850098,1.165233850479126,0.7311090230941772
495,ppo_lognormal,lognormal,log,3,False,0.0,1.9749503135681152,0.6974533200263977,1.0348390340805054,0.7098603844642639
495,ppo_lognormal,lognormal,log,4,False,0.0,2.1203603744506836,0.7451082468032837,2.4493062496185303,0.7458813190460205
495,ppo_lognormal,lognormal,log,5,True,1.0,2.263300657272339,0.6700422763824463,1.2449705600738525,0.6648409962654114
495,ppo_lognormal,lognormal,log,6,False,0.0,1.8384299278259277,0.7351266145706177,2.3214101791381836,0.748054027557373
495,ppo_lognormal,lognormal,log,7,False,0.0,1.8553866147994995,0.7351248264312744,2.5535566806793213,0.7484726905822754
496,ppo_lognormal,lognormal,log,0,False,0.0,1.7561419010162354,0.722637414932251,1.577993631362915,0.7288060188293457
496,ppo_lognormal,lognormal,log,1,False,0.0,2.317021608352661,0.73664391040802,1.9890689849853516,0.743022620677948
496,ppo_lognormal,lognormal,log,2,False,0.0,1.0265008211135864,0.7338204383850098,1.165233850479126,0.7311090230941772
496,ppo_lognormal,lognormal,log,3,False,0.0,1.9749503135681152,0.6974533200263977,1.0348390340805054,0.7098603844642639
496,ppo_lognormal,lognormal,log,4,False,0.0,2.1203603744506836,0.7451082468032837,2.4493062496185303,0.7458813190460205
496,ppo_lognormal,lognormal,log,5,True,1.0,2.263300657272339,0.6700422763824463,1.2449705600738525,0.6648409962654114
496,ppo_lognormal,lognormal,log,6,False,0.0,1.8384299278259277,0.7351266145706177,2.3214101791381836,0.748054027557373
496,ppo_lognormal,lognormal,log,7,False,0.0,1.8553866147994995,0.7351248264312744,2.5535566806793213,0.7484726905822754
497,ppo_lognormal,lognormal,log,0,False,0.0,1.7561419010162354,0.722637414932251,1.577993631362915,0.7288060188293457
497,ppo_lognormal,lognormal,log,1,False,0.0,2.317021608352661,0.73664391040802,1.9890689849853516,0.743022620677948
497,ppo_lognormal,lognormal,log,2,False,0.0,1.0265008211135864,0.7338204383850098,1.165233850479126,0.7311090230941772
497,ppo_lognormal,lognormal,log,3,False,0.0,1.9749503135681152,0.6974533200263977,1.0348390340805054,0.7098603844642639
497,ppo_lognormal,lognormal,log,4,False,0.0,2.1203603744506836,0.7451082468032837,2.4493062496185303,0.7458813190460205
497,ppo_lognormal,lognormal,log,5,True,1.0,2.263300657272339,0.6700422763824463,1.2449705600738525,0.6648409962654114
497,ppo_lognormal,lognormal,log,6,False,0.0,1.8384299278259277,0.7351266145706177,2.3214101791381836,0.748054027557373
497,ppo_lognormal,lognormal,log,7,False,0.0,1.8553866147994995,0.7351248264312744,2.5535566806793213,0.7484726905822754
498,ppo_lognormal,lognormal,log,0,False,0.0,1.7561419010162354,0.722637414932251,1.577993631362915,0.7288060188293457
498,ppo_lognormal,lognormal,log,1,False,0.0,2.317021608352661,0.73664391040802,1.9890689849853516,0.743022620677948
498,ppo_lognormal,lognormal,log,2,False,0.0,1.0265008211135864,0.7338204383850098,1.165233850479126,0.7311090230941772
498,ppo_lognormal,lognormal,log,3,False,0.0,1.9749503135681152,0.6974533200263977,1.0348390340805054,0.7098603844642639
498,ppo_lognormal,lognormal,log,4,False,0.0,2.1203603744506836,0.7451082468032837,2.4493062496185303,0.7458813190460205
498,ppo_lognormal,lognormal,log,5,True,1.0,2.263300657272339,0.6700422763824463,1.2449705600738525,0.6648409962654114
498,ppo_lognormal,lognormal,log,6,False,0.0,1.8384299278259277,0.7351266145706177,2.3214101791381836,0.748054027557373
498,ppo_lognormal,lognormal,log,7,False,0.0,1.8553866147994995,0.7351248264312744,2.5535566806793213,0.7484726905822754
499,ppo_lognormal,lognormal,log,0,False,0.0,1.7561419010162354,0.722637414932251,1.577993631362915,0.7288060188293457
499,ppo_lognormal,lognormal,log,1,False,0.0,2.317021608352661,0.73664391040802,1.9890689849853516,0.743022620677948
499,ppo_lognormal,lognormal,log,2,False,0.0,1.0265008211135864,0.7338204383850098,1.165233850479126,0.7311090230941772
499,ppo_lognormal,lognormal,log,3,False,0.0,1.9749503135681152,0.6974533200263977,1.0348390340805054,0.7098603844642639
499,ppo_lognormal,lognormal,log,4,False,0.0,2.1203603744506836,0.7451082468032837,2.4493062496185303,0.7458813190460205
499,ppo_lognormal,lognormal,log,5,True,1.0,2.263300657272339,0.6700422763824463,1.2449705600738525,0.6648409962654114
499,ppo_lognormal,lognormal,log,6,False,0.0,1.8384299278259277,0.7351266145706177,2.3214101791381836,0.748054027557373
499,ppo_lognormal,lognormal,log,7,False,0.0,1.8553866147994995,0.7351248264312744,2.5535566806793213,0.7484726905822754
500,ppo_lognormal,lognormal,log,0,False,0.0,1.7561419010162354,0.722637414932251,1.577993631362915,0.7288060188293457
500,ppo_lognormal,lognormal,log,1,False,0.0,2.317021608352661,0.73664391040802,1.9890689849853516,0.743022620677948
500,ppo_lognormal,lognormal,log,2,False,0.0,1.0265008211135864,0.7338204383850098,1.165233850479126,0.7311090230941772
500,ppo_lognormal,lognormal,log,3,False,0.0,1.9749503135681152,0.6974533200263977,1.0348390340805054,0.7098603844642639
500,ppo_lognormal,lognormal,log,4,False,0.0,2.1203603744506836,0.7451082468032837,2.4493062496185303,0.7458813190460205
500,ppo_lognormal,lognormal,log,5,True,1.0,2.263300657272339,0.6700422763824463,1.2449705600738525,0.6648409962654114
500,ppo_lognormal,lognormal,log,6,False,0.0,1.8384299278259277,0.7351266145706177,2.3214101791381836,0.748054027557373
500,ppo_lognormal,lognormal,log,7,False,0.0,1.8553866147994995,0.7351248264312744,2.5535566806793213,0.7484726905822754
