iteration,model,algorithm,design_distribution,active_components,mean_reward_chf,std_reward_chf,mean_cost_chf,mean_pv_capacity_kwp,mean_battery_capacity_kwh,mode_pv_capacity_kwp,mode_battery_capacity_kwh,max_power_balance_error_kw,validation_mean_reward_chf,validation_mean_cost_chf,validation_max_power_balance_error_kw,design_loss,design_entropy,design_entropy_weight,policy_loss,value_loss,action_entropy
1,ppo_lognormal,ppo,lognormal,8,-189.5606680587798,72.88587161562155,189.5606680587798,6.73585319519043,8.145255088806152,1.493767261505127,1.9219356775283813,2.6645352591003757e-15,-111.99743274834972,111.99743274834972,8.881784197001252e-16,,,0.0,-0.0042373489898939925,177.8833280290876,2.830447819970903
2,ppo_lognormal,ppo,lognormal,8,-183.11308470394084,70.79081293044115,183.11308470394084,7.33724308013916,8.606403350830078,1.493767261505127,1.9219356775283813,3.552713678800501e-15,-111.61543695492497,111.61543695492497,8.881784197001252e-16,,,0.0,-0.0038945864958112083,162.43473681949433,2.8222175864946273
3,ppo_lognormal,ppo,lognormal,8,-171.1735035648975,49.784225375409804,171.1735035648975,6.599354267120361,7.753191947937012,1.493767261505127,1.9219356775283813,2.6645352591003757e-15,-110.53019372283367,110.53019372283367,8.881784197001252e-16,,,0.0,-0.004390124657047203,133.07609163011824,2.8188667531524385
4,ppo_lognormal,ppo,lognormal,8,-176.98125517674447,54.957494191993256,176.98125517674447,6.43004035949707,9.067110061645508,1.493767261505127,1.9219356775283813,3.1086244689504383e-15,-105.17869907596281,105.17869907596281,8.881784197001252e-16,,,0.0,-0.005257462242817772,145.07329800015404,2.8095407698835646
5,ppo_lognormal,ppo,lognormal,8,-161.43935324530418,58.356975792578154,161.43935324530418,7.244617462158203,8.282791137695312,1.493767261505127,1.9219356775283813,3.1086244689504383e-15,-111.16642540832905,111.16642540832905,4.440892098500626e-16,,,0.0,-0.0044408628739239205,121.98588568823678,2.7972965722992305
6,ppo_lognormal,ppo,lognormal,8,-161.94527020295763,48.85011747299087,161.94527020295763,8.34792709350586,9.204601287841797,1.493767261505127,1.9219356775283813,2.6645352591003757e-15,-103.27394852728213,103.27394852728213,8.881784197001252e-16,,,0.0,-0.0031243998438142064,116.80054823557536,2.7843981569721583
7,ppo_lognormal,ppo,lognormal,8,-149.09710415381502,40.09812144152169,149.09710415381502,6.00667667388916,8.305907249450684,1.493767261505127,1.9219356775283813,2.4424906541753444e-15,-103.22620798384881,103.22620798384881,1.1102230246251565e-15,,,0.0,-0.006673200430148947,96.93293371654693,2.7709990541140237
8,ppo_lognormal,ppo,lognormal,8,-147.8835114108245,36.613194206534736,147.8835114108245,7.328151702880859,9.468391418457031,1.493767261505127,1.9219356775283813,2.220446049250313e-15,-102.67355661522271,102.67355661522271,1.1102230246251565e-15,,,0.0,-0.0033998307328493823,92.8661744253976,2.7575834691524506
9,ppo_lognormal,ppo,lognormal,8,-135.86792054990067,27.601601607048934,135.86792054990067,7.861106872558594,8.026908874511719,1.493767261505127,1.9219356775283813,2.220446049250313e-15,-102.86221573213786,102.86221573213786,8.881784197001252e-16,,,0.0,-0.002980248110058407,74.72912657828559,2.748720319498153
10,ppo_lognormal,ppo,lognormal,8,-138.91469759413656,36.44895138075834,138.91469759413656,6.615545272827148,8.622364044189453,1.493767261505127,1.9219356775283813,2.6645352591003757e-15,-103.61312988682096,103.61312988682096,8.881784197001252e-16,,,0.0,-0.004345729187618764,81.48229895319257,2.7377496468169347
11,ppo_lognormal,ppo,lognormal,8,-123.30752819676314,28.483869200826238,123.30752819676314,7.344203948974609,6.627749919891357,1.493767261505127,1.9219356775283813,2.6645352591003757e-15,-100.67540605757449,100.67540605757449,1.1102230246251565e-15,,,0.0,-0.0045432119208964564,60.94218914849417,2.724799068201156
12,ppo_lognormal,ppo,lognormal,8,-126.70959270523969,28.30763952583972,126.70959270523969,6.917936325073242,9.084245681762695,1.493767261505127,1.9219356775283813,2.6645352591003757e-15,-103.56967209749362,103.56967209749362,1.1102230246251565e-15,,,0.0,-0.004257482892301466,63.22720591227213,2.7120030323664346
13,ppo_lognormal,ppo,lognormal,8,-119.83634122264853,22.820860851994976,119.83634122264853,8.177572250366211,8.707648277282715,1.493767261505127,1.9219356775283813,2.6645352591003757e-15,-102.73938129915132,102.73938129915132,1.1102230246251565e-15,,,0.0,-0.0016056733826796215,54.42409324645996,2.6997551172971725
14,ppo_lognormal,ppo,lognormal,8,-112.88781565965877,16.065740744949597,112.88781565965877,6.692234516143799,7.102034568786621,1.493767261505127,1.9219356775283813,2.220446049250313e-15,-105.09643015649891,105.09643015649891,1.3322676295501878e-15,,,0.0,-0.0005444753693328017,47.164348783947176,2.688545068814641
15,ppo_lognormal,ppo,lognormal,8,-116.60600798542802,17.78564836301093,116.60600798542802,7.212669849395752,8.390474319458008,1.493767261505127,1.9219356775283813,2.220446049250313e-15,-105.80581625952584,105.80581625952584,1.3322676295501878e-15,,,0.0,-0.002569190426064389,50.429143417449225,2.6747819227831706
16,ppo_lognormal,ppo,lognormal,8,-117.41649806956957,14.385490177752667,117.41649806956957,7.51975679397583,9.96442699432373,1.493767261505127,1.9219356775283813,3.1086244689504383e-15,-104.45494155988374,104.45494155988374,8.881784197001252e-16,,,0.0,-0.002087368546718998,49.50520091965085,2.6641694207986197
17,ppo_lognormal,ppo,lognormal,8,-114.3831562971426,13.776054808383632,114.3831562971426,7.699889659881592,9.67213249206543,1.493767261505127,1.9219356775283813,2.6645352591003757e-15,-102.93055733338394,102.93055733338394,8.881784197001252e-16,,,0.0,-0.0020516394565458455,46.575539736520675,2.6533336483296894
18,ppo_lognormal,ppo,lognormal,8,-107.8757111810871,12.108077088782675,107.8757111810871,6.892359733581543,7.723865509033203,1.493767261505127,1.9219356775283813,1.7763568394002505e-15,-104.41956731952584,104.41956731952584,1.1102230246251565e-15,,,0.0,-0.0005485818006231316,40.11822787920634,2.644486590510323
19,ppo_lognormal,ppo,lognormal,8,-105.40786830672522,10.445398667033773,105.40786830672522,7.49937629699707,8.19710922241211,1.493767261505127,1.9219356775283813,2.220446049250313e-15,-104.680248218243,104.680248218243,8.881784197001252e-16,,,0.0,-0.00221078396619608,37.76189490727016,2.6368926032668067
20,ppo_lognormal,ppo,lognormal,8,-110.23237756670333,12.893681732807693,110.23237756670333,7.698905944824219,9.609947204589844,1.493767261505127,1.9219356775283813,1.9984014443252818e-15,-101.12528050995712,101.12528050995712,1.1102230246251565e-15,,,0.0,-0.0003425736559577109,41.150998263132,2.6288628365312303
21,ppo_lognormal,ppo,lognormal,8,-106.98744785754799,14.219695572377182,106.98744785754799,7.115584373474121,8.209672927856445,1.493767261505127,1.9219356775283813,2.886579864025407e-15,-102.92827828587974,102.92827828587974,1.1102230246251565e-15,,,0.0,-0.0017276412857297277,38.10904742422558,2.6226626613310406
22,ppo_lognormal,ppo,lognormal,8,-106.74296747210721,11.384173151151751,106.74296747210721,6.021620273590088,8.142291069030762,1.493767261505127,1.9219356775283813,1.7763568394002505e-15,-102.17098074176408,102.17098074176408,1.5543122344752192e-15,,,0.0,-0.0015452779452538206,37.55645176910219,2.6131795077096847
23,ppo_lognormal,ppo,lognormal,8,-106.62303259584421,13.040103134787945,106.62303259584421,7.942781448364258,8.42836856842041,1.493767261505127,1.9219356775283813,3.1086244689504383e-15,-103.6958040106822,103.6958040106822,8.881784197001252e-16,,,0.0,-0.0006376156511361755,37.2847679796673,2.6061401040781114
24,ppo_lognormal,ppo,lognormal,8,-107.60755936805842,13.925817242434736,107.60755936805842,6.6847991943359375,9.17190170288086,1.493767261505127,1.9219356775283813,2.886579864025407e-15,-104.69683658541365,104.69683658541365,8.881784197001252e-16,,,0.0,0.00043089546601376717,37.99329334781284,2.6002260943253837
25,ppo_lognormal,ppo,lognormal,8,-103.59984950994789,9.57469595871889,103.59984950994789,7.613799095153809,6.853535175323486,1.493767261505127,1.9219356775283813,2.220446049250313e-15,-100.78911639159644,100.78911639159644,8.881784197001252e-16,,,0.0,-0.00042247602583042214,33.69021927742731,2.593155710470109
26,ppo_lognormal,ppo,lognormal,8,-102.05120796121938,9.45151815855038,102.05120796121938,6.968642234802246,6.63787317276001,1.493767261505127,1.9219356775283813,1.7763568394002505e-15,-104.81106461373813,104.81106461373813,8.881784197001252e-16,,,0.0,-0.0008085569743776606,32.59885384922936,2.5842993145897273
27,ppo_lognormal,ppo,lognormal,8,-103.09386436434582,12.010735198943632,103.09386436434582,6.347513198852539,8.012763977050781,1.493767261505127,1.9219356775283813,1.7763568394002505e-15,-101.20582468895728,101.20582468895728,1.1102230246251565e-15,,,0.0,-0.0003157531471169066,33.38767336663746,2.571079591910044
28,ppo_lognormal,ppo,lognormal,8,-101.85760187569034,8.598244632720334,101.85760187569034,7.337271213531494,7.192545413970947,1.493767261505127,1.9219356775283813,1.7763568394002505e-15,-102.85502115293262,102.85502115293262,1.1102230246251565e-15,,,0.0,-0.0014730886434249225,31.943590595608665,2.5621237392936433
29,ppo_lognormal,ppo,lognormal,8,-106.06437077004395,10.063205245473481,106.06437077004395,6.578019142150879,8.723849296569824,1.493767261505127,1.9219356775283813,1.7763568394002505e-15,-104.30146318254015,104.30146318254015,8.881784197001252e-16,,,0.0,0.0005032024290856151,35.2552329812731,2.558020960007395
30,ppo_lognormal,ppo,lognormal,8,-104.40545669623724,12.345958926577294,104.40545669623724,7.542973518371582,7.610753059387207,1.493767261505127,1.9219356775283813,2.220446049250313e-15,-104.70043708227604,104.70043708227604,8.881784197001252e-16,,,0.0,-0.0009672626564722686,33.54232018902188,2.5470376440456937
31,ppo_lognormal,ppo,lognormal,8,-103.94506080112453,11.129309868055303,103.94506080112453,6.076383590698242,8.527915954589844,1.493767261505127,1.9219356775283813,1.7763568394002505e-15,-104.47801779713491,104.47801779713491,1.1102230246251565e-15,,,0.0,-0.001374809672900786,32.69470683733622,2.5362162930624828
32,ppo_lognormal,ppo,lognormal,8,-103.45533117258348,8.940798575715913,103.45533117258348,8.055498123168945,8.542405128479004,1.493767261505127,1.9219356775283813,1.3322676295501878e-15,-104.75287081648374,104.75287081648374,8.881784197001252e-16,,,0.0,-0.00014938605904933952,32.03445537317367,2.5272053004730317
33,ppo_lognormal,ppo,lognormal,8,-103.85394200935681,10.148139423579632,103.85394200935681,8.385507583618164,7.627825736999512,1.493767261505127,1.9219356775283813,1.3322676295501878e-15,-104.34148105807236,104.34148105807236,1.3322676295501878e-15,,,0.0,-0.0001878424151246214,31.714112281799316,2.520164667850449
34,ppo_lognormal,ppo,lognormal,8,-102.0173132698111,10.221485280981263,102.0173132698111,7.405967712402344,6.422881126403809,1.493767261505127,1.9219356775283813,1.7763568394002505e-15,-103.9165626785046,103.9165626785046,1.3322676295501878e-15,,,0.0,0.00038052117174846076,30.67110980692364,2.515891434890883
35,ppo_lognormal,ppo,lognormal,8,-103.35898909343359,12.15674296556085,103.35898909343359,7.8621063232421875,7.091245174407959,1.493767261505127,1.9219356775283813,1.3322676295501878e-15,-104.74815443269509,104.74815443269509,8.881784197001252e-16,,,0.0,-0.0029945604591852144,31.616842945416767,2.5121704843782244
36,ppo_lognormal,ppo,lognormal,8,-103.54083758340329,10.338256489857455,103.54083758340329,8.895950317382812,9.159209251403809,1.493767261505127,1.9219356775283813,1.7763568394002505e-15,-103.75297572619988,103.75297572619988,8.881784197001252e-16,,,0.0,0.0005495449766472337,31.219111539068678,2.5055038169735955
37,ppo_lognormal,ppo,lognormal,8,-102.79742236097142,10.861102268977167,102.79742236097142,6.74328088760376,8.045319557189941,1.493767261505127,1.9219356775283813,2.220446049250313e-15,-103.73542383762837,103.73542383762837,8.881784197001252e-16,,,0.0,7.53184680693916e-05,30.182803801127843,2.4970584015051522
38,ppo_lognormal,ppo,lognormal,8,-105.49931019798107,10.190616265042365,105.49931019798107,7.306219100952148,8.676555633544922,1.493767261505127,1.9219356775283813,2.6645352591003757e-15,-103.25180294326287,103.25180294326287,8.881784197001252e-16,,,0.0,-0.0001870595539609591,32.25070122310093,2.492171887130964
39,ppo_lognormal,ppo,lognormal,8,-105.29343914512529,11.232444552561079,105.29343914512529,7.384969711303711,9.84737777709961,1.493767261505127,1.9219356775283813,1.7763568394002505e-15,-102.36987698737465,102.36987698737465,1.1102230246251565e-15,,,0.0,-7.706328151038005e-05,31.96684525694166,2.4852215129704702
40,ppo_lognormal,ppo,lognormal,8,-104.1277868870246,10.644900425858179,104.1277868870246,7.489431858062744,7.956742763519287,1.493767261505127,1.9219356775283813,2.6645352591003757e-15,-101.21654378695808,101.21654378695808,1.3322676295501878e-15,,,0.0,4.350069987898072e-05,30.584717591603596,2.478918970340774
41,ppo_lognormal,ppo,lognormal,8,-103.06101618946673,10.343922772909094,103.06101618946673,7.194025039672852,6.703031539916992,1.493767261505127,1.9219356775283813,1.3322676295501878e-15,-102.40369934482908,102.40369934482908,1.1102230246251565e-15,,,0.0,-0.00025043743828843745,29.564530287470138,2.4721056932494756
42,ppo_lognormal,ppo,lognormal,8,-104.74659379451137,9.685836345968504,104.74659379451137,5.917514801025391,7.375256538391113,1.493767261505127,1.9219356775283813,1.7763568394002505e-15,-104.8967500837004,104.8967500837004,1.3322676295501878e-15,,,0.0,4.866050134989477e-05,30.191421457699366,2.469413855955714
43,ppo_lognormal,ppo,lognormal,8,-101.33244883342269,11.018451338148408,101.33244883342269,7.119043827056885,6.86909294128418,1.493767261505127,1.9219356775283813,1.5543122344752192e-15,-102.31740292896762,102.31740292896762,8.881784197001252e-16,,,0.0,-0.00032016983355528543,28.094389183180674,2.466155392783029
44,ppo_lognormal,ppo,lognormal,8,-105.70726662835166,7.14705091341187,105.70726662835166,6.735869884490967,9.648036003112793,1.493767261505127,1.9219356775283813,1.3322676295501878e-15,-103.08213010695073,103.08213010695073,8.881784197001252e-16,,,0.0,0.0001168210874311626,30.632803366297768,2.46017594351655
45,ppo_lognormal,ppo,lognormal,8,-103.9269621985868,9.824391024227065,103.9269621985868,6.454288005828857,8.60366439819336,1.493767261505127,1.9219356775283813,1.7763568394002505e-15,-104.60697961862742,104.60697961862742,1.1102230246251565e-15,,,0.0,-0.0006159829014601806,29.60489919639769,2.45536027493931
46,ppo_lognormal,ppo,lognormal,8,-102.81019961789127,8.76052427218247,102.81019961789127,6.7621846199035645,8.046453475952148,1.493767261505127,1.9219356775283813,1.7763568394002505e-15,-102.46639228436537,102.46639228436537,1.1102230246251565e-15,,,0.0,-0.00020126633379342302,28.259998843783425,2.4520897467931113
47,ppo_lognormal,ppo,lognormal,8,-105.30397302276606,7.808241030883376,105.30397302276606,6.563159465789795,7.121389389038086,1.493767261505127,1.9219356775283813,1.3322676295501878e-15,-103.947130251342,103.947130251342,1.1102230246251565e-15,,,0.0,0.00010584913460271699,29.92391232081822,2.4483155679135096
48,ppo_lognormal,ppo,lognormal,8,-105.27852489799693,11.042344500911506,105.27852489799693,5.777518272399902,9.553465843200684,1.493767261505127,1.9219356775283813,1.3322676295501878e-15,-104.05702214709301,104.05702214709301,8.881784197001252e-16,,,0.0,0.0006609549579609718,29.85460838817415,2.443108939698764
49,ppo_lognormal,ppo,lognormal,8,-107.07147199225594,8.095888336071459,107.07147199225594,6.841059684753418,10.106022834777832,1.493767261505127,1.9219356775283813,2.220446049250313e-15,-104.38723097336181,104.38723097336181,1.3322676295501878e-15,,,0.0,0.0012013891523349144,30.51309431734539,2.4383596990789687
50,ppo_lognormal,ppo,lognormal,8,-102.25409414390502,6.565605779461841,102.25409414390502,7.107110023498535,7.22282075881958,1.493767261505127,1.9219356775283813,1.3322676295501878e-15,-103.85456318449617,103.85456318449617,8.881784197001252e-16,,,0.0,-0.00019226979652774476,26.848322402863275,2.4322020021222888
51,ppo_lognormal,ppo,lognormal,8,-100.48475453003917,9.943248430415387,100.48475453003917,6.5401458740234375,6.982591152191162,1.4966254234313965,1.9182615280151367,3.1086244689504383e-15,-105.54038919401336,105.54038919401336,8.881784197001252e-16,-0.9965881705284119,7.726531982421875,0.0,0.000545066365573023,25.762679741496132,2.429222497202101
52,ppo_lognormal,ppo,lognormal,8,-106.96227476733101,11.385619280360592,106.96227476733101,7.059098243713379,9.065214157104492,1.4971733093261719,1.9177091121673584,1.3322676295501878e-15,-105.7447058111695,105.7447058111695,1.3322676295501878e-15,-1.0043572187423706,8.466703414916992,0.0,0.0008237106431763442,30.09325072878883,2.4261321524779
53,ppo_lognormal,ppo,lognormal,8,-105.80070274193652,9.543652120449481,105.80070274193652,7.793635368347168,10.234206199645996,1.4976513385772705,1.9172632694244385,2.4424906541753444e-15,-106.03276057795958,106.03276057795958,1.5543122344752192e-15,-0.9368017911911011,8.741703033447266,0.0,0.0002840652790231009,29.136104067166645,2.4242576346510933
54,ppo_lognormal,ppo,lognormal,8,-103.96662751431981,9.005449189428223,103.96662751431981,7.056497097015381,8.827787399291992,1.4987033605575562,1.9171209335327148,2.220446049250313e-15,-103.3484170400257,103.3484170400257,1.1102230246251565e-15,-0.9297070503234863,7.960400581359863,0.0,-0.0002340103452470863,27.478332587650844,2.4205008369116556
55,ppo_lognormal,ppo,lognormal,8,-103.43921491793985,7.64024917039836,103.43921491793985,7.8921098709106445,8.12142562866211,1.5004870891571045,1.9171781539916992,1.3322676295501878e-15,-106.24880439006324,106.24880439006324,8.881784197001252e-16,-0.5544671416282654,8.557632446289062,0.0,0.0002926647263978209,26.947046660241625,2.415383757579894
56,ppo_lognormal,ppo,lognormal,8,-102.54447653073728,8.797334202076426,102.54447653073728,7.483229160308838,8.346639633178711,1.5023034811019897,1.9176133871078491,1.7763568394002505e-15,-100.82081790773333,100.82081790773333,1.1102230246251565e-15,-0.6954399347305298,7.927517414093018,0.0,0.0014909309850606536,26.582455555597942,2.4146530351468494
57,ppo_lognormal,ppo,lognormal,8,-106.77634428306128,12.094894288776036,106.77634428306128,7.370396614074707,10.814699172973633,1.5038870573043823,1.9179917573928833,1.7763568394002505e-15,-104.64090137184598,104.64090137184598,8.881784197001252e-16,-1.0914307832717896,8.673587799072266,0.0,0.0014186403132043779,29.329882899920147,2.414635176459948
58,ppo_lognormal,ppo,lognormal,8,-102.52218354955963,8.70729632252457,102.52218354955963,7.304043292999268,8.5560941696167,1.505332589149475,1.9182411432266235,1.3322676295501878e-15,-103.64616846687343,103.64616846687343,8.881784197001252e-16,-1.385079026222229,8.361763000488281,0.0,3.2568289454848996e-05,25.958537408283778,2.4127279278777896
59,ppo_lognormal,ppo,lognormal,8,-104.41328650828677,7.251077400892425,104.41328650828677,6.67808723449707,8.824851989746094,1.506683588027954,1.9186146259307861,2.220446049250313e-15,-103.88230891342616,103.88230891342616,1.1102230246251565e-15,-0.27819326519966125,7.759199142456055,0.0,0.001067344243416474,27.11967198621659,2.4111609018984295
60,ppo_lognormal,ppo,lognormal,8,-100.39141261746609,8.568650193085078,100.39141261746609,8.347112655639648,7.247361183166504,1.507887601852417,1.9189469814300537,1.3322676295501878e-15,-102.80891054882483,102.80891054882483,1.1102230246251565e-15,-0.704132080078125,7.944252014160156,0.0,-0.0003241860152532657,24.26847615696135,2.4069977012418566
61,ppo_lognormal,ppo,lognormal,8,-103.39182019400123,10.14689053999237,103.39182019400123,7.605902671813965,9.669073104858398,1.5090882778167725,1.9193755388259888,1.3322676295501878e-15,-102.61409937187298,102.61409937187298,1.1102230246251565e-15,-0.7077186703681946,8.202640533447266,0.0,-0.0004174313896025221,26.066774777003697,2.403593978711537
62,ppo_lognormal,ppo,lognormal,8,-105.01467230204975,12.147932504465867,105.01467230204975,7.037835121154785,10.681144714355469,1.5104575157165527,1.919748306274414,2.220446049250313e-15,-102.3305569984208,102.3305569984208,8.881784197001252e-16,-0.8398087024688721,8.61151123046875,0.0,-0.0028498233850335793,27.335844868705387,2.400682337936901
63,ppo_lognormal,ppo,lognormal,8,-100.89530715747816,6.982510510131287,100.89530715747816,8.261838912963867,7.075058460235596,1.511824369430542,1.9196642637252808,1.3322676295501878e-15,-100.87015643338047,100.87015643338047,8.881784197001252e-16,-0.5643459558486938,7.919215202331543,0.0,-0.0014962146552057849,24.065878521828424,2.391934886574745
64,ppo_lognormal,ppo,lognormal,8,-105.00549185135927,8.889280866976328,105.00549185135927,7.938060760498047,9.468194961547852,1.513584852218628,1.9193909168243408,1.1102230246251565e-15,-103.84762850257724,103.84762850257724,1.1102230246251565e-15,-0.6512144207954407,8.43935775756836,0.0,9.510455752855964e-05,26.645948983374097,2.3863531216269447
65,ppo_lognormal,ppo,lognormal,8,-103.8213846138369,9.91870517009523,103.8213846138369,7.5249433517456055,8.656270027160645,1.5156606435775757,1.9190559387207031,1.7763568394002505e-15,-104.77962429582271,104.77962429582271,8.881784197001252e-16,-1.1678364276885986,8.331663131713867,0.0,1.137247419960442e-05,25.855104667799814,2.385910146293186
66,ppo_lognormal,ppo,lognormal,8,-100.96532480123568,8.129299896752835,100.96532480123568,7.727755546569824,7.51817512512207,1.5176793336868286,1.9190136194229126,1.1102230246251565e-15,-101.96925219286341,101.96925219286341,1.1102230246251565e-15,-0.4579322934150696,7.732303619384766,0.0,-0.0005220944987654331,24.015785177548725,2.3857358481202806
67,ppo_lognormal,ppo,lognormal,8,-102.08019081823832,8.026952942297237,102.08019081823832,6.283487796783447,7.360706329345703,1.5194752216339111,1.9190852642059326,1.5543122344752192e-15,-105.94183272959694,105.94183272959694,8.881784197001252e-16,-0.17406553030014038,7.616596221923828,0.0,0.0005497102448273273,24.341020584106445,2.385653385803813
68,ppo_lognormal,ppo,lognormal,8,-103.50067309193403,8.139521790312553,103.50067309193403,7.1053314208984375,7.248714447021484,1.5211639404296875,1.9192180633544922,1.3322676295501878e-15,-105.71305546710454,105.71305546710454,8.881784197001252e-16,-0.6056885123252869,8.01791763305664,0.0,-0.0009414208221382328,24.74449764546894,2.3819708668050312
69,ppo_lognormal,ppo,lognormal,8,-104.91738627342826,9.945351750756265,104.91738627342826,7.468384742736816,9.413686752319336,1.5227092504501343,1.9193534851074219,1.3322676295501878e-15,-103.40916568442131,103.40916568442131,1.1102230246251565e-15,-1.1159262657165527,8.16305923461914,0.0,0.00016274360296804282,26.288299520810444,2.378765339652697
70,ppo_lognormal,ppo,lognormal,8,-106.29526457735383,9.641365418858573,106.29526457735383,6.6374311447143555,8.030665397644043,1.5242595672607422,1.919641375541687,8.881784197001252e-16,-105.74641915753935,105.74641915753935,8.881784197001252e-16,-0.8673733472824097,7.981779098510742,0.0,0.0002624900662340224,26.861865077699935,2.3769970330454053
71,ppo_lognormal,ppo,lognormal,8,-104.8488131516303,8.793644892626741,104.8488131516303,6.396372318267822,9.28148078918457,1.525821566581726,1.9199845790863037,1.3322676295501878e-15,-101.96850955808091,101.96850955808091,1.1102230246251565e-15,-0.385361909866333,7.9430251121521,0.0,0.0004427255674575766,25.718108285041083,2.3782308378389905
72,ppo_lognormal,ppo,lognormal,8,-102.33923118969724,8.536659600320787,102.33923118969724,6.573752403259277,7.4977617263793945,1.5275518894195557,1.9201457500457764,8.881784197001252e-16,-104.34653871742503,104.34653871742503,1.1102230246251565e-15,-0.7751234769821167,7.866619110107422,0.0,0.0004868810453141729,24.369340255146934,2.3771916649171283
73,ppo_lognormal,ppo,lognormal,8,-100.31783269652217,7.516438035620097,100.31783269652217,7.712008476257324,6.236575126647949,1.5287262201309204,1.9198873043060303,1.5543122344752192e-15,-103.64321692453593,103.64321692453593,8.881784197001252e-16,0.12292677164077759,8.024347305297852,0.0,0.00025684993791704375,23.076497679664975,2.3755499770243964
74,ppo_lognormal,ppo,lognormal,8,-102.96334487489008,9.544155021633271,102.96334487489008,8.687408447265625,8.630743980407715,1.5298354625701904,1.9197759628295898,1.1102230246251565e-15,-102.44919597984689,102.44919597984689,1.1102230246251565e-15,-0.8309359550476074,8.27392292022705,0.0,0.0010730776176344427,23.911363198643638,2.375318149725596
75,ppo_lognormal,ppo,lognormal,8,-105.09148075607708,8.837961365235318,105.09148075607708,8.17771053314209,9.781560897827148,1.5309200286865234,1.9196587800979614,1.7763568394002505e-15,-107.68333504052308,107.68333504052308,1.1102230246251565e-15,-1.2253574132919312,8.573511123657227,0.0,0.000578580964689276,25.04300736245655,2.3729516672236577
76,ppo_lognormal,ppo,lognormal,8,-104.75529381229606,8.15774812816129,104.75529381229606,7.64249324798584,8.781564712524414,1.5319901704788208,1.9196856021881104,1.7763568394002505e-15,-104.23046212877203,104.23046212877203,1.1102230246251565e-15,-0.6884690523147583,7.847582817077637,0.0,0.000723347962082785,25.315675111044023,2.3724141099623273
77,ppo_lognormal,ppo,lognormal,8,-103.87882303802749,8.756159732018222,103.87882303802749,6.864295959472656,8.10009765625,1.532891869544983,1.919554591178894,1.3322676295501878e-15,-106.63463191882792,106.63463191882792,8.881784197001252e-16,-0.5033531188964844,8.090279579162598,0.0,-0.0003384125718314733,24.650600467409408,2.3700960143691017
78,ppo_lognormal,ppo,lognormal,8,-105.286225834498,8.328143936493491,105.286225834498,7.118868827819824,9.904020309448242,1.5336450338363647,1.918952465057373,1.7763568394002505e-15,-103.39827790259118,103.39827790259118,1.1102230246251565e-15,-0.2855584919452667,8.475090980529785,0.0,0.0001691386846470691,25.36288942041851,2.3680223183972493
79,ppo_lognormal,ppo,lognormal,8,-103.4731732750666,9.325497489533772,103.4731732750666,7.418881416320801,8.962793350219727,1.5344682931900024,1.9184327125549316,1.1102230246251565e-15,-103.8776112871731,103.8776112871731,8.881784197001252e-16,-0.9459096193313599,8.09118938446045,0.0,5.1428436390346e-05,24.489684593109857,2.36771998660905
80,ppo_lognormal,ppo,lognormal,8,-102.63899544050537,8.205649509761512,102.63899544050537,7.596249103546143,8.343595504760742,1.5354617834091187,1.918019413948059,1.9984014443252818e-15,-105.31138328283652,105.31138328283652,8.881784197001252e-16,-1.2486050128936768,8.066160202026367,0.0,0.00012266315752640367,23.53437306199755,2.366403866381872
81,ppo_lognormal,ppo,lognormal,8,-106.45671068615252,9.283883802905741,106.45671068615252,7.621181964874268,8.947565078735352,1.5364822149276733,1.9174809455871582,1.3322676295501878e-15,-101.59496971600984,101.59496971600984,1.1102230246251565e-15,-0.6038874387741089,8.318257331848145,0.0,-0.0015070510479355498,26.12934040455591,2.3660567700862885
82,ppo_lognormal,ppo,lognormal,8,-103.60330712130921,9.269280252794333,103.60330712130921,6.816720008850098,8.132307052612305,1.5374979972839355,1.9170145988464355,8.881784197001252e-16,-104.50425634683899,104.50425634683899,1.1102230246251565e-15,-0.6986751556396484,7.9137864112854,0.0,-0.00016799618467865955,23.59848161538442,2.3630105200267972
83,ppo_lognormal,ppo,lognormal,8,-103.94410499510822,9.252354167686095,103.94410499510822,7.417876243591309,8.757741928100586,1.538468837738037,1.9167921543121338,1.3322676295501878e-15,-102.77187074186355,102.77187074186355,1.1102230246251565e-15,-0.7375918626785278,8.128498077392578,0.0,0.0003143149563887467,24.26229152225313,2.3582920283079147
84,ppo_lognormal,ppo,lognormal,8,-103.78201084875224,10.081675150234927,103.78201084875224,7.704907417297363,7.899814605712891,1.539405345916748,1.916025996208191,1.1102230246251565e-15,-103.53742783102001,103.53742783102001,1.1102230246251565e-15,-0.9060717821121216,8.261390686035156,0.0,-0.001400991187741359,24.300890212967282,2.3583690183503285
85,ppo_lognormal,ppo,lognormal,8,-100.96848884290957,9.270427385452244,100.96848884290957,7.423104286193848,6.847752571105957,1.5405187606811523,1.9153681993484497,1.3322676295501878e-15,-103.86476417548508,103.86476417548508,8.881784197001252e-16,-0.42191198468208313,7.973959445953369,0.0,0.0006827298950936113,23.000360443478538,2.3625194352297556
86,ppo_lognormal,ppo,lognormal,8,-102.39893930292513,9.356553156233222,102.39893930292513,6.104516983032227,7.293369293212891,1.541468620300293,1.9146933555603027,1.3322676295501878e-15,-105.12493205207502,105.12493205207502,8.881784197001252e-16,-1.1309959888458252,7.8726396560668945,0.0,-4.870778814490352e-05,23.159230124382745,2.364531932842164
87,ppo_lognormal,ppo,lognormal,8,-103.06552602756292,8.245731209498672,103.06552602756292,8.120944023132324,7.528879165649414,1.5427979230880737,1.9137605428695679,1.3322676295501878e-15,-104.1399597726073,104.1399597726073,1.1102230246251565e-15,-0.570431649684906,8.55938720703125,0.0,0.00027660238334820385,23.601509264537267,2.363387549207324
88,ppo_lognormal,ppo,lognormal,8,-101.05736729944013,8.471450700446448,101.05736729944013,7.631122589111328,7.1373395919799805,1.544054627418518,1.9129835367202759,1.1102230246251565e-15,-106.16577676596833,106.16577676596833,8.881784197001252e-16,-0.7122990489006042,8.005776405334473,0.0,-0.00031653749811950895,22.968231836954754,2.3589372975485667
89,ppo_lognormal,ppo,lognormal,8,-106.16511024862206,8.93556441507707,106.16511024862206,6.778975486755371,8.499444961547852,1.5452861785888672,1.91256844997406,8.881784197001252e-16,-103.76616998048897,103.76616998048897,8.881784197001252e-16,-0.7101417779922485,7.725526809692383,0.0,0.0004932839656248689,24.540128287814913,2.356466157805352
90,ppo_lognormal,ppo,lognormal,8,-104.60454864061882,9.48019119256157,104.60454864061882,6.632597923278809,10.757890701293945,1.546225905418396,1.9121284484863281,1.5543122344752192e-15,-102.42500181213715,102.42500181213715,1.1102230246251565e-15,-1.044806718826294,8.280911445617676,0.0,-0.0009815062374053966,24.106933128266107,2.3559286828551973
91,ppo_lognormal,ppo,lognormal,8,-103.99920266613992,8.351718498302404,103.99920266613992,7.121767997741699,8.498662948608398,1.5468446016311646,1.911912202835083,1.7763568394002505e-15,-102.5479444034371,102.5479444034371,1.1102230246251565e-15,-0.702428936958313,8.382647514343262,0.0,0.001264870413468175,23.887351637794858,2.3544181124085473
92,ppo_lognormal,ppo,lognormal,8,-104.36045383384493,9.14575642604927,104.36045383384493,7.7029829025268555,8.042717933654785,1.5474858283996582,1.911669373512268,2.6645352591003757e-15,-105.5903653929602,105.5903653929602,1.1102230246251565e-15,-1.071643352508545,8.307100296020508,0.0,0.0007712331495159084,23.83521034604027,2.35148837523801
93,ppo_lognormal,ppo,lognormal,8,-106.35672778055638,9.686653135807996,106.35672778055638,6.386580944061279,8.670595169067383,1.5486458539962769,1.9114365577697754,1.7763568394002505e-15,-101.96909042759317,101.96909042759317,8.881784197001252e-16,-0.6403577923774719,7.934195518493652,0.0,-0.0014932819315054942,25.139913184302195,2.3496140901531493
94,ppo_lognormal,ppo,lognormal,8,-101.20214757829976,6.987976190883458,101.20214757829976,7.893077850341797,6.495944976806641,1.5497996807098389,1.910752534866333,1.3322676295501878e-15,-106.83570834714462,106.83570834714462,8.881784197001252e-16,-0.14904971420764923,7.8335137367248535,0.0,-0.00016601626495165483,22.273885309696198,2.346617328269141
95,ppo_lognormal,ppo,lognormal,8,-102.39802564579549,9.503502063133347,102.39802564579549,6.912961959838867,7.812574863433838,1.5509711503982544,1.9101371765136719,1.3322676295501878e-15,-100.89690112656879,100.89690112656879,8.881784197001252e-16,-0.7389047741889954,7.769083499908447,0.0,0.0006584119345504968,23.50008551279704,2.345720032141322
96,ppo_lognormal,ppo,lognormal,8,-104.86089882847325,10.328657780017721,104.86089882847325,6.778774261474609,8.867642402648926,1.5520422458648682,1.909597396850586,1.7763568394002505e-15,-103.07683957116261,103.07683957116261,8.881784197001252e-16,-0.46628573536872864,7.7356719970703125,0.0,0.00026334587684167284,24.839438336236135,2.338279175616446
97,ppo_lognormal,ppo,lognormal,8,-101.7428787392746,9.174534682163488,101.7428787392746,6.415076732635498,7.19945764541626,1.553205966949463,1.909112811088562,1.7763568394002505e-15,-104.63038168597865,104.63038168597865,8.881784197001252e-16,-0.3446655869483948,7.993462562561035,0.0,-0.00040286287133182796,22.849061565739767,2.3305099173670722
98,ppo_lognormal,ppo,lognormal,8,-106.0268447964207,10.867252254445118,106.0268447964207,6.692749977111816,10.242302894592285,1.5542984008789062,1.9086319208145142,8.881784197001252e-16,-104.82435375285213,104.82435375285213,1.1102230246251565e-15,-1.2629503011703491,8.3160982131958,0.0,0.0006530541937709564,24.636793448811485,2.3254163761933646
99,ppo_lognormal,ppo,lognormal,8,-100.43997839566063,9.02567674217168,100.43997839566063,6.960278034210205,6.840582847595215,1.5554287433624268,1.9082610607147217,1.1102230246251565e-15,-107.98276011020432,107.98276011020432,8.881784197001252e-16,-0.66292405128479,7.573143005371094,0.0,-0.00025707781259413985,22.51563119604474,2.3208595783937547
100,ppo_lognormal,ppo,lognormal,4,-101.06653041486246,8.52148868684791,101.06653041486246,7.150934219360352,7.037508487701416,1.557081699371338,1.9079705476760864,1.7763568394002505e-15,-99.63567141966901,99.63567141966901,1.1102230246251565e-15,-0.4678492546081543,7.948564529418945,0.0,0.0009392423200465384,22.33403978461311,2.317783765140034
101,ppo_lognormal,ppo,lognormal,4,-100.30339425119028,10.319838647715557,100.30339425119028,6.360175132751465,5.805794715881348,1.556956171989441,1.9081029891967773,1.3322676295501878e-15,-101.56828493262019,101.56828493262019,8.881784197001252e-16,-0.620548665523529,6.95761775970459,0.0,6.334065359884075e-05,22.171936534699938,2.3135261904625666
102,ppo_lognormal,ppo,lognormal,4,-101.26053073463044,7.068261507916074,101.26053073463044,6.8683390617370605,5.382811546325684,1.5572906732559204,1.9083125591278076,1.1102230246251565e-15,-102.19656671193736,102.19656671193736,1.1102230246251565e-15,-0.6976463794708252,6.61129093170166,0.0,-0.0014863925780879245,22.554367794877006,2.3092500006868724
103,ppo_lognormal,ppo,lognormal,4,-99.54328409922776,8.110705902602941,99.54328409922776,6.24151611328125,4.20064640045166,1.5588332414627075,1.908177375793457,8.881784197001252e-16,-100.58556549075632,100.58556549075632,8.881784197001252e-16,-0.018105320632457733,6.433711528778076,0.0,0.0005788265566696369,22.10247130621047,2.306337969643729
104,ppo_lognormal,ppo,lognormal,4,-98.58449014595183,8.263467727917424,98.58449014595183,7.020560264587402,4.508683204650879,1.560616135597229,1.9081681966781616,1.5543122344752192e-15,-102.7925840420796,102.7925840420796,1.1102230246251565e-15,-0.27043062448501587,6.813268661499023,0.0,-0.0021529694425962156,21.782200029918126,2.3013115291084563
105,ppo_lognormal,ppo,lognormal,4,-99.2929759122521,6.167133282907983,99.2929759122521,6.405710220336914,4.424821853637695,1.562242031097412,1.9075779914855957,8.881784197001252e-16,-100.56564645876998,100.56564645876998,8.881784197001252e-16,-0.7719745635986328,6.456780910491943,0.0,-0.0005745164595455641,21.834286261172522,2.2970466308650517
106,ppo_lognormal,ppo,lognormal,4,-102.83797337572642,6.5339753780485275,102.83797337572642,6.065877437591553,5.085169792175293,1.5636845827102661,1.9067152738571167,1.3322676295501878e-15,-101.56501811214648,101.56501811214648,8.881784197001252e-16,-0.5253742933273315,6.80526065826416,0.0,0.001380796389033397,23.496997194630758,2.29312501847744
107,ppo_lognormal,ppo,lognormal,4,-101.56549250412493,7.578753447014122,101.56549250412493,6.64242696762085,4.46547269821167,1.5649688243865967,1.9057238101959229,1.1102230246251565e-15,-101.3536928817433,101.3536928817433,1.1102230246251565e-15,0.26437175273895264,6.386460304260254,0.0,-3.8187992426433735e-05,22.79037760552906,2.288822291152818
108,ppo_lognormal,ppo,lognormal,4,-101.58837559255332,8.409918844931493,101.58837559255332,6.635781288146973,5.514908790588379,1.5663081407546997,1.9047421216964722,8.881784197001252e-16,-98.39312703775116,98.39312703775116,8.881784197001252e-16,-0.4509652554988861,6.670309066772461,0.0,-0.0012026619175837066,23.41924740586962,2.2870457356884364
109,ppo_lognormal,ppo,lognormal,4,-98.8661073561365,7.181174911510986,98.8661073561365,6.5539960861206055,4.618854999542236,1.5680495500564575,1.9041407108306885,1.3322676295501878e-15,-99.83950599223536,99.83950599223536,1.1102230246251565e-15,-0.7710448503494263,6.717911243438721,0.0,-0.0016942294508529205,21.835539829163324,2.284752076580411
110,ppo_lognormal,ppo,lognormal,4,-102.02398133036228,8.488841097459241,102.02398133036228,6.2703857421875,6.054497718811035,1.5697762966156006,1.9035444259643555,1.3322676295501878e-15,-101.47121051382977,101.47121051382977,8.881784197001252e-16,-0.7181923985481262,7.094799041748047,0.0,0.0013284513205733327,23.336462159951527,2.281884553177016
111,ppo_lognormal,ppo,lognormal,4,-99.74808479521427,6.99978281278146,99.74808479521427,7.6455302238464355,4.875432968139648,1.5713276863098145,1.9032902717590332,1.3322676295501878e-15,-98.78776256858097,98.78776256858097,1.1102230246251565e-15,-0.45789605379104614,6.668058395385742,0.0,-0.00023628162896438014,22.615823061693284,2.2795821123179936
112,ppo_lognormal,ppo,lognormal,4,-99.64097523708065,8.077710478250628,99.64097523708065,7.247966289520264,6.307538032531738,1.5727260112762451,1.9031122922897339,1.3322676295501878e-15,-102.29166133521757,102.29166133521757,8.881784197001252e-16,-1.331009030342102,6.949250221252441,0.0,0.00047372356666961597,22.318208038806915,2.277361688159761
113,ppo_lognormal,ppo,lognormal,4,-101.52484139618895,7.640811234605991,101.52484139618895,6.297797203063965,5.326927661895752,1.5741689205169678,1.9027068614959717,1.3322676295501878e-15,-101.40677130846791,101.40677130846791,1.1102230246251565e-15,-0.44407057762145996,6.578860759735107,0.0,-0.001501656239963181,23.913819403875443,2.27504733701547
114,ppo_lognormal,ppo,lognormal,4,-102.43791426467902,7.303144311020444,102.43791426467902,5.517768383026123,4.154630661010742,1.5758569240570068,1.902501106262207,8.881784197001252e-16,-100.53936310751371,100.53936310751371,8.881784197001252e-16,0.042699843645095825,6.534124374389648,0.0,-9.80227071392749e-05,23.021790674754552,2.277059344308717
115,ppo_lognormal,ppo,lognormal,4,-103.50886881812121,7.754395459589858,103.50886881812121,6.310061454772949,6.440554618835449,1.5776221752166748,1.902206540107727,8.881784197001252e-16,-103.12401074806633,103.12401074806633,8.881784197001252e-16,-0.27525144815444946,6.91983699798584,0.0,8.359745455284914e-06,24.328303547132585,2.2804915252186
116,ppo_lognormal,ppo,lognormal,4,-100.18106959704761,5.853620196832876,100.18106959704761,7.404719352722168,5.305562973022461,1.5794950723648071,1.9020262956619263,8.881784197001252e-16,-102.03403501530337,102.03403501530337,8.881784197001252e-16,-0.522058367729187,6.988466739654541,0.0,-0.0007600512028494407,22.598861475785572,2.2772435666549775
117,ppo_lognormal,ppo,lognormal,4,-100.983687262822,7.085852727563632,100.983687262822,7.353102684020996,5.007611274719238,1.5812870264053345,1.9016005992889404,1.7763568394002505e-15,-100.83257198661983,100.83257198661983,8.881784197001252e-16,-0.48695915937423706,6.906426429748535,0.0,-0.0006006521510980314,23.04396636429287,2.273226085163298
118,ppo_lognormal,ppo,lognormal,4,-99.33665761755003,5.986543726030618,99.33665761755003,6.974180221557617,5.312045097351074,1.5828825235366821,1.9011245965957642,1.3322676295501878e-15,-100.01970741202697,100.01970741202697,8.881784197001252e-16,-0.24268844723701477,6.651615142822266,0.0,0.00027991892143507444,22.673796798501694,2.2721950078294393
119,ppo_lognormal,ppo,lognormal,4,-100.74759005024373,7.9857263705149615,100.74759005024373,6.411130905151367,4.544956207275391,1.584549069404602,1.9005281925201416,1.3322676295501878e-15,-103.59316134519348,103.59316134519348,8.881784197001252e-16,-0.323560893535614,6.584273815155029,0.0,4.43689004030256e-06,23.317708188579196,2.2702211624100093
120,ppo_lognormal,ppo,lognormal,4,-103.52495936333511,8.361570888421065,103.52495936333511,5.8019700050354,4.611937522888184,1.5862224102020264,1.8996458053588867,1.3322676295501878e-15,-99.82217090111395,99.82217090111395,8.881784197001252e-16,0.33991140127182007,6.137080192565918,0.0,-0.002118209673513082,23.851548155148823,2.265691604642641
121,ppo_lognormal,ppo,lognormal,4,-101.44399011480398,6.378940969728421,101.44399011480398,6.091503620147705,4.746683120727539,1.5880037546157837,1.8990331888198853,1.3322676295501878e-15,-100.95764587189849,100.95764587189849,8.881784197001252e-16,-0.10910260677337646,6.454765319824219,0.0,-0.0002140320887389992,23.403020234335038,2.261741715527716
122,ppo_lognormal,ppo,lognormal,4,-99.9376824293552,5.686000581112461,99.9376824293552,6.33000373840332,5.422108173370361,1.5896449089050293,1.8984198570251465,1.5543122344752192e-15,-101.40604250818447,101.40604250818447,1.1102230246251565e-15,-0.26596599817276,6.88083553314209,0.0,0.00022432363281647363,23.452374046757107,2.2582378493888036
123,ppo_lognormal,ppo,lognormal,4,-99.29276924088808,7.648331008356061,99.29276924088808,6.746299743652344,3.9109914302825928,1.5915038585662842,1.8976333141326904,1.5543122344752192e-15,-101.60031007652759,101.60031007652759,8.881784197001252e-16,-0.49028271436691284,6.502840518951416,0.0,-0.0007374407030597684,22.842800554775057,2.2552466208026525
124,ppo_lognormal,ppo,lognormal,4,-100.9222454989432,5.695938386730954,100.9222454989432,6.952791690826416,4.303596496582031,1.5931750535964966,1.8966689109802246,1.1102230246251565e-15,-101.4210463642988,101.4210463642988,1.1102230246251565e-15,0.010850563645362854,6.626466751098633,0.0,7.033001054965315e-05,24.056966086228687,2.251943203664961
125,ppo_lognormal,ppo,lognormal,4,-100.80796307257704,7.0600070289290695,100.80796307257704,6.352875709533691,4.964075565338135,1.5947781801223755,1.8956390619277954,8.881784197001252e-16,-103.47141112754882,103.47141112754882,1.1102230246251565e-15,-0.4944469928741455,6.636613845825195,0.0,-0.0014135455684958114,24.06250403324763,2.2505262855972563
126,ppo_lognormal,ppo,lognormal,4,-100.05773705445836,7.137843919152155,100.05773705445836,7.376706600189209,5.597212314605713,1.596175193786621,1.8949058055877686,1.5543122344752192e-15,-102.82394591188293,102.82394591188293,1.1102230246251565e-15,-0.5925116539001465,7.127713203430176,0.0,7.673240976319427e-05,23.533878823121388,2.2475327210766927
127,ppo_lognormal,ppo,lognormal,4,-101.5933653405492,8.320221916828165,101.5933653405492,7.370614528656006,4.374179840087891,1.5975054502487183,1.8938910961151123,1.1102230246251565e-15,-101.02305139328125,101.02305139328125,1.1102230246251565e-15,-0.5577260255813599,6.866306781768799,0.0,-0.0005217714822806773,24.90724576087225,2.245463949583826
128,ppo_lognormal,ppo,lognormal,4,-98.2382360193187,7.162817560420665,98.2382360193187,6.4480438232421875,3.78194522857666,1.5990748405456543,1.893169641494751,1.1102230246251565e-15,-102.5179371970194,102.5179371970194,1.1102230246251565e-15,-0.0721108615398407,6.455503463745117,0.0,-0.0002634415702362146,23.020403850646247,2.2445690014532635
129,ppo_lognormal,ppo,lognormal,4,-102.7573476929629,6.694696639777787,102.7573476929629,5.954723358154297,5.785583019256592,1.6006982326507568,1.8923819065093994,1.7763568394002505e-15,-99.4390711437641,99.4390711437641,8.881784197001252e-16,-0.12078787386417389,6.884674072265625,0.0,-0.0030101870361249894,25.363011868227098,2.242326786830312
130,ppo_lognormal,ppo,lognormal,4,-101.53907700838587,8.717916801841406,101.53907700838587,5.96290397644043,4.834348678588867,1.602288842201233,1.8918942213058472,8.881784197001252e-16,-101.77686553189699,101.77686553189699,8.881784197001252e-16,-0.36787936091423035,6.48944091796875,0.0,-0.0006082959035189734,24.919347184044973,2.238458815784681
131,ppo_lognormal,ppo,lognormal,4,-102.19955183641983,7.497691642740814,102.19955183641983,5.569416522979736,5.933489799499512,1.6039234399795532,1.8914316892623901,8.881784197001252e-16,-101.26866068825072,101.26866068825072,8.881784197001252e-16,-0.19433897733688354,6.731931686401367,0.0,-8.858286587166644e-05,25.049058712664106,2.2347978254159293
132,ppo_lognormal,ppo,lognormal,4,-100.96984830341118,7.398552312752024,100.96984830341118,7.206375598907471,5.701292991638184,1.6056594848632812,1.8906986713409424,1.3322676295501878e-15,-98.80112946412693,98.80112946412693,1.1102230246251565e-15,-0.1709475815296173,6.848556041717529,0.0,0.0002929956064603868,24.672881089505694,2.2320734695309685
133,ppo_lognormal,ppo,lognormal,4,-100.53199534167558,8.126115138739609,100.53199534167558,7.7871599197387695,5.525844573974609,1.6073651313781738,1.8899190425872803,1.1102230246251565e-15,-100.43150455926934,100.43150455926934,8.881784197001252e-16,-0.2675163745880127,6.928336143493652,0.0,0.00039697384151319665,24.596006155014038,2.2273363435552236
134,ppo_lognormal,ppo,lognormal,4,-102.92428173437479,8.466601589043629,102.92428173437479,6.113134384155273,5.833285331726074,1.6090716123580933,1.8891240358352661,1.3322676295501878e-15,-101.5214458544828,101.5214458544828,8.881784197001252e-16,-0.4791952669620514,6.9132819175720215,0.0,8.181562935489983e-05,26.223472322736466,2.2204638336386
135,ppo_lognormal,ppo,lognormal,4,-101.40374050595062,7.580324117416537,101.40374050595062,7.556106090545654,4.0601396560668945,1.610559344291687,1.8887214660644531,8.881784197001252e-16,-103.1485332757108,103.1485332757108,1.1102230246251565e-15,0.08325569331645966,6.631542682647705,0.0,-0.0007052056358328887,25.503199038051424,2.2161426075867245
136,ppo_lognormal,ppo,lognormal,4,-100.7904300863774,7.859787161613059,100.7904300863774,5.23961877822876,4.442747592926025,1.612180471420288,1.888106107711792,1.1102230246251565e-15,-100.06915687016355,100.06915687016355,1.1102230246251565e-15,-0.22971510887145996,6.3294997215271,0.0,0.00033386508169184836,25.714391455763863,2.215158857050396
137,ppo_lognormal,ppo,lognormal,4,-100.73042203855573,5.733242275818674,100.73042203855573,7.016658306121826,5.868982791900635,1.613708257675171,1.8874859809875488,1.3322676295501878e-15,-101.01412289612843,101.01412289612843,1.1102230246251565e-15,-0.44754737615585327,6.755411624908447,0.0,0.0004106901178602129,25.175170804773057,2.2119800370363962
138,ppo_lognormal,ppo,lognormal,4,-102.22751107771155,7.935935982334091,102.22751107771155,6.4056315422058105,4.902624607086182,1.615142583847046,1.8867981433868408,1.3322676295501878e-15,-102.83943878921534,102.83943878921534,1.1102230246251565e-15,-0.016939997673034668,6.563158988952637,0.0,-0.0013100570816147541,25.96510887145996,2.2075657624573934
139,ppo_lognormal,ppo,lognormal,4,-99.54867691143642,6.678594881282581,99.54867691143642,7.94818115234375,4.7534074783325195,1.6165478229522705,1.8862519264221191,1.3322676295501878e-15,-102.63651055991373,102.63651055991373,8.881784197001252e-16,-0.16074156761169434,6.804764270782471,0.0,-0.0001673251778508226,25.413686190332687,2.203135614593824
140,ppo_lognormal,ppo,lognormal,4,-102.52712898141283,7.904402765747483,102.52712898141283,7.212216377258301,4.790692329406738,1.6180448532104492,1.8857855796813965,8.881784197001252e-16,-101.33814236189201,101.33814236189201,8.881784197001252e-16,0.13463759422302246,6.873584747314453,0.0,-0.0003414005013404503,25.93846977892376,2.199170458884466
141,ppo_lognormal,ppo,lognormal,4,-98.42729325502123,7.54291313949858,98.42729325502123,6.998472213745117,4.696690559387207,1.619513750076294,1.8852955102920532,1.3322676295501878e-15,-100.09669011382547,100.09669011382547,8.881784197001252e-16,-0.6477481722831726,6.480100154876709,0.0,0.0005644217349721917,25.930377676373435,2.197613773601396
142,ppo_lognormal,ppo,lognormal,4,-99.91168241497617,8.398846021859617,99.91168241497617,6.553150653839111,4.07886266708374,1.62070894241333,1.884807825088501,1.3322676295501878e-15,-103.87657687520442,103.87657687520442,8.881784197001252e-16,-0.391491562128067,6.487707138061523,0.0,-0.00013694195132259103,25.963208791755495,2.1966119557619095
143,ppo_lognormal,ppo,lognormal,4,-102.69098996364886,7.673410730624954,102.69098996364886,7.787311553955078,5.359208583831787,1.6215894222259521,1.8845051527023315,1.1102230246251565e-15,-101.640584265936,101.640584265936,8.881784197001252e-16,0.008559569716453552,6.7523393630981445,0.0,-0.0026215000044820564,27.472663575694675,2.1945467648052035
144,ppo_lognormal,ppo,lognormal,4,-100.61572586239484,7.0529796770395885,100.61572586239484,6.235403060913086,4.571079730987549,1.6223890781402588,1.8841150999069214,8.881784197001252e-16,-99.44121671809721,99.44121671809721,1.1102230246251565e-15,-0.358102023601532,6.771324157714844,0.0,9.101335169924867e-05,26.451257895855676,2.194566684109824
145,ppo_lognormal,ppo,lognormal,4,-99.69768128613305,6.348838665567052,99.69768128613305,6.6982951164245605,4.227302551269531,1.6232194900512695,1.8833363056182861,1.1102230246251565e-15,-100.77715350000719,100.77715350000719,8.881784197001252e-16,-0.4923247694969177,6.7212724685668945,0.0,0.0005562531434753467,26.41998432079951,2.1928821958246685
146,ppo_lognormal,ppo,lognormal,4,-99.66077952585417,7.205445820538739,99.66077952585417,5.45095682144165,3.935567855834961,1.624182939529419,1.882543683052063,1.3322676295501878e-15,-100.37256274413173,100.37256274413173,8.881784197001252e-16,-0.5365809202194214,6.268234729766846,0.0,8.637553712885295e-05,26.718293473834084,2.19232202285812
147,ppo_lognormal,ppo,lognormal,4,-102.08888259801287,10.311302838245163,102.08888259801287,6.978216171264648,5.60676908493042,1.6254041194915771,1.8817312717437744,1.3322676295501878e-15,-102.89088291449028,102.89088291449028,8.881784197001252e-16,-0.47042346000671387,7.121728897094727,0.0,-7.209369435995108e-05,27.90746846936998,2.188586535198348
148,ppo_lognormal,ppo,lognormal,4,-99.98002875152196,6.774489214130879,99.98002875152196,5.591046333312988,3.3946614265441895,1.626674771308899,1.8807337284088135,8.881784197001252e-16,-102.26387240568681,102.26387240568681,8.881784197001252e-16,-0.22917520999908447,6.103116989135742,0.0,0.00034805128650207607,26.936545102369216,2.1856297112646557
149,ppo_lognormal,ppo,lognormal,4,-101.38903144228419,8.161198974776516,101.38903144228419,7.639039039611816,4.272194862365723,1.6279056072235107,1.8797380924224854,1.3322676295501878e-15,-100.26862345908152,100.26862345908152,1.1102230246251565e-15,0.012981534004211426,6.560489177703857,0.0,-0.0008359066005574451,27.67730763696489,2.184225579102834
150,ppo_lognormal,ppo,lognormal,2,-101.76833590804027,8.517428244108666,101.76833590804027,7.159226417541504,5.452126502990723,4.233874320983887,1.7196224927902222,1.3322676295501878e-15,-98.66310029591855,98.66310029591855,8.881784197001252e-16,-0.9985616207122803,7.223830699920654,0.0,-0.0017944708150545402,27.81564106260027,2.180835019264902
151,ppo_lognormal,ppo,lognormal,2,-100.53873099683769,7.618379549578048,100.53873099683769,9.616576194763184,4.635132789611816,4.239885330200195,1.7196729183197021,1.3322676295501878e-15,-99.04760326904763,99.04760326904763,8.881784197001252e-16,-0.7106567621231079,6.6769256591796875,0.0,-0.00045432530099614744,27.52439242317563,2.178162606699126
152,ppo_lognormal,ppo,lognormal,2,-99.16198477049636,7.30848304953226,99.16198477049636,8.120259284973145,5.3364667892456055,4.243424892425537,1.7196662425994873,1.1102230246251565e-15,-98.79829859374868,98.79829859374868,8.881784197001252e-16,-1.1820729970932007,6.507766246795654,0.0,-0.0008471767872660642,27.51476692585718,2.1743294433468865
153,ppo_lognormal,ppo,lognormal,2,-99.7287746609332,7.774793894739993,99.7287746609332,8.133054733276367,4.351972579956055,4.247443675994873,1.7196376323699951,8.881784197001252e-16,-98.92402741044054,98.92402741044054,1.1102230246251565e-15,-0.5836424231529236,6.0767717361450195,0.0,-0.0009326154249720275,27.957669632775442,2.1695576132763
154,ppo_lognormal,ppo,lognormal,2,-98.75927439517844,4.252570904473308,98.75927439517844,8.65005111694336,4.064280033111572,4.251005172729492,1.7192233800888062,1.3322676295501878e-15,-96.44510469348263,96.44510469348263,8.881784197001252e-16,-0.5276026129722595,6.098472595214844,0.0,0.00018219743755513003,27.565090287299384,2.1652816023145403
155,ppo_lognormal,ppo,lognormal,2,-99.98567605890983,7.302989793988194,99.98567605890983,7.856384754180908,4.10539436340332,4.254830837249756,1.7189098596572876,1.1102230246251565e-15,-100.12666884293523,100.12666884293523,1.1102230246251565e-15,-0.7225725650787354,6.27989387512207,0.0,-0.0010499392270243593,28.905497145085107,2.1651636326596853
156,ppo_lognormal,ppo,lognormal,2,-98.94838158214526,6.738221983469648,98.94838158214526,8.713536262512207,3.943726062774658,4.2582688331604,1.7186570167541504,1.1102230246251565e-15,-102.54356076858357,102.54356076858357,8.881784197001252e-16,-0.3651711344718933,5.999912261962891,0.0,-0.0015894230039391135,28.75180584192276,2.1635255139498484
157,ppo_lognormal,ppo,lognormal,2,-100.31916899360226,7.239580241133392,100.31916899360226,7.140562057495117,4.596931457519531,4.262018203735352,1.7183730602264404,1.3322676295501878e-15,-100.78060840601191,100.78060840601191,8.881784197001252e-16,-0.5805156230926514,6.146267890930176,0.0,-0.000366903636382804,29.375663649468194,2.159336411527225
158,ppo_lognormal,ppo,lognormal,2,-101.9279648381709,8.663841201294227,101.9279648381709,7.552104473114014,5.937605857849121,4.266007423400879,1.718113660812378,1.3322676295501878e-15,-100.09593780866794,100.09593780866794,8.881784197001252e-16,-1.077199935913086,6.763853073120117,0.0,-0.0007752727334653693,29.52119607584817,2.158226537562552
159,ppo_lognormal,ppo,lognormal,2,-100.72854701382687,6.383306550310413,100.72854701382687,9.955680847167969,3.9576210975646973,4.269301891326904,1.7177435159683228,1.3322676295501878e-15,-99.15621065908698,99.15621065908698,1.1102230246251565e-15,-0.46982184052467346,6.2349066734313965,0.0,-0.00033450855629607324,28.942540234043484,2.1588469481184367
160,ppo_lognormal,ppo,lognormal,2,-97.92898280425231,6.358200002945099,97.92898280425231,7.767670631408691,4.759193420410156,4.273059844970703,1.7172744274139404,1.1102230246251565e-15,-98.50802414416219,98.50802414416219,8.881784197001252e-16,-0.7756587862968445,6.1848626136779785,0.0,-0.0011520411436712103,28.860984095505305,2.156854128553754
161,ppo_lognormal,ppo,lognormal,2,-98.02669588977736,7.856113864262708,98.02669588977736,8.288505554199219,4.815494537353516,4.277032852172852,1.7169599533081055,1.1102230246251565e-15,-103.69379649868571,103.69379649868571,8.881784197001252e-16,-0.6986188888549805,6.257172107696533,0.0,0.00017089321599563672,29.710179609911783,2.1528676797946296
162,ppo_lognormal,ppo,lognormal,2,-97.04252834161356,5.969919035837439,97.04252834161356,8.441393852233887,4.317824363708496,4.28105354309082,1.7165929079055786,1.3322676295501878e-15,-101.47764363066939,101.47764363066939,1.1102230246251565e-15,-1.0187855958938599,6.392550945281982,0.0,-0.0002757531640652035,29.012153157166072,2.1522366801897683
163,ppo_lognormal,ppo,lognormal,2,-100.77480892877084,7.594481597896817,100.77480892877084,9.141324996948242,4.801348686218262,4.285627365112305,1.7162542343139648,1.3322676295501878e-15,-100.1766337113263,100.1766337113263,1.1102230246251565e-15,-0.757897138595581,6.436007022857666,0.0,-9.628997317382268e-05,29.870203284990218,2.151229793826739
164,ppo_lognormal,ppo,lognormal,2,-98.3770742183494,7.380308797151789,98.3770742183494,7.330235481262207,3.5858874320983887,4.290600299835205,1.715925931930542,8.881784197001252e-16,-99.16356688817437,99.16356688817437,8.881784197001252e-16,-0.9031554460525513,6.02606201171875,0.0,-0.0011055950446808268,29.641848337082635,2.1497734494152523
165,ppo_lognormal,ppo,lognormal,2,-101.23195212462511,6.929628955362644,101.23195212462511,7.971851348876953,4.828800201416016,4.295507907867432,1.715653419494629,8.881784197001252e-16,-98.53838050035098,98.53838050035098,1.1102230246251565e-15,-0.48275622725486755,6.1785759925842285,0.0,-0.0021431157448595123,30.031888649577187,2.1433132695300237
166,ppo_lognormal,ppo,lognormal,2,-99.6616021031478,7.81646446453533,99.6616021031478,8.54146957397461,4.870874881744385,4.299875259399414,1.7155165672302246,1.7763568394002505e-15,-99.14035708810209,99.14035708810209,8.881784197001252e-16,-1.2335203886032104,6.775432109832764,0.0,-0.000958011617989368,29.759372841744195,2.1391624843790416
167,ppo_lognormal,ppo,lognormal,2,-97.50850223220027,5.700871332877671,97.50850223220027,7.515766143798828,3.6816329956054688,4.304531097412109,1.7152079343795776,1.3322676295501878e-15,-97.48224006490284,97.48224006490284,1.1102230246251565e-15,-0.3294063210487366,5.77527379989624,0.0,-0.000699780559876845,29.98502303588958,2.1394138172978447
168,ppo_lognormal,ppo,lognormal,2,-98.41727829090155,6.09202842579004,98.41727829090155,8.95044231414795,4.3909912109375,4.308659553527832,1.7148832082748413,1.1102230246251565e-15,-99.41246539065915,99.41246539065915,8.881784197001252e-16,-0.7727887630462646,6.2344136238098145,0.0,-0.0008264479055512874,29.62881419488362,2.13871707873685
169,ppo_lognormal,ppo,lognormal,2,-99.2098457463898,6.973360285811197,99.2098457463898,8.113139152526855,4.1540751457214355,4.311905860900879,1.7146215438842773,1.1102230246251565e-15,-100.10170314524561,100.10170314524561,1.1102230246251565e-15,-0.9702638387680054,6.112181663513184,0.0,-0.001197846975022306,30.096727206593467,2.141285559960774
170,ppo_lognormal,ppo,lognormal,2,-99.15202368905594,5.3513476399257485,99.15202368905594,8.02630615234375,3.924267530441284,4.315557956695557,1.7142187356948853,8.881784197001252e-16,-98.03054756198628,98.03054756198628,8.881784197001252e-16,-0.3996451497077942,6.018801689147949,0.0,-0.0004993683930175999,30.67652479807536,2.1403956157820567
171,ppo_lognormal,ppo,lognormal,2,-101.13624509445071,8.273308866259836,101.13624509445071,7.874417304992676,4.431576251983643,4.319144248962402,1.7137422561645508,1.3322676295501878e-15,-98.44062215298962,98.44062215298962,1.1102230246251565e-15,-0.7118582129478455,6.240588188171387,0.0,-0.0013783640765939794,31.14619173322405,2.1390136075871333
172,ppo_lognormal,ppo,lognormal,2,-97.90190931109355,6.930695335255471,97.90190931109355,8.123514175415039,4.6082611083984375,4.322470664978027,1.7131266593933105,8.881784197001252e-16,-101.03347635905976,101.03347635905976,8.881784197001252e-16,-1.0388832092285156,6.352689266204834,0.0,-0.0001965509589007568,30.404050582931156,2.1344140576464787
173,ppo_lognormal,ppo,lognormal,2,-98.38227500041187,5.892946996838081,98.38227500041187,8.807687759399414,4.159183979034424,4.325499057769775,1.712528944015503,1.1102230246251565e-15,-99.76236195949463,99.76236195949463,8.881784197001252e-16,-0.7072384357452393,6.235835552215576,0.0,0.0002697112144059723,30.364124620244617,2.1263596692255566
174,ppo_lognormal,ppo,lognormal,2,-99.54797077474016,5.855658867002552,99.54797077474016,8.790580749511719,4.294530868530273,4.327789783477783,1.7120838165283203,1.3322676295501878e-15,-102.29490374931535,102.29490374931535,8.881784197001252e-16,-0.7915450930595398,6.310089111328125,0.0,-0.0009865857483375641,30.53395840667543,2.124060103581065
175,ppo_lognormal,ppo,lognormal,2,-99.04481213132736,7.136526710906467,99.04481213132736,6.779515266418457,4.2688446044921875,4.330945014953613,1.711648941040039,1.1102230246251565e-15,-96.70407258679754,96.70407258679754,1.1102230246251565e-15,-0.32419371604919434,5.868841171264648,0.0,-0.0005492706522567286,30.181588817210425,2.122583596479325
176,ppo_lognormal,ppo,lognormal,2,-103.6705917926591,6.396737100544597,103.6705917926591,7.6217265129089355,5.194568634033203,4.334579944610596,1.7112410068511963,8.881784197001252e-16,-99.25886535868983,99.25886535868983,8.881784197001252e-16,-0.524064302444458,6.330325126647949,0.0,8.426681493542024e-06,31.968722797575452,2.1243856797615686
177,ppo_lognormal,ppo,lognormal,2,-100.83090486690438,7.49930058240757,100.83090486690438,8.806905746459961,5.275228023529053,4.338001728057861,1.710783839225769,1.1102230246251565e-15,-100.63644124244928,100.63644124244928,1.1102230246251565e-15,-1.1057565212249756,6.711696624755859,0.0,-0.0020643200980321992,30.79371094987506,2.123648024031094
178,ppo_lognormal,ppo,lognormal,2,-99.82827176047019,7.729713862532883,99.82827176047019,6.962349891662598,4.24356746673584,4.341714859008789,1.7103973627090454,1.3322676295501878e-15,-100.21607699983119,100.21607699983119,8.881784197001252e-16,-0.6635928153991699,5.722609519958496,0.0,-0.0004062929614779672,31.45146307491121,2.1203173150618873
179,ppo_lognormal,ppo,lognormal,2,-101.24800332568176,6.807814630047924,101.24800332568176,8.625316619873047,5.4588942527771,4.345477104187012,1.7099684476852417,1.3322676295501878e-15,-98.86941152098328,98.86941152098328,8.881784197001252e-16,-1.0103386640548706,6.491110801696777,0.0,-0.0012953328523075296,31.719651656491415,2.1181622502349673
180,ppo_lognormal,ppo,lognormal,2,-96.87831228611405,5.710017304871676,96.87831228611405,8.521238327026367,3.748967170715332,4.349166393280029,1.7092863321304321,1.3322676295501878e-15,-98.07938018293802,98.07938018293802,1.1102230246251565e-15,-0.5916579365730286,5.995304584503174,0.0,0.0004633700009435415,30.64415540297826,2.1182869906936372
181,ppo_lognormal,ppo,lognormal,2,-99.065791588173,7.751930685802173,99.065791588173,6.061112880706787,3.4356069564819336,4.353354454040527,1.7087678909301758,1.3322676295501878e-15,-101.41429740898397,101.41429740898397,8.881784197001252e-16,-0.3428688049316406,5.736335754394531,0.0,0.0001895485343300693,30.702761438630876,2.1189416575999487
182,ppo_lognormal,ppo,lognormal,2,-100.15836753678212,7.710324504253756,100.15836753678212,8.006204605102539,5.5057148933410645,4.3571014404296875,1.7083656787872314,1.3322676295501878e-15,-98.42277802432972,98.42277802432972,1.1102230246251565e-15,-1.2094169855117798,6.701677322387695,0.0,0.00013263077042730792,31.281670587403433,2.117591659228007
183,ppo_lognormal,ppo,lognormal,2,-97.76325094265883,5.462782091745421,97.76325094265883,8.464070320129395,4.249476909637451,4.3606719970703125,1.7077877521514893,1.1102230246251565e-15,-98.89533094758099,98.89533094758099,1.1102230246251565e-15,-0.5166508555412292,6.167756080627441,0.0,-9.373689924056332e-05,30.64951541877928,2.1162225008010864
184,ppo_lognormal,ppo,lognormal,2,-98.20075396318322,6.729536062762392,98.20075396318322,8.053911209106445,4.525077819824219,4.36415433883667,1.7074627876281738,1.1102230246251565e-15,-99.74047628336459,99.74047628336459,8.881784197001252e-16,-0.700059175491333,6.174829959869385,0.0,-0.0009409915475684795,30.443496993609838,2.1147798470088413
185,ppo_lognormal,ppo,lognormal,2,-99.32871994794992,7.346735148349334,99.32871994794992,8.256858825683594,4.672632217407227,4.367548942565918,1.707167387008667,1.3322676295501878e-15,-99.58289816687049,99.58289816687049,8.881784197001252e-16,-0.6661611795425415,6.240725994110107,0.0,-0.0005103853431397251,30.848832888262613,2.1113737246819904
186,ppo_lognormal,ppo,lognormal,2,-101.07365467483326,7.855581463117102,101.07365467483326,8.077832221984863,5.254383087158203,4.371272087097168,1.7069042921066284,8.881784197001252e-16,-99.14448832024189,99.14448832024189,1.1102230246251565e-15,-0.8771026134490967,6.262971878051758,0.0,3.3691952315469585e-05,31.272656210831233,2.110576935467266
187,ppo_lognormal,ppo,lognormal,2,-99.11863924709863,6.765726078208686,99.11863924709863,7.474140167236328,3.314152240753174,4.3751091957092285,1.7064263820648193,1.1102230246251565e-15,-98.92588854515739,98.92588854515739,1.1102230246251565e-15,-0.21244066953659058,5.878520965576172,0.0,0.0004226131187308402,31.231993238131206,2.110459788214593
188,ppo_lognormal,ppo,lognormal,2,-98.28387719062954,7.055794951554823,98.28387719062954,8.543130874633789,3.71828556060791,4.378811836242676,1.705972671508789,8.881784197001252e-16,-99.91770335745996,99.91770335745996,8.881784197001252e-16,-0.8787136077880859,5.876496315002441,0.0,8.522348556046684e-05,30.69915676542691,2.1063265076705386
189,ppo_lognormal,ppo,lognormal,2,-100.68562372095198,7.1936097080714765,100.68562372095198,8.369422912597656,4.330454349517822,4.382598400115967,1.7054916620254517,1.1102230246251565e-15,-99.0225332780409,99.0225332780409,1.1102230246251565e-15,-0.8186904788017273,6.330686092376709,0.0,6.90474518619123e-06,31.08280071190425,2.10204772296406
190,ppo_lognormal,ppo,lognormal,2,-98.12758655778867,7.621077729281561,98.12758655778867,8.316314697265625,3.8137145042419434,4.38640832901001,1.7050355672836304,1.1102230246251565e-15,-100.82149551781274,100.82149551781274,1.1102230246251565e-15,-0.7042490243911743,6.078194618225098,0.0,-0.0012378617455916746,30.650715407871065,2.0992360413074493
191,ppo_lognormal,ppo,lognormal,2,-96.48418376045313,6.365902803491963,96.48418376045313,7.14577579498291,3.9979124069213867,4.390444278717041,1.704537272453308,1.3322676295501878e-15,-98.83145838113688,98.83145838113688,8.881784197001252e-16,-0.7028005123138428,6.011524200439453,0.0,-0.0010587588933828687,30.564346134662628,2.093835201291811
192,ppo_lognormal,ppo,lognormal,2,-98.19280895621759,7.51444454406909,98.19280895621759,8.50207233428955,4.342238903045654,4.394257545471191,1.704091191291809,8.881784197001252e-16,-99.40421122639752,99.40421122639752,1.1102230246251565e-15,-0.84764164686203,6.132162570953369,0.0,-0.00047492075689314374,30.188446882225218,2.090783627260299
193,ppo_lognormal,ppo,lognormal,2,-99.13948104795618,6.211150388998232,99.13948104795618,8.71574592590332,3.5311522483825684,4.398402690887451,1.7036510705947876,1.5543122344752192e-15,-99.55367224077888,99.55367224077888,1.1102230246251565e-15,-0.5678010582923889,5.898696422576904,0.0,0.0002766346026744161,30.999810401882446,2.0889466532639096
194,ppo_lognormal,ppo,lognormal,2,-97.31844661730145,5.0839746189917285,97.31844661730145,8.641467094421387,3.710251808166504,4.402642250061035,1.703063726425171,1.3322676295501878e-15,-97.79686796662493,97.79686796662493,8.881784197001252e-16,-0.14584630727767944,6.067735195159912,0.0,-0.0011485583658906676,30.113881519862584,2.0873617004780542
195,ppo_lognormal,ppo,lognormal,2,-100.12004906314655,6.93696689157853,100.12004906314655,8.960139274597168,4.703639984130859,4.407258033752441,1.7025325298309326,1.5543122344752192e-15,-98.17725948633205,98.17725948633205,1.1102230246251565e-15,-0.6940948963165283,6.458282470703125,0.0,-0.000811503157906589,31.07607752936227,2.086308486404873
196,ppo_lognormal,ppo,lognormal,2,-98.37887868474462,6.558453302654504,98.37887868474462,8.976673126220703,4.540376663208008,4.411786079406738,1.7021207809448242,1.1102230246251565e-15,-98.22533384851273,98.22533384851273,1.1102230246251565e-15,-0.20065021514892578,6.720200061798096,0.0,-0.0010410227557821642,30.93454630318142,2.085024995463235
197,ppo_lognormal,ppo,lognormal,2,-98.61553412658978,7.158282663587664,98.61553412658978,8.102086067199707,4.28627872467041,4.416479587554932,1.7017529010772705,8.881784197001252e-16,-100.71346570451698,100.71346570451698,1.1102230246251565e-15,-1.0075640678405762,6.198662281036377,0.0,-0.0004357650565604369,31.084509679249354,2.0865915644736517
198,ppo_lognormal,ppo,lognormal,2,-99.83181321868173,6.382850979505725,99.83181321868173,7.532560348510742,4.571235656738281,4.421414375305176,1.7013664245605469,1.1102230246251565e-15,-99.89837275665073,99.89837275665073,1.1102230246251565e-15,-0.4176570475101471,6.193469524383545,0.0,-0.0004914278064721397,31.292913851283846,2.0862142784254893
199,ppo_lognormal,ppo,lognormal,2,-98.27738419813888,6.1192753179007076,98.27738419813888,8.003725051879883,4.3610124588012695,4.42602014541626,1.7009655237197876,1.3322676295501878e-15,-97.94760350374024,97.94760350374024,8.881784197001252e-16,-0.6770461797714233,6.188817501068115,0.0,-0.0027144462441182917,31.043370479629154,2.085456615402585
200,ppo_lognormal,ppo,lognormal,1,-99.50220765745286,7.727659244472683,99.50220765745286,9.174491882324219,3.9633779525756836,5.935436248779297,2.304338216781616,1.3322676295501878e-15,-102.34533933688081,102.34533933688081,1.1102230246251565e-15,-0.8619939088821411,6.249055862426758,0.0,-0.001180249197031593,30.658558768885477,2.082603786672865
201,ppo_lognormal,ppo,lognormal,1,-99.48675327902731,7.013742514571581,99.48675327902731,9.357686996459961,5.317512035369873,5.935524940490723,2.304323434829712,1.3322676295501878e-15,-99.18740879365863,99.18740879365863,1.1102230246251565e-15,-0.9200928211212158,5.915978908538818,0.0,-0.0012505518693831704,31.68232850233714,2.0786056837865283
202,ppo_lognormal,ppo,lognormal,1,-98.6502277139524,7.624937881867045,98.6502277139524,8.862432479858398,4.766101837158203,5.935413360595703,2.3034563064575195,1.1102230246251565e-15,-100.44072785397026,100.44072785397026,8.881784197001252e-16,-0.6610065698623657,5.710823059082031,0.0,-0.0009237259315947691,31.13004977646328,2.077503176672118
203,ppo_lognormal,ppo,lognormal,1,-97.51306869471162,6.483581515458724,97.51306869471162,8.74673080444336,4.767836570739746,5.935398101806641,2.302529811859131,1.1102230246251565e-15,-98.45244435494556,98.45244435494556,8.881784197001252e-16,-0.7573379278182983,5.8489274978637695,0.0,-0.00017912818362847681,31.18995733204342,2.0742140376851674
204,ppo_lognormal,ppo,lognormal,1,-100.17125921198854,6.764240036336315,100.17125921198854,9.018754005432129,5.1848273277282715,5.935227394104004,2.302029609680176,1.1102230246251565e-15,-98.60605574030598,98.60605574030598,8.881784197001252e-16,-0.8678673505783081,5.818464756011963,0.0,-0.00015683291712775826,31.047292178585415,2.070456401932807
205,ppo_lognormal,ppo,lognormal,1,-99.58482942423339,6.1170090030915425,99.58482942423339,9.242517471313477,4.513592720031738,5.935698509216309,2.301443338394165,1.1102230246251565e-15,-98.69652920632728,98.69652920632728,8.881784197001252e-16,-0.6332845687866211,5.810696601867676,0.0,-0.0011976663954555988,30.883119566099985,2.0683517981143225
206,ppo_lognormal,ppo,lognormal,1,-100.81988168036236,7.0223127802151994,100.81988168036236,9.619208335876465,5.470891952514648,5.937171459197998,2.301009178161621,1.3322676295501878e-15,-100.89470195580674,100.89470195580674,8.881784197001252e-16,-1.16133451461792,5.824807643890381,0.0,0.00047090672056323716,31.458669228213175,2.067187182960056
207,ppo_lognormal,ppo,lognormal,1,-99.09668965526315,7.086238731077299,99.09668965526315,8.494928359985352,4.891945838928223,5.937896251678467,2.3007073402404785,1.1102230246251565e-15,-98.63016106425758,98.63016106425758,1.1102230246251565e-15,-0.7672477960586548,5.547185897827148,0.0,-0.0007103649751072572,31.12872278122675,2.0676747120562053
208,ppo_lognormal,ppo,lognormal,1,-98.66821852040431,6.142045984116428,98.66821852040431,9.336405754089355,5.157299995422363,5.938724517822266,2.3005025386810303,1.1102230246251565e-15,-101.01140463069223,101.01140463069223,8.881784197001252e-16,-1.244253396987915,6.238978385925293,0.0,-0.0014414370775089733,31.089430879978906,2.064937424801645
209,ppo_lognormal,ppo,lognormal,1,-99.08439712142885,6.601190009274597,99.08439712142885,9.31701374053955,4.760587692260742,5.939330577850342,2.3003010749816895,1.5543122344752192e-15,-100.45739909203422,100.45739909203422,1.1102230246251565e-15,-0.9322543144226074,6.082895278930664,0.0,3.042594263596194e-05,31.105077329136076,2.0643364020756314
210,ppo_lognormal,ppo,lognormal,1,-99.0541015410989,6.232060546285295,99.0541015410989,9.141026496887207,4.355359077453613,5.940966606140137,2.3001458644866943,1.7763568394002505e-15,-98.67903949631848,98.67903949631848,8.881784197001252e-16,-0.5399869084358215,5.6038126945495605,0.0,-0.00010608694615906902,31.564583679040272,2.0625278743959607
211,ppo_lognormal,ppo,lognormal,1,-102.48163923772931,7.559320435184699,102.48163923772931,10.032628059387207,6.365994930267334,5.942230224609375,2.300060987472534,1.5543122344752192e-15,-99.77504440342267,99.77504440342267,8.881784197001252e-16,-1.3390066623687744,6.420454978942871,0.0,0.0006788883003450575,32.059607349690936,2.057754092273258
212,ppo_lognormal,ppo,lognormal,1,-99.60413511822844,7.220329837914254,99.60413511822844,8.260723114013672,4.78865909576416,5.9442033767700195,2.299933671951294,1.3322676295501878e-15,-100.42741114355721,100.42741114355721,8.881784197001252e-16,-0.5595540404319763,5.418726921081543,0.0,-0.0018801389849700389,31.68014056058157,2.05489787814163
213,ppo_lognormal,ppo,lognormal,1,-99.99945599677284,5.007916588786113,99.99945599677284,8.000158309936523,3.59719181060791,5.946907997131348,2.299605369567871,1.5543122344752192e-15,-98.03423460754065,98.03423460754065,1.1102230246251565e-15,-0.21601814031600952,5.368383407592773,0.0,0.00012515327571669505,31.469820465360367,2.0528212941828228
214,ppo_lognormal,ppo,lognormal,1,-99.65773918312331,5.868947441241889,99.65773918312331,9.209466934204102,4.568220615386963,5.949220657348633,2.2990167140960693,1.3322676295501878e-15,-99.78951819613368,99.78951819613368,8.881784197001252e-16,-0.21741053462028503,5.554207801818848,0.0,-0.0017124084711429618,31.571534423601058,2.050199329853058
215,ppo_lognormal,ppo,lognormal,1,-99.41100446425179,6.733761371483552,99.41100446425179,9.082025527954102,3.986407518386841,5.951201438903809,2.2983005046844482,1.1102230246251565e-15,-98.94039838045559,98.94039838045559,8.881784197001252e-16,-0.7686225175857544,5.735538959503174,0.0,3.5178501136778363e-05,31.664443816457474,2.0489731019451503
216,ppo_lognormal,ppo,lognormal,1,-100.74952543408997,5.920840801570849,100.74952543408997,9.748973846435547,4.885737419128418,5.952914237976074,2.29740047454834,1.5543122344752192e-15,-101.30488150964334,101.30488150964334,1.1102230246251565e-15,-0.4512960910797119,5.892634391784668,0.0,-0.0007539607772958421,31.69100260734558,2.048216843179294
217,ppo_lognormal,ppo,lognormal,1,-98.60091581654027,6.752549458948287,98.60091581654027,8.040014266967773,3.759054660797119,5.954128265380859,2.296452283859253,8.881784197001252e-16,-101.01417995073267,101.01417995073267,8.881784197001252e-16,-0.6649693846702576,5.314255714416504,0.0,-0.000484625792263874,31.25894720781417,2.047846617443221
218,ppo_lognormal,ppo,lognormal,1,-100.4409302482799,7.753332420962806,100.4409302482799,8.578803062438965,4.3884148597717285,5.955722808837891,2.2956252098083496,1.7763568394002505e-15,-99.60899700294357,99.60899700294357,8.881784197001252e-16,-0.7130899429321289,5.354735851287842,0.0,0.00010651666005807263,31.75953705254055,2.0453643798828125
219,ppo_lognormal,ppo,lognormal,1,-99.3345932598494,5.026133870021098,99.3345932598494,9.449180603027344,4.702363967895508,5.957090854644775,2.294769048690796,1.3322676295501878e-15,-100.2419646455626,100.2419646455626,1.1102230246251565e-15,-0.2943127155303955,5.616499900817871,0.0,-0.0005018230821449487,31.851992609955015,2.0422137408029464
220,ppo_lognormal,ppo,lognormal,1,-99.21301773926801,5.468121055354792,99.21301773926801,8.19243335723877,4.66369104385376,5.95873498916626,2.2939958572387695,1.1102230246251565e-15,-100.2419545910237,100.2419545910237,1.1102230246251565e-15,-0.6111428141593933,5.486719131469727,0.0,-0.0008965042597126393,31.469098948297045,2.041626055325781
221,ppo_lognormal,ppo,lognormal,1,-97.74219668346436,6.4037743062258645,97.74219668346436,8.520539283752441,4.138284683227539,5.960116863250732,2.2931745052337646,1.3322676295501878e-15,-100.28205239993535,100.28205239993535,1.1102230246251565e-15,-0.4978450834751129,5.4282331466674805,0.0,-0.0006288020688641284,30.969571090879896,2.0409156623340787
222,ppo_lognormal,ppo,lognormal,1,-99.10133990068068,6.21408068990665,99.10133990068068,9.59929084777832,5.471376895904541,5.961164951324463,2.2925262451171875,1.3322676295501878e-15,-97.39420013203514,97.39420013203514,8.881784197001252e-16,-1.0406712293624878,5.9849467277526855,0.0,-0.0018670885294254514,31.620277833370935,2.038545873193514
223,ppo_lognormal,ppo,lognormal,1,-98.99458379153646,5.868930594188348,98.99458379153646,8.462936401367188,4.5265350341796875,5.961809158325195,2.2918102741241455,8.881784197001252e-16,-100.28150314267396,100.28150314267396,8.881784197001252e-16,-0.553992509841919,5.489921569824219,0.0,-0.0004768111393786967,31.130041684423173,2.034840016847565
224,ppo_lognormal,ppo,lognormal,1,-100.2191879746087,7.4663108088019,100.2191879746087,9.695295333862305,5.862000465393066,5.962248802185059,2.291236162185669,1.3322676295501878e-15,-101.06929464678387,101.06929464678387,8.881784197001252e-16,-1.1643122434616089,5.866086006164551,0.0,-0.0015667957625174452,32.40858614728565,2.0356984181063518
225,ppo_lognormal,ppo,lognormal,1,-98.38032447317319,3.933702671394049,98.38032447317319,8.98133659362793,4.59880256652832,5.962745666503906,2.290703773498535,1.3322676295501878e-15,-99.82174735294856,99.82174735294856,1.1102230246251565e-15,-0.3170520067214966,5.564281463623047,0.0,-0.0005551689620395857,31.221908506892976,2.03593087267308
226,ppo_lognormal,ppo,lognormal,1,-99.79797386115727,6.701910016190044,99.79797386115727,9.486859321594238,5.344087600708008,5.963067531585693,2.2903029918670654,1.1102230246251565e-15,-97.23671884104868,97.23671884104868,8.881784197001252e-16,-0.8710200190544128,5.833227157592773,0.0,-0.0003267941868952697,31.651925691536494,2.034119438557398
227,ppo_lognormal,ppo,lognormal,1,-100.27376250253602,5.987591737775712,100.27376250253602,8.4409818649292,5.078340530395508,5.964218616485596,2.289858818054199,1.1102230246251565e-15,-100.7852609906329,100.7852609906329,1.1102230246251565e-15,-0.3503277599811554,5.7516632080078125,0.0,-0.0005109620133658783,31.690032862481615,2.0335163672765098
228,ppo_lognormal,ppo,lognormal,1,-98.79781415558946,6.7434407762358,98.79781415558946,7.850375175476074,4.160313606262207,5.965343475341797,2.289417028427124,1.1102230246251565e-15,-98.0314410507058,98.0314410507058,8.881784197001252e-16,-0.48044759035110474,5.301084041595459,0.0,0.00022883051895492134,31.4051118294398,2.0316062441893985
229,ppo_lognormal,ppo,lognormal,1,-97.75479490846783,6.431783938423187,97.75479490846783,8.830098152160645,4.26756477355957,5.966169834136963,2.2889885902404785,1.1102230246251565e-15,-100.1465738661629,100.1465738661629,1.1102230246251565e-15,-0.7315554022789001,5.651409149169922,0.0,-0.0008896018303598144,30.894340217113495,2.0271641732681367
230,ppo_lognormal,ppo,lognormal,1,-101.18368960526354,8.382551608238751,101.18368960526354,8.499046325683594,5.160743236541748,5.967548370361328,2.2885427474975586,1.1102230246251565e-15,-100.27561943930817,100.27561943930817,1.1102230246251565e-15,-0.5311694145202637,5.9998674392700195,0.0,-0.0005199112236455438,32.208072463671364,2.0243862193255198
231,ppo_lognormal,ppo,lognormal,1,-100.6497245951717,7.217988278797322,100.6497245951717,8.320676803588867,5.004364967346191,5.968967437744141,2.288224697113037,1.3322676295501878e-15,-99.42008509637758,99.42008509637758,8.881784197001252e-16,-0.7930569648742676,5.7631330490112305,0.0,-0.000270651618761587,31.57050260191872,2.0224573725745794
232,ppo_lognormal,ppo,lognormal,1,-98.2893589039227,5.969466046180919,98.2893589039227,7.849757194519043,4.467267990112305,5.970767974853516,2.287919044494629,1.3322676295501878e-15,-100.94534948314836,100.94534948314836,1.1102230246251565e-15,-0.47815167903900146,5.5059428215026855,0.0,-0.0006696159959704216,31.456683471089317,2.019128579468954
233,ppo_lognormal,ppo,lognormal,1,-98.90627358882972,6.529159999737281,98.90627358882972,8.141010284423828,5.931869029998779,5.972177028656006,2.287705421447754,8.881784197001252e-16,-98.44445777711849,98.44445777711849,1.1102230246251565e-15,-1.1447579860687256,5.882477760314941,0.0,-0.000756933112695281,31.98259447585969,2.013762343497503
234,ppo_lognormal,ppo,lognormal,1,-99.3383628360072,6.739783877003428,99.3383628360072,9.59323501586914,5.820394515991211,5.973343372344971,2.2874910831451416,1.3322676295501878e-15,-99.15858783079318,99.15858783079318,1.1102230246251565e-15,-1.160841703414917,6.120482444763184,0.0,0.0006644964589559961,31.539742012818653,2.0075332884277617
235,ppo_lognormal,ppo,lognormal,1,-99.18824364502964,5.9244530313658945,99.18824364502964,9.948221206665039,4.998912811279297,5.974335670471191,2.2872917652130127,1.3322676295501878e-15,-99.61379841196282,99.61379841196282,1.1102230246251565e-15,-0.4644082486629486,5.897984504699707,0.0,-0.0002335337838823242,31.834749908674333,2.0021191331602277
236,ppo_lognormal,ppo,lognormal,1,-97.12580969047576,6.730236550680626,97.12580969047576,8.701263427734375,4.891837120056152,5.975307464599609,2.2870595455169678,1.3322676295501878e-15,-101.83759747004277,101.83759747004277,1.1102230246251565e-15,-0.7226641178131104,5.47142219543457,0.0,-0.0007158479365032344,31.45476852144514,1.9999599903821945
237,ppo_lognormal,ppo,lognormal,1,-99.4891558969712,5.609470212661335,99.4891558969712,8.592639923095703,5.142942428588867,5.975830078125,2.286928415298462,1.1102230246251565e-15,-99.73535761673122,99.73535761673122,8.881784197001252e-16,-1.4640852212905884,5.971169471740723,0.0,-0.0012538593617223558,30.926460413705733,1.9993420080060051
238,ppo_lognormal,ppo,lognormal,1,-99.45138723477177,5.559284005877826,99.45138723477177,8.556562423706055,5.454270362854004,5.976571083068848,2.2868032455444336,1.1102230246251565e-15,-99.15918133952151,99.15918133952151,1.1102230246251565e-15,-0.6986329555511475,5.76059627532959,0.0,-0.0010449243543137396,31.945816728330794,1.9983615605604081
239,ppo_lognormal,ppo,lognormal,1,-100.11517763084302,7.529164194094906,100.11517763084302,8.778100967407227,4.32997989654541,5.977356433868408,2.286740303039551,1.3322676295501878e-15,-100.60787339156542,100.60787339156542,1.1102230246251565e-15,-0.6988906264305115,5.707101345062256,0.0,0.00016198975832334587,31.368225222542172,1.9978323841378802
240,ppo_lognormal,ppo,lognormal,1,-99.72974918945451,5.768580546226674,99.72974918945451,9.044137001037598,4.159053325653076,5.978737831115723,2.28662109375,1.5543122344752192e-15,-100.77170827119141,100.77170827119141,8.881784197001252e-16,-0.08232814073562622,5.367732048034668,0.0,-0.0009024521956841151,31.766599166960944,1.9963160004644167
241,ppo_lognormal,ppo,lognormal,1,-100.19259127219394,7.8251414106449895,100.19259127219394,9.493003845214844,4.546574592590332,5.980175971984863,2.286539316177368,1.1102230246251565e-15,-100.67522937410139,100.67522937410139,8.881784197001252e-16,-0.8337823152542114,5.623635768890381,0.0,-0.0007159870971615115,31.412731594982603,1.9940044518027986
242,ppo_lognormal,ppo,lognormal,1,-99.54125741878188,5.3166335738198995,99.54125741878188,9.904146194458008,3.944314479827881,5.98130989074707,2.2862441539764404,1.3322676295501878e-15,-99.2447317638712,99.2447317638712,1.5543122344752192e-15,-0.32173869013786316,5.664211273193359,0.0,-0.00047424476915260865,31.125840076378413,1.9913447836325282
243,ppo_lognormal,ppo,lognormal,1,-99.20350414262381,6.70570782686175,99.20350414262381,8.92768669128418,4.087691307067871,5.982299327850342,2.286015748977661,1.3322676295501878e-15,-99.36457985611807,99.36457985611807,1.1102230246251565e-15,-1.0320699214935303,5.569070339202881,0.0,0.00017534739925481734,31.17810138634273,1.9905040242842265
244,ppo_lognormal,ppo,lognormal,1,-100.23169668709585,6.620580698853342,100.23169668709585,9.016898155212402,5.418664932250977,5.9830403327941895,2.285836935043335,8.881784197001252e-16,-100.54410848006478,100.54410848006478,8.881784197001252e-16,-0.7922717332839966,6.140759468078613,0.0,-0.000610709547929998,32.11531802586147,1.9893403188103722
245,ppo_lognormal,ppo,lognormal,1,-96.95731119914993,6.462845758226813,96.95731119914993,8.371101379394531,4.499550819396973,5.984345436096191,2.285696029663086,1.5543122344752192e-15,-100.28171725630986,100.28171725630986,1.1102230246251565e-15,-0.6827596426010132,5.584925651550293,0.0,-0.00010162156208285264,30.89030283547583,1.988538278355485
246,ppo_lognormal,ppo,lognormal,1,-97.86352392184855,6.496377317619019,97.86352392184855,8.535974502563477,4.8249664306640625,5.985263824462891,2.285473346710205,1.5543122344752192e-15,-99.77744298115412,99.77744298115412,1.1102230246251565e-15,-0.7280337810516357,5.528833389282227,0.0,-0.0010840073283318254,31.232431584880466,1.9896721697988964
247,ppo_lognormal,ppo,lognormal,1,-95.81453348199628,4.330203182886908,95.81453348199628,8.721219062805176,3.159080982208252,5.9862799644470215,2.2853899002075195,1.3322676295501878e-15,-100.19298487709409,100.19298487709409,1.1102230246251565e-15,-0.3477567434310913,5.3329362869262695,0.0,0.000567368280220156,29.587628807340348,1.9888667865168481
248,ppo_lognormal,ppo,lognormal,1,-100.35482796369735,6.124152359339951,100.35482796369735,9.290203094482422,4.3332319259643555,5.987143516540527,2.2852747440338135,1.1102230246251565e-15,-99.64271338780677,99.64271338780677,8.881784197001252e-16,-0.5086907744407654,5.5736188888549805,0.0,7.151093866143907e-05,31.184354438668205,1.985326955006236
249,ppo_lognormal,ppo,lognormal,1,-97.1063612181537,5.586210260950263,97.1063612181537,9.162738800048828,3.437227249145508,5.987650394439697,2.2850003242492676,1.3322676295501878e-15,-100.27757782159293,100.27757782159293,1.1102230246251565e-15,-0.43321728706359863,5.511237621307373,0.0,-0.0011065055954358762,30.596924600147066,1.9826019001858575
250,ppo_lognormal,ppo,lognormal,1,-98.88350311178365,4.610060714695846,98.88350311178365,8.424362182617188,4.8329925537109375,5.988076210021973,2.2846810817718506,8.881784197001252e-16,-100.31748453475346,100.31748453475346,1.1102230246251565e-15,-0.3433075249195099,5.496705055236816,0.0,-0.00012403381212304035,31.147618813174113,1.9825301276785987
251,ppo_lognormal,ppo,lognormal,1,-100.91113534619822,6.8497670320047686,100.91113534619822,8.378133773803711,5.505190849304199,5.988742828369141,2.284353494644165,1.3322676295501878e-15,-99.52172002667339,99.52172002667339,8.881784197001252e-16,-0.931328296661377,5.948083877563477,0.0,0.00026774249272421,31.969457924365997,1.9815531043069703
252,ppo_lognormal,ppo,lognormal,1,-99.11581449124465,6.553876991449369,99.11581449124465,8.199750900268555,4.4395647048950195,5.98971700668335,2.2840278148651123,8.881784197001252e-16,-100.4526356879093,100.4526356879093,8.881784197001252e-16,-0.8060370087623596,5.529890537261963,0.0,-0.0003572147855136011,31.567214900539035,1.978486156534581
253,ppo_lognormal,ppo,lognormal,1,-98.68493325403327,5.939398215544045,98.68493325403327,9.612504959106445,4.876277923583984,5.99058723449707,2.283663511276245,1.1102230246251565e-15,-98.63299828997411,98.63299828997411,1.5543122344752192e-15,-0.6400505900382996,5.520188331604004,0.0,-0.000866764848719218,31.41744725477128,1.976652948984078
254,ppo_lognormal,ppo,lognormal,1,-99.93454311068405,9.813346858083785,99.93454311068405,9.177091598510742,6.300477027893066,5.991185188293457,2.2833635807037354,1.3322676295501878e-15,-99.26936225140244,99.26936225140244,1.1102230246251565e-15,-1.329694151878357,6.017967700958252,0.0,-0.0014356613807779337,31.602113099325273,1.9732582824570792
255,ppo_lognormal,ppo,lognormal,1,-98.20847554088536,6.214326259997389,98.20847554088536,8.175710678100586,4.667612075805664,5.991992473602295,2.2829813957214355,1.1102230246251565e-15,-100.2801432038049,100.2801432038049,1.1102230246251565e-15,-0.8851557970046997,5.778249263763428,0.0,-0.0009609766448626207,31.324446246737526,1.9693051083456903
256,ppo_lognormal,ppo,lognormal,1,-99.50009997104729,7.58208626462952,99.50009997104729,9.582696914672852,4.7925262451171875,5.992618560791016,2.2826013565063477,1.3322676295501878e-15,-98.72266481859418,98.72266481859418,8.881784197001252e-16,-0.8294678926467896,5.798616886138916,0.0,-0.001349080722623815,31.692734590598516,1.968918767003786
257,ppo_lognormal,ppo,lognormal,1,-101.22113011133268,6.953596247768166,101.22113011133268,8.191535949707031,4.623574256896973,5.993002891540527,2.282254695892334,8.881784197001252e-16,-99.51278660474465,99.51278660474465,1.5543122344752192e-15,-0.8311400413513184,5.690834999084473,0.0,-0.0011576016439080593,31.43863920370738,1.9699032977223396
258,ppo_lognormal,ppo,lognormal,1,-100.27680919254651,6.669774128815791,100.27680919254651,8.682385444641113,4.224356174468994,5.993526458740234,2.2818655967712402,1.3322676295501878e-15,-98.46079630570038,98.46079630570038,8.881784197001252e-16,-0.6952440738677979,5.540379524230957,0.0,-0.000700733283468123,31.413841738587333,1.9682079773573649
259,ppo_lognormal,ppo,lognormal,1,-100.41299875106793,6.642807009458303,100.41299875106793,9.156444549560547,5.472041130065918,5.9941792488098145,2.281538486480713,1.1102230246251565e-15,-100.3745916148297,100.3745916148297,1.3322676295501878e-15,-0.7957757115364075,6.149945259094238,0.0,-0.0006151291641539761,32.12662851526623,1.9674630544724918
260,ppo_lognormal,ppo,lognormal,1,-99.28827577776977,7.327083153396838,99.28827577776977,9.193084716796875,4.517695426940918,5.994604587554932,2.2811403274536133,1.1102230246251565e-15,-101.11224844237606,101.11224844237606,8.881784197001252e-16,-0.44563794136047363,5.515739440917969,0.0,-0.00027177579024629226,31.222742937860033,1.9694882840627717
261,ppo_lognormal,ppo,lognormal,1,-100.68212688969211,6.709458167649092,100.68212688969211,9.242959976196289,5.437436103820801,5.994809627532959,2.280794382095337,1.3322676295501878e-15,-99.83052794266266,99.83052794266266,8.881784197001252e-16,-1.014338493347168,6.064206600189209,0.0,-0.0006994808818923221,32.157678019432794,1.9697343370034581
262,ppo_lognormal,ppo,lognormal,1,-102.07723428482876,8.330323128778826,102.07723428482876,9.514181137084961,4.396712779998779,5.994961738586426,2.2804603576660156,1.7763568394002505e-15,-98.08773413375737,98.08773413375737,1.1102230246251565e-15,-1.07990300655365,5.839409351348877,0.0,-7.589253419566722e-05,32.22661742142269,1.9688755532815343
263,ppo_lognormal,ppo,lognormal,1,-99.82006958059131,6.5188284575277455,99.82006958059131,9.710268020629883,4.506152629852295,5.995213508605957,2.2801473140716553,1.3322676295501878e-15,-100.83578151613,100.83578151613,8.881784197001252e-16,-0.47913768887519836,5.732397556304932,0.0,0.0006509216452416565,31.96826694125221,1.9680355159299714
264,ppo_lognormal,ppo,lognormal,1,-101.32806668877205,8.617822501066684,101.32806668877205,8.305185317993164,5.3822126388549805,5.995319366455078,2.279921531677246,3.1086244689504383e-15,-98.58073355069628,98.58073355069628,1.1102230246251565e-15,-1.0167757272720337,5.751966953277588,0.0,0.0006120385092106604,32.66491855609985,1.9657679295965604
265,ppo_lognormal,ppo,lognormal,1,-98.92498629917736,6.358911916831831,98.92498629917736,9.548770904541016,3.95943021774292,5.995219707489014,2.279714584350586,1.3322676295501878e-15,-98.807182055982,98.807182055982,1.1102230246251565e-15,-0.8279073238372803,5.7454376220703125,0.0,-0.0004917399464396848,31.458284545512427,1.9638914483643712
266,ppo_lognormal,ppo,lognormal,1,-97.597123919077,5.471441201628905,97.597123919077,9.490323066711426,4.489078044891357,5.995306015014648,2.279448986053467,1.3322676295501878e-15,-100.11064875186773,100.11064875186773,1.1102230246251565e-15,-0.4844222664833069,5.538890361785889,0.0,-0.0013789226095901714,32.2278284118289,1.9626688070240474
267,ppo_lognormal,ppo,lognormal,1,-100.38409455451429,6.003733637102847,100.38409455451429,9.036380767822266,4.995973110198975,5.9953999519348145,2.2792296409606934,1.7763568394002505e-15,-98.68302668047858,98.68302668047858,1.1102230246251565e-15,-1.0050289630889893,5.655838489532471,0.0,-0.0005515409256553366,32.39131275528953,1.9625135252163524
268,ppo_lognormal,ppo,lognormal,1,-100.65443801519847,8.684634144090122,100.65443801519847,8.734661102294922,4.737926483154297,5.995291233062744,2.279017925262451,2.220446049250313e-15,-98.16079769267266,98.16079769267266,1.7763568394002505e-15,-0.7455675601959229,5.572396755218506,0.0,5.86109845677302e-06,32.39141850812094,1.9596403904613995
269,ppo_lognormal,ppo,lognormal,1,-99.48104838373527,5.515176004920959,99.48104838373527,9.212297439575195,4.533103942871094,5.995783805847168,2.278698205947876,1.7763568394002505e-15,-98.68308399614766,98.68308399614766,1.1102230246251565e-15,-0.19553214311599731,5.647407531738281,0.0,-0.0016963367483445577,31.83145846355529,1.956528296782857
270,ppo_lognormal,ppo,lognormal,1,-102.978895786441,5.667473156064876,102.978895786441,8.050490379333496,4.595975875854492,5.996106147766113,2.2783167362213135,1.3322676295501878e-15,-96.81659333929622,96.81659333929622,8.881784197001252e-16,-0.5536133646965027,5.654818534851074,0.0,-0.0002489766227968392,32.7043930717877,1.9547806797283036
271,ppo_lognormal,ppo,lognormal,1,-100.0096587966626,7.043259001173219,100.0096587966626,8.840709686279297,4.872856140136719,5.99617862701416,2.277926206588745,1.5543122344752192e-15,-99.34310889536029,99.34310889536029,1.1102230246251565e-15,-0.5527041554450989,5.568158149719238,0.0,-0.0011034014640331623,32.34823741941225,1.9540802641283899
272,ppo_lognormal,ppo,lognormal,1,-100.39320256111215,7.196163120996017,100.39320256111215,8.209013938903809,4.323741912841797,5.997200965881348,2.277543306350708,1.3322676295501878e-15,-99.27326334159949,99.27326334159949,8.881784197001252e-16,-0.3947376608848572,5.5648698806762695,0.0,-0.001582086252580796,31.865980318614415,1.9524935466193019
273,ppo_lognormal,ppo,lognormal,1,-100.23756359264318,5.995587494590629,100.23756359264318,8.99797534942627,4.061609268188477,5.998259544372559,2.277024984359741,1.1102230246251565e-15,-98.784375099832,98.784375099832,1.7763568394002505e-15,-0.3815222978591919,5.569268703460693,0.0,-0.000789932391074087,32.412459313869476,1.951720848324753
274,ppo_lognormal,ppo,lognormal,1,-100.58238780376861,7.825339721732303,100.58238780376861,8.817815780639648,5.209910869598389,5.999035358428955,2.2765603065490723,1.7763568394002505e-15,-99.23969926158028,99.23969926158028,1.1102230246251565e-15,-1.3209552764892578,6.037161827087402,0.0,-0.002596559729205356,32.70985720838819,1.9507284625655128
275,ppo_lognormal,ppo,lognormal,1,-99.27298530923576,6.6153578424346104,99.27298530923576,9.206012725830078,4.004697799682617,5.999772548675537,2.276003360748291,1.3322676295501878e-15,-99.09023996671787,99.09023996671787,1.7763568394002505e-15,-0.3666379451751709,5.286779403686523,0.0,-0.001379219984214398,31.851950023855483,1.9480294507174265
276,ppo_lognormal,ppo,lognormal,1,-98.39605112596503,6.032918204491328,98.39605112596503,9.283191680908203,4.269761562347412,6.000912666320801,2.2753288745880127,1.5543122344752192e-15,-100.43946397535453,100.43946397535453,8.881784197001252e-16,-0.3662779629230499,5.908348560333252,0.0,0.0007275594897302133,31.67605834631693,1.9461406260019256
277,ppo_lognormal,ppo,lognormal,1,-98.84658211597461,6.52237111824611,98.84658211597461,8.9623384475708,4.611349582672119,6.002023220062256,2.2746164798736572,1.3322676295501878e-15,-102.0598286563151,102.0598286563151,8.881784197001252e-16,-0.512868344783783,5.508639335632324,0.0,-0.0007832147613433855,31.890427237465268,1.9448944447296006
278,ppo_lognormal,ppo,lognormal,1,-100.9235024842125,6.961395887985623,100.9235024842125,9.581570625305176,4.987878799438477,6.0029377937316895,2.274071216583252,1.3322676295501878e-15,-98.10635312509402,98.10635312509402,8.881784197001252e-16,-0.6328487396240234,5.664980888366699,0.0,-0.0012790845163787405,32.15077283126967,1.9406643158623151
279,ppo_lognormal,ppo,lognormal,1,-101.35159650091853,6.545405348667565,101.35159650091853,8.854037284851074,4.9620161056518555,6.003693580627441,2.273611545562744,1.5543122344752192e-15,-102.79541800991564,102.79541800991564,1.1102230246251565e-15,-0.8383603692054749,5.646576881408691,0.0,-0.0003970706768866096,32.37688918908437,1.9373467830674989
280,ppo_lognormal,ppo,lognormal,1,-100.35450472710967,6.700747315261746,100.35450472710967,9.405803680419922,5.668234825134277,6.004658222198486,2.273245334625244,1.3322676295501878e-15,-99.06532289111789,99.06532289111789,1.3322676295501878e-15,-1.1980266571044922,6.069344997406006,0.0,-0.0022913273673371543,32.84799996727989,1.9356794243767148
281,ppo_lognormal,ppo,lognormal,1,-98.76854651497936,5.33034715511699,98.76854651497936,10.055843353271484,4.3542890548706055,6.005422592163086,2.2727322578430176,1.5543122344752192e-15,-99.27072083433163,99.27072083433163,1.1102230246251565e-15,-0.45655518770217896,5.60015344619751,0.0,-0.0012384803613669994,31.586687848681496,1.9322515836074239
282,ppo_lognormal,ppo,lognormal,1,-98.5085850073058,6.5886828795167425,98.5085850073058,8.698310852050781,4.219329833984375,6.006049156188965,2.272279977798462,1.7763568394002505e-15,-100.80489893042002,100.80489893042002,1.5543122344752192e-15,-0.7694473266601562,5.318682670593262,0.0,-0.00029220209190888066,31.687152927830105,1.930376899384317
283,ppo_lognormal,ppo,lognormal,1,-98.18372459158513,6.170241687789789,98.18372459158513,8.74177074432373,4.548438549041748,6.006364345550537,2.2718400955200195,1.3322676295501878e-15,-98.50130294158964,98.50130294158964,1.3322676295501878e-15,-0.7619410157203674,5.5954999923706055,0.0,-0.0019752579391933978,31.42341280267352,1.9297563266896067
284,ppo_lognormal,ppo,lognormal,1,-96.7720469397333,6.099943663837806,96.7720469397333,8.410228729248047,4.261614799499512,6.006308555603027,2.2714316844940186,1.3322676295501878e-15,-98.49578258187002,98.49578258187002,1.1102230246251565e-15,-0.6450338959693909,5.629683494567871,0.0,-0.0010466867991323983,30.611770700840722,1.9276734931128365
285,ppo_lognormal,ppo,lognormal,1,-98.30335504299937,5.5335434624777635,98.30335504299937,8.913908004760742,4.864809036254883,6.005952835083008,2.2710201740264893,1.3322676295501878e-15,-101.32130697419913,101.32130697419913,1.1102230246251565e-15,-0.5958479642868042,5.695831298828125,0.0,0.00029289853271274337,31.666575372219086,1.9264595203456425
286,ppo_lognormal,ppo,lognormal,1,-97.92439032715602,7.093568295643631,97.92439032715602,9.726901054382324,4.459744453430176,6.005803108215332,2.2706716060638428,1.3322676295501878e-15,-100.04231608570294,100.04231608570294,1.1102230246251565e-15,-1.1126831769943237,5.81593132019043,0.0,-0.00014113522844300385,31.587153996740067,1.9272559441271282
287,ppo_lognormal,ppo,lognormal,1,-100.95451088476221,6.943127659448364,100.95451088476221,9.51823616027832,5.044676303863525,6.00548791885376,2.270430088043213,1.3322676295501878e-15,-99.28721318019663,99.28721318019663,1.1102230246251565e-15,-1.0880300998687744,5.769063472747803,0.0,-6.810180743091873e-05,31.69287880261739,1.9281673172400111
288,ppo_lognormal,ppo,lognormal,1,-98.47814118282942,5.801149569220809,98.47814118282942,9.147689819335938,3.9294304847717285,6.005066394805908,2.270014762878418,1.3322676295501878e-15,-97.78311250394438,97.78311250394438,1.1102230246251565e-15,-0.4717593193054199,5.723773956298828,0.0,-0.003565128149819516,30.949951245671226,1.928315560732569
289,ppo_lognormal,ppo,lognormal,1,-97.68925836786656,5.666990161518126,97.68925836786656,9.881599426269531,4.132434844970703,6.004432201385498,2.2696332931518555,1.3322676295501878e-15,-99.19518094074482,99.19518094074482,8.881784197001252e-16,-0.7275378108024597,5.459042549133301,0.0,-0.001129657576148886,30.968624651432037,1.9275895580649376
290,ppo_lognormal,ppo,lognormal,1,-99.06039469265164,6.541516944119519,99.06039469265164,8.173765182495117,4.859172821044922,6.003966331481934,2.2692818641662598,1.3322676295501878e-15,-101.66144928800463,101.66144928800463,8.881784197001252e-16,-0.6214841604232788,5.750865936279297,0.0,-0.0013584886494624829,31.379854119959333,1.9237311439854758
291,ppo_lognormal,ppo,lognormal,1,-99.06343264801293,7.194042743241323,99.06343264801293,8.5123929977417,4.631357192993164,6.003446578979492,2.268782138824463,8.881784197001252e-16,-98.74725497534361,98.74725497534361,8.881784197001252e-16,-0.45083117485046387,5.650862216949463,0.0,-3.878710724945579e-05,31.238590020508994,1.9205588400363922
292,ppo_lognormal,ppo,lognormal,1,-101.14072452072259,6.414400107173981,101.14072452072259,8.858465194702148,5.534015655517578,6.002935409545898,2.268296241760254,1.3322676295501878e-15,-99.10737609540129,99.10737609540129,1.7763568394002505e-15,-0.9735232591629028,5.7307915687561035,0.0,-0.0020907482830807567,32.34500347148804,1.9191935481060118
293,ppo_lognormal,ppo,lognormal,1,-99.73308427538066,6.636725258558729,99.73308427538066,9.203437805175781,4.0535383224487305,6.002756118774414,2.267791271209717,1.7763568394002505e-15,-100.6605004538359,100.6605004538359,1.1102230246251565e-15,-0.782157838344574,6.04504919052124,0.0,7.243471641448282e-05,31.608774690400985,1.9175527415105276
294,ppo_lognormal,ppo,lognormal,1,-99.15413399957885,5.657971381862781,99.15413399957885,8.671661376953125,3.6948082447052,6.002790451049805,2.2673282623291016,8.881784197001252e-16,-100.92278779294479,100.92278779294479,1.1102230246251565e-15,-0.3484767973423004,5.238828659057617,0.0,-0.0011977862976934937,31.087345290751685,1.9153533957543827
295,ppo_lognormal,ppo,lognormal,1,-99.10184373653334,6.944424168238061,99.10184373653334,8.969694137573242,3.6987898349761963,6.00297212600708,2.266813278198242,1.3322676295501878e-15,-100.10002023844737,100.10002023844737,1.1102230246251565e-15,-0.5669892430305481,5.484334468841553,0.0,-0.0011476439290813037,31.130766107922508,1.9146074184349604
296,ppo_lognormal,ppo,lognormal,1,-97.05958896014026,5.436508436690526,97.05958896014026,9.454961776733398,4.467803001403809,6.0030694007873535,2.266343593597412,1.1102230246251565e-15,-97.35888726842856,97.35888726842856,1.7763568394002505e-15,-0.8695456981658936,5.687217712402344,0.0,-0.0003684344978648282,31.121207750978925,1.9139371677523567
297,ppo_lognormal,ppo,lognormal,1,-99.18412437095266,5.9696541299143115,99.18412437095266,9.545554161071777,4.313568115234375,6.003007888793945,2.2658209800720215,1.3322676295501878e-15,-98.7615688264736,98.7615688264736,8.881784197001252e-16,-0.6730506420135498,5.8792314529418945,0.0,-0.0011941656509103875,31.383369618938083,1.9122153605733598
298,ppo_lognormal,ppo,lognormal,1,-97.89509969626877,6.271792805929851,97.89509969626877,8.709611892700195,4.0074687004089355,6.002742767333984,2.265192985534668,1.7763568394002505e-15,-99.09659782833333,99.09659782833333,8.881784197001252e-16,-0.39621061086654663,5.347334861755371,0.0,-0.001069484846777327,31.17085843143009,1.9099689019577843
299,ppo_lognormal,ppo,lognormal,1,-99.34606038455544,5.650309420677681,99.34606038455544,8.709430694580078,4.231335163116455,6.002499580383301,2.2644779682159424,1.7763568394002505e-15,-97.07681013966229,97.07681013966229,1.1102230246251565e-15,-0.6260479688644409,5.584770679473877,0.0,-0.000989877950078586,31.79621659290223,1.9084294658331644
300,ppo_lognormal,ppo,lognormal,1,-97.51020749132894,5.397857984902118,97.51020749132894,9.084035873413086,3.82378888130188,6.002613067626953,2.2638437747955322,1.1102230246251565e-15,-101.09642408465024,101.09642408465024,1.1102230246251565e-15,-0.45929887890815735,5.2966508865356445,0.0,-0.00038916863628574427,31.22859567687625,1.907608839372794
301,ppo_lognormal,ppo,lognormal,1,-100.45077796749374,6.223323772636084,100.45077796749374,8.917695999145508,5.308720111846924,6.002642631530762,2.263270854949951,1.3322676295501878e-15,-99.28192619525188,99.28192619525188,1.1102230246251565e-15,-1.0948094129562378,5.783286094665527,0.0,-0.001297711768919336,32.13139472972779,1.9062508543332417
302,ppo_lognormal,ppo,lognormal,1,-100.48150001275292,6.754912445176163,100.48150001275292,8.889275550842285,4.771780967712402,6.0030293464660645,2.2628111839294434,1.3322676295501878e-15,-98.60606645604801,98.60606645604801,1.1102230246251565e-15,-0.6669365167617798,5.913559436798096,0.0,-0.0005431854681644056,31.886493374903996,1.904038005286739
303,ppo_lognormal,ppo,lognormal,1,-100.12397825278912,7.01157859846835,100.12397825278912,8.947654724121094,4.746676445007324,6.0032501220703125,2.262345790863037,1.3322676295501878e-15,-100.17515755753095,100.17515755753095,8.881784197001252e-16,-0.6582221984863281,6.0076518058776855,0.0,-0.0018027554615400732,31.923950632413227,1.9032728033406394
304,ppo_lognormal,ppo,lognormal,1,-97.49858461395976,5.9895013886713855,97.49858461395976,8.561153411865234,5.2830119132995605,6.00341796875,2.2619285583496094,1.3322676295501878e-15,-101.59011832298981,101.59011832298981,8.881784197001252e-16,-1.0159969329833984,5.78349494934082,0.0,-0.001151121038544391,31.53562993662698,1.9033153379956882
305,ppo_lognormal,ppo,lognormal,1,-96.99060841962319,5.290693645729573,96.99060841962319,9.231940269470215,3.4208459854125977,6.003236770629883,2.261608600616455,1.5543122344752192e-15,-98.83948339825876,98.83948339825876,1.1102230246251565e-15,-0.15660375356674194,4.9005632400512695,0.0,9.274251836662491e-05,30.41375853617986,1.90140930918001
306,ppo_lognormal,ppo,lognormal,1,-97.96082184919896,7.666227910312531,97.96082184919896,8.436793327331543,4.0922770500183105,6.003049850463867,2.261291742324829,1.1102230246251565e-15,-99.76997584204784,99.76997584204784,1.1102230246251565e-15,-0.8259149789810181,5.473444938659668,0.0,-0.0007604058344094526,30.968551624388923,1.898389105285917
307,ppo_lognormal,ppo,lognormal,1,-102.3404271380266,9.64215317239853,102.3404271380266,8.850507736206055,5.871415138244629,6.003127098083496,2.2610645294189453,1.3322676295501878e-15,-97.16626459252572,97.16626459252572,1.3322676295501878e-15,-1.1514217853546143,6.09310245513916,0.0,8.380977115372108e-05,32.83587047031948,1.8965913110545702
308,ppo_lognormal,ppo,lognormal,1,-96.86267984934,5.949582917792634,96.86267984934,8.679754257202148,3.6235716342926025,6.003363609313965,2.2607421875,1.3322676295501878e-15,-99.1216365209108,99.1216365209108,8.881784197001252e-16,-0.23635312914848328,5.00714111328125,0.0,-0.0009093325629475571,30.578205213660286,1.894756046079454
309,ppo_lognormal,ppo,lognormal,1,-99.38560020954964,5.4962185410516256,99.38560020954964,9.823836326599121,4.017300605773926,6.003478050231934,2.260488271713257,1.7763568394002505e-15,-100.26734781811457,100.26734781811457,8.881784197001252e-16,-0.6540056467056274,5.306248664855957,0.0,-0.0008096898423640855,31.405612437498,1.8934915363788605
310,ppo_lognormal,ppo,lognormal,1,-100.25039761135358,5.85695700265302,100.25039761135358,8.847125053405762,4.088318824768066,6.003628730773926,2.2601733207702637,1.3322676295501878e-15,-99.6196839114433,99.6196839114433,1.1102230246251565e-15,-0.41523489356040955,5.647276401519775,0.0,-0.0011159821491067607,31.82383088412739,1.8923602625727654
311,ppo_lognormal,ppo,lognormal,1,-97.39966865152897,5.054680112218831,97.39966865152897,8.303925514221191,4.070589065551758,6.003425598144531,2.2598047256469727,1.3322676295501878e-15,-97.70433296807663,97.70433296807663,1.1102230246251565e-15,-0.246273934841156,5.097041130065918,0.0,-0.00023251274459263577,31.300191740194958,1.8918081529083706
312,ppo_lognormal,ppo,lognormal,1,-98.10310155919376,6.657387799150697,98.10310155919376,8.141799926757812,3.7602128982543945,6.003636360168457,2.2593026161193848,1.1102230246251565e-15,-100.09486486204403,100.09486486204403,1.3322676295501878e-15,-0.15118932723999023,5.323649883270264,0.0,-0.0010596095373676647,31.579572442032042,1.8911748879722186
313,ppo_lognormal,ppo,lognormal,1,-99.06483877469273,6.105182575172576,99.06483877469273,9.654902458190918,4.022941589355469,6.003573417663574,2.2586758136749268,1.3322676295501878e-15,-100.18293611465725,100.18293611465725,8.881784197001252e-16,-0.25990015268325806,5.607133865356445,0.0,-0.0008143875415303878,31.874321909177873,1.8905941208913213
314,ppo_lognormal,ppo,lognormal,1,-97.92330427657717,5.700412406244743,97.92330427657717,8.571661949157715,3.6396830081939697,6.003951072692871,2.258021593093872,1.3322676295501878e-15,-98.2504016342595,98.2504016342595,1.1102230246251565e-15,-0.33392542600631714,5.182039737701416,0.0,-0.0017009305468361293,31.171899122851237,1.8907545074110939
315,ppo_lognormal,ppo,lognormal,1,-99.10649421031022,6.936297730596709,99.10649421031022,9.254533767700195,4.206912994384766,6.004327774047852,2.2573564052581787,1.3322676295501878e-15,-100.21114249328772,100.21114249328772,8.881784197001252e-16,-0.5759397745132446,5.553806781768799,0.0,-0.00035305757496860766,31.95786701213746,1.8910682591654004
316,ppo_lognormal,ppo,lognormal,1,-99.50991087227546,7.0236520847948265,99.50991087227546,8.797321319580078,5.255783557891846,6.004642486572266,2.256737232208252,1.7763568394002505e-15,-98.81512066155196,98.81512066155196,1.1102230246251565e-15,-0.5751179456710815,5.845179557800293,0.0,-0.0007663120964675077,32.21522930406389,1.8899098670198804
317,ppo_lognormal,ppo,lognormal,1,-99.14148923626702,5.868772447023627,99.14148923626702,9.216312408447266,4.271000862121582,6.005478858947754,2.2561707496643066,1.7763568394002505e-15,-98.63833528442072,98.63833528442072,1.1102230246251565e-15,-0.39882609248161316,5.909946918487549,0.0,-0.0017933060631289013,32.230720772629695,1.887588690788973
318,ppo_lognormal,ppo,lognormal,1,-97.70585842493057,5.223970501092165,97.70585842493057,8.620233535766602,3.737375259399414,6.006173610687256,2.255512237548828,1.3322676295501878e-15,-98.00295506880192,98.00295506880192,1.3322676295501878e-15,-0.31059831380844116,5.18638801574707,0.0,-0.0012372545343601988,31.15370523929596,1.8869729208804311
319,ppo_lognormal,ppo,lognormal,1,-97.26184778825875,5.666941712704201,97.26184778825875,8.714712142944336,3.6113078594207764,6.00633430480957,2.2548556327819824,1.3322676295501878e-15,-99.57291454706491,99.57291454706491,1.1102230246251565e-15,-0.4339732229709625,5.336577415466309,0.0,-0.0023185333910597755,31.077747103713808,1.8860504240507172
320,ppo_lognormal,ppo,lognormal,1,-98.79960960999045,5.847412163697715,98.79960960999045,8.858359336853027,4.858721733093262,6.006530284881592,2.2543132305145264,1.5543122344752192e-15,-98.57677480205899,98.57677480205899,1.1102230246251565e-15,-0.8065881729125977,5.610025882720947,0.0,-0.0015477289589831517,31.98189723207837,1.8848870510146731
321,ppo_lognormal,ppo,lognormal,1,-99.86383889923124,7.367556351431351,99.86383889923124,8.085798263549805,4.41015100479126,6.006771087646484,2.25370454788208,1.3322676295501878e-15,-101.00313596951011,101.00313596951011,1.7763568394002505e-15,-0.5481348037719727,5.520302772521973,0.0,-0.0017046061832280386,31.359492597125826,1.8851058937254406
322,ppo_lognormal,ppo,lognormal,1,-100.0450438480548,6.7736633415550696,100.0450438480548,8.502315521240234,3.9376842975616455,6.006949424743652,2.2531237602233887,1.3322676295501878e-15,-100.47925299062524,100.47925299062524,8.881784197001252e-16,-0.5822556018829346,5.515232563018799,0.0,-0.0005658316963707053,31.856438335918245,1.8838277945206279
323,ppo_lognormal,ppo,lognormal,1,-97.36965214835361,5.916275042775915,97.36965214835361,8.164497375488281,4.195847511291504,6.00738525390625,2.252562999725342,1.3322676295501878e-15,-99.45849308160386,99.45849308160386,1.1102230246251565e-15,-0.7592394351959229,5.657751560211182,0.0,-0.0008040892509078341,31.925429940223694,1.8833103587939626
324,ppo_lognormal,ppo,lognormal,1,-99.44863497655979,5.905980801383702,99.44863497655979,8.862998962402344,4.526015758514404,6.00786018371582,2.2520101070404053,1.7763568394002505e-15,-101.11363828014646,101.11363828014646,1.3322676295501878e-15,-0.43703699111938477,5.386226654052734,0.0,-0.0009284304770907122,32.15671108024461,1.8821463733911514
325,ppo_lognormal,ppo,lognormal,1,-100.05564106831412,5.790935789237644,100.05564106831412,8.71820068359375,4.3072686195373535,6.00879430770874,2.251425266265869,1.3322676295501878e-15,-100.42047816730519,100.42047816730519,1.5543122344752192e-15,-0.4096074104309082,5.624326705932617,0.0,-0.0008126723058965235,32.47573435590381,1.8816844696799915
326,ppo_lognormal,ppo,lognormal,1,-97.34687174661273,6.838446901482914,97.34687174661273,8.753543853759766,4.347960472106934,6.009651184082031,2.2508575916290283,1.3322676295501878e-15,-99.86203028102508,99.86203028102508,8.881784197001252e-16,-0.45699241757392883,5.290384292602539,0.0,-0.0029830608483670013,31.48668713229043,1.8818390717109044
327,ppo_lognormal,ppo,lognormal,1,-99.01625435630271,7.165903191119043,99.01625435630271,8.930061340332031,4.264559745788574,6.010791778564453,2.250298023223877,1.3322676295501878e-15,-100.73210023026144,100.73210023026144,1.1102230246251565e-15,-0.677160382270813,5.574706554412842,0.0,-0.0018477757084405138,31.466018009753455,1.8810869834962345
328,ppo_lognormal,ppo,lognormal,1,-99.10531647984821,6.529218081150222,99.10531647984821,8.74962043762207,5.241891860961914,6.012042999267578,2.249865770339966,1.7763568394002505e-15,-98.79794150452247,98.79794150452247,8.881784197001252e-16,-0.9840402007102966,5.788536071777344,0.0,-0.0003723962193665405,31.55813132297425,1.8785537364227431
329,ppo_lognormal,ppo,lognormal,1,-99.34535146259336,6.697761151040012,99.34535146259336,8.932889938354492,4.622823715209961,6.0135345458984375,2.2493622303009033,1.3322676295501878e-15,-99.00199274336977,99.00199274336977,1.7763568394002505e-15,-0.43224167823791504,5.643633842468262,0.0,-0.001247211231938785,31.60832689773469,1.8773051826726823
330,ppo_lognormal,ppo,lognormal,1,-98.33007782167064,5.385688488686427,98.33007782167064,7.149300575256348,3.997363328933716,6.015042304992676,2.2488319873809814,1.3322676295501878e-15,-98.60181700134798,98.60181700134798,8.881784197001252e-16,-0.3486793041229248,5.117876052856445,0.0,0.00027829393816535317,31.158894246532803,1.8754304945468903
331,ppo_lognormal,ppo,lognormal,1,-98.96594947710282,6.1446245494957195,98.96594947710282,9.710609436035156,5.069932460784912,6.016524314880371,2.2483768463134766,1.7763568394002505e-15,-100.73703679931361,100.73703679931361,1.7763568394002505e-15,-0.6692478656768799,5.853458404541016,0.0,-0.002630578212639583,32.0948800444603,1.8736000419372605
332,ppo_lognormal,ppo,lognormal,1,-98.85359905418957,6.646405955692466,98.85359905418957,8.24681282043457,4.09466552734375,6.018058776855469,2.2479987144470215,1.3322676295501878e-15,-99.95918341611215,99.95918341611215,8.881784197001252e-16,-0.6658397912979126,5.259365558624268,0.0,-0.0013966434884683362,31.728317839758738,1.872411949293954
333,ppo_lognormal,ppo,lognormal,1,-99.30573526245007,6.8240732880459065,99.30573526245007,9.284292221069336,3.913444995880127,6.019497871398926,2.247701406478882,1.3322676295501878e-15,-101.45271212141779,101.45271212141779,1.3322676295501878e-15,-0.5723414421081543,5.51140022277832,0.0,0.00022647754078553546,31.5515897217251,1.8724159843155317
334,ppo_lognormal,ppo,lognormal,1,-98.73095021088528,6.647610175507319,98.73095021088528,9.26880168914795,4.517580986022949,6.021080017089844,2.2473061084747314,1.5543122344752192e-15,-99.36441792472817,99.36441792472817,1.7763568394002505e-15,-0.5107101202011108,5.868758201599121,0.0,-0.0005631064635790175,32.05503657602129,1.8724122856344496
335,ppo_lognormal,ppo,lognormal,1,-99.39990809187694,6.567241478633748,99.39990809187694,8.742080688476562,4.155521392822266,6.0231099128723145,2.246933937072754,1.3322676295501878e-15,-99.72212738900286,99.72212738900286,1.5543122344752192e-15,-0.172934427857399,5.400170803070068,0.0,-0.0012930921899775665,31.680823487894877,1.8708928312574113
336,ppo_lognormal,ppo,lognormal,1,-97.73413787524908,7.463422704797993,97.73413787524908,9.146478652954102,4.612828254699707,6.025256633758545,2.246598243713379,1.3322676295501878e-15,-97.97440208149749,97.97440208149749,1.1102230246251565e-15,-0.7284224629402161,5.6451616287231445,0.0,-0.0005103414018993222,31.60851519164585,1.8701426468434788
337,ppo_lognormal,ppo,lognormal,1,-100.93072340329941,7.470352619899044,100.93072340329941,8.69690227508545,5.77872371673584,6.02723503112793,2.2462410926818848,1.3322676295501878e-15,-100.4719400516735,100.4719400516735,1.7763568394002505e-15,-0.7957541942596436,6.0138421058654785,0.0,-0.0022261414172438285,32.93228609505154,1.8692663102632476
338,ppo_lognormal,ppo,lognormal,1,-98.75108655742346,5.534019383690162,98.75108655742346,9.115440368652344,4.021868705749512,6.0292158126831055,2.2458949089050293,1.3322676295501878e-15,-101.8107373995548,101.8107373995548,1.1102230246251565e-15,-0.5614693760871887,5.631383895874023,0.0,-0.002035522561830779,31.84820902063733,1.8686272044266974
339,ppo_lognormal,ppo,lognormal,1,-96.95182589423952,5.698551076752874,96.95182589423952,8.900964736938477,4.484236717224121,6.031171798706055,2.245602607727051,1.3322676295501878e-15,-98.95743981194319,98.95743981194319,1.7763568394002505e-15,-0.029769837856292725,5.469738006591797,0.0,-0.0018144966674125975,31.696175561064766,1.8687523021584465
340,ppo_lognormal,ppo,lognormal,1,-98.88305245076378,7.487284858143451,98.88305245076378,8.220084190368652,5.1540117263793945,6.033039093017578,2.245293378829956,1.3322676295501878e-15,-100.00589009179548,100.00589009179548,1.1102230246251565e-15,-0.6907072067260742,5.43809175491333,0.0,-0.00190524985304191,32.17091535386585,1.8679172914652598
341,ppo_lognormal,ppo,lognormal,1,-98.3736106391628,5.200499109644808,98.3736106391628,9.625720977783203,4.878981590270996,6.034440994262695,2.244967460632324,1.3322676295501878e-15,-98.8720171089527,98.8720171089527,1.3322676295501878e-15,-0.8932092189788818,5.8163251876831055,0.0,-0.00018499013856940327,31.81083706730888,1.8676958804329236
342,ppo_lognormal,ppo,lognormal,1,-98.12065473844552,6.776476181820296,98.12065473844552,9.326677322387695,4.57187557220459,6.035642147064209,2.244713306427002,1.3322676295501878e-15,-98.27304848690446,98.27304848690446,1.7763568394002505e-15,-0.8489342927932739,5.69730281829834,0.0,-0.0008667656525392973,31.730576620215462,1.8674579585591953
343,ppo_lognormal,ppo,lognormal,1,-98.8406101603472,6.090103767871536,98.8406101603472,9.51763916015625,5.676586151123047,6.036689281463623,2.2445244789123535,1.3322676295501878e-15,-99.57219063569526,99.57219063569526,1.5543122344752192e-15,-0.601798415184021,5.753979682922363,0.0,-0.00036785312806300466,32.52785810402462,1.8669379687025434
344,ppo_lognormal,ppo,lognormal,1,-98.7449340714295,7.408173087721876,98.7449340714295,9.195560455322266,4.682572364807129,6.037466526031494,2.244295597076416,1.3322676295501878e-15,-99.61209420285019,99.61209420285019,1.5543122344752192e-15,-0.5139912366867065,5.3836259841918945,0.0,-0.0007165856049617841,31.60478931949252,1.8657703080347605
345,ppo_lognormal,ppo,lognormal,1,-96.32900080771684,5.885951967672202,96.32900080771684,8.882377624511719,4.279538154602051,6.038150310516357,2.2440853118896484,1.3322676295501878e-15,-99.88712031938633,99.88712031938633,1.7763568394002505e-15,-0.5090177655220032,5.427699089050293,0.0,-0.001848599233198911,31.396479830855416,1.8653662921417327
346,ppo_lognormal,ppo,lognormal,1,-98.35098032933472,6.609293956218047,98.35098032933472,8.577786445617676,5.39106559753418,6.038681983947754,2.243903875350952,1.3322676295501878e-15,-100.45312985891385,100.45312985891385,1.3322676295501878e-15,-0.9886291027069092,5.663179397583008,0.0,8.502345909142779e-05,31.787649353345234,1.8644412819828307
347,ppo_lognormal,ppo,lognormal,1,-96.9826734984184,5.494415788497113,96.9826734984184,8.351984024047852,3.9528064727783203,6.039097785949707,2.2435734272003174,1.3322676295501878e-15,-101.95025841842275,101.95025841842275,1.3322676295501878e-15,0.021625086665153503,5.547393321990967,0.0,-0.0008623940105150853,30.955185423294704,1.8639699809608006
348,ppo_lognormal,ppo,lognormal,1,-100.18966016768645,8.52846195834657,100.18966016768645,9.527570724487305,4.7035908699035645,6.039659023284912,2.2432875633239746,1.3322676295501878e-15,-98.24153966321589,98.24153966321589,1.5543122344752192e-15,-0.758453905582428,5.905725955963135,0.0,-0.000683596134573842,31.830314798014506,1.8642210956840288
349,ppo_lognormal,ppo,lognormal,1,-98.30769234326907,7.319448114266181,98.30769234326907,9.623838424682617,4.791878700256348,6.040235996246338,2.243083953857422,1.5543122344752192e-15,-99.22173597683224,99.22173597683224,1.3322676295501878e-15,-0.7475610375404358,5.863476753234863,0.0,-0.0006274190686997913,31.54390792335783,1.8635655737348966
350,ppo_lognormal,ppo,lognormal,1,-98.71336422187855,7.399646686388503,98.71336422187855,8.375537872314453,4.921037673950195,6.040985584259033,2.242973566055298,1.7763568394002505e-15,-97.4000332729542,97.4000332729542,1.1102230246251565e-15,-1.1852977275848389,5.7681169509887695,0.0,-0.0016185484460688063,31.73534545160475,1.8632512667349406
351,ppo_lognormal,ppo,lognormal,1,-98.29551124852232,6.880858041690282,98.29551124852232,8.939517974853516,4.637721538543701,6.04148006439209,2.2428665161132812,1.3322676295501878e-15,-100.50213713383067,100.50213713383067,1.3322676295501878e-15,-0.9108031392097473,5.459414482116699,0.0,-0.0007494682989393672,31.576537972404843,1.8630207315796898
352,ppo_lognormal,ppo,lognormal,1,-97.54741499368136,5.514723952479071,97.54741499368136,9.899121284484863,3.6369900703430176,6.042140960693359,2.242741346359253,1.3322676295501878e-15,-98.07177496788219,98.07177496788219,1.1102230246251565e-15,-0.3916972279548645,5.69672155380249,0.0,-0.00017002303918291415,31.105984500476293,1.8628736720198678
353,ppo_lognormal,ppo,lognormal,1,-98.42742540024778,6.586803065051395,98.42742540024778,8.262472152709961,4.379061698913574,6.0430192947387695,2.2425553798675537,1.3322676295501878e-15,-98.48744349476866,98.48744349476866,1.7763568394002505e-15,-0.35014206171035767,5.406215190887451,0.0,-0.0012178033052588858,31.166722291991825,1.8620614821002597
354,ppo_lognormal,ppo,lognormal,1,-94.88606950792692,5.480962773653844,94.88606950792692,8.389362335205078,4.112730503082275,6.043633937835693,2.242281913757324,1.3322676295501878e-15,-100.45324364682227,100.45324364682227,1.3322676295501878e-15,-0.28593677282333374,5.320079803466797,0.0,-0.00038705240391815704,30.54910954549199,1.8609987021911711
355,ppo_lognormal,ppo,lognormal,1,-97.09798050215035,6.3480069045700125,97.09798050215035,9.291852951049805,4.5854668617248535,6.044012069702148,2.241969347000122,1.3322676295501878e-15,-97.7523881670358,97.7523881670358,1.3322676295501878e-15,-0.682776927947998,5.76315975189209,0.0,-0.0019037123808326821,31.37768249568485,1.8611006133613133
356,ppo_lognormal,ppo,lognormal,1,-97.08397048392092,7.544785184757752,97.08397048392092,9.267807960510254,4.608132839202881,6.044378280639648,2.241670608520508,1.3322676295501878e-15,-99.97792197535162,99.97792197535162,1.3322676295501878e-15,-0.4513283371925354,5.638643264770508,0.0,-0.0016624594822392932,31.608732601006825,1.859675710045156
357,ppo_lognormal,ppo,lognormal,1,-98.48944857222779,6.658290705732689,98.48944857222779,9.450241088867188,4.2208967208862305,6.045283317565918,2.2414374351501465,1.3322676295501878e-15,-98.14962750994336,98.14962750994336,1.7763568394002505e-15,-0.09630817174911499,5.675081253051758,0.0,-0.0007914723883870812,31.211450461830413,1.8584154514329774
358,ppo_lognormal,ppo,lognormal,1,-97.3744936404591,8.87208614559117,97.3744936404591,8.548912048339844,5.214698314666748,6.046061038970947,2.2413089275360107,1.1102230246251565e-15,-97.9297882007694,97.9297882007694,1.1102230246251565e-15,-1.80109703540802,6.071419715881348,0.0,-0.0007605516667743879,31.578101952870686,1.8580818286254293
359,ppo_lognormal,ppo,lognormal,1,-96.19698043953298,6.381031878592479,96.19698043953298,9.702314376831055,3.8934073448181152,6.047113418579102,2.2411727905273438,1.3322676295501878e-15,-100.55589205947174,100.55589205947174,8.881784197001252e-16,-0.47953203320503235,5.623513221740723,0.0,-0.0015646798392048194,30.418224567458743,1.8578420380751293
360,ppo_lognormal,ppo,lognormal,1,-99.08811593003364,6.832201728362965,99.08811593003364,8.951383590698242,4.633631229400635,6.048305988311768,2.2410624027252197,1.1102230246251565e-15,-96.93820650261694,96.93820650261694,1.3322676295501878e-15,-1.0981793403625488,5.763917922973633,0.0,-0.001182484475152922,31.40939049351783,1.8570575419636
361,ppo_lognormal,ppo,lognormal,1,-99.55560529852949,6.574472623149619,99.55560529852949,8.210237503051758,3.9111335277557373,6.049436569213867,2.2408559322357178,1.1102230246251565e-15,-98.80592283353562,98.80592283353562,1.1102230246251565e-15,-0.2243359386920929,5.1984968185424805,0.0,-0.0006489598973920303,31.161506692568462,1.856954653703031
362,ppo_lognormal,ppo,lognormal,1,-96.40498001147701,6.064645371370999,96.40498001147701,8.826040267944336,4.664068222045898,6.0502610206604,2.240602970123291,1.3322676295501878e-15,-100.80303487979941,100.80303487979941,1.5543122344752192e-15,-0.6792484521865845,5.458281993865967,0.0,0.000205522663669572,30.70572209642047,1.8560155913943337
363,ppo_lognormal,ppo,lognormal,1,-96.57166967651294,6.413615618335729,96.57166967651294,9.074968338012695,4.27987003326416,6.050849914550781,2.2403016090393066,1.3322676295501878e-15,-100.8775688029897,100.8775688029897,1.3322676295501878e-15,-0.34494227170944214,5.705284595489502,0.0,-0.0006199268252766203,30.6330321260861,1.8557817293774514
364,ppo_lognormal,ppo,lognormal,1,-97.79214516135968,4.096481976705767,97.79214516135968,9.12508773803711,4.214296817779541,6.051350116729736,2.2399628162384033,1.3322676295501878e-15,-98.753144992999,98.753144992999,1.3322676295501878e-15,-0.10737976431846619,5.538317680358887,0.0,-0.00035936786748823666,30.408859755311692,1.856854606242407
365,ppo_lognormal,ppo,lognormal,1,-96.65081424164687,6.597007903050105,96.65081424164687,9.421142578125,4.467279434204102,6.051931381225586,2.2396819591522217,1.5543122344752192e-15,-98.71278970826691,98.71278970826691,1.7763568394002505e-15,-0.9159568548202515,5.53341007232666,0.0,-0.00033582650524164947,30.432195024830953,1.8578570254501843
366,ppo_lognormal,ppo,lognormal,1,-94.31118326192794,6.568928244262685,94.31118326192794,8.851009368896484,3.431459903717041,6.0524725914001465,2.2394630908966064,1.3322676295501878e-15,-100.58582449782278,100.58582449782278,1.7763568394002505e-15,-0.47797539830207825,5.196512699127197,0.0,-0.0014949158565806492,29.603872077805654,1.856538671822775
367,ppo_lognormal,ppo,lognormal,1,-98.25446335056728,9.863539708076967,98.25446335056728,7.740610122680664,5.58936071395874,6.0531415939331055,2.239295244216919,1.5543122344752192e-15,-98.77590874453449,98.77590874453449,1.7763568394002505e-15,-1.4754536151885986,5.861560344696045,0.0,9.167306346907502e-05,31.931571213972,1.8558421773569924
368,ppo_lognormal,ppo,lognormal,1,-96.55071303096905,6.4656126594472045,96.55071303096905,8.469277381896973,4.140175819396973,6.0539751052856445,2.2390224933624268,1.1102230246251565e-15,-97.86222933225463,97.86222933225463,1.1102230246251565e-15,-0.17032194137573242,5.550958156585693,0.0,5.9000650210128656e-05,30.28287382069088,1.8555702847384272
369,ppo_lognormal,ppo,lognormal,1,-98.30262287130327,7.184312189373411,98.30262287130327,8.062019348144531,4.762260437011719,6.054967403411865,2.2387161254882812,1.3322676295501878e-15,-99.17173885266783,99.17173885266783,1.7763568394002505e-15,-0.5647890567779541,5.441079139709473,0.0,-0.00027854383058313815,31.005054059482756,1.8552249510373389
370,ppo_lognormal,ppo,lognormal,1,-98.1303800040572,7.533605005023405,98.1303800040572,9.39238166809082,5.1438188552856445,6.055911064147949,2.2384066581726074,1.3322676295501878e-15,-100.51019104506321,100.51019104506321,1.3322676295501878e-15,-0.9715725183486938,5.817019939422607,0.0,-0.0006757225866229939,31.180629304477147,1.853505172190212
371,ppo_lognormal,ppo,lognormal,1,-96.52446231006992,6.270784218140354,96.52446231006992,8.939598083496094,5.025415420532227,6.0566511154174805,2.238196611404419,1.3322676295501878e-15,-96.66650095956791,96.66650095956791,1.7763568394002505e-15,-0.7692464590072632,5.935188293457031,0.0,-0.0015125260050852028,31.141609762396133,1.8515049683905782
372,ppo_lognormal,ppo,lognormal,1,-98.9193311976296,7.319478562486937,98.9193311976296,8.284954071044922,5.5511980056762695,6.05734395980835,2.238009452819824,1.3322676295501878e-15,-97.69899500512415,97.69899500512415,1.3322676295501878e-15,-0.8247669339179993,5.723876476287842,0.0,-0.0019838340258935376,31.859533817995164,1.850328137477239
373,ppo_lognormal,ppo,lognormal,1,-99.14872496523756,8.002445479539881,99.14872496523756,9.055107116699219,5.65897274017334,6.058017253875732,2.237896203994751,1.3322676295501878e-15,-99.74713783782869,99.74713783782869,1.3322676295501878e-15,-1.7572516202926636,6.193564414978027,0.0,-0.0019869442635570608,31.852797976561956,1.8489252115998949
374,ppo_lognormal,ppo,lognormal,1,-95.95835014768882,8.468395795729295,95.95835014768882,8.207283020019531,4.870649814605713,6.058661937713623,2.237790107727051,1.7763568394002505e-15,-99.23247023944299,99.23247023944299,1.3322676295501878e-15,-0.9609676003456116,5.437770843505859,0.0,-0.001029200802024986,30.629063228766125,1.8463050783390091
375,ppo_lognormal,ppo,lognormal,1,-98.00599335755236,7.918400113725316,98.00599335755236,9.102432250976562,4.551034927368164,6.05914306640625,2.237727642059326,1.3322676295501878e-15,-98.52680211839962,98.52680211839962,1.5543122344752192e-15,-0.917334794998169,5.6569366455078125,0.0,-0.0019198214812647728,31.305133291653224,1.8430923826637722
376,ppo_lognormal,ppo,lognormal,1,-95.45302185712963,6.09797876288152,95.45302185712963,9.517107963562012,3.9519340991973877,6.059468746185303,2.237656831741333,8.881784197001252e-16,-97.7960229141101,97.7960229141101,1.3322676295501878e-15,-0.40442216396331787,5.531135559082031,0.0,-0.0008140127922940467,30.32126487152917,1.8406952232832001
377,ppo_lognormal,ppo,lognormal,1,-97.34799164326625,7.442040435508151,97.34799164326625,8.197212219238281,4.146849632263184,6.060258865356445,2.2375452518463135,1.3322676295501878e-15,-97.04780441631542,97.04780441631542,1.3322676295501878e-15,-0.17492106556892395,5.343096733093262,0.0,-0.0009087967170801546,30.704267975829897,1.8404012354356902
378,ppo_lognormal,ppo,lognormal,1,-98.90234748894933,7.0486134310640844,98.90234748894933,9.002883911132812,4.72265625,6.06088924407959,2.237381935119629,1.3322676295501878e-15,-97.61435940630722,97.61435940630722,1.1102230246251565e-15,-0.44757145643234253,5.653580665588379,0.0,-0.001578365050677565,31.14192307563055,1.8398506801043237
379,ppo_lognormal,ppo,lognormal,1,-95.52403643214433,7.535239007281868,95.52403643214433,9.600339889526367,4.524050712585449,6.061603546142578,2.2372546195983887,1.3322676295501878e-15,-98.05206123019568,98.05206123019568,1.5543122344752192e-15,-0.9616318941116333,5.586154937744141,0.0,-0.0012990077486306074,30.826964914798737,1.8382348702067421
380,ppo_lognormal,ppo,lognormal,1,-98.66071001444757,7.257737517714259,98.66071001444757,8.85059928894043,4.027061462402344,6.062127113342285,2.237142324447632,1.3322676295501878e-15,-97.63798594445507,97.63798594445507,1.3322676295501878e-15,-0.6372717022895813,5.995456695556641,0.0,-0.001581579729515527,30.386548777421314,1.8370944006102425
381,ppo_lognormal,ppo,lognormal,1,-96.5920828877176,6.607857404556584,96.5920828877176,8.900009155273438,4.508906841278076,6.062793731689453,2.2370669841766357,1.3322676295501878e-15,-100.25844713437738,100.25844713437738,1.3322676295501878e-15,-0.7199867963790894,5.835556983947754,0.0,-0.002078896355150001,30.726514390536718,1.8354878283682323
382,ppo_lognormal,ppo,lognormal,1,-95.01552335009053,5.551509092423671,95.01552335009053,9.400253295898438,3.6935150623321533,6.063297748565674,2.2369565963745117,1.5543122344752192e-15,-97.49020001605638,97.49020001605638,1.3322676295501878e-15,-0.45809686183929443,5.632776260375977,0.0,0.0006086951942138729,29.932195422195253,1.8342660640676816
383,ppo_lognormal,ppo,lognormal,1,-99.29230302945658,7.6046768450068365,99.29230302945658,8.920454025268555,6.317180633544922,6.063955307006836,2.2368781566619873,8.881784197001252e-16,-97.56124740691428,97.56124740691428,1.3322676295501878e-15,-0.9909132719039917,6.217772483825684,0.0,-0.0021960291085720415,32.48539455164047,1.8341213798239118
384,ppo_lognormal,ppo,lognormal,1,-96.77189004172186,6.677257685899942,96.77189004172186,8.907964706420898,4.514817237854004,6.064706802368164,2.236800193786621,1.1102230246251565e-15,-98.61693777404955,98.61693777404955,1.3322676295501878e-15,-0.7028175592422485,5.565155029296875,0.0,-0.0006139777584134468,30.32898251215617,1.8349367447552227
385,ppo_lognormal,ppo,lognormal,1,-94.74820384352134,5.829701614477944,94.74820384352134,9.513640403747559,3.9856858253479004,6.065773963928223,2.2367305755615234,1.3322676295501878e-15,-98.46396087981591,98.46396087981591,1.3322676295501878e-15,-0.30013060569763184,5.477232933044434,0.0,-0.001844287482700089,30.102821423893882,1.8342016768597422
386,ppo_lognormal,ppo,lognormal,1,-98.45967904997913,6.619195149342741,98.45967904997913,8.632155418395996,5.0354814529418945,6.066902160644531,2.2366721630096436,1.3322676295501878e-15,-95.5568242943989,95.5568242943989,1.3322676295501878e-15,-0.8644871711730957,5.512015342712402,0.0,-0.0017931482275127478,30.72652080513182,1.8323720835504078
387,ppo_lognormal,ppo,lognormal,1,-95.84777688704793,6.495170353729236,95.84777688704793,7.710048198699951,3.8588919639587402,6.068012237548828,2.2366068363189697,1.3322676295501878e-15,-96.79437052135155,96.79437052135155,1.3322676295501878e-15,-0.6157562732696533,5.42134428024292,0.0,0.0003736116923391819,29.930823648259754,1.8316410606106122
388,ppo_lognormal,ppo,lognormal,1,-98.94069679151167,6.214727589622552,98.94069679151167,10.490309715270996,4.495316982269287,6.068936824798584,2.236469030380249,1.7763568394002505e-15,-98.53170506079255,98.53170506079255,2.220446049250313e-15,-0.3513791561126709,6.101276397705078,0.0,-0.0004694319989842673,30.5941658445767,1.8314704497655232
389,ppo_lognormal,ppo,lognormal,1,-97.28803938154795,6.293665471258657,97.28803938154795,8.597467422485352,4.121760368347168,6.069711685180664,2.2363271713256836,1.3322676295501878e-15,-96.40967707339881,96.40967707339881,1.7763568394002505e-15,-0.1555849313735962,5.066878795623779,0.0,-0.0011566760783482874,30.535859897023155,1.8306401804799126
390,ppo_lognormal,ppo,lognormal,1,-96.81461404017804,8.531717450702534,96.81461404017804,8.57436752319336,3.3093509674072266,6.07085657119751,2.2361795902252197,1.1102230246251565e-15,-101.22991508667033,101.22991508667033,1.1102230246251565e-15,-0.21334028244018555,5.019004821777344,0.0,-0.0017137072974860313,30.239158831891558,1.8310994037560053
391,ppo_lognormal,ppo,lognormal,1,-98.46776839077988,6.758229218942086,98.46776839077988,8.410270690917969,4.337549209594727,6.072319984436035,2.236016273498535,1.3322676295501878e-15,-98.08723539609818,98.08723539609818,1.7763568394002505e-15,-0.11468115448951721,5.546115875244141,0.0,-0.00046256037395713586,31.516730220544908,1.8318707137590362
392,ppo_lognormal,ppo,lognormal,1,-94.56511381357662,6.762816956317681,94.56511381357662,10.022533416748047,3.5034332275390625,6.073498725891113,2.2358319759368896,1.3322676295501878e-15,-97.58845286097787,97.58845286097787,8.881784197001252e-16,-0.5960229635238647,5.309894561767578,0.0,-0.002284767300200959,30.014199793338776,1.8310458975888433
393,ppo_lognormal,ppo,lognormal,1,-96.78142296047491,6.754689796527441,96.78142296047491,9.490894317626953,3.9715065956115723,6.074611663818359,2.2356526851654053,1.3322676295501878e-15,-98.23932947276023,98.23932947276023,1.7763568394002505e-15,-0.31714457273483276,5.464799880981445,0.0,-0.001351691020231339,30.328194865158626,1.828839198464439
394,ppo_lognormal,ppo,lognormal,1,-98.09577180948817,5.6228410154081,98.09577180948817,8.386638641357422,3.7972211837768555,6.075863838195801,2.235469102859497,1.3322676295501878e-15,-98.47017892041096,98.47017892041096,1.1102230246251565e-15,-0.27307313680648804,5.17258358001709,0.0,-0.0013812095608695277,30.48926567179816,1.8271892514257204
395,ppo_lognormal,ppo,lognormal,1,-97.8282427176789,7.166817242484858,97.8282427176789,9.167213439941406,3.8149895668029785,6.077349662780762,2.2353646755218506,1.1102230246251565e-15,-97.73797990159608,97.73797990159608,1.7763568394002505e-15,-0.11013816297054291,5.527543544769287,0.0,-0.001754743243855912,30.982486055010842,1.8260939795346487
396,ppo_lognormal,ppo,lognormal,1,-97.59545857842315,6.049359692252625,97.59545857842315,8.413457870483398,3.9983434677124023,6.079015731811523,2.235271453857422,1.1102230246251565e-15,-99.1009906833915,99.1009906833915,2.220446049250313e-15,-0.082297682762146,5.4817094802856445,0.0,0.00035134180160682825,30.199451889310563,1.825827494973228
397,ppo_lognormal,ppo,lognormal,1,-95.75526960768647,6.402782620253056,95.75526960768647,8.87413215637207,4.551203727722168,6.080531120300293,2.235210418701172,1.3322676295501878e-15,-101.10004584107826,101.10004584107826,1.5543122344752192e-15,-0.7230175733566284,5.830118179321289,0.0,9.592797141522169e-05,30.817833040441787,1.8252495665635382
398,ppo_lognormal,ppo,lognormal,1,-96.65323661702172,6.745829037707156,96.65323661702172,9.870274543762207,4.877077579498291,6.081813812255859,2.235135793685913,1.1102230246251565e-15,-98.09873278345201,98.09873278345201,1.5543122344752192e-15,-0.6654447317123413,5.824193954467773,0.0,-0.001054984421768625,30.92499115069707,1.824505010531062
399,ppo_lognormal,ppo,lognormal,1,-96.68230383121215,6.867512149492538,96.68230383121215,9.673303604125977,4.050108909606934,6.083185195922852,2.235032081604004,1.3322676295501878e-15,-98.92121989516528,98.92121989516528,1.3322676295501878e-15,-0.1876491904258728,5.548096656799316,0.0,-0.0015365211708870316,30.4810352069991,1.8246725701860018
400,ppo_lognormal,ppo,lognormal,1,-94.24623033521563,6.488597525430624,94.24623033521563,8.081374168395996,3.611510992050171,6.084818363189697,2.234952926635742,1.3322676295501878e-15,-98.15564018943438,98.15564018943438,1.3322676295501878e-15,-0.23671387135982513,5.2541351318359375,0.0,-0.0012006417077611246,29.581454782258895,1.824551162975175
401,ppo_lognormal,ppo,lognormal,1,-98.57154743841136,7.938852627592369,98.57154743841136,8.11389446258545,3.5331385135650635,6.0866522789001465,2.234891414642334,1.3322676295501878e-15,-95.81846012218814,95.81846012218814,1.7763568394002505e-15,-0.30664801597595215,5.491672515869141,0.0,-0.0025523235755307333,30.089216581412725,1.8245317840150423
402,ppo_lognormal,ppo,lognormal,1,-97.56873487477402,7.543089354983476,97.56873487477402,8.707916259765625,4.248000144958496,6.0885186195373535,2.2348129749298096,1.3322676295501878e-15,-97.80125350766215,97.80125350766215,1.7763568394002505e-15,-0.434839129447937,5.526828765869141,0.0,-0.0013999426709709777,30.800834363415127,1.8235454921211516
403,ppo_lognormal,ppo,lognormal,1,-95.2061067715411,7.664199215993272,95.2061067715411,9.41234302520752,4.263304233551025,6.090270519256592,2.2347099781036377,8.881784197001252e-16,-96.95587348881506,96.95587348881506,1.5543122344752192e-15,-0.45370474457740784,5.476282119750977,0.0,-0.0017272417760631513,30.15094115904399,1.821217799470538
404,ppo_lognormal,ppo,lognormal,1,-99.28520782328953,8.22736285187795,99.28520782328953,9.07427978515625,4.345633506774902,6.092252731323242,2.2346267700195312,1.3322676295501878e-15,-96.39783641926752,96.39783641926752,1.3322676295501878e-15,-0.09066176414489746,5.658077716827393,0.0,-0.0012448786416955823,30.63646556082226,1.819678816057387
405,ppo_lognormal,ppo,lognormal,1,-98.56640174463075,6.529678959856917,98.56640174463075,10.170888900756836,4.3826584815979,6.0940351486206055,2.2345263957977295,1.3322676295501878e-15,-98.73746676028472,98.73746676028472,1.3322676295501878e-15,-0.5286597013473511,5.799033164978027,0.0,-0.0014717830178726996,30.34292870759964,1.8183651254290627
406,ppo_lognormal,ppo,lognormal,1,-94.34087437971404,7.346826011600592,94.34087437971404,8.564727783203125,3.8341782093048096,6.095946311950684,2.234407663345337,1.3322676295501878e-15,-96.84250090283193,96.84250090283193,1.7763568394002505e-15,-0.33450260758399963,5.349977493286133,0.0,-0.0004451957342791415,29.81108800854002,1.8173204816523052
407,ppo_lognormal,ppo,lognormal,1,-97.86233024771542,7.544794855072552,97.86233024771542,9.26180648803711,5.056577205657959,6.0976948738098145,2.234318256378174,1.3322676295501878e-15,-98.18315804687481,98.18315804687481,1.1102230246251565e-15,-1.0814975500106812,5.588656425476074,0.0,-0.0019010028724248211,31.473454495271046,1.8166700530619848
408,ppo_lognormal,ppo,lognormal,1,-95.80521934179065,7.491580038860173,95.80521934179065,9.220602989196777,4.69776725769043,6.099393844604492,2.2342395782470703,1.7763568394002505e-15,-100.79685036411712,100.79685036411712,1.7763568394002505e-15,-0.425290584564209,5.499845504760742,0.0,-0.0005436311254189128,30.908760675362178,1.8157637520205407
409,ppo_lognormal,ppo,lognormal,1,-98.39823468489263,6.694093694332214,98.39823468489263,9.515462875366211,4.73957633972168,6.101036071777344,2.2341697216033936,1.3322676295501878e-15,-97.74750344067056,97.74750344067056,1.5543122344752192e-15,-0.6166465282440186,5.996642112731934,0.0,-0.0008011522558739497,30.745884858426592,1.8150904795953207
410,ppo_lognormal,ppo,lognormal,1,-96.04345715822173,6.680948903038984,96.04345715822173,9.108976364135742,4.095869541168213,6.102495193481445,2.234088659286499,1.7763568394002505e-15,-99.21996893642941,99.21996893642941,1.3322676295501878e-15,-0.38883864879608154,5.3988189697265625,0.0,-0.002398823576402806,30.14976654166267,1.8153815351071811
411,ppo_lognormal,ppo,lognormal,1,-97.88759625143084,6.5204380974518426,97.88759625143084,8.124054908752441,4.739945411682129,6.103619575500488,2.2339932918548584,1.3322676295501878e-15,-98.7088439812093,98.7088439812093,1.7763568394002505e-15,-0.7626681327819824,5.803554534912109,0.0,0.00018815057618277415,30.96399059607869,1.8149123266339302
412,ppo_lognormal,ppo,lognormal,1,-96.970733196297,8.07882324373295,96.970733196297,7.455577850341797,4.758864879608154,6.104825973510742,2.233914375305176,1.3322676295501878e-15,-97.79548549665023,97.79548549665023,1.5543122344752192e-15,-0.6528226137161255,5.504030704498291,0.0,-0.0022179305503544,31.154993613560993,1.8139025884724798
413,ppo_lognormal,ppo,lognormal,1,-97.52553124362203,6.116503001730196,97.52553124362203,7.780529499053955,5.327701568603516,6.106184482574463,2.233839750289917,1.3322676295501878e-15,-95.41328898756052,95.41328898756052,1.3322676295501878e-15,-0.5644460916519165,5.630256652832031,0.0,-0.0004864078419770868,31.601405453114282,1.8136104526264327
414,ppo_lognormal,ppo,lognormal,1,-98.62960367660145,5.5721439950495775,98.62960367660145,9.75384521484375,5.2855544090271,6.107432842254639,2.23376202583313,1.3322676295501878e-15,-100.44661014757642,100.44661014757642,1.3322676295501878e-15,-0.5127058029174805,5.7459492683410645,0.0,0.000164585235151684,31.07633726369767,1.8130924350449018
415,ppo_lognormal,ppo,lognormal,1,-96.01956836167312,6.820495706968137,96.01956836167312,9.166618347167969,4.884766578674316,6.108550548553467,2.233687400817871,1.3322676295501878e-15,-101.21732518880968,101.21732518880968,1.7763568394002505e-15,-0.7347883582115173,5.94943904876709,0.0,-0.00015001491798708835,30.76483405487878,1.811831220984459
416,ppo_lognormal,ppo,lognormal,1,-98.04766044374816,6.298938112102919,98.04766044374816,9.87786865234375,3.9460792541503906,6.109705448150635,2.23362135887146,1.3322676295501878e-15,-95.53899227459947,95.53899227459947,1.7763568394002505e-15,0.17491942644119263,6.026089668273926,0.0,0.00010949684517635476,30.040232144650957,1.8111710445511908
417,ppo_lognormal,ppo,lognormal,1,-95.43815116000476,6.186136719757338,95.43815116000476,9.392529487609863,3.567974328994751,6.1107659339904785,2.2335546016693115,1.7763568394002505e-15,-96.40366291607393,96.40366291607393,1.7763568394002505e-15,-0.36531227827072144,5.163998603820801,0.0,-0.00040956702737492465,29.46883395030385,1.811146338780721
418,ppo_lognormal,ppo,lognormal,1,-95.71866194414437,7.087777565325401,95.71866194414437,9.442952156066895,3.730708122253418,6.111979961395264,2.233462333679199,1.3322676295501878e-15,-97.78761233255294,97.78761233255294,1.7763568394002505e-15,-0.3383448123931885,5.749252796173096,0.0,-0.0018345943937588128,29.729212301118032,1.8108380479472024
419,ppo_lognormal,ppo,lognormal,1,-95.68207847830496,6.333500021952409,95.68207847830496,8.526809692382812,3.929873466491699,6.113246440887451,2.233391046524048,1.3322676295501878e-15,-96.58757415734519,96.58757415734519,2.220446049250313e-15,-0.4440203309059143,5.359917640686035,0.0,7.235162082083879e-05,29.78066744407018,1.8109767476008052
420,ppo_lognormal,ppo,lognormal,1,-98.18897036327303,6.614685396969823,98.18897036327303,9.010498046875,4.6588521003723145,6.114563465118408,2.2333157062530518,1.3322676295501878e-15,-98.74105305102435,98.74105305102435,1.7763568394002505e-15,-0.42069941759109497,5.3965606689453125,0.0,-0.00025050764781467264,30.673418050720578,1.8110079034453346
421,ppo_lognormal,ppo,lognormal,1,-95.97374442811179,8.051991528706973,95.97374442811179,9.38003158569336,4.214338302612305,6.11574125289917,2.2332639694213867,1.3322676295501878e-15,-97.47925042600583,97.47925042600583,1.7763568394002505e-15,-0.6566832661628723,5.360434532165527,0.0,-0.0014974716912201117,30.18557631969452,1.8108755431714512
422,ppo_lognormal,ppo,lognormal,1,-96.92835063799753,7.59018255780014,96.92835063799753,8.823036193847656,3.657839298248291,6.116925239562988,2.2332069873809814,8.881784197001252e-16,-98.79717426204675,98.79717426204675,1.5543122344752192e-15,-0.30065393447875977,4.969735145568848,0.0,-0.0008474229807255878,30.089883151508513,1.8107772164401554
423,ppo_lognormal,ppo,lognormal,1,-98.47049927180663,8.283738273776708,98.47049927180663,8.870101928710938,4.949490547180176,6.118112087249756,2.2331430912017822,1.3322676295501878e-15,-95.94135681953378,95.94135681953378,1.7763568394002505e-15,-0.7324653267860413,5.831521034240723,0.0,-0.0012153314725895012,31.058397276060923,1.810055377582709
424,ppo_lognormal,ppo,lognormal,1,-95.22762537961607,7.216021565462485,95.22762537961607,9.30404281616211,4.066020965576172,6.119232177734375,2.233051061630249,1.3322676295501878e-15,-97.81193661776527,97.81193661776527,1.7763568394002505e-15,-0.4025222063064575,5.3358378410339355,0.0,-0.00020453704720629112,29.926253032116662,1.8081529530740919
425,ppo_lognormal,ppo,lognormal,1,-94.71526297746975,6.4529656113946565,94.71526297746975,9.236719131469727,3.247910976409912,6.1203083992004395,2.2329440116882324,1.3322676295501878e-15,-97.46934560165145,97.46934560165145,1.7763568394002505e-15,-0.048213765025138855,4.924327373504639,0.0,-0.0005536082261685459,29.29603492929822,1.807411141693592
426,ppo_lognormal,ppo,lognormal,1,-95.96496428248696,5.844177909274149,95.96496428248696,9.322766304016113,3.8918657302856445,6.121326923370361,2.232821464538574,1.1102230246251565e-15,-96.29434227677557,96.29434227677557,1.3322676295501878e-15,-0.38398706912994385,5.310842514038086,0.0,-0.0007922415499619785,29.770795623461407,1.8075989190311659
427,ppo_lognormal,ppo,lognormal,1,-97.38881131986473,6.59288485863096,97.38881131986473,10.168180465698242,3.934128761291504,6.122215270996094,2.232714891433716,1.7763568394002505e-15,-97.53373701696792,97.53373701696792,1.3322676295501878e-15,-0.3079822063446045,5.333122253417969,0.0,-0.0009138001256533677,30.497992138067882,1.8072513604447955
428,ppo_lognormal,ppo,lognormal,1,-98.15326367633989,7.570110547681406,98.15326367633989,8.936423301696777,4.972131729125977,6.122983932495117,2.2326178550720215,8.881784197001252e-16,-98.40829489569126,98.40829489569126,1.7763568394002505e-15,-0.7633236646652222,5.869420528411865,0.0,-0.0015262659483899672,30.91071645418803,1.8072620768632208
429,ppo_lognormal,ppo,lognormal,1,-97.44500418240062,7.330349519699869,97.44500418240062,8.998199462890625,4.468335151672363,6.1238603591918945,2.2325165271759033,1.1102230246251565e-15,-97.49115852464361,97.49115852464361,1.3322676295501878e-15,-0.25769010186195374,5.800919532775879,0.0,-6.207023259429705e-05,30.910827511832828,1.8079285004309245
430,ppo_lognormal,ppo,lognormal,1,-95.55012720112488,7.368264470718431,95.55012720112488,7.564571857452393,4.267457962036133,6.124784469604492,2.2324514389038086,1.3322676295501878e-15,-94.72213063665218,94.72213063665218,1.3322676295501878e-15,-0.5128750801086426,5.200022220611572,0.0,-0.0012977021812860454,30.368155720688048,1.8088583712066924
431,ppo_lognormal,ppo,lognormal,1,-97.2432569474245,7.330990005923264,97.2432569474245,7.686807155609131,5.034036636352539,6.125625133514404,2.2324185371398926,8.881784197001252e-16,-99.00274879721522,99.00274879721522,1.3322676295501878e-15,-0.9416383504867554,5.5542707443237305,0.0,-0.0015854925759846256,31.334777250176383,1.8087493656646638
432,ppo_lognormal,ppo,lognormal,1,-97.09596510258798,8.500361838282206,97.09596510258798,8.55459213256836,5.146291732788086,6.126467704772949,2.232409954071045,1.3322676295501878e-15,-98.60557852003225,98.60557852003225,1.7763568394002505e-15,-1.3265076875686646,6.0300984382629395,0.0,-0.003091720345851389,31.158823720046453,1.8081365032565027
433,ppo_lognormal,ppo,lognormal,1,-95.30773401467809,6.284570933511848,95.30773401467809,8.877748489379883,4.156662940979004,6.12739896774292,2.232388496398926,1.1102230246251565e-15,-96.75401394324567,96.75401394324567,1.7763568394002505e-15,-0.35881567001342773,5.428903579711914,0.0,-0.0014314349280625937,29.75399383476802,1.807663114652747
434,ppo_lognormal,ppo,lognormal,1,-95.79066243437514,7.476685351714117,95.79066243437514,9.098485946655273,4.316856384277344,6.128334045410156,2.232394218444824,1.3322676295501878e-15,-97.26576811027905,97.26576811027905,8.881784197001252e-16,-1.1203521490097046,5.668604850769043,0.0,-0.0004932952745418463,29.99388219061352,1.8075008651330358
435,ppo_lognormal,ppo,lognormal,1,-97.6937636860651,6.27757190178088,97.6937636860651,10.118407249450684,4.486198425292969,6.129218101501465,2.2323992252349854,1.7763568394002505e-15,-94.35811610983228,94.35811610983228,1.3322676295501878e-15,-0.5539259910583496,5.500049114227295,0.0,-0.0011329460096368123,30.383972854841325,1.8071092949027108
436,ppo_lognormal,ppo,lognormal,1,-95.5977211601321,7.274959381150041,95.5977211601321,8.727986335754395,4.408690452575684,6.1298933029174805,2.232421398162842,1.3322676295501878e-15,-99.5035687016248,99.5035687016248,1.3322676295501878e-15,-0.7499461770057678,5.47926664352417,0.0,-0.0010499396400215726,30.237696045920963,1.806819737667129
437,ppo_lognormal,ppo,lognormal,1,-94.9035915649537,5.47920071132681,94.9035915649537,9.5658540725708,3.6951096057891846,6.130406856536865,2.232417583465576,1.3322676295501878e-15,-98.38944907730396,98.38944907730396,1.3322676295501878e-15,-0.40378832817077637,5.464150428771973,0.0,-0.001292288365740595,29.75593545607158,1.8068789367874463
438,ppo_lognormal,ppo,lognormal,1,-97.45817306094943,7.1160110911474455,97.45817306094943,10.019593238830566,4.36931037902832,6.130979537963867,2.2324090003967285,1.3322676295501878e-15,-94.74302534920201,94.74302534920201,8.881784197001252e-16,-0.6490060091018677,5.794658660888672,0.0,-0.0009149439727133583,29.65242520400456,1.8063124180549668
439,ppo_lognormal,ppo,lognormal,1,-98.51255645515197,6.550800181027321,98.51255645515197,8.851305961608887,5.301359176635742,6.1314616203308105,2.2324140071868896,1.3322676295501878e-15,-96.2449475455231,96.2449475455231,1.1102230246251565e-15,-0.44884735345840454,5.602778434753418,0.0,-0.001012562072858037,30.886797507603962,1.8057289623788424
440,ppo_lognormal,ppo,lognormal,1,-96.09126352061854,6.21449343725646,96.09126352061854,9.131440162658691,4.61598014831543,6.132086753845215,2.2324297428131104,1.3322676295501878e-15,-98.29459547151976,98.29459547151976,1.5543122344752192e-15,-0.3711511492729187,5.398990154266357,0.0,-0.0005637899628796038,29.92304031905674,1.8050760193949653
441,ppo_lognormal,ppo,lognormal,1,-96.64827987292958,6.90670537234675,96.64827987292958,8.848223686218262,4.342311859130859,6.132612228393555,2.2323906421661377,1.3322676295501878e-15,-97.65276414352562,97.65276414352562,1.5543122344752192e-15,-0.267509400844574,5.7713117599487305,0.0,-0.00020005419806000732,29.93968679791405,1.8040361322817349
442,ppo_lognormal,ppo,lognormal,1,-97.28758982837721,7.473933861900144,97.28758982837721,8.996627807617188,4.157162189483643,6.133123397827148,2.232353687286377,1.7763568394002505e-15,-98.57733798433642,98.57733798433642,1.1102230246251565e-15,-0.8851053714752197,5.754838943481445,0.0,-0.0018238095106512663,30.235419122945693,1.8032165822528659
443,ppo_lognormal,ppo,lognormal,1,-94.22379490711711,6.0103310928857745,94.22379490711711,9.165696144104004,4.594365119934082,6.133624076843262,2.23229718208313,1.7763568394002505e-15,-96.40719860008008,96.40719860008008,1.7763568394002505e-15,-0.19398510456085205,5.650264263153076,0.0,5.819543730467558e-06,30.2066670017583,1.803262015893346
444,ppo_lognormal,ppo,lognormal,1,-95.70644006294025,7.105619880502549,95.70644006294025,9.569843292236328,4.067592620849609,6.134120464324951,2.232266664505005,1.7763568394002505e-15,-97.40015095738055,97.40015095738055,1.3322676295501878e-15,-0.24811989068984985,5.236442565917969,0.0,-0.0003505133680023608,29.84834124928429,1.8039631836471104
445,ppo_lognormal,ppo,lognormal,1,-96.06122910852787,7.117444333102074,96.06122910852787,7.768485069274902,3.5309865474700928,6.134772777557373,2.2322440147399902,1.3322676295501878e-15,-95.46783783833251,95.46783783833251,1.3322676295501878e-15,-0.37155917286872864,5.2047624588012695,0.0,-0.0006822750576594401,29.58019159805207,1.8042237027769996
446,ppo_lognormal,ppo,lognormal,1,-95.79640646272372,6.385538046775222,95.79640646272372,8.944371223449707,4.2706379890441895,6.1353960037231445,2.2321999073028564,1.7763568394002505e-15,-97.46449888605805,97.46449888605805,1.3322676295501878e-15,-0.4491560757160187,5.548398971557617,0.0,-0.000362629483875242,30.135206750461034,1.8038458685789789
447,ppo_lognormal,ppo,lognormal,1,-96.4660672458842,6.209421281138258,96.4660672458842,9.012565612792969,3.1138548851013184,6.135825157165527,2.2321529388427734,1.3322676295501878e-15,-95.81735996164247,95.81735996164247,1.7763568394002505e-15,-0.07610481977462769,5.348726272583008,0.0,-0.0008688130044555735,29.299337250845774,1.8033266734509241
448,ppo_lognormal,ppo,lognormal,1,-97.46491391963015,7.585712755996071,97.46491391963015,9.111666679382324,4.819805145263672,6.13620662689209,2.2321245670318604,1.3322676295501878e-15,-96.53371417357756,96.53371417357756,8.881784197001252e-16,-1.0238651037216187,5.693032264709473,0.0,-0.0011837629080262211,30.313076362723397,1.803250683560258
449,ppo_lognormal,ppo,lognormal,1,-96.02182212277089,5.618085084911797,96.02182212277089,8.728857040405273,3.1860876083374023,6.136656284332275,2.232120990753174,1.7763568394002505e-15,-95.32031900699594,95.32031900699594,1.7763568394002505e-15,-0.3014812171459198,5.4631757736206055,0.0,5.023507955705836e-05,29.519353191057842,1.8032757249616442
450,ppo_lognormal,ppo,lognormal,1,-98.05434620801996,6.745157260791939,98.05434620801996,9.73901653289795,5.419036865234375,6.137049198150635,2.2321314811706543,2.4424906541753444e-15,-94.96798625925503,94.96798625925503,1.7763568394002505e-15,-1.1255898475646973,5.768954277038574,0.0,-0.00031266150818694207,30.740586181481678,1.803496357230913
451,ppo_lognormal,ppo,lognormal,1,-90.3957854618787,7.452108491022221,90.3957854618787,6.137049198150635,2.2321314811706543,6.137049198150635,2.2321314811706543,1.1102230246251565e-15,-92.34548978624039,92.34548978624039,4.440892098500626e-16,,,0.0,-0.0012750699256901584,28.70212915965489,1.803164537818659
452,ppo_lognormal,ppo,lognormal,1,-93.40789204563005,7.605824880253687,93.40789204563005,6.137049198150635,2.2321314811706543,6.137049198150635,2.2321314811706543,6.661338147750939e-16,-93.1211079591536,93.1211079591536,8.881784197001252e-16,,,0.0,-0.0009237274061888456,28.54874391357104,1.8024514392018318
453,ppo_lognormal,ppo,lognormal,1,-91.34524454125406,6.587344666422546,91.34524454125406,6.137049198150635,2.2321314811706543,6.137049198150635,2.2321314811706543,6.661338147750939e-16,-91.80136554677742,91.80136554677742,8.881784197001252e-16,,,0.0,-0.0010407141027306871,28.59463665456999,1.8022057619832812
454,ppo_lognormal,ppo,lognormal,1,-92.50569755166752,7.754985818144965,92.50569755166752,6.137049198150635,2.2321314811706543,6.137049198150635,2.2321314811706543,8.881784197001252e-16,-94.38675746972224,94.38675746972224,8.881784197001252e-16,,,0.0,-0.00044219142901489423,28.339110070750827,1.802318472237814
455,ppo_lognormal,ppo,lognormal,1,-92.4406855348897,4.474634764949463,92.4406855348897,6.137049198150635,2.2321314811706543,6.137049198150635,2.2321314811706543,6.661338147750939e-16,-93.83702939269068,93.83702939269068,6.661338147750939e-16,,,0.0,-0.0008622601079488439,28.10878699450266,1.8019094413944654
456,ppo_lognormal,ppo,lognormal,1,-92.26037039507125,7.031945616073239,92.26037039507125,6.137049198150635,2.2321314811706543,6.137049198150635,2.2321314811706543,6.661338147750939e-16,-94.13922334809408,94.13922334809408,6.661338147750939e-16,,,0.0,-0.0009666833544283041,28.619314247653598,1.8013893486488433
457,ppo_lognormal,ppo,lognormal,1,-92.0952376810654,7.6061140832497705,92.0952376810654,6.137049198150635,2.2321314811706543,6.137049198150635,2.2321314811706543,6.661338147750939e-16,-95.136897060889,95.136897060889,6.661338147750939e-16,,,0.0,-0.00017555564963480546,28.459995312350138,1.8016999275201844
458,ppo_lognormal,ppo,lognormal,1,-91.71344657803493,6.745749694741407,91.71344657803493,6.137049198150635,2.2321314811706543,6.137049198150635,2.2321314811706543,6.661338147750939e-16,-89.30203655033235,89.30203655033235,6.661338147750939e-16,,,0.0,-0.00037503230296784924,28.7846951456297,1.802255547472409
459,ppo_lognormal,ppo,lognormal,1,-89.33713907807446,6.667964184955311,89.33713907807446,6.137049198150635,2.2321314811706543,6.137049198150635,2.2321314811706543,1.5543122344752192e-15,-93.81730083276365,93.81730083276365,1.1102230246251565e-15,,,0.0,-0.0011098284781577864,27.72267788080942,1.8023461529186793
460,ppo_lognormal,ppo,lognormal,1,-93.19133168146456,7.127697518297383,93.19133168146456,6.137049198150635,2.2321314811706543,6.137049198150635,2.2321314811706543,6.661338147750939e-16,-94.10883635673952,94.10883635673952,6.661338147750939e-16,,,0.0,-0.0004374565296096816,28.62107578913371,1.8022103777953558
461,ppo_lognormal,ppo,lognormal,1,-89.40287389802381,6.252748188499724,89.40287389802381,6.137049198150635,2.2321314811706543,6.137049198150635,2.2321314811706543,8.881784197001252e-16,-92.29740606845678,92.29740606845678,8.881784197001252e-16,,,0.0,-0.0013611626151638727,27.516868947517303,1.802213011398202
462,ppo_lognormal,ppo,lognormal,1,-91.3575972480987,7.208276710146154,91.3575972480987,6.137049198150635,2.2321314811706543,6.137049198150635,2.2321314811706543,6.661338147750939e-16,-92.6816682051356,92.6816682051356,6.661338147750939e-16,,,0.0,-0.0017666067842150195,26.98909363860176,1.8021398640814281
463,ppo_lognormal,ppo,lognormal,1,-93.03505932505459,8.312501627306787,93.03505932505459,6.137049198150635,2.2321314811706543,6.137049198150635,2.2321314811706543,8.881784197001252e-16,-91.78533267689093,91.78533267689093,6.661338147750939e-16,,,0.0,-0.0007290687783443857,28.22508547987257,1.8018987157515116
464,ppo_lognormal,ppo,lognormal,1,-92.6853581032605,7.36979454706673,92.6853581032605,6.137049198150635,2.2321314811706543,6.137049198150635,2.2321314811706543,6.661338147750939e-16,-92.6214759873416,92.6214759873416,6.661338147750939e-16,,,0.0,-0.0005613167249109773,27.621852028937568,1.8015976118899526
465,ppo_lognormal,ppo,lognormal,1,-90.88471357145609,6.676934090319179,90.88471357145609,6.137049198150635,2.2321314811706543,6.137049198150635,2.2321314811706543,6.661338147750939e-16,-95.0667318364314,95.0667318364314,6.661338147750939e-16,,,0.0,-0.0001032246176951698,27.417040150789987,1.8012295322758811
466,ppo_lognormal,ppo,lognormal,1,-93.27849086598751,6.75607770845178,93.27849086598751,6.137049198150635,2.2321314811706543,6.137049198150635,2.2321314811706543,8.881784197001252e-16,-93.07992857879424,93.07992857879424,6.661338147750939e-16,,,0.0,-0.0010746194387874788,27.720550687540147,1.8009628362598873
467,ppo_lognormal,ppo,lognormal,1,-91.46886872884593,6.665001507215981,91.46886872884593,6.137049198150635,2.2321314811706543,6.137049198150635,2.2321314811706543,6.661338147750939e-16,-92.94299325304257,92.94299325304257,6.661338147750939e-16,,,0.0,-0.0005971617134664917,27.637179366179875,1.8007895744272642
468,ppo_lognormal,ppo,lognormal,1,-91.20937869669478,6.49056484567164,91.20937869669478,6.137049198150635,2.2321314811706543,6.137049198150635,2.2321314811706543,4.440892098500626e-16,-94.21418531434989,94.21418531434989,4.440892098500626e-16,,,0.0,-0.0011527164855838887,27.684359317734128,1.8008296053324426
469,ppo_lognormal,ppo,lognormal,1,-91.01532316746835,4.946509101632157,91.01532316746835,6.137049198150635,2.2321314811706543,6.137049198150635,2.2321314811706543,4.440892098500626e-16,-93.04280821563228,93.04280821563228,1.1102230246251565e-15,,,0.0,-0.0014065731277999778,27.101112096082595,1.8006424080757868
470,ppo_lognormal,ppo,lognormal,1,-91.50173226618405,6.235526583670861,91.50173226618405,6.137049198150635,2.2321314811706543,6.137049198150635,2.2321314811706543,8.881784197001252e-16,-93.40396437672203,93.40396437672203,6.661338147750939e-16,,,0.0,-0.001152579733614056,26.893426148664382,1.8003198213520504
471,ppo_lognormal,ppo,lognormal,1,-94.05964553132921,7.4984973975857105,94.05964553132921,6.137049198150635,2.2321314811706543,6.137049198150635,2.2321314811706543,6.661338147750939e-16,-90.56471973067381,90.56471973067381,8.881784197001252e-16,,,0.0,-0.0009270666314045055,28.186581756387437,1.8001434863323258
472,ppo_lognormal,ppo,lognormal,1,-89.51221089165391,6.656851315618075,89.51221089165391,6.137049198150635,2.2321314811706543,6.137049198150635,2.2321314811706543,8.881784197001252e-16,-94.69206863318665,94.69206863318665,4.440892098500626e-16,,,0.0,-0.0006547152574750639,27.445322329089755,1.7999068587308837
473,ppo_lognormal,ppo,lognormal,1,-89.5176733611159,7.577225038906156,89.5176733611159,6.137049198150635,2.2321314811706543,6.137049198150635,2.2321314811706543,6.661338147750939e-16,-94.08718071263321,94.08718071263321,1.3322676295501878e-15,,,0.0,-0.0005905828965339987,26.805977316129777,1.7995591773873283
474,ppo_lognormal,ppo,lognormal,1,-92.37094555652442,5.797607988430781,92.37094555652442,6.137049198150635,2.2321314811706543,6.137049198150635,2.2321314811706543,4.440892098500626e-16,-91.45541348202309,91.45541348202309,8.881784197001252e-16,,,0.0,-0.0026686451968825644,27.15547326349077,1.7992493829556875
475,ppo_lognormal,ppo,lognormal,1,-88.78449682657816,6.23881989320082,88.78449682657816,6.137049198150635,2.2321314811706543,6.137049198150635,2.2321314811706543,6.661338147750939e-16,-92.30687247992375,92.30687247992375,6.661338147750939e-16,,,0.0,-0.0006934255416992874,26.492676768984115,1.7988901326344127
476,ppo_lognormal,ppo,lognormal,1,-90.84827785417032,6.266500593595112,90.84827785417032,6.137049198150635,2.2321314811706543,6.137049198150635,2.2321314811706543,6.661338147750939e-16,-92.56264758806688,92.56264758806688,6.661338147750939e-16,,,0.0,-0.0013681368214920873,27.323973882765998,1.7985510836754526
477,ppo_lognormal,ppo,lognormal,1,-91.40639972989902,6.810425144830336,91.40639972989902,6.137049198150635,2.2321314811706543,6.137049198150635,2.2321314811706543,6.661338147750939e-16,-93.20895538799543,93.20895538799543,1.1102230246251565e-15,,,0.0,-0.00011443428090950918,27.43412480467842,1.7980956860951014
478,ppo_lognormal,ppo,lognormal,1,-89.72179673437245,6.409536528555566,89.72179673437245,6.137049198150635,2.2321314811706543,6.137049198150635,2.2321314811706543,6.661338147750939e-16,-93.70384526812387,93.70384526812387,8.881784197001252e-16,,,0.0,-0.001418284395532239,27.13128605059215,1.7977244190516926
479,ppo_lognormal,ppo,lognormal,1,-90.2977452261203,6.104268259724896,90.2977452261203,6.137049198150635,2.2321314811706543,6.137049198150635,2.2321314811706543,6.661338147750939e-16,-93.79145730222997,93.79145730222997,4.440892098500626e-16,,,0.0,-0.0014299041026138834,26.87644186474028,1.79765073210001
480,ppo_lognormal,ppo,lognormal,1,-92.78445939943114,7.6170858598985935,92.78445939943114,6.137049198150635,2.2321314811706543,6.137049198150635,2.2321314811706543,6.661338147750939e-16,-91.58805460472084,91.58805460472084,1.1102230246251565e-15,,,0.0,-0.000652482880035504,27.493254655883426,1.7976617543470292
481,ppo_lognormal,ppo,lognormal,1,-91.5673663799019,7.598150122029773,91.5673663799019,6.137049198150635,2.2321314811706543,6.137049198150635,2.2321314811706543,6.661338147750939e-16,-91.95150149710629,91.95150149710629,8.881784197001252e-16,,,0.0,-0.0006688629662329774,27.49348346108482,1.7975324555521919
482,ppo_lognormal,ppo,lognormal,1,-92.12982072150118,5.848109147753985,92.12982072150118,6.137049198150635,2.2321314811706543,6.137049198150635,2.2321314811706543,6.661338147750939e-16,-93.19339913194327,93.19339913194327,6.661338147750939e-16,,,0.0,-0.0007583069867299249,27.10728029693876,1.7973514539854867
483,ppo_lognormal,ppo,lognormal,1,-91.62912870647942,6.136402706451934,91.62912870647942,6.137049198150635,2.2321314811706543,6.137049198150635,2.2321314811706543,6.661338147750939e-16,-90.93693195319763,90.93693195319763,6.661338147750939e-16,,,0.0,-0.001532576918613077,26.928935729321978,1.7973352138485228
484,ppo_lognormal,ppo,lognormal,1,-92.01757421519622,6.429775181775674,92.01757421519622,6.137049198150635,2.2321314811706543,6.137049198150635,2.2321314811706543,6.661338147750939e-16,-93.56550965560538,93.56550965560538,6.661338147750939e-16,,,0.0,-0.00016371744762485227,27.4773276306334,1.797104642859527
485,ppo_lognormal,ppo,lognormal,1,-92.14684767849279,7.520545448803144,92.14684767849279,6.137049198150635,2.2321314811706543,6.137049198150635,2.2321314811706543,6.661338147750939e-16,-92.86973604732272,92.86973604732272,8.881784197001252e-16,,,0.0,-0.0011446424593616808,27.150620633647556,1.797012213794958
486,ppo_lognormal,ppo,lognormal,1,-91.07759786788972,7.318840990782391,91.07759786788972,6.137049198150635,2.2321314811706543,6.137049198150635,2.2321314811706543,1.3322676295501878e-15,-92.32494783200026,92.32494783200026,8.881784197001252e-16,,,0.0,-0.0009922745410308597,27.023371770268394,1.7970128226138296
487,ppo_lognormal,ppo,lognormal,1,-89.44188496239641,6.258451122485641,89.44188496239641,6.137049198150635,2.2321314811706543,6.137049198150635,2.2321314811706543,6.661338147750939e-16,-92.95055582534246,92.95055582534246,4.440892098500626e-16,,,0.0,-0.0010760260130544858,27.102456873371487,1.7969017699360847
488,ppo_lognormal,ppo,lognormal,1,-88.43813078266152,6.010234669043201,88.43813078266152,6.137049198150635,2.2321314811706543,6.137049198150635,2.2321314811706543,6.661338147750939e-16,-91.61029611400534,91.61029611400534,8.881784197001252e-16,,,0.0,-0.001083041751934659,26.49671196937561,1.796872513634818
489,ppo_lognormal,ppo,lognormal,1,-92.33926217308283,6.790487242169869,92.33926217308283,6.137049198150635,2.2321314811706543,6.137049198150635,2.2321314811706543,6.661338147750939e-16,-91.98545484042073,91.98545484042073,1.5543122344752192e-15,,,0.0,-0.0004107889558543407,27.27187313636144,1.7968747949316388
490,ppo_lognormal,ppo,lognormal,1,-89.37873908140043,6.416054593382931,89.37873908140043,6.137049198150635,2.2321314811706543,6.137049198150635,2.2321314811706543,8.881784197001252e-16,-91.43564693048319,91.43564693048319,6.661338147750939e-16,,,0.0,-0.0005895062474467393,26.583559376852854,1.7968880629965238
491,ppo_lognormal,ppo,lognormal,1,-91.65750767850466,7.59551412684386,91.65750767850466,6.137049198150635,2.2321314811706543,6.137049198150635,2.2321314811706543,8.881784197001252e-16,-91.06897763001143,91.06897763001143,6.661338147750939e-16,,,0.0,-0.00043885937581459683,27.043264570690337,1.796868150078115
492,ppo_lognormal,ppo,lognormal,1,-90.18400140695911,6.3276422092113815,90.18400140695911,6.137049198150635,2.2321314811706543,6.137049198150635,2.2321314811706543,8.881784197001252e-16,-91.05974793865795,91.05974793865795,6.661338147750939e-16,,,0.0,-0.0004598114561910431,27.030747047492437,1.7968133379306113
493,ppo_lognormal,ppo,lognormal,1,-89.03900769124448,7.36835362342154,89.03900769124448,6.137049198150635,2.2321314811706543,6.137049198150635,2.2321314811706543,6.661338147750939e-16,-93.72349676068511,93.72349676068511,6.661338147750939e-16,,,0.0,-0.00034910059323356977,26.2492960251513,1.796736246773175
494,ppo_lognormal,ppo,lognormal,1,-90.6997018421263,6.516804077026206,90.6997018421263,6.137049198150635,2.2321314811706543,6.137049198150635,2.2321314811706543,8.881784197001252e-16,-93.69066049973142,93.69066049973142,8.881784197001252e-16,,,0.0,1.7229398335551933e-06,26.919883134819212,1.7966955666031157
495,ppo_lognormal,ppo,lognormal,1,-90.00298533960412,7.268690940825533,90.00298533960412,6.137049198150635,2.2321314811706543,6.137049198150635,2.2321314811706543,6.661338147750939e-16,-93.07319076026224,93.07319076026224,8.881784197001252e-16,,,0.0,-0.00010988172115979804,26.769763753527688,1.79666918551638
496,ppo_lognormal,ppo,lognormal,1,-91.191287978019,6.214003667563971,91.191287978019,6.137049198150635,2.2321314811706543,6.137049198150635,2.2321314811706543,6.661338147750939e-16,-90.4985404745255,90.4985404745255,8.881784197001252e-16,,,0.0,-0.00037940966597359093,26.59516012384778,1.7966952189093544
497,ppo_lognormal,ppo,lognormal,1,-92.30429726797755,8.468333672172898,92.30429726797755,6.137049198150635,2.2321314811706543,6.137049198150635,2.2321314811706543,8.881784197001252e-16,-92.53003513196853,92.53003513196853,6.661338147750939e-16,,,0.0,-0.00030821371252559836,27.273462539627438,1.7967005943258603
498,ppo_lognormal,ppo,lognormal,1,-90.96851495709075,6.812252300595615,90.96851495709075,6.137049198150635,2.2321314811706543,6.137049198150635,2.2321314811706543,1.1102230246251565e-15,-92.56045785719027,92.56045785719027,1.5543122344752192e-15,,,0.0,-0.00012644523355577673,26.672869171415055,1.796669723732131
499,ppo_lognormal,ppo,lognormal,1,-91.82386123096735,7.074630858959573,91.82386123096735,6.137049198150635,2.2321314811706543,6.137049198150635,2.2321314811706543,6.661338147750939e-16,-93.7828866350299,93.7828866350299,4.440892098500626e-16,,,0.0,-1.4934644457839785e-05,26.628927242188226,1.796650604123161
500,ppo_lognormal,ppo,lognormal,1,-91.5172551155778,6.413489985491778,91.5172551155778,6.137049198150635,2.2321314811706543,6.137049198150635,2.2321314811706543,8.881784197001252e-16,-92.4778961112847,92.4778961112847,8.881784197001252e-16,,,0.0,-6.441273615651188e-05,27.13496225504648,1.7966426862847238
