iteration,model,distribution,parameter_space,component,active,weight,pv_location,pv_scale,battery_location,battery_scale
0,ddpg_lognormal,lognormal,log,0,True,0.3333333134651184,0.4539682865142822,1.0,0.19649124145507812,1.0
0,ddpg_lognormal,lognormal,log,1,True,0.3333333134651184,0.9210357069969177,1.0,0.3461790680885315,1.0
0,ddpg_lognormal,lognormal,log,2,True,0.3333333134651184,0.14808779954910278,1.0,0.08581888675689697,1.0
1,ddpg_lognormal,lognormal,log,0,True,0.3335554897785187,0.45496824383735657,0.9990004897117615,0.1954912394285202,0.9990004897117615
1,ddpg_lognormal,lognormal,log,1,True,0.33288905024528503,0.920035719871521,0.9990004897117615,0.34517908096313477,0.9990004897117615
1,ddpg_lognormal,lognormal,log,2,True,0.3335554897785187,0.1490878015756607,0.9990004897117615,0.08481888473033905,0.9990004897117615
2,ddpg_lognormal,lognormal,log,0,True,0.33370524644851685,0.4542248547077179,0.999002993106842,0.19551029801368713,0.9986386895179749
2,ddpg_lognormal,lognormal,log,1,True,0.33250534534454346,0.9190344214439392,0.998760998249054,0.34531906247138977,0.9981445074081421
2,ddpg_lognormal,lognormal,log,2,True,0.3337893784046173,0.14845848083496094,0.9987331032752991,0.08463504910469055,0.9989659190177917
3,ddpg_lognormal,lognormal,log,0,True,0.33385738730430603,0.4536035656929016,0.9990148544311523,0.19592124223709106,0.9979438781738281
3,ddpg_lognormal,lognormal,log,1,True,0.33221256732940674,0.9180771708488464,0.9983205795288086,0.34585440158843994,0.9973239898681641
3,ddpg_lognormal,lognormal,log,2,True,0.33393001556396484,0.1478889137506485,0.9989973306655884,0.08500498533248901,0.9983522891998291
4,ddpg_lognormal,lognormal,log,0,True,0.3339947462081909,0.4532957375049591,0.9989085793495178,0.19658511877059937,0.9975793361663818
4,ddpg_lognormal,lognormal,log,1,True,0.3321380615234375,0.9173930883407593,0.9979652762413025,0.34658148884773254,0.9972037076950073
4,ddpg_lognormal,lognormal,log,2,True,0.3338673412799835,0.1476842761039734,0.9989189505577087,0.0856499895453453,0.99784255027771
5,ddpg_lognormal,lognormal,log,0,True,0.33394327759742737,0.45338526368141174,0.9991415143013,0.19720861315727234,0.9971224665641785
5,ddpg_lognormal,lognormal,log,1,True,0.3322690725326538,0.9174355864524841,0.9977943897247314,0.3472992181777954,0.9972085356712341
5,ddpg_lognormal,lognormal,log,2,True,0.33378762006759644,0.14764705300331116,0.9993056654930115,0.08625656366348267,0.9971994161605835
6,ddpg_lognormal,lognormal,log,0,True,0.33384770154953003,0.4536421000957489,0.9995821714401245,0.19770093262195587,0.9970082640647888
6,ddpg_lognormal,lognormal,log,1,True,0.33246344327926636,0.9177719950675964,0.9979609251022339,0.34771135449409485,0.9974408745765686
6,ddpg_lognormal,lognormal,log,2,True,0.3336888551712036,0.14775487780570984,0.9997040629386902,0.0867803618311882,0.9968894720077515
7,ddpg_lognormal,lognormal,log,0,True,0.3337320387363434,0.4541558027267456,0.9998639225959778,0.1982516199350357,0.9969246983528137
7,ddpg_lognormal,lognormal,log,1,True,0.33273041248321533,0.9182811379432678,0.9979683756828308,0.3481542468070984,0.9976715445518494
7,ddpg_lognormal,lognormal,log,2,True,0.3335375487804413,0.1481700986623764,1.0001298189163208,0.08736147731542587,0.9966455101966858
8,ddpg_lognormal,lognormal,log,0,True,0.3336961567401886,0.45448723435401917,0.9997988343238831,0.19888265430927277,0.9967244267463684
8,ddpg_lognormal,lognormal,log,1,True,0.33291095495224,0.9184923768043518,0.9978320002555847,0.3487567603588104,0.9977719187736511
8,ddpg_lognormal,lognormal,log,2,True,0.3333928883075714,0.1485123485326767,1.0002554655075073,0.08801306039094925,0.9962767362594604
9,ddpg_lognormal,lognormal,log,0,True,0.3337133824825287,0.45490214228630066,0.99955815076828,0.19941069185733795,0.9964442253112793
9,ddpg_lognormal,lognormal,log,1,True,0.3330700695514679,0.9186140894889832,0.9974761605262756,0.3490833640098572,0.9979094862937927
9,ddpg_lognormal,lognormal,log,2,True,0.3332165479660034,0.1489666998386383,1.0003570318222046,0.08861196041107178,0.9957981109619141
10,ddpg_lognormal,lognormal,log,0,True,0.3337484300136566,0.45542585849761963,0.9992262125015259,0.19967490434646606,0.9964066743850708
10,ddpg_lognormal,lognormal,log,1,True,0.33323419094085693,0.918797492980957,0.9970600605010986,0.3490711748600006,0.9981367588043213
10,ddpg_lognormal,lognormal,log,2,True,0.33301734924316406,0.14954394102096558,1.0003498792648315,0.08899199217557907,0.9955825209617615
11,ddpg_lognormal,lognormal,log,0,True,0.33376044034957886,0.4560508728027344,0.9988183975219727,0.20007109642028809,0.9964215755462646
11,ddpg_lognormal,lognormal,log,1,True,0.33344852924346924,0.9190900325775146,0.9965925216674805,0.3492254912853241,0.9984700083732605
11,ddpg_lognormal,lognormal,log,2,True,0.3327910900115967,0.15021973848342896,1.0002210140228271,0.08946900069713593,0.9954665899276733
12,ddpg_lognormal,lognormal,log,0,True,0.33375537395477295,0.456641286611557,0.9985819458961487,0.20030248165130615,0.996229887008667
12,ddpg_lognormal,lognormal,log,1,True,0.33364933729171753,0.9194467663764954,0.9962917566299438,0.3491816222667694,0.9983298182487488
12,ddpg_lognormal,lognormal,log,2,True,0.33259525895118713,0.15082889795303345,1.0001994371414185,0.08980975300073624,0.9953386187553406
13,ddpg_lognormal,lognormal,log,0,True,0.33378469944000244,0.4571761190891266,0.9982328414916992,0.20043006539344788,0.9962279796600342
13,ddpg_lognormal,lognormal,log,1,True,0.33379730582237244,0.9196277856826782,0.9958376884460449,0.3490917682647705,0.9983363747596741
13,ddpg_lognormal,lognormal,log,2,True,0.3324180245399475,0.15139615535736084,1.0001717805862427,0.09000509232282639,0.9953432679176331
14,ddpg_lognormal,lognormal,log,0,True,0.33378806710243225,0.457754522562027,0.997830331325531,0.2007390558719635,0.9960786700248718
14,ddpg_lognormal,lognormal,log,1,True,0.3339892029762268,0.9198909401893616,0.9954490065574646,0.3492259979248047,0.9982542395591736
14,ddpg_lognormal,lognormal,log,2,True,0.33222272992134094,0.15201281011104584,1.000020146369934,0.09034639596939087,0.9951810836791992
15,ddpg_lognormal,lognormal,log,0,True,0.33372974395751953,0.4583894610404968,0.9976171851158142,0.20115256309509277,0.9959051012992859
15,ddpg_lognormal,lognormal,log,1,True,0.3342417776584625,0.9203246235847473,0.9952335953712463,0.34950488805770874,0.9982289671897888
15,ddpg_lognormal,lognormal,log,2,True,0.33202847838401794,0.15264864265918732,0.999889612197876,0.09076152741909027,0.9949828386306763
16,ddpg_lognormal,lognormal,log,0,True,0.3337153196334839,0.45894142985343933,0.9973158836364746,0.2014520764350891,0.9957808256149292
16,ddpg_lognormal,lognormal,log,1,True,0.3344278335571289,0.9205644726753235,0.9948484301567078,0.34966322779655457,0.9982226490974426
16,ddpg_lognormal,lognormal,log,2,True,0.33185693621635437,0.1532239317893982,0.9997463226318359,0.09106265008449554,0.9948417544364929
17,ddpg_lognormal,lognormal,log,0,True,0.3336574137210846,0.45953208208084106,0.9972643256187439,0.2017781138420105,0.9957873821258545
17,ddpg_lognormal,lognormal,log,1,True,0.3346536457538605,0.9209349751472473,0.9945863485336304,0.3498494029045105,0.998311460018158
17,ddpg_lognormal,lognormal,log,2,True,0.3316889703273773,0.15377387404441833,0.9998616576194763,0.09139838814735413,0.9947918653488159
18,ddpg_lognormal,lognormal,log,0,True,0.33361056447029114,0.4599475860595703,0.99729323387146,0.20210279524326324,0.9957008957862854
18,ddpg_lognormal,lognormal,log,1,True,0.33483099937438965,0.921270489692688,0.9945628046989441,0.35000333189964294,0.9983056783676147
18,ddpg_lognormal,lognormal,log,2,True,0.3315584063529968,0.15418097376823425,0.9998950362205505,0.09177667647600174,0.9947164058685303
19,ddpg_lognormal,lognormal,log,0,True,0.333539217710495,0.46035686135292053,0.9975170493125916,0.20248037576675415,0.9955064654350281
19,ddpg_lognormal,lognormal,log,1,True,0.3350250720977783,0.9216641783714294,0.9946108460426331,0.35014137625694275,0.998242974281311
19,ddpg_lognormal,lognormal,log,2,True,0.3314356505870819,0.15450628101825714,1.0001572370529175,0.09222196042537689,0.9945546984672546
20,ddpg_lognormal,lognormal,log,0,True,0.3334946930408478,0.4606255888938904,0.9975959658622742,0.20295390486717224,0.9955159425735474
20,ddpg_lognormal,lognormal,log,1,True,0.335174560546875,0.921886682510376,0.9946299195289612,0.35042399168014526,0.9982059001922607
20,ddpg_lognormal,lognormal,log,2,True,0.33133068680763245,0.1547476202249527,1.000221848487854,0.09269946813583374,0.9946099519729614
21,ddpg_lognormal,lognormal,log,0,True,0.33345767855644226,0.46099427342414856,0.9975388050079346,0.20342080295085907,0.9956017732620239
21,ddpg_lognormal,lognormal,log,1,True,0.33534836769104004,0.9221507906913757,0.9945769309997559,0.3507288992404938,0.9981817007064819
21,ddpg_lognormal,lognormal,log,2,True,0.3311940133571625,0.1551397293806076,1.0000720024108887,0.0931730568408966,0.9947713017463684
22,ddpg_lognormal,lognormal,log,0,True,0.33345431089401245,0.461242139339447,0.9973839521408081,0.20392583310604095,0.9955552816390991
22,ddpg_lognormal,lognormal,log,1,True,0.3354666531085968,0.9222203493118286,0.9943910241127014,0.3510924279689789,0.9981648921966553
22,ddpg_lognormal,lognormal,log,2,True,0.33107906579971313,0.15542331337928772,0.9999533295631409,0.09367422759532928,0.9947542548179626
23,ddpg_lognormal,lognormal,log,0,True,0.33346909284591675,0.4615572988986969,0.9971052408218384,0.20447707176208496,0.9954981803894043
23,ddpg_lognormal,lognormal,log,1,True,0.33559688925743103,0.9222762584686279,0.994134783744812,0.3514763116836548,0.9982839822769165
23,ddpg_lognormal,lognormal,log,2,True,0.3309340476989746,0.15581519901752472,0.9996882677078247,0.09422837942838669,0.9946364164352417
24,ddpg_lognormal,lognormal,log,0,True,0.33348548412323,0.4617213308811188,0.9969325065612793,0.20491871237754822,0.9956437349319458
24,ddpg_lognormal,lognormal,log,1,True,0.3356727957725525,0.9222695827484131,0.9939772486686707,0.35178279876708984,0.9986329674720764
24,ddpg_lognormal,lognormal,log,2,True,0.3308417499065399,0.15603618323802948,0.9995092749595642,0.09466888010501862,0.9946397542953491
25,ddpg_lognormal,lognormal,log,0,True,0.33350542187690735,0.4619285464286804,0.9967528581619263,0.20520733296871185,0.9956661462783813
25,ddpg_lognormal,lognormal,log,1,True,0.33574095368385315,0.9222398400306702,0.993677020072937,0.35195842385292053,0.9990025162696838
25,ddpg_lognormal,lognormal,log,2,True,0.3307536244392395,0.15627065300941467,0.999437689781189,0.09496716409921646,0.9945130944252014
26,ddpg_lognormal,lognormal,log,0,True,0.33353087306022644,0.46208223700523376,0.9965380430221558,0.2056249976158142,0.9958714246749878
26,ddpg_lognormal,lognormal,log,1,True,0.3358079493045807,0.9221848249435425,0.9934609532356262,0.352276474237442,0.9994559288024902
26,ddpg_lognormal,lognormal,log,2,True,0.33066117763519287,0.15648753941059113,0.999288022518158,0.0953868106007576,0.9945716261863708
27,ddpg_lognormal,lognormal,log,0,True,0.3335527777671814,0.4621579349040985,0.9962866306304932,0.20617452263832092,0.9960492253303528
27,ddpg_lognormal,lognormal,log,1,True,0.3358704447746277,0.9220521450042725,0.9931972622871399,0.3527786135673523,0.9997608065605164
27,ddpg_lognormal,lognormal,log,2,True,0.33057671785354614,0.1566179245710373,0.9991706609725952,0.095901720225811,0.994695246219635
28,ddpg_lognormal,lognormal,log,0,True,0.333574116230011,0.46214377880096436,0.9962102174758911,0.20656895637512207,0.9961883425712585
28,ddpg_lognormal,lognormal,log,1,True,0.33589279651641846,0.9219394326210022,0.9930979013442993,0.35307037830352783,1.0000033378601074
28,ddpg_lognormal,lognormal,log,2,True,0.33053311705589294,0.15663209557533264,0.9991689920425415,0.09631907939910889,0.9948116540908813
29,ddpg_lognormal,lognormal,log,0,True,0.3335901200771332,0.46220916509628296,0.9961513876914978,0.20681171119213104,0.996074914932251
29,ddpg_lognormal,lognormal,log,1,True,0.33592551946640015,0.9219158887863159,0.9930282831192017,0.35319072008132935,1.000001311302185
29,ddpg_lognormal,lognormal,log,2,True,0.33048439025878906,0.1567123532295227,0.9991808533668518,0.096609927713871,0.9947666525840759
30,ddpg_lognormal,lognormal,log,0,True,0.33354100584983826,0.4624325931072235,0.9962092041969299,0.20694980025291443,0.9959115982055664
30,ddpg_lognormal,lognormal,log,1,True,0.33603423833847046,0.9221152067184448,0.9929968118667603,0.353307843208313,0.9998990893363953
30,ddpg_lognormal,lognormal,log,2,True,0.33042484521865845,0.1568721979856491,0.9993224143981934,0.0967349037528038,0.9947096705436707
31,ddpg_lognormal,lognormal,log,0,True,0.3334966003894806,0.4626775085926056,0.9962421655654907,0.20687954127788544,0.9956063628196716
31,ddpg_lognormal,lognormal,log,1,True,0.3361237943172455,0.9223352670669556,0.9929602146148682,0.3532506823539734,0.9996756315231323
31,ddpg_lognormal,lognormal,log,2,True,0.33037954568862915,0.15705648064613342,0.9994356036186218,0.09665188938379288,0.9945324659347534
32,ddpg_lognormal,lognormal,log,0,True,0.33343935012817383,0.46300801634788513,0.9961369633674622,0.20681706070899963,0.9954841732978821
32,ddpg_lognormal,lognormal,log,1,True,0.33624935150146484,0.9226111173629761,0.9929060339927673,0.3532872796058655,0.9995925426483154
32,ddpg_lognormal,lognormal,log,2,True,0.33031129837036133,0.15735580027103424,0.999366283416748,0.09649286419153214,0.9944720268249512
33,ddpg_lognormal,lognormal,log,0,True,0.33336856961250305,0.46328121423721313,0.9961962103843689,0.2066359966993332,0.995431661605835
33,ddpg_lognormal,lognormal,log,1,True,0.33635348081588745,0.9229164719581604,0.9929544925689697,0.3532015085220337,0.9996263384819031
33,ddpg_lognormal,lognormal,log,2,True,0.3302778899669647,0.15755121409893036,0.9994416236877441,0.09623955935239792,0.9944358468055725
34,ddpg_lognormal,lognormal,log,0,True,0.33327269554138184,0.4636029303073883,0.9963034391403198,0.20666243135929108,0.9953729510307312
34,ddpg_lognormal,lognormal,log,1,True,0.3365110754966736,0.9233086705207825,0.9930869340896606,0.35329726338386536,0.9996464848518372
34,ddpg_lognormal,lognormal,log,2,True,0.33021628856658936,0.1577829122543335,0.9995178580284119,0.09619288891553879,0.9944384098052979
35,ddpg_lognormal,lognormal,log,0,True,0.3331577479839325,0.4639284908771515,0.9965466856956482,0.2066323459148407,0.9952322840690613
35,ddpg_lognormal,lognormal,log,1,True,0.33667415380477905,0.9237618446350098,0.9932875037193298,0.3533085882663727,0.9994819760322571
35,ddpg_lognormal,lognormal,log,2,True,0.33016806840896606,0.15796007215976715,0.9997391104698181,0.09609656780958176,0.9944010972976685
36,ddpg_lognormal,lognormal,log,0,True,0.33303070068359375,0.4642292261123657,0.9968633055686951,0.20659638941287994,0.9952709674835205
36,ddpg_lognormal,lognormal,log,1,True,0.3368421196937561,0.9242633581161499,0.9935976266860962,0.35332342982292175,0.9994782209396362
36,ddpg_lognormal,lognormal,log,2,True,0.330127090215683,0.15812715888023376,0.9998445510864258,0.09599126875400543,0.9945045113563538
37,ddpg_lognormal,lognormal,log,0,True,0.3329494595527649,0.46455278992652893,0.996987521648407,0.20656220614910126,0.9953787326812744
37,ddpg_lognormal,lognormal,log,1,True,0.33698758482933044,0.924667477607727,0.9938001036643982,0.35329189896583557,0.9993946552276611
37,ddpg_lognormal,lognormal,log,2,True,0.3300628662109375,0.15839853882789612,0.9997520446777344,0.09589807689189911,0.9947196841239929
38,ddpg_lognormal,lognormal,log,0,True,0.33284464478492737,0.46500343084335327,0.9971715807914734,0.2065405547618866,0.9956279397010803
38,ddpg_lognormal,lognormal,log,1,True,0.3371867835521698,0.9251947999000549,0.9940373301506042,0.3532574474811554,0.9994264841079712
38,ddpg_lognormal,lognormal,log,2,True,0.32996866106987,0.15877212584018707,0.9997472763061523,0.09583214670419693,0.995059609413147
39,ddpg_lognormal,lognormal,log,0,True,0.3327731490135193,0.46538645029067993,0.997167706489563,0.2064753621816635,0.9958600997924805
39,ddpg_lognormal,lognormal,log,1,True,0.3373383581638336,0.925564706325531,0.9941105246543884,0.35326001048088074,0.9994826316833496
39,ddpg_lognormal,lognormal,log,2,True,0.32988837361335754,0.15913040935993195,0.9996140599250793,0.09567886590957642,0.9953393936157227
40,ddpg_lognormal,lognormal,log,0,True,0.33268895745277405,0.4658445119857788,0.9972390532493591,0.20627571642398834,0.9959542155265808
40,ddpg_lognormal,lognormal,log,1,True,0.33750733733177185,0.9260346293449402,0.994245171546936,0.35311684012413025,0.9995291829109192
40,ddpg_lognormal,lognormal,log,2,True,0.32980379462242126,0.1595384180545807,0.9995750784873962,0.09544221311807632,0.9954477548599243
41,ddpg_lognormal,lognormal,log,0,True,0.33256274461746216,0.4663248658180237,0.9974114298820496,0.20599985122680664,0.9960220456123352
41,ddpg_lognormal,lognormal,log,1,True,0.3377020061016083,0.9266102910041809,0.9944839477539062,0.35298529267311096,0.9994952082633972
41,ddpg_lognormal,lognormal,log,2,True,0.32973524928092957,0.1598978340625763,0.9996206760406494,0.0950547307729721,0.9955931901931763
42,ddpg_lognormal,lognormal,log,0,True,0.33243268728256226,0.46668916940689087,0.9976739883422852,0.20571297407150269,0.9962664246559143
42,ddpg_lognormal,lognormal,log,1,True,0.33786317706108093,0.9271358251571655,0.9947773814201355,0.35285326838493347,0.9996082782745361
42,ddpg_lognormal,lognormal,log,2,True,0.32970407605171204,0.16010494530200958,0.9997721910476685,0.09463924914598465,0.9958745837211609
43,ddpg_lognormal,lognormal,log,0,True,0.3323158919811249,0.4670356810092926,0.9978800415992737,0.20538020133972168,0.9962537288665771
43,ddpg_lognormal,lognormal,log,1,True,0.338004469871521,0.9276206493377686,0.9950122833251953,0.35268279910087585,0.9994847178459167
43,ddpg_lognormal,lognormal,log,2,True,0.3296796977519989,0.1603066772222519,0.999898374080658,0.09419003129005432,0.9959577918052673
44,ddpg_lognormal,lognormal,log,0,True,0.3321990370750427,0.46753090620040894,0.998007595539093,0.20495928823947906,0.9962499141693115
44,ddpg_lognormal,lognormal,log,1,True,0.3381802439689636,0.928166389465332,0.995140016078949,0.3524228036403656,0.9994692206382751
44,ddpg_lognormal,lognormal,log,2,True,0.32962071895599365,0.16066764295101166,1.0000163316726685,0.09365972876548767,0.996002197265625
45,ddpg_lognormal,lognormal,log,0,True,0.3320853114128113,0.46803420782089233,0.9981917142868042,0.20458731055259705,0.9960672855377197
45,ddpg_lognormal,lognormal,log,1,True,0.3383598327636719,0.9287104606628418,0.9952496886253357,0.35212793946266174,0.9992403388023376
45,ddpg_lognormal,lognormal,log,2,True,0.3295549154281616,0.16101223230361938,1.0002374649047852,0.09322019666433334,0.9959011673927307
46,ddpg_lognormal,lognormal,log,0,True,0.33198803663253784,0.4684632122516632,0.998270571231842,0.20407122373580933,0.9958695769309998
46,ddpg_lognormal,lognormal,log,1,True,0.3384851813316345,0.929169237613678,0.9953352212905884,0.3517551124095917,0.9989008903503418
46,ddpg_lognormal,lognormal,log,2,True,0.32952678203582764,0.16129890084266663,1.0004150867462158,0.0926053524017334,0.9958569407463074
47,ddpg_lognormal,lognormal,log,0,True,0.33191731572151184,0.46863964200019836,0.9984257221221924,0.2036471962928772,0.9957517981529236
47,ddpg_lognormal,lognormal,log,1,True,0.3385319113731384,0.9294548034667969,0.9955155849456787,0.3514246344566345,0.998680830001831
47,ddpg_lognormal,lognormal,log,2,True,0.32955074310302734,0.161347433924675,1.000633716583252,0.09210613369941711,0.9958578944206238
48,ddpg_lognormal,lognormal,log,0,True,0.33187025785446167,0.4689508378505707,0.9985297322273254,0.20335204899311066,0.9955950975418091
48,ddpg_lognormal,lognormal,log,1,True,0.3386145830154419,0.9297378063201904,0.9955449104309082,0.3510624170303345,0.9984627962112427
48,ddpg_lognormal,lognormal,log,2,True,0.329515278339386,0.16154202818870544,1.000937581062317,0.09180627018213272,0.9958285689353943
49,ddpg_lognormal,lognormal,log,0,True,0.3318192958831787,0.46928465366363525,0.9986734986305237,0.2030547857284546,0.99526447057724
49,ddpg_lognormal,lognormal,log,1,True,0.338711678981781,0.9300941824913025,0.9956727027893066,0.3506736159324646,0.998165488243103
49,ddpg_lognormal,lognormal,log,2,True,0.32946908473968506,0.16177909076213837,1.0011838674545288,0.09156882762908936,0.9956070780754089
50,ddpg_lognormal,lognormal,log,0,True,0.3318086266517639,0.46956968307495117,0.9987123608589172,0.20284616947174072,0.9949796795845032
50,ddpg_lognormal,lognormal,log,1,True,0.3387753963470459,0.9302913546562195,0.9956327676773071,0.3503488600254059,0.998043417930603
50,ddpg_lognormal,lognormal,log,2,True,0.32941603660583496,0.1620011329650879,1.0014564990997314,0.0914558470249176,0.995332658290863
51,ddpg_lognormal,lognormal,log,0,True,0.3317886292934418,0.46977895498275757,0.9988514184951782,0.20285947620868683,0.9947375059127808
51,ddpg_lognormal,lognormal,log,1,True,0.33884498476982117,0.9304406642913818,0.9956016540527344,0.3501991927623749,0.9979702234268188
51,ddpg_lognormal,lognormal,log,2,True,0.32936638593673706,0.1621072143316269,1.001846432685852,0.09154102951288223,0.9950965642929077
52,ddpg_lognormal,lognormal,log,0,True,0.3317902088165283,0.470074325799942,0.99889075756073,0.20279711484909058,0.994630753993988
52,ddpg_lognormal,lognormal,log,1,True,0.3389217257499695,0.9306122660636902,0.9955258965492249,0.349944144487381,0.9980018138885498
52,ddpg_lognormal,lognormal,log,2,True,0.3292880058288574,0.16236895322799683,1.0020225048065186,0.09159387648105621,0.9949836730957031
53,ddpg_lognormal,lognormal,log,0,True,0.3317669928073883,0.47033554315567017,0.9990009665489197,0.2028789222240448,0.9946607351303101
53,ddpg_lognormal,lognormal,log,1,True,0.3390212953090668,0.9307993650436401,0.9954938292503357,0.34988683462142944,0.9981858134269714
53,ddpg_lognormal,lognormal,log,2,True,0.3292117714881897,0.16256083548069,1.0022932291030884,0.0917547419667244,0.994963526725769
54,ddpg_lognormal,lognormal,log,0,True,0.33172526955604553,0.47066012024879456,0.9990655779838562,0.20312871038913727,0.9947130680084229
54,ddpg_lognormal,lognormal,log,1,True,0.33917295932769775,0.9310571551322937,0.9955047369003296,0.3500138819217682,0.9983059763908386
54,ddpg_lognormal,lognormal,log,2,True,0.3291017413139343,0.16283339262008667,1.0024336576461792,0.09203791618347168,0.9950409531593323
55,ddpg_lognormal,lognormal,log,0,True,0.33169203996658325,0.4710230231285095,0.999101459980011,0.20321139693260193,0.9947236180305481
55,ddpg_lognormal,lognormal,log,1,True,0.33931398391723633,0.9313724040985107,0.9956346154212952,0.3499494791030884,0.9983379244804382
55,ddpg_lognormal,lognormal,log,2,True,0.32899394631385803,0.16317035257816315,1.0024911165237427,0.09218472242355347,0.9950361847877502
56,ddpg_lognormal,lognormal,log,0,True,0.331631600856781,0.47126084566116333,0.9993146061897278,0.20330969989299774,0.994630753993988
56,ddpg_lognormal,lognormal,log,1,True,0.33943507075309753,0.9316731691360474,0.9958223104476929,0.3499223291873932,0.9983133673667908
56,ddpg_lognormal,lognormal,log,2,True,0.3289334177970886,0.16330713033676147,1.0026987791061401,0.09230931848287582,0.9949406981468201
57,ddpg_lognormal,lognormal,log,0,True,0.33154866099357605,0.47155508399009705,0.9995723962783813,0.2035086303949356,0.9944308400154114
57,ddpg_lognormal,lognormal,log,1,True,0.3395991325378418,0.9320553541183472,0.9960436820983887,0.3499894440174103,0.9980893135070801
57,ddpg_lognormal,lognormal,log,2,True,0.32885220646858215,0.16346962749958038,1.002975344657898,0.09252926707267761,0.9948248267173767
58,ddpg_lognormal,lognormal,log,0,True,0.3315182030200958,0.471763014793396,0.999671220779419,0.20372678339481354,0.9941703677177429
58,ddpg_lognormal,lognormal,log,1,True,0.3397030234336853,0.9322379231452942,0.9961016178131104,0.35003921389579773,0.9977637529373169
58,ddpg_lognormal,lognormal,log,2,True,0.32877880334854126,0.1636088490486145,1.0031386613845825,0.09277371317148209,0.9946916699409485
59,ddpg_lognormal,lognormal,log,0,True,0.3315409719944,0.47180041670799255,0.9996582269668579,0.20397841930389404,0.9939688444137573
59,ddpg_lognormal,lognormal,log,1,True,0.3397229313850403,0.9321809411048889,0.9960309863090515,0.35010257363319397,0.9975168108940125
59,ddpg_lognormal,lognormal,log,2,True,0.3287360668182373,0.1636384129524231,1.0032449960708618,0.09306482970714569,0.9946188926696777
60,ddpg_lognormal,lognormal,log,0,True,0.3315455913543701,0.471737802028656,0.999779999256134,0.2043120115995407,0.9936694502830505
60,ddpg_lognormal,lognormal,log,1,True,0.33973515033721924,0.9321234226226807,0.9960582256317139,0.3502435088157654,0.9971697926521301
60,ddpg_lognormal,lognormal,log,2,True,0.32871925830841064,0.1635298877954483,1.003432035446167,0.0934247151017189,0.9944987297058105
61,ddpg_lognormal,lognormal,log,0,True,0.33153235912323,0.47170618176460266,0.9999160170555115,0.2046096920967102,0.9931978583335876
61,ddpg_lognormal,lognormal,log,1,True,0.3397611975669861,0.9321004152297974,0.9960482716560364,0.3503844738006592,0.9966714978218079
61,ddpg_lognormal,lognormal,log,2,True,0.3287065029144287,0.16340889036655426,1.0036838054656982,0.09371141344308853,0.9942141771316528
62,ddpg_lognormal,lognormal,log,0,True,0.33148324489593506,0.4716784358024597,1.000207781791687,0.2049643099308014,0.9928137063980103
62,ddpg_lognormal,lognormal,log,1,True,0.33981722593307495,0.9321433305740356,0.9960595965385437,0.3506051301956177,0.9963054656982422
62,ddpg_lognormal,lognormal,log,2,True,0.32869958877563477,0.1632179170846939,1.0041077136993408,0.09403659403324127,0.9939605593681335
63,ddpg_lognormal,lognormal,log,0,True,0.33146825432777405,0.47160354256629944,1.000361680984497,0.20534269511699677,0.992360532283783
63,ddpg_lognormal,lognormal,log,1,True,0.33984023332595825,0.9320612549781799,0.9959168434143066,0.35087668895721436,0.9959503412246704
63,ddpg_lognormal,lognormal,log,2,True,0.3286914825439453,0.16303572058677673,1.0044472217559814,0.09441172331571579,0.9936006665229797
64,ddpg_lognormal,lognormal,log,0,True,0.33142155408859253,0.471587598323822,1.0006680488586426,0.20563316345214844,0.9919676780700684
64,ddpg_lognormal,lognormal,log,1,True,0.3398934006690979,0.9321260452270508,0.9959102272987366,0.3510556221008301,0.9956147074699402
64,ddpg_lognormal,lognormal,log,2,True,0.3286850154399872,0.16286110877990723,1.004897117614746,0.0947248563170433,0.9933120012283325
65,ddpg_lognormal,lognormal,log,0,True,0.33137229084968567,0.4716111123561859,1.0009828805923462,0.20594549179077148,0.9914162755012512
65,ddpg_lognormal,lognormal,log,1,True,0.33996090292930603,0.9322153925895691,0.9958980679512024,0.3512129783630371,0.9951413869857788
65,ddpg_lognormal,lognormal,log,2,True,0.3286668062210083,0.16270753741264343,1.005374550819397,0.09506362676620483,0.9928609728813171
66,ddpg_lognormal,lognormal,log,0,True,0.33132341504096985,0.4716073274612427,1.0013401508331299,0.20605090260505676,0.99100661277771
66,ddpg_lognormal,lognormal,log,1,True,0.33999818563461304,0.9323357939720154,0.9959920644760132,0.35118818283081055,0.9947942495346069
66,ddpg_lognormal,lognormal,log,2,True,0.32867833971977234,0.16253763437271118,1.00581693649292,0.09520883858203888,0.9925445318222046
67,ddpg_lognormal,lognormal,log,0,True,0.33129194378852844,0.4716360867023468,1.001501441001892,0.2062017172574997,0.9906030893325806
67,ddpg_lognormal,lognormal,log,1,True,0.3400404453277588,0.9323956370353699,0.9959424138069153,0.3512791395187378,0.9944259524345398
67,ddpg_lognormal,lognormal,log,2,True,0.3286675810813904,0.16246061027050018,1.0060745477676392,0.0953637883067131,0.9922119975090027
68,ddpg_lognormal,lognormal,log,0,True,0.33129408955574036,0.4716620445251465,1.0015298128128052,0.20632757246494293,0.9902689456939697
68,ddpg_lognormal,lognormal,log,1,True,0.3400547504425049,0.9323403239250183,0.9957109093666077,0.35134196281433105,0.9941167831420898
68,ddpg_lognormal,lognormal,log,2,True,0.3286511301994324,0.16243131458759308,1.006241798400879,0.09550106525421143,0.9919429421424866
69,ddpg_lognormal,lognormal,log,0,True,0.3313196003437042,0.4717196822166443,1.0014797449111938,0.20638255774974823,0.9901341795921326
69,ddpg_lognormal,lognormal,log,1,True,0.34005266427993774,0.932235836982727,0.9954127073287964,0.3513139486312866,0.9940118789672852
69,ddpg_lognormal,lognormal,log,2,True,0.32862773537635803,0.16246087849140167,1.0064141750335693,0.09558869153261185,0.9918690919876099
70,ddpg_lognormal,lognormal,log,0,True,0.33129313588142395,0.4719718098640442,1.0014547109603882,0.20647606253623962,0.9899634718894958
70,ddpg_lognormal,lognormal,log,1,True,0.34014779329299927,0.9323412179946899,0.995169460773468,0.351388543844223,0.9939938187599182
70,ddpg_lognormal,lognormal,log,2,True,0.3285590708255768,0.1626274585723877,1.0066217184066772,0.09565305709838867,0.9916423559188843
71,ddpg_lognormal,lognormal,log,0,True,0.3312569558620453,0.47232958674430847,1.0013799667358398,0.2065277248620987,0.9899416565895081
71,ddpg_lognormal,lognormal,log,1,True,0.3402814269065857,0.9325456619262695,0.9949477910995483,0.351468950510025,0.9940789937973022
71,ddpg_lognormal,lognormal,log,2,True,0.3284616470336914,0.16294069588184357,1.0066497325897217,0.09567467868328094,0.9915865063667297
72,ddpg_lognormal,lognormal,log,0,True,0.3312032222747803,0.47265949845314026,1.0014324188232422,0.2065892070531845,0.9897664785385132
72,ddpg_lognormal,lognormal,log,1,True,0.34041887521743774,0.9327961802482605,0.9948049783706665,0.3515339493751526,0.9939717650413513
72,ddpg_lognormal,lognormal,log,2,True,0.32837793231010437,0.1631772220134735,1.0067923069000244,0.09572027623653412,0.9914175868034363
73,ddpg_lognormal,lognormal,log,0,True,0.3311515748500824,0.47293904423713684,1.0014021396636963,0.2067253291606903,0.9896127581596375
73,ddpg_lognormal,lognormal,log,1,True,0.34054869413375854,0.9329729080200195,0.994545042514801,0.3517747223377228,0.9937163591384888
73,ddpg_lognormal,lognormal,log,2,True,0.32829970121383667,0.16337618231773376,1.0069127082824707,0.0958026722073555,0.9913248419761658
74,ddpg_lognormal,lognormal,log,0,True,0.33112654089927673,0.4732458293437958,1.0012153387069702,0.20686215162277222,0.9893944263458252
74,ddpg_lognormal,lognormal,log,1,True,0.3406735360622406,0.9331258535385132,0.9942840337753296,0.3520103394985199,0.9933728575706482
74,ddpg_lognormal,lognormal,log,2,True,0.3281998932361603,0.1636822670698166,1.0068143606185913,0.09589995443820953,0.9912042617797852
75,ddpg_lognormal,lognormal,log,0,True,0.3311060667037964,0.4737171232700348,1.000978946685791,0.2070917934179306,0.9892038106918335
75,ddpg_lognormal,lognormal,log,1,True,0.34085601568222046,0.9333760738372803,0.9940212368965149,0.35224243998527527,0.9930789470672607
75,ddpg_lognormal,lognormal,log,2,True,0.3280378580093384,0.16418039798736572,1.0066437721252441,0.09615396708250046,0.9910871982574463
76,ddpg_lognormal,lognormal,log,0,True,0.33103087544441223,0.4741518795490265,1.000719428062439,0.20730289816856384,0.9889721870422363
76,ddpg_lognormal,lognormal,log,1,True,0.3410610258579254,0.9336776733398438,0.9937800168991089,0.3526984751224518,0.992870569229126
76,ddpg_lognormal,lognormal,log,2,True,0.32790809869766235,0.16457992792129517,1.0064359903335571,0.09618521481752396,0.9908600449562073
77,ddpg_lognormal,lognormal,log,0,True,0.3309391140937805,0.47459688782691956,1.000596046447754,0.20742307603359222,0.9886098504066467
77,ddpg_lognormal,lognormal,log,1,True,0.34126803278923035,0.9340518712997437,0.9936265349388123,0.3530309200286865,0.9925441145896912
77,ddpg_lognormal,lognormal,log,2,True,0.3277928829193115,0.16493116319179535,1.0063854455947876,0.09615170955657959,0.990559458732605
78,ddpg_lognormal,lognormal,log,0,True,0.3308268189430237,0.4750423729419708,1.0005346536636353,0.20761248469352722,0.9884741306304932
78,ddpg_lognormal,lognormal,log,1,True,0.341494619846344,0.9344428777694702,0.9934515953063965,0.35346370935440063,0.9923869371414185
78,ddpg_lognormal,lognormal,log,2,True,0.3276785612106323,0.16524605453014374,1.006420373916626,0.09614605456590652,0.9904704689979553
79,ddpg_lognormal,lognormal,log,0,True,0.33074048161506653,0.47532522678375244,1.0004706382751465,0.2077881097793579,0.9885454177856445
79,ddpg_lognormal,lognormal,log,1,True,0.3416536748409271,0.9346880316734314,0.9932965636253357,0.35387787222862244,0.9924084544181824
79,ddpg_lognormal,lognormal,log,2,True,0.3276057839393616,0.1654309183359146,1.0064672231674194,0.09613541513681412,0.9905687570571899
80,ddpg_lognormal,lognormal,log,0,True,0.33064284920692444,0.4756695330142975,1.0004782676696777,0.2081015259027481,0.9886927008628845
80,ddpg_lognormal,lognormal,log,1,True,0.34185439348220825,0.9350095391273499,0.99322909116745,0.35434937477111816,0.9925675988197327
80,ddpg_lognormal,lognormal,log,2,True,0.3275027275085449,0.1656644642353058,1.006563663482666,0.09629165381193161,0.9907249808311462
81,ddpg_lognormal,lognormal,log,0,True,0.33052441477775574,0.47610411047935486,1.0004870891571045,0.20835483074188232,0.9886460900306702
81,ddpg_lognormal,lognormal,log,1,True,0.3420858383178711,0.9354007244110107,0.9930868744850159,0.3548083007335663,0.9926396608352661
81,ddpg_lognormal,lognormal,log,2,True,0.327389657497406,0.165938600897789,1.0067399740219116,0.09635767340660095,0.9906759858131409
82,ddpg_lognormal,lognormal,log,0,True,0.3303801417350769,0.47663983702659607,1.000495195388794,0.20846913754940033,0.9887184500694275
82,ddpg_lognormal,lognormal,log,1,True,0.3423524796962738,0.9359197020530701,0.992994487285614,0.3552274703979492,0.9928078651428223
82,ddpg_lognormal,lognormal,log,2,True,0.3272674083709717,0.16630765795707703,1.0068496465682983,0.0962502583861351,0.9907430410385132
83,ddpg_lognormal,lognormal,log,0,True,0.33026644587516785,0.4769039452075958,1.0004631280899048,0.20861490070819855,0.9887853264808655
83,ddpg_lognormal,lognormal,log,1,True,0.3425218462944031,0.9361981749534607,0.9928173422813416,0.3557407855987549,0.9929239153862
83,ddpg_lognormal,lognormal,log,2,True,0.32721176743507385,0.16644632816314697,1.0069228410720825,0.09615706652402878,0.9907985329627991
84,ddpg_lognormal,lognormal,log,0,True,0.33012187480926514,0.4773290157318115,1.0005005598068237,0.20865729451179504,0.9888417720794678
84,ddpg_lognormal,lognormal,log,1,True,0.3427470922470093,0.9366300702095032,0.9926168918609619,0.3561815619468689,0.9930086135864258
84,ddpg_lognormal,lognormal,log,2,True,0.3271310329437256,0.16668519377708435,1.007154941558838,0.09597017616033554,0.990878701210022
85,ddpg_lognormal,lognormal,log,0,True,0.32999387383461,0.47771552205085754,1.000585913658142,0.20847515761852264,0.9888877272605896
85,ddpg_lognormal,lognormal,log,1,True,0.3429247736930847,0.9370583891868591,0.9925031661987305,0.35635218024253845,0.9930643439292908
85,ddpg_lognormal,lognormal,log,2,True,0.3270813226699829,0.16690100729465485,1.007360816001892,0.0956166684627533,0.9909847974777222
86,ddpg_lognormal,lognormal,log,0,True,0.32988613843917847,0.47794798016548157,1.000777244567871,0.20819181203842163,0.9889059662818909
86,ddpg_lognormal,lognormal,log,1,True,0.34302836656570435,0.9373940825462341,0.9924853444099426,0.356346070766449,0.9930286407470703
86,ddpg_lognormal,lognormal,log,2,True,0.3270854651927948,0.16695217788219452,1.0076512098312378,0.09520135819911957,0.9910948276519775
87,ddpg_lognormal,lognormal,log,0,True,0.32976609468460083,0.4782123565673828,1.0009874105453491,0.207782581448555,0.9888015389442444
87,ddpg_lognormal,lognormal,log,1,True,0.3431324362754822,0.9377579689025879,0.9923794865608215,0.35626745223999023,0.9928877353668213
87,ddpg_lognormal,lognormal,log,2,True,0.3271014392375946,0.1669967770576477,1.0080066919326782,0.09465020149946213,0.9910943508148193
88,ddpg_lognormal,lognormal,log,0,True,0.3296371102333069,0.47839462757110596,1.001280665397644,0.2074575275182724,0.9885529279708862
88,ddpg_lognormal,lognormal,log,1,True,0.3432266116142273,0.9380910992622375,0.9922926425933838,0.35627761483192444,0.9927182197570801
88,ddpg_lognormal,lognormal,log,2,True,0.32713621854782104,0.1669217050075531,1.0084569454193115,0.0941816046833992,0.9908814430236816
89,ddpg_lognormal,lognormal,log,0,True,0.3294864892959595,0.4786158800125122,1.0016849040985107,0.20703180134296417,0.9883696436882019
89,ddpg_lognormal,lognormal,log,1,True,0.3433343768119812,0.9385184049606323,0.9923039674758911,0.3561931550502777,0.9926198124885559
89,ddpg_lognormal,lognormal,log,2,True,0.3271791934967041,0.1668402999639511,1.0089954137802124,0.09361627697944641,0.9907181262969971
90,ddpg_lognormal,lognormal,log,0,True,0.3293658494949341,0.47882047295570374,1.001960039138794,0.20648325979709625,0.9882272481918335
90,ddpg_lognormal,lognormal,log,1,True,0.3434057831764221,0.9389067888259888,0.9923652410507202,0.3559795022010803,0.9925678968429565
90,ddpg_lognormal,lognormal,log,2,True,0.32722848653793335,0.16682374477386475,1.0093046426773071,0.09294059872627258,0.9906042814254761
91,ddpg_lognormal,lognormal,log,0,True,0.3292695879936218,0.47898605465888977,1.0021289587020874,0.20590931177139282,0.9879105091094971
91,ddpg_lognormal,lognormal,log,1,True,0.34344691038131714,0.9392243027687073,0.9924010038375854,0.3557293713092804,0.9924019575119019
91,ddpg_lognormal,lognormal,log,2,True,0.32728347182273865,0.1668117642402649,1.0094908475875854,0.09224215894937515,0.9903120994567871
92,ddpg_lognormal,lognormal,log,0,True,0.32916826009750366,0.4792352318763733,1.0022796392440796,0.20528197288513184,0.9877800941467285
92,ddpg_lognormal,lognormal,log,1,True,0.3435085415840149,0.939583420753479,0.9924086332321167,0.3554334342479706,0.9924338459968567
92,ddpg_lognormal,lognormal,log,2,True,0.32732316851615906,0.16687235236167908,1.0097382068634033,0.09149375557899475,0.9901537299156189
93,ddpg_lognormal,lognormal,log,0,True,0.32904767990112305,0.4796687066555023,1.00238037109375,0.2047484815120697,0.9875619411468506
93,ddpg_lognormal,lognormal,log,1,True,0.3436524271965027,0.9400695562362671,0.9923555254936218,0.3552170693874359,0.9924249649047852
93,ddpg_lognormal,lognormal,log,2,True,0.32729989290237427,0.16711728274822235,1.009938359260559,0.09082632511854172,0.9898834228515625
94,ddpg_lognormal,lognormal,log,0,True,0.3289192318916321,0.4800265431404114,1.0025845766067505,0.20419013500213623,0.9875116944313049
94,ddpg_lognormal,lognormal,log,1,True,0.34377607703208923,0.940558135509491,0.9924265146255493,0.35498157143592834,0.9925410747528076
94,ddpg_lognormal,lognormal,log,2,True,0.3273046314716339,0.1672709882259369,1.0101842880249023,0.09013227373361588,0.9897668957710266
95,ddpg_lognormal,lognormal,log,0,True,0.32881900668144226,0.48040446639060974,1.0026562213897705,0.20376968383789062,0.9873896837234497
95,ddpg_lognormal,lognormal,log,1,True,0.3439006507396698,0.940940260887146,0.9922984838485718,0.3548212945461273,0.9926007390022278
95,ddpg_lognormal,lognormal,log,2,True,0.32728031277656555,0.16747581958770752,1.0104146003723145,0.08959008008241653,0.9896141290664673
96,ddpg_lognormal,lognormal,log,0,True,0.32874876260757446,0.4807760417461395,1.002615213394165,0.20327848196029663,0.9871941804885864
96,ddpg_lognormal,lognormal,log,1,True,0.34399521350860596,0.9412517547607422,0.992090106010437,0.35455596446990967,0.9925578236579895
96,ddpg_lognormal,lognormal,log,2,True,0.3272559344768524,0.16773191094398499,1.0104657411575317,0.08898530155420303,0.9894120693206787
97,ddpg_lognormal,lognormal,log,0,True,0.32864463329315186,0.48123684525489807,1.0025707483291626,0.2028164267539978,0.9871248602867126
97,ddpg_lognormal,lognormal,log,1,True,0.3441462218761444,0.9416914582252502,0.9919624328613281,0.3543940484523773,0.9925286173820496
97,ddpg_lognormal,lognormal,log,2,True,0.3272092342376709,0.16807353496551514,1.0104018449783325,0.08833182603120804,0.9894033670425415
98,ddpg_lognormal,lognormal,log,0,True,0.3285616636276245,0.4816674590110779,1.0025113821029663,0.2023550570011139,0.986942708492279
98,ddpg_lognormal,lognormal,log,1,True,0.3442734479904175,0.9420885443687439,0.9918538928031921,0.35415172576904297,0.9922382235527039
98,ddpg_lognormal,lognormal,log,2,True,0.3271648585796356,0.16840635240077972,1.0103224515914917,0.08771724998950958,0.9893398284912109
99,ddpg_lognormal,lognormal,log,0,True,0.3285088539123535,0.48204290866851807,1.0022906064987183,0.20200157165527344,0.9867944717407227
99,ddpg_lognormal,lognormal,log,1,True,0.34437796473503113,0.9423434734344482,0.9916081428527832,0.3540382385253906,0.9920583963394165
99,ddpg_lognormal,lognormal,log,2,True,0.32711321115493774,0.16874277591705322,1.0101484060287476,0.08720758557319641,0.9892705678939819
100,ddpg_lognormal,lognormal,log,0,True,0.3284544348716736,0.48240214586257935,1.0021600723266602,0.20150315761566162,0.9865517020225525
100,ddpg_lognormal,lognormal,log,1,True,0.3444593846797943,0.9426311254501343,0.9914268851280212,0.3537612855434418,0.9918104410171509
100,ddpg_lognormal,lognormal,log,2,True,0.32708626985549927,0.1690361499786377,1.0100557804107666,0.08659288287162781,0.9891107678413391
101,ddpg_lognormal,lognormal,log,0,True,0.32841891050338745,0.48266613483428955,1.0019429922103882,0.20107190310955048,0.9864104986190796
101,ddpg_lognormal,lognormal,log,1,True,0.34450602531433105,0.9427667260169983,0.9910889267921448,0.3535897731781006,0.9916884303092957
101,ddpg_lognormal,lognormal,log,2,True,0.3270750939846039,0.16925974190235138,1.0099318027496338,0.08601652085781097,0.9890106916427612
102,ddpg_lognormal,lognormal,log,0,True,0.32837188243865967,0.4829201102256775,1.0018517971038818,0.20073437690734863,0.9861158728599548
102,ddpg_lognormal,lognormal,log,1,True,0.3445689082145691,0.9429519772529602,0.9908409118652344,0.3534494638442993,0.9914517998695374
102,ddpg_lognormal,lognormal,log,2,True,0.32705917954444885,0.1694369912147522,1.0099256038665771,0.08557891100645065,0.9887509942054749
103,ddpg_lognormal,lognormal,log,0,True,0.32836711406707764,0.4831295311450958,1.0016111135482788,0.20028604567050934,0.9858260154724121
103,ddpg_lognormal,lognormal,log,1,True,0.34457582235336304,0.9430158138275146,0.9905382394790649,0.3531823754310608,0.991237223148346
103,ddpg_lognormal,lognormal,log,2,True,0.3270570635795593,0.16963371634483337,1.00979745388031,0.08504696190357208,0.9884765148162842
104,ddpg_lognormal,lognormal,log,0,True,0.32836592197418213,0.48319920897483826,1.0013641119003296,0.19969786703586578,0.9855405688285828
104,ddpg_lognormal,lognormal,log,1,True,0.34452247619628906,0.9430175423622131,0.9903156161308289,0.35287362337112427,0.9911161661148071
104,ddpg_lognormal,lognormal,log,2,True,0.3271116614341736,0.16969679296016693,1.009634017944336,0.08435475826263428,0.9881434440612793
105,ddpg_lognormal,lognormal,log,0,True,0.32838383316993713,0.48323482275009155,1.001137137413025,0.19926021993160248,0.985099732875824
105,ddpg_lognormal,lognormal,log,1,True,0.34446603059768677,0.9429822564125061,0.9901326298713684,0.3526117503643036,0.9909208416938782
105,ddpg_lognormal,lognormal,log,2,True,0.3271501064300537,0.1697440892457962,1.0095150470733643,0.08389030396938324,0.9876376390457153
106,ddpg_lognormal,lognormal,log,0,True,0.328402042388916,0.4833870530128479,1.0009207725524902,0.1987931877374649,0.9845882654190063
106,ddpg_lognormal,lognormal,log,1,True,0.34444132447242737,0.9430394768714905,0.9899618029594421,0.35224631428718567,0.9905329346656799
106,ddpg_lognormal,lognormal,log,2,True,0.3271566331386566,0.16991247236728668,1.0093902349472046,0.08343890309333801,0.9871572852134705
107,ddpg_lognormal,lognormal,log,0,True,0.3284454643726349,0.48357030749320984,1.0005662441253662,0.19831715524196625,0.9841326475143433
107,ddpg_lognormal,lognormal,log,1,True,0.34440863132476807,0.943030059337616,0.9896540641784668,0.35186561942100525,0.9902147650718689
107,ddpg_lognormal,lognormal,log,2,True,0.3271458148956299,0.17016814649105072,1.0091348886489868,0.08298015594482422,0.986711323261261
108,ddpg_lognormal,lognormal,log,0,True,0.3284979462623596,0.48372122645378113,1.0001674890518188,0.1978718489408493,0.9838612079620361
108,ddpg_lognormal,lognormal,log,1,True,0.3443611264228821,0.9429281949996948,0.9892081618309021,0.35153496265411377,0.9900135397911072
108,ddpg_lognormal,lognormal,log,2,True,0.3271409869194031,0.17039480805397034,1.0089105367660522,0.08253127336502075,0.9864351153373718
109,ddpg_lognormal,lognormal,log,0,True,0.3285573124885559,0.483720988035202,0.9998539686203003,0.19739098846912384,0.983500599861145
109,ddpg_lognormal,lognormal,log,1,True,0.34425675868988037,0.9427348971366882,0.9887821674346924,0.351154088973999,0.9896514415740967
109,ddpg_lognormal,lognormal,log,2,True,0.32718586921691895,0.170443594455719,1.0087621212005615,0.08204607665538788,0.9861360788345337
110,ddpg_lognormal,lognormal,log,0,True,0.3286328613758087,0.4837399423122406,0.999481737613678,0.196870818734169,0.9831777811050415
110,ddpg_lognormal,lognormal,log,1,True,0.34413886070251465,0.942473828792572,0.9882048964500427,0.35071560740470886,0.989333987236023
110,ddpg_lognormal,lognormal,log,2,True,0.32722824811935425,0.17051652073860168,1.0086393356323242,0.08152993768453598,0.985867977142334
111,ddpg_lognormal,lognormal,log,0,True,0.328663170337677,0.4839317202568054,0.9992091059684753,0.196377232670784,0.98296719789505
111,ddpg_lognormal,lognormal,log,1,True,0.34410807490348816,0.9424396753311157,0.9877737164497375,0.35029515624046326,0.9890247583389282
111,ddpg_lognormal,lognormal,log,2,True,0.3272287845611572,0.17072021961212158,1.0085467100143433,0.08101386576890945,0.9857875108718872
112,ddpg_lognormal,lognormal,log,0,True,0.3287140727043152,0.4840787649154663,0.9989051222801208,0.19574229419231415,0.98274165391922
112,ddpg_lognormal,lognormal,log,1,True,0.34403491020202637,0.9423877596855164,0.9874380826950073,0.3497265577316284,0.9886907339096069
112,ddpg_lognormal,lognormal,log,2,True,0.3272510766983032,0.1709240823984146,1.0083461999893188,0.08038438111543655,0.9857036471366882
113,ddpg_lognormal,lognormal,log,0,True,0.32874542474746704,0.48437660932540894,0.998580813407898,0.19532127678394318,0.9825968146324158
113,ddpg_lognormal,lognormal,log,1,True,0.34404873847961426,0.9424559473991394,0.9871256351470947,0.34934312105178833,0.9884054064750671
113,ddpg_lognormal,lognormal,log,2,True,0.3272058963775635,0.17128118872642517,1.0081552267074585,0.07997757941484451,0.9857301115989685
114,ddpg_lognormal,lognormal,log,0,True,0.32876425981521606,0.48473602533340454,0.9981053471565247,0.19492807984352112,0.9824227094650269
114,ddpg_lognormal,lognormal,log,1,True,0.3440919518470764,0.942526638507843,0.986720860004425,0.3490951359272003,0.9881450533866882
114,ddpg_lognormal,lognormal,log,2,True,0.3271438479423523,0.17170140147209167,1.007873773574829,0.07950394600629807,0.9856812357902527
115,ddpg_lognormal,lognormal,log,0,True,0.3287769854068756,0.48493707180023193,0.9977549314498901,0.19460339844226837,0.9824262857437134
115,ddpg_lognormal,lognormal,log,1,True,0.3440999388694763,0.9425287246704102,0.9864256381988525,0.3489227592945099,0.9880576133728027
115,ddpg_lognormal,lognormal,log,2,True,0.32712313532829285,0.17193590104579926,1.0076996088027954,0.07908585667610168,0.9857652187347412
116,ddpg_lognormal,lognormal,log,0,True,0.3287956416606903,0.4850582480430603,0.9975099563598633,0.1941033899784088,0.9824395775794983
116,ddpg_lognormal,lognormal,log,1,True,0.3440598249435425,0.942533552646637,0.9862415194511414,0.3485758602619171,0.9880066514015198
116,ddpg_lognormal,lognormal,log,2,True,0.3271445631980896,0.1720867156982422,1.0075668096542358,0.07854853570461273,0.9858222007751465
117,ddpg_lognormal,lognormal,log,0,True,0.3288462460041046,0.48517051339149475,0.997184157371521,0.1937309205532074,0.9824724793434143
117,ddpg_lognormal,lognormal,log,1,True,0.34401780366897583,0.9424976110458374,0.9861124753952026,0.34826481342315674,0.9879177212715149
117,ddpg_lognormal,lognormal,log,2,True,0.3271358609199524,0.1723262071609497,1.0072040557861328,0.07818904519081116,0.9859364032745361
118,ddpg_lognormal,lognormal,log,0,True,0.3288857638835907,0.48526623845100403,0.9968788027763367,0.1933545619249344,0.9827109575271606
118,ddpg_lognormal,lognormal,log,1,True,0.3439774811267853,0.9424688816070557,0.985996425151825,0.34798669815063477,0.9879183769226074
118,ddpg_lognormal,lognormal,log,2,True,0.3271367847919464,0.1725442260503769,1.0068377256393433,0.07778660207986832,0.9862773418426514
119,ddpg_lognormal,lognormal,log,0,True,0.3289133310317993,0.4854027032852173,0.996584415435791,0.19301484525203705,0.982714056968689
119,ddpg_lognormal,lognormal,log,1,True,0.3439611792564392,0.9424862265586853,0.9858543872833252,0.3477511703968048,0.9877506494522095
119,ddpg_lognormal,lognormal,log,2,True,0.3271254599094391,0.17277397215366364,1.0065256357192993,0.0774231106042862,0.9864059090614319
120,ddpg_lognormal,lognormal,log,0,True,0.3289479911327362,0.4855301082134247,0.9962263107299805,0.19273974001407623,0.9828709959983826
120,ddpg_lognormal,lognormal,log,1,True,0.3439484238624573,0.9424726366996765,0.9856992363929749,0.34760144352912903,0.9877275228500366
120,ddpg_lognormal,lognormal,log,2,True,0.3271035850048065,0.17304091155529022,1.0060862302780151,0.07710761576890945,0.986676812171936
121,ddpg_lognormal,lognormal,log,0,True,0.32895582914352417,0.4858274459838867,0.9958246946334839,0.1924123615026474,0.9829061627388
121,ddpg_lognormal,lognormal,log,1,True,0.3439961373806,0.9425849318504333,0.9854549765586853,0.3474608361721039,0.9876763224601746
121,ddpg_lognormal,lognormal,log,2,True,0.32704806327819824,0.17343442142009735,1.005704402923584,0.07672007381916046,0.9867922067642212
122,ddpg_lognormal,lognormal,log,0,True,0.32897305488586426,0.4861961901187897,0.995494544506073,0.19209356606006622,0.9830443263053894
122,ddpg_lognormal,lognormal,log,1,True,0.34405916929244995,0.9427530169487,0.9852805137634277,0.3471900224685669,0.9875746965408325
122,ddpg_lognormal,lognormal,log,2,True,0.3269678056240082,0.17390723526477814,1.0053536891937256,0.07640698552131653,0.9871221780776978
123,ddpg_lognormal,lognormal,log,0,True,0.32895612716674805,0.4865570068359375,0.9952862858772278,0.19184710085391998,0.9833398461341858
123,ddpg_lognormal,lognormal,log,1,True,0.3441494107246399,0.9429813027381897,0.9851756691932678,0.3470303416252136,0.9875856637954712
123,ddpg_lognormal,lognormal,log,2,True,0.32689452171325684,0.1743144989013672,1.0051422119140625,0.07613043487071991,0.9875946044921875
124,ddpg_lognormal,lognormal,log,0,True,0.32897043228149414,0.48676106333732605,0.9950454831123352,0.1914866715669632,0.9835042357444763
124,ddpg_lognormal,lognormal,log,1,True,0.34415701031684875,0.9430432915687561,0.9849745631217957,0.34678196907043457,0.9875391125679016
124,ddpg_lognormal,lognormal,log,2,True,0.32687264680862427,0.1745765507221222,1.0049543380737305,0.07576651126146317,0.9879251718521118
125,ddpg_lognormal,lognormal,log,0,True,0.32900935411453247,0.4867742955684662,0.9947836399078369,0.1912636160850525,0.9837397336959839
125,ddpg_lognormal,lognormal,log,1,True,0.34411293268203735,0.9429582357406616,0.9848511219024658,0.3466625213623047,0.9875664710998535
125,ddpg_lognormal,lognormal,log,2,True,0.326877623796463,0.17470653355121613,1.0046589374542236,0.075541652739048,0.9883321523666382
126,ddpg_lognormal,lognormal,log,0,True,0.3290266990661621,0.48686516284942627,0.9946273565292358,0.19111400842666626,0.9841406941413879
126,ddpg_lognormal,lognormal,log,1,True,0.3441121578216553,0.9429470300674438,0.9847175478935242,0.34656885266304016,0.9876818656921387
126,ddpg_lognormal,lognormal,log,2,True,0.3268611431121826,0.17487384378910065,1.0044786930084229,0.07539381831884384,0.9888823628425598
127,ddpg_lognormal,lognormal,log,0,True,0.32904765009880066,0.4868917167186737,0.9944019913673401,0.19086234271526337,0.9846323728561401
127,ddpg_lognormal,lognormal,log,1,True,0.34407907724380493,0.9428942799568176,0.9846303462982178,0.34647104144096375,0.9879706501960754
127,ddpg_lognormal,lognormal,log,2,True,0.3268733322620392,0.17499518394470215,1.0042426586151123,0.07510574907064438,0.9894466400146484
128,ddpg_lognormal,lognormal,log,0,True,0.32907217741012573,0.4870779514312744,0.9940807223320007,0.19052819907665253,0.985092043876648
128,ddpg_lognormal,lognormal,log,1,True,0.3440839946269989,0.9429426789283752,0.9845262169837952,0.346284419298172,0.9882934093475342
128,ddpg_lognormal,lognormal,log,2,True,0.32684388756752014,0.17531165480613708,1.003882884979248,0.07475820183753967,0.9899385571479797
129,ddpg_lognormal,lognormal,log,0,True,0.3290649652481079,0.4872000515460968,0.9939010739326477,0.19031934440135956,0.9856517314910889
129,ddpg_lognormal,lognormal,log,1,True,0.3441042900085449,0.9430124163627625,0.9844930171966553,0.34625139832496643,0.9886780381202698
129,ddpg_lognormal,lognormal,log,2,True,0.32683074474334717,0.17550811171531677,1.0036486387252808,0.074492447078228,0.9905298352241516
130,ddpg_lognormal,lognormal,log,0,True,0.32907941937446594,0.48739156126976013,0.9935868382453918,0.19010093808174133,0.9862450361251831
130,ddpg_lognormal,lognormal,log,1,True,0.34413203597068787,0.9430727362632751,0.984410285949707,0.34618446230888367,0.9891115427017212
130,ddpg_lognormal,lognormal,log,2,True,0.3267885148525238,0.17583507299423218,1.00324285030365,0.07421938329935074,0.991127073764801
131,ddpg_lognormal,lognormal,log,0,True,0.329076886177063,0.4877581000328064,0.9931851625442505,0.18986184895038605,0.9867433905601501
131,ddpg_lognormal,lognormal,log,1,True,0.34421995282173157,0.9432518482208252,0.9842701554298401,0.3461083769798279,0.9893934726715088
131,ddpg_lognormal,lognormal,log,2,True,0.32670313119888306,0.1763225644826889,1.0027812719345093,0.07388368248939514,0.9916778206825256
132,ddpg_lognormal,lognormal,log,0,True,0.32903286814689636,0.48817694187164307,0.9929331541061401,0.18960578739643097,0.9873154759407043
132,ddpg_lognormal,lognormal,log,1,True,0.3443455696105957,0.9435412883758545,0.9841588139533997,0.34606248140335083,0.9897785782814026
132,ddpg_lognormal,lognormal,log,2,True,0.32662156224250793,0.17677763104438782,1.0025303363800049,0.07351838797330856,0.9922842383384705
133,ddpg_lognormal,lognormal,log,0,True,0.32898783683776855,0.4885665774345398,0.9927516579627991,0.18916358053684235,0.9877630472183228
133,ddpg_lognormal,lognormal,log,1,True,0.34443873167037964,0.9438542127609253,0.9841060042381287,0.3458368480205536,0.9900817275047302
133,ddpg_lognormal,lognormal,log,2,True,0.3265734016895294,0.1771753579378128,1.0023465156555176,0.072995625436306,0.9927700161933899
134,ddpg_lognormal,lognormal,log,0,True,0.3289456069469452,0.48896878957748413,0.9925289750099182,0.1885659396648407,0.9881184697151184
134,ddpg_lognormal,lognormal,log,1,True,0.3445116877555847,0.9441671967506409,0.9840216636657715,0.3454911410808563,0.9903364777565002
134,ddpg_lognormal,lognormal,log,2,True,0.3265427350997925,0.1775728166103363,1.0021761655807495,0.07230443507432938,0.9931045770645142
135,ddpg_lognormal,lognormal,log,0,True,0.3289388120174408,0.48933061957359314,0.9922183752059937,0.1880471259355545,0.9884341955184937
135,ddpg_lognormal,lognormal,log,1,True,0.34455692768096924,0.9443314075469971,0.9837349057197571,0.34515735507011414,0.9905357956886292
135,ddpg_lognormal,lognormal,log,2,True,0.32650429010391235,0.17796914279460907,1.0019564628601074,0.07171245664358139,0.9934195876121521
136,ddpg_lognormal,lognormal,log,0,True,0.3289480209350586,0.48964330554008484,0.9918712377548218,0.1875738650560379,0.9887441992759705
136,ddpg_lognormal,lognormal,log,1,True,0.34457993507385254,0.9443798065185547,0.9832550287246704,0.34486857056617737,0.9907574653625488
136,ddpg_lognormal,lognormal,log,2,True,0.32647210359573364,0.17832085490226746,1.0017621517181396,0.07116825133562088,0.9937174916267395
137,ddpg_lognormal,lognormal,log,0,True,0.32892507314682007,0.4898831844329834,0.9917184114456177,0.18721264600753784,0.9891543388366699
137,ddpg_lognormal,lognormal,log,1,True,0.3446134328842163,0.9444490671157837,0.9828457832336426,0.34468865394592285,0.9910687804222107
137,ddpg_lognormal,lognormal,log,2,True,0.3264614939689636,0.17852981388568878,1.00172758102417,0.07070642709732056,0.9941133260726929
138,ddpg_lognormal,lognormal,log,0,True,0.3289005160331726,0.49012911319732666,0.9916069507598877,0.1867101937532425,0.9895910620689392
138,ddpg_lognormal,lognormal,log,1,True,0.34463247656822205,0.9445638656616211,0.9825308918952942,0.34437745809555054,0.9915091395378113
138,ddpg_lognormal,lognormal,log,2,True,0.32646700739860535,0.1787395179271698,1.0017045736312866,0.07012846320867538,0.9944102168083191
139,ddpg_lognormal,lognormal,log,0,True,0.3289058208465576,0.4902477264404297,0.9914491176605225,0.18637298047542572,0.9900230765342712
139,ddpg_lognormal,lognormal,log,1,True,0.3446119427680969,0.9444903135299683,0.9820913076400757,0.3441726565361023,0.9918704032897949
139,ddpg_lognormal,lognormal,log,2,True,0.3264821469783783,0.17884737253189087,1.0016894340515137,0.06971614807844162,0.994744062423706
140,ddpg_lognormal,lognormal,log,0,True,0.3289147615432739,0.49040767550468445,0.9912363290786743,0.18623515963554382,0.9904285669326782
140,ddpg_lognormal,lognormal,log,1,True,0.34462717175483704,0.944390594959259,0.9815514087677002,0.3441339433193207,0.9922029376029968
140,ddpg_lognormal,lognormal,log,2,True,0.32645806670188904,0.17901381850242615,1.0016465187072754,0.0695105567574501,0.9950293302536011
141,ddpg_lognormal,lognormal,log,0,True,0.3289308547973633,0.4906828701496124,0.9909090399742126,0.18612203001976013,0.990851879119873
141,ddpg_lognormal,lognormal,log,1,True,0.3446767330169678,0.9443203210830688,0.9809214472770691,0.34411752223968506,0.9925752282142639
141,ddpg_lognormal,lognormal,log,2,True,0.3263925015926361,0.17933005094528198,1.0014978647232056,0.06933195143938065,0.9953399300575256
142,ddpg_lognormal,lognormal,log,0,True,0.3289707899093628,0.4908881187438965,0.9905668497085571,0.18598386645317078,0.9910750985145569
142,ddpg_lognormal,lognormal,log,1,True,0.34468457102775574,0.9441521167755127,0.9802215099334717,0.34402766823768616,0.9927920699119568
142,ddpg_lognormal,lognormal,log,2,True,0.3263446092605591,0.17958147823810577,1.0013706684112549,0.06915771961212158,0.9954811334609985
143,ddpg_lognormal,lognormal,log,0,True,0.3289961814880371,0.4909103214740753,0.9904064536094666,0.18589705228805542,0.9912578463554382
143,ddpg_lognormal,lognormal,log,1,True,0.3446553945541382,0.9439635872840881,0.9797426462173462,0.34398704767227173,0.9929504990577698
143,ddpg_lognormal,lognormal,log,2,True,0.3263484537601471,0.179615780711174,1.0013374090194702,0.06902728229761124,0.9956138134002686
144,ddpg_lognormal,lognormal,log,0,True,0.32903558015823364,0.49100667238235474,0.9901017546653748,0.18589431047439575,0.9914768934249878
144,ddpg_lognormal,lognormal,log,1,True,0.34465211629867554,0.9437650442123413,0.9791964888572693,0.3440280556678772,0.9931127429008484
144,ddpg_lognormal,lognormal,log,2,True,0.32631224393844604,0.17977671325206757,1.00115966796875,0.06897278130054474,0.9958136677742004
145,ddpg_lognormal,lognormal,log,0,True,0.32910993695259094,0.4911816716194153,0.989692747592926,0.18577344715595245,0.9916447997093201
145,ddpg_lognormal,lognormal,log,1,True,0.34463509917259216,0.9435510039329529,0.9785906672477722,0.34388166666030884,0.9932301044464111
145,ddpg_lognormal,lognormal,log,2,True,0.32625502347946167,0.1800633668899536,1.0009099245071411,0.06886836886405945,0.9959604740142822
146,ddpg_lognormal,lognormal,log,0,True,0.3291976749897003,0.4913782477378845,0.9891940355300903,0.18581704795360565,0.9918610453605652
146,ddpg_lognormal,lognormal,log,1,True,0.34463995695114136,0.9433184862136841,0.9780116677284241,0.3438693583011627,0.9934148788452148
146,ddpg_lognormal,lognormal,log,2,True,0.3261623978614807,0.18042336404323578,1.0005520582199097,0.06892982125282288,0.9961696267127991
147,ddpg_lognormal,lognormal,log,0,True,0.32931068539619446,0.49134424328804016,0.9886599779129028,0.18582095205783844,0.991965115070343
147,ddpg_lognormal,lognormal,log,1,True,0.34455716609954834,0.9429123997688293,0.9774472713470459,0.34387660026550293,0.9935181140899658
147,ddpg_lognormal,lognormal,log,2,True,0.3261321485042572,0.18058907985687256,1.0001300573349,0.06894265115261078,0.99627286195755
148,ddpg_lognormal,lognormal,log,0,True,0.3294171988964081,0.49131888151168823,0.988165020942688,0.18581214547157288,0.9918504357337952
148,ddpg_lognormal,lognormal,log,1,True,0.344479501247406,0.9425432085990906,0.9769158363342285,0.34385061264038086,0.9934370517730713
148,ddpg_lognormal,lognormal,log,2,True,0.3261032998561859,0.18073944747447968,0.9997538924217224,0.06895492225885391,0.9961812496185303
149,ddpg_lognormal,lognormal,log,0,True,0.3295081555843353,0.4911958873271942,0.9878259897232056,0.18587307631969452,0.9915982484817505
149,ddpg_lognormal,lognormal,log,1,True,0.34439074993133545,0.9421776533126831,0.9765037894248962,0.34387195110321045,0.9932935237884521
149,ddpg_lognormal,lognormal,log,2,True,0.3261011242866516,0.18074049055576324,0.999538004398346,0.06904815882444382,0.9959530830383301
150,ddpg_lognormal,lognormal,log,0,True,0.32959482073783875,0.49109718203544617,0.9875202178955078,0.18598130345344543,0.9912543296813965
150,ddpg_lognormal,lognormal,log,1,True,0.3443123400211334,0.9417944550514221,0.9759922027587891,0.34389105439186096,0.9929964542388916
150,ddpg_lognormal,lognormal,log,2,True,0.3260928690433502,0.18072114884853363,0.9994491934776306,0.06918562203645706,0.9956705570220947
151,ddpg_lognormal,lognormal,log,0,True,0.3296910226345062,0.49083319306373596,0.9873432517051697,0.1860317438840866,0.9909180998802185
151,ddpg_lognormal,lognormal,log,1,True,0.34417539834976196,0.9413776397705078,0.975694477558136,0.3438219428062439,0.992683470249176
151,ddpg_lognormal,lognormal,log,2,True,0.3261336088180542,0.180561825633049,0.9992953538894653,0.06929264217615128,0.9954240918159485
152,ddpg_lognormal,lognormal,log,0,True,0.3298100233078003,0.4905227720737457,0.9871084094047546,0.18603046238422394,0.9904541373252869
152,ddpg_lognormal,lognormal,log,1,True,0.34400221705436707,0.9408804774284363,0.9753561615943909,0.3436729311943054,0.9922378659248352
152,ddpg_lognormal,lognormal,log,2,True,0.32618772983551025,0.18037210404872894,0.9991257190704346,0.06935953348875046,0.9950839281082153
153,ddpg_lognormal,lognormal,log,0,True,0.3298865258693695,0.4903501272201538,0.9869776368141174,0.1861615628004074,0.9901219010353088
153,ddpg_lognormal,lognormal,log,1,True,0.343915730714798,0.9405776262283325,0.975144624710083,0.3436290919780731,0.9918157458305359
153,ddpg_lognormal,lognormal,log,2,True,0.3261977732181549,0.18029305338859558,0.9989281296730042,0.06952500343322754,0.9949291348457336
154,ddpg_lognormal,lognormal,log,0,True,0.32997509837150574,0.49022671580314636,0.9867634773254395,0.1863565742969513,0.9899623990058899
154,ddpg_lognormal,lognormal,log,1,True,0.34384849667549133,0.9402902126312256,0.9749668836593628,0.34364792704582214,0.9915938973426819
154,ddpg_lognormal,lognormal,log,2,True,0.3261764347553253,0.18032166361808777,0.9986214637756348,0.06977833807468414,0.9949077367782593
155,ddpg_lognormal,lognormal,log,0,True,0.33003899455070496,0.49016493558883667,0.9865508079528809,0.18652668595314026,0.9896230697631836
155,ddpg_lognormal,lognormal,log,1,True,0.34381210803985596,0.940079927444458,0.9747582077980042,0.34370166063308716,0.9912431836128235
155,ddpg_lognormal,lognormal,log,2,True,0.3261488676071167,0.18036973476409912,0.998361349105835,0.06997731328010559,0.9947060942649841
156,ddpg_lognormal,lognormal,log,0,True,0.33007559180259705,0.49008339643478394,0.9864990711212158,0.18652001023292542,0.9893380403518677
156,ddpg_lognormal,lognormal,log,1,True,0.3437637388706207,0.9399569034576416,0.9746708273887634,0.34361639618873596,0.9909387826919556
156,ddpg_lognormal,lognormal,log,2,True,0.3261607587337494,0.1803341954946518,0.9982390403747559,0.06999485194683075,0.9945430755615234
157,ddpg_lognormal,lognormal,log,0,True,0.33006906509399414,0.4902490973472595,0.9865058064460754,0.18652001023292542,0.989113986492157
157,ddpg_lognormal,lognormal,log,1,True,0.34381383657455444,0.9400582909584045,0.9745662808418274,0.3435302972793579,0.9906582832336426
157,ddpg_lognormal,lognormal,log,2,True,0.3261171579360962,0.18047451972961426,0.9982612133026123,0.07002128660678864,0.9944669604301453
158,ddpg_lognormal,lognormal,log,0,True,0.33003681898117065,0.49034029245376587,0.9865792393684387,0.18653875589370728,0.9890762567520142
158,ddpg_lognormal,lognormal,log,1,True,0.3438595235347748,0.9401461482048035,0.9744834899902344,0.3435646891593933,0.9905926585197449
158,ddpg_lognormal,lognormal,log,2,True,0.3261036276817322,0.18050293624401093,0.9983634948730469,0.07000477612018585,0.994513213634491
159,ddpg_lognormal,lognormal,log,0,True,0.330030620098114,0.4902938902378082,0.986607551574707,0.1865500956773758,0.9890919923782349
159,ddpg_lognormal,lognormal,log,1,True,0.343843549489975,0.9400433301925659,0.974236249923706,0.34360426664352417,0.9905897974967957
159,ddpg_lognormal,lognormal,log,2,True,0.3261258602142334,0.18040865659713745,0.9984772205352783,0.06996691972017288,0.994600236415863
160,ddpg_lognormal,lognormal,log,0,True,0.33005422353744507,0.4902065396308899,0.9865640997886658,0.18656505644321442,0.9890359044075012
160,ddpg_lognormal,lognormal,log,1,True,0.3437935411930084,0.9398188591003418,0.9738671183586121,0.34357285499572754,0.9904072284698486
160,ddpg_lognormal,lognormal,log,2,True,0.3261522352695465,0.1802969127893448,0.9985628128051758,0.06993836164474487,0.9946452975273132
161,ddpg_lognormal,lognormal,log,0,True,0.33003705739974976,0.4901311695575714,0.9866952300071716,0.1865694373846054,0.9889399409294128
161,ddpg_lognormal,lognormal,log,1,True,0.34377235174179077,0.9397377371788025,0.9736752510070801,0.3435511291027069,0.9901492595672607
161,ddpg_lognormal,lognormal,log,2,True,0.3261905312538147,0.18012897670269012,0.9987750053405762,0.06989005953073502,0.9946892261505127
162,ddpg_lognormal,lognormal,log,0,True,0.3300246596336365,0.4901544153690338,0.9867238402366638,0.18663938343524933,0.9889065623283386
162,ddpg_lognormal,lognormal,log,1,True,0.34378477931022644,0.9396533966064453,0.9733216762542725,0.34359779953956604,0.990014374256134
162,ddpg_lognormal,lognormal,log,2,True,0.3261905014514923,0.1800786554813385,0.9989347457885742,0.06990064680576324,0.9947447180747986
163,ddpg_lognormal,lognormal,log,0,True,0.3300056755542755,0.49013766646385193,0.9867669343948364,0.18675808608531952,0.9890211224555969
163,ddpg_lognormal,lognormal,log,1,True,0.3438001871109009,0.9395918846130371,0.9730992317199707,0.34372735023498535,0.9900223016738892
163,ddpg_lognormal,lognormal,log,2,True,0.326194167137146,0.18002521991729736,0.998944103717804,0.06992711871862411,0.9949437379837036
164,ddpg_lognormal,lognormal,log,0,True,0.33002421259880066,0.4899906516075134,0.9867110848426819,0.18691954016685486,0.9889844655990601
164,ddpg_lognormal,lognormal,log,1,True,0.3437601327896118,0.9393776655197144,0.9728914499282837,0.34387752413749695,0.9899991154670715
164,ddpg_lognormal,lognormal,log,2,True,0.3262156844139099,0.1798914074897766,0.9988818168640137,0.07001890242099762,0.9949276447296143
165,ddpg_lognormal,lognormal,log,0,True,0.33003896474838257,0.4900175929069519,0.986545979976654,0.18703174591064453,0.9889218211174011
165,ddpg_lognormal,lognormal,log,1,True,0.34377387166023254,0.9392898082733154,0.9726704955101013,0.3440110683441162,0.9899942278862
165,ddpg_lognormal,lognormal,log,2,True,0.32618728280067444,0.17997755110263824,0.9986308217048645,0.07007989287376404,0.9948476552963257
166,ddpg_lognormal,lognormal,log,0,True,0.3300623893737793,0.48996561765670776,0.9864205121994019,0.18721707165241241,0.9888712763786316
166,ddpg_lognormal,lognormal,log,1,True,0.3437611162662506,0.9390863180160522,0.9723309874534607,0.3441521227359772,0.9898380637168884
166,ddpg_lognormal,lognormal,log,2,True,0.3261764943599701,0.17995746433734894,0.9984951019287109,0.07020485401153564,0.9948395490646362
167,ddpg_lognormal,lognormal,log,0,True,0.33006930351257324,0.49009400606155396,0.9862272143363953,0.1874649077653885,0.9889432787895203
167,ddpg_lognormal,lognormal,log,1,True,0.3438154458999634,0.9389750361442566,0.971932590007782,0.34434783458709717,0.9897350072860718
167,ddpg_lognormal,lognormal,log,2,True,0.326115220785141,0.18008436262607574,0.9984524846076965,0.0703686848282814,0.9949711561203003
168,ddpg_lognormal,lognormal,log,0,True,0.3300503194332123,0.4903123676776886,0.9861236810684204,0.18773414194583893,0.9891185164451599
168,ddpg_lognormal,lognormal,log,1,True,0.3439202308654785,0.9390286207199097,0.9716843366622925,0.34457191824913025,0.9897687435150146
168,ddpg_lognormal,lognormal,log,2,True,0.3260294497013092,0.1803050935268402,0.9983401298522949,0.07056646794080734,0.9951848387718201
169,ddpg_lognormal,lognormal,log,0,True,0.33005082607269287,0.49056416749954224,0.9859910607337952,0.1879463493824005,0.9890887141227722
169,ddpg_lognormal,lognormal,log,1,True,0.3440169095993042,0.9390901923179626,0.9714301824569702,0.3446773588657379,0.9896292686462402
169,ddpg_lognormal,lognormal,log,2,True,0.32593220472335815,0.18057258427143097,0.9982469081878662,0.0707782432436943,0.9952203035354614
170,ddpg_lognormal,lognormal,log,0,True,0.3300319015979767,0.49103453755378723,0.9858195185661316,0.1880892664194107,0.9890734553337097
170,ddpg_lognormal,lognormal,log,1,True,0.3441842794418335,0.939343273639679,0.9712114334106445,0.3447161316871643,0.9895607233047485
170,ddpg_lognormal,lognormal,log,2,True,0.3257838189601898,0.1810477077960968,0.9981505870819092,0.07093747705221176,0.9952605366706848
171,ddpg_lognormal,lognormal,log,0,True,0.3300118148326874,0.49140164256095886,0.9855906963348389,0.1884247064590454,0.9890977144241333
171,ddpg_lognormal,lognormal,log,1,True,0.3443472385406494,0.9395188093185425,0.9710486531257629,0.3450022041797638,0.9895132184028625
171,ddpg_lognormal,lognormal,log,2,True,0.325641006231308,0.18143951892852783,0.9980241656303406,0.07123672962188721,0.9953411817550659
172,ddpg_lognormal,lognormal,log,0,True,0.32998210191726685,0.4916846752166748,0.9855114221572876,0.18859167397022247,0.9890120625495911
172,ddpg_lognormal,lognormal,log,1,True,0.3444708585739136,0.939719557762146,0.971001386642456,0.345134973526001,0.9893907904624939
172,ddpg_lognormal,lognormal,log,2,True,0.3255469799041748,0.18170659244060516,0.9980006217956543,0.07139194011688232,0.995323657989502
173,ddpg_lognormal,lognormal,log,0,True,0.32992467284202576,0.4918802082538605,0.985630452632904,0.18879514932632446,0.9889793992042542
173,ddpg_lognormal,lognormal,log,1,True,0.34458595514297485,0.9399294257164001,0.9710395336151123,0.3452921509742737,0.9892838001251221
173,ddpg_lognormal,lognormal,log,2,True,0.325489342212677,0.18180875480175018,0.9981729388237,0.07155910134315491,0.9953738451004028
174,ddpg_lognormal,lognormal,log,0,True,0.3298676908016205,0.4921194612979889,0.9857310056686401,0.18894322216510773,0.9887904524803162
174,ddpg_lognormal,lognormal,log,1,True,0.3447098135948181,0.9401971101760864,0.9711180329322815,0.34537842869758606,0.9889726042747498
174,ddpg_lognormal,lognormal,log,2,True,0.3254225254058838,0.18196739256381989,0.9982613325119019,0.07167896628379822,0.9953385591506958
175,ddpg_lognormal,lognormal,log,0,True,0.3297704756259918,0.49252849817276,0.985923707485199,0.18910770118236542,0.9885468482971191
175,ddpg_lognormal,lognormal,log,1,True,0.34491124749183655,0.9406640529632568,0.9712570309638977,0.3454696834087372,0.9886435866355896
175,ddpg_lognormal,lognormal,log,2,True,0.32531827688217163,0.182241752743721,0.9984245300292969,0.07180983573198318,0.995250940322876
176,ddpg_lognormal,lognormal,log,0,True,0.3296731412410736,0.493080198764801,0.9859654903411865,0.18919913470745087,0.9882736802101135
176,ddpg_lognormal,lognormal,log,1,True,0.3451472222805023,0.9411835670471191,0.971272885799408,0.3455277979373932,0.9882967472076416
176,ddpg_lognormal,lognormal,log,2,True,0.3251796364784241,0.18267327547073364,0.9985008239746094,0.0718441903591156,0.9951184988021851
177,ddpg_lognormal,lognormal,log,0,True,0.3295789062976837,0.49360916018486023,0.9860025644302368,0.18940450251102448,0.9881908893585205
177,ddpg_lognormal,lognormal,log,1,True,0.34538862109184265,0.9416776895523071,0.9713150858879089,0.3456975817680359,0.9881386756896973
177,ddpg_lognormal,lognormal,log,2,True,0.32503241300582886,0.1831044703722,0.9985638856887817,0.07199503481388092,0.9951445460319519
178,ddpg_lognormal,lognormal,log,0,True,0.32947951555252075,0.49412572383880615,0.9860725998878479,0.18959476053714752,0.9882838726043701
178,ddpg_lognormal,lognormal,log,1,True,0.3456310033798218,0.9422019124031067,0.9714387059211731,0.3458912968635559,0.9881919026374817
178,ddpg_lognormal,lognormal,log,2,True,0.3248894214630127,0.18354260921478271,0.9985847473144531,0.07214564085006714,0.9952694773674011
179,ddpg_lognormal,lognormal,log,0,True,0.32940343022346497,0.4945719242095947,0.9860580563545227,0.1897200047969818,0.9882312417030334
179,ddpg_lognormal,lognormal,log,1,True,0.34582850337028503,0.9426007866859436,0.9714292287826538,0.3460295796394348,0.9881073236465454
179,ddpg_lognormal,lognormal,log,2,True,0.32476818561553955,0.18392430245876312,0.9985719323158264,0.0722176730632782,0.9952268004417419
180,ddpg_lognormal,lognormal,log,0,True,0.32938072085380554,0.49474960565567017,0.9860090017318726,0.18973709642887115,0.9881804585456848
180,ddpg_lognormal,lognormal,log,1,True,0.34589797258377075,0.942733883857727,0.9713855385780334,0.34605926275253296,0.9880666732788086
180,ddpg_lognormal,lognormal,log,2,True,0.3247213661670685,0.1840880662202835,0.9985308647155762,0.07220931351184845,0.9951710104942322
181,ddpg_lognormal,lognormal,log,0,True,0.32932060956954956,0.4950660765171051,0.9860653281211853,0.18982763588428497,0.9882286787033081
181,ddpg_lognormal,lognormal,log,1,True,0.34603989124298096,0.9430317878723145,0.9713971614837646,0.3461482524871826,0.9881427884101868
181,ddpg_lognormal,lognormal,log,2,True,0.3246394991874695,0.18433977663516998,0.9986065030097961,0.07228164374828339,0.9951451420783997
182,ddpg_lognormal,lognormal,log,0,True,0.3292732834815979,0.49527227878570557,0.9860811829566956,0.1898646503686905,0.9883949756622314
182,ddpg_lognormal,lognormal,log,1,True,0.34613192081451416,0.943188488483429,0.9712651968002319,0.34625303745269775,0.9883400201797485
182,ddpg_lognormal,lognormal,log,2,True,0.32459479570388794,0.18448325991630554,0.9987039566040039,0.07227221131324768,0.9952176809310913
183,ddpg_lognormal,lognormal,log,0,True,0.3292323648929596,0.49554017186164856,0.986088752746582,0.18985489010810852,0.9886860847473145
183,ddpg_lognormal,lognormal,log,1,True,0.3462362289428711,0.9433999061584473,0.9711748957633972,0.3462851047515869,0.9886387586593628
183,ddpg_lognormal,lognormal,log,2,True,0.3245314657688141,0.1847359836101532,0.9986363053321838,0.07224661111831665,0.9954321980476379
184,ddpg_lognormal,lognormal,log,0,True,0.3291948139667511,0.49588915705680847,0.986055314540863,0.1896364986896515,0.9888809323310852
184,ddpg_lognormal,lognormal,log,1,True,0.3463381826877594,0.9436678290367126,0.971055269241333,0.3461221158504486,0.9888602495193481
184,ddpg_lognormal,lognormal,log,2,True,0.3244670331478119,0.18506447970867157,0.9985706210136414,0.0720372274518013,0.9955717921257019
185,ddpg_lognormal,lognormal,log,0,True,0.32913506031036377,0.49638494849205017,0.986067533493042,0.18931545317173004,0.9890968203544617
185,ddpg_lognormal,lognormal,log,1,True,0.3464847803115845,0.9440878033638,0.9709827899932861,0.3458351492881775,0.9890333414077759
185,ddpg_lognormal,lognormal,log,2,True,0.32438012957572937,0.18550093472003937,0.9985904693603516,0.07173581421375275,0.9957854747772217
186,ddpg_lognormal,lognormal,log,0,True,0.3291240930557251,0.4966023862361908,0.9860430955886841,0.1890300214290619,0.9893355965614319
186,ddpg_lognormal,lognormal,log,1,True,0.3465203642845154,0.9442446827888489,0.9709702134132385,0.3455377519130707,0.9891409277915955
186,ddpg_lognormal,lognormal,log,2,True,0.3243555724620819,0.18571023643016815,0.9985509514808655,0.07145325094461441,0.9960477352142334
187,ddpg_lognormal,lognormal,log,0,True,0.32911136746406555,0.49692678451538086,0.9859878420829773,0.18871241807937622,0.9896184206008911
187,ddpg_lognormal,lognormal,log,1,True,0.34658029675483704,0.9444151520729065,0.9707846641540527,0.34517449140548706,0.989277184009552
187,ddpg_lognormal,lognormal,log,2,True,0.3243083655834198,0.1859986037015915,0.9986118078231812,0.07114587724208832,0.9963604807853699
188,ddpg_lognormal,lognormal,log,0,True,0.329113632440567,0.497048556804657,0.9860014319419861,0.18857568502426147,0.9898425340652466
188,ddpg_lognormal,lognormal,log,1,True,0.34659120440483093,0.9444442391395569,0.9706989526748657,0.34495073556900024,0.9893746972084045
188,ddpg_lognormal,lognormal,log,2,True,0.3242951035499573,0.18609024584293365,0.9987149238586426,0.07101960480213165,0.9965646862983704
189,ddpg_lognormal,lognormal,log,0,True,0.32908114790916443,0.49721989035606384,0.9861184358596802,0.18859128654003143,0.9901513457298279
189,ddpg_lognormal,lognormal,log,1,True,0.3466547429561615,0.9445458650588989,0.9705811142921448,0.34488990902900696,0.9895721673965454
189,ddpg_lognormal,lognormal,log,2,True,0.32426413893699646,0.1861804574728012,0.9989327788352966,0.07102062553167343,0.9968533515930176
190,ddpg_lognormal,lognormal,log,0,True,0.32907307147979736,0.4972289204597473,0.9861616492271423,0.18863624334335327,0.9902829527854919
190,ddpg_lognormal,lognormal,log,1,True,0.3466605842113495,0.9444999098777771,0.9704326391220093,0.344901442527771,0.9896037578582764
190,ddpg_lognormal,lognormal,log,2,True,0.32426631450653076,0.1861458718776703,0.9990537762641907,0.07104422897100449,0.9970095157623291
191,ddpg_lognormal,lognormal,log,0,True,0.32904744148254395,0.4973852336406708,0.9861133098602295,0.1887892782688141,0.9902840852737427
191,ddpg_lognormal,lognormal,log,1,True,0.346736878156662,0.9445648193359375,0.970268726348877,0.3450295925140381,0.9895236492156982
191,ddpg_lognormal,lognormal,log,2,True,0.3242156505584717,0.18626464903354645,0.9991011619567871,0.07114598155021667,0.997066080570221
192,ddpg_lognormal,lognormal,log,0,True,0.3290293216705322,0.49768272042274475,0.9860010743141174,0.1888905167579651,0.9902222156524658
192,ddpg_lognormal,lognormal,log,1,True,0.3468494117259979,0.9447540640830994,0.9701912999153137,0.3450440466403961,0.9893362522125244
192,ddpg_lognormal,lognormal,log,2,True,0.324121356010437,0.18656672537326813,0.9990348815917969,0.071247898042202,0.9971491098403931
193,ddpg_lognormal,lognormal,log,0,True,0.3289906680583954,0.4979531466960907,0.9860831499099731,0.1889522522687912,0.990092396736145
193,ddpg_lognormal,lognormal,log,1,True,0.3469619154930115,0.9450124502182007,0.9702277779579163,0.3450023829936981,0.98916095495224
193,ddpg_lognormal,lognormal,log,2,True,0.32404738664627075,0.1867891103029251,0.999129056930542,0.07135132700204849,0.9970861673355103
194,ddpg_lognormal,lognormal,log,0,True,0.32891225814819336,0.49840137362480164,0.9862428307533264,0.1890701800584793,0.989948570728302
194,ddpg_lognormal,lognormal,log,1,True,0.34715723991394043,0.9454478025436401,0.9702535271644592,0.3449915051460266,0.9889400005340576
194,ddpg_lognormal,lognormal,log,2,True,0.32393041253089905,0.18713492155075073,0.9993359446525574,0.07150392979383469,0.9970430731773376
195,ddpg_lognormal,lognormal,log,0,True,0.3288561999797821,0.49872663617134094,0.9863179326057434,0.1893060803413391,0.9899386167526245
195,ddpg_lognormal,lognormal,log,1,True,0.3473142385482788,0.9457159042358398,0.9701802730560303,0.34512874484062195,0.9888331294059753
195,ddpg_lognormal,lognormal,log,2,True,0.32382965087890625,0.18739120662212372,0.9994999766349792,0.07174672186374664,0.997116208076477
196,ddpg_lognormal,lognormal,log,0,True,0.32883021235466003,0.49900388717651367,0.9862620234489441,0.1895071566104889,0.9900045394897461
196,ddpg_lognormal,lognormal,log,1,True,0.34743306040763855,0.9458481073379517,0.9699192047119141,0.34525343775749207,0.9887575507164001
196,ddpg_lognormal,lognormal,log,2,True,0.32373666763305664,0.18764223158359528,0.9995856285095215,0.071959488093853,0.9972383379936218
197,ddpg_lognormal,lognormal,log,0,True,0.32876327633857727,0.499324768781662,0.9863419532775879,0.18984422087669373,0.9901084899902344
197,ddpg_lognormal,lognormal,log,1,True,0.3476042151451111,0.9460858106613159,0.969734251499176,0.3455146253108978,0.9886789917945862
197,ddpg_lognormal,lognormal,log,2,True,0.3236326277256012,0.18787343800067902,0.9998056292533875,0.07227382063865662,0.9974406957626343
198,ddpg_lognormal,lognormal,log,0,True,0.3287041187286377,0.49965164065361023,0.9863186478614807,0.19015882909297943,0.9903838038444519
198,ddpg_lognormal,lognormal,log,1,True,0.3477696478366852,0.9462963938713074,0.9695430994033813,0.34579870104789734,0.988732099533081
198,ddpg_lognormal,lognormal,log,2,True,0.32352620363235474,0.1881416290998459,0.9999364614486694,0.07252796739339828,0.9978178143501282
199,ddpg_lognormal,lognormal,log,0,True,0.3286571204662323,0.49984094500541687,0.98630690574646,0.19047267735004425,0.9904686212539673
199,ddpg_lognormal,lognormal,log,1,True,0.3478875160217285,0.9464133977890015,0.9693755507469177,0.34609460830688477,0.9885781407356262
199,ddpg_lognormal,lognormal,log,2,True,0.32345545291900635,0.18827398121356964,1.000061273574829,0.07278149574995041,0.9980441331863403
200,ddpg_lognormal,lognormal,log,0,True,0.3285983204841614,0.50019371509552,0.9862067699432373,0.19081175327301025,0.9905160665512085
200,ddpg_lognormal,lognormal,log,1,True,0.3480686545372009,0.9466709494590759,0.9692488312721252,0.34641754627227783,0.9884063601493835
200,ddpg_lognormal,lognormal,log,2,True,0.3233329653739929,0.18860185146331787,1.0000241994857788,0.07304341346025467,0.9982543587684631
201,ddpg_lognormal,lognormal,log,0,True,0.3285389542579651,0.500490665435791,0.9861845970153809,0.1909976601600647,0.9907134175300598
201,ddpg_lognormal,lognormal,log,1,True,0.3482133746147156,0.9469045996665955,0.9691342711448669,0.34662380814552307,0.9884163737297058
201,ddpg_lognormal,lognormal,log,2,True,0.32324764132499695,0.18884849548339844,1.0000884532928467,0.0731637105345726,0.9985596537590027
202,ddpg_lognormal,lognormal,log,0,True,0.32850438356399536,0.5007397532463074,0.9860085844993591,0.19111093878746033,0.9908196330070496
202,ddpg_lognormal,lognormal,log,1,True,0.3483209013938904,0.9470254778862,0.9689040780067444,0.3468153178691864,0.9884668588638306
202,ddpg_lognormal,lognormal,log,2,True,0.32317468523979187,0.18908560276031494,1.000029444694519,0.0731729045510292,0.9986903667449951
203,ddpg_lognormal,lognormal,log,0,True,0.3284982442855835,0.5009511709213257,0.9857016205787659,0.19119784235954285,0.9909197092056274
203,ddpg_lognormal,lognormal,log,1,True,0.34839504957199097,0.9470191597938538,0.9685019254684448,0.34698954224586487,0.9885066151618958
203,ddpg_lognormal,lognormal,log,2,True,0.32310670614242554,0.1893177330493927,0.9999135136604309,0.07315462082624435,0.9988281726837158
204,ddpg_lognormal,lognormal,log,0,True,0.32848066091537476,0.5012116432189941,0.9855349659919739,0.1911754310131073,0.9910178780555725
204,ddpg_lognormal,lognormal,log,1,True,0.348478764295578,0.9471389055252075,0.9682897925376892,0.34699565172195435,0.988532543182373
204,ddpg_lognormal,lognormal,log,2,True,0.32304054498672485,0.1895679533481598,0.9999251365661621,0.07309315353631973,0.9990058541297913
205,ddpg_lognormal,lognormal,log,0,True,0.32849177718162537,0.5013523101806641,0.9852544665336609,0.19116763770580292,0.9911131858825684
205,ddpg_lognormal,lognormal,log,1,True,0.3485095798969269,0.9470844864845276,0.9679301977157593,0.347057968378067,0.9885914921760559
205,ddpg_lognormal,lognormal,log,2,True,0.32299864292144775,0.18973377346992493,0.9998661875724792,0.07301796227693558,0.9991912841796875
206,ddpg_lognormal,lognormal,log,0,True,0.32843247056007385,0.5016503930091858,0.9850882291793823,0.19110077619552612,0.9912172555923462
206,ddpg_lognormal,lognormal,log,1,True,0.34862539172172546,0.9472706913948059,0.9676505327224731,0.347180038690567,0.9886578917503357
206,ddpg_lognormal,lognormal,log,2,True,0.32294219732284546,0.18996970355510712,0.9999189376831055,0.07280906289815903,0.9993911385536194
207,ddpg_lognormal,lognormal,log,0,True,0.3283432424068451,0.5021083950996399,0.9849557280540466,0.19092924892902374,0.9912281036376953
207,ddpg_lognormal,lognormal,log,1,True,0.34879714250564575,0.9476227164268494,0.9673812985420227,0.3472159802913666,0.9886791110038757
207,ddpg_lognormal,lognormal,log,2,True,0.3228595554828644,0.19032533466815948,1.000027060508728,0.07249771058559418,0.9994663000106812
208,ddpg_lognormal,lognormal,log,0,True,0.32830578088760376,0.5024481415748596,0.9846949577331543,0.19067472219467163,0.9912439584732056
208,ddpg_lognormal,lognormal,log,1,True,0.34888985753059387,0.9477909207344055,0.9670586585998535,0.34711742401123047,0.988573431968689
208,ddpg_lognormal,lognormal,log,2,True,0.32280433177948,0.1906234622001648,1.000022053718567,0.07211392372846603,0.9995673894882202
209,ddpg_lognormal,lognormal,log,0,True,0.328277051448822,0.5026738047599792,0.9845700860023499,0.19059991836547852,0.9912946820259094
209,ddpg_lognormal,lognormal,log,1,True,0.34896543622016907,0.9479283094406128,0.9669276475906372,0.34709495306015015,0.9884898662567139
209,ddpg_lognormal,lognormal,log,2,True,0.3227575421333313,0.19083593785762787,0.9999343752861023,0.0719337984919548,0.999657928943634
210,ddpg_lognormal,lognormal,log,0,True,0.32824862003326416,0.5028865933418274,0.9845605492591858,0.1905573308467865,0.9911726713180542
210,ddpg_lognormal,lognormal,log,1,True,0.3490391969680786,0.9480790495872498,0.9668337106704712,0.3470190763473511,0.9883514642715454
210,ddpg_lognormal,lognormal,log,2,True,0.3227122128009796,0.19099725782871246,1.000005841255188,0.07185942679643631,0.9995514750480652
211,ddpg_lognormal,lognormal,log,0,True,0.3282432556152344,0.5029724836349487,0.9845810532569885,0.19056184589862823,0.9911198616027832
211,ddpg_lognormal,lognormal,log,1,True,0.3490716814994812,0.9481728672981262,0.9668934941291809,0.3469691872596741,0.9882720112800598
211,ddpg_lognormal,lognormal,log,2,True,0.3226850628852844,0.19110499322414398,0.9998717904090881,0.07186479866504669,0.9995381832122803
212,ddpg_lognormal,lognormal,log,0,True,0.32828453183174133,0.5028864145278931,0.9846211075782776,0.19052843749523163,0.9911220669746399
212,ddpg_lognormal,lognormal,log,1,True,0.349016398191452,0.9481092095375061,0.967065155506134,0.3467702269554138,0.9881689548492432
212,ddpg_lognormal,lognormal,log,2,True,0.32269909977912903,0.19107979536056519,0.9997304081916809,0.07188103348016739,0.9996376633644104
213,ddpg_lognormal,lognormal,log,0,True,0.3283442556858063,0.5028009414672852,0.9845476746559143,0.1904587298631668,0.9912875294685364
213,ddpg_lognormal,lognormal,log,1,True,0.3489467203617096,0.9479988217353821,0.9671969413757324,0.3465624749660492,0.9881933331489563
213,ddpg_lognormal,lognormal,log,2,True,0.3227090537548065,0.19110597670078278,0.9994696378707886,0.07185611873865128,0.9999014735221863
214,ddpg_lognormal,lognormal,log,0,True,0.32840895652770996,0.5027098655700684,0.9843599796295166,0.19029590487480164,0.9913343191146851
214,ddpg_lognormal,lognormal,log,1,True,0.3488645553588867,0.9478652477264404,0.9672662615776062,0.3463384807109833,0.98809415102005
214,ddpg_lognormal,lognormal,log,2,True,0.3227265477180481,0.19115008413791656,0.9990718960762024,0.07168875634670258,1.000025987625122
215,ddpg_lognormal,lognormal,log,0,True,0.3284568786621094,0.5026273727416992,0.984036386013031,0.1901559680700302,0.9913233518600464
215,ddpg_lognormal,lognormal,log,1,True,0.34879857301712036,0.9477142691612244,0.9672847390174866,0.34628915786743164,0.98807293176651
215,ddpg_lognormal,lognormal,log,2,True,0.3227446675300598,0.1911933273077011,0.9986134171485901,0.07141042500734329,0.9999507069587708
216,ddpg_lognormal,lognormal,log,0,True,0.32847458124160767,0.5025433301925659,0.9839153289794922,0.19000452756881714,0.9913983345031738
216,ddpg_lognormal,lognormal,log,1,True,0.3487468957901001,0.9476481080055237,0.9674021601676941,0.3462250232696533,0.9881759881973267
216,ddpg_lognormal,lognormal,log,2,True,0.322778582572937,0.1911630928516388,0.9983714818954468,0.07114505767822266,0.9999246001243591
217,ddpg_lognormal,lognormal,log,0,True,0.3284938335418701,0.5024507641792297,0.9838517904281616,0.1898621916770935,0.9912974238395691
217,ddpg_lognormal,lognormal,log,1,True,0.3486942648887634,0.9476006031036377,0.9675558805465698,0.3461243808269501,0.9881350994110107
217,ddpg_lognormal,lognormal,log,2,True,0.32281187176704407,0.19111046195030212,0.998193085193634,0.0709468200802803,0.9996845722198486
218,ddpg_lognormal,lognormal,log,0,True,0.3285660147666931,0.5022498369216919,0.9837418794631958,0.18974201381206512,0.9913328289985657
218,ddpg_lognormal,lognormal,log,1,True,0.3485751748085022,0.9473897218704224,0.9677342176437378,0.3459167778491974,0.9882169365882874
218,ddpg_lognormal,lognormal,log,2,True,0.3228588104248047,0.19100549817085266,0.9980073571205139,0.07083681970834732,0.9996192455291748
219,ddpg_lognormal,lognormal,log,0,True,0.32864052057266235,0.5021010041236877,0.9837066531181335,0.18945634365081787,0.9914404153823853
219,ddpg_lognormal,lognormal,log,1,True,0.34844809770584106,0.947232186794281,0.9679375290870667,0.34548768401145935,0.988341212272644
219,ddpg_lognormal,lognormal,log,2,True,0.32291141152381897,0.19092893600463867,0.9979327321052551,0.07061714679002762,0.9996615052223206
220,ddpg_lognormal,lognormal,log,0,True,0.3287331759929657,0.5019314289093018,0.9835414886474609,0.18920564651489258,0.9916201233863831
220,ddpg_lognormal,lognormal,log,1,True,0.34830546379089355,0.9469669461250305,0.9679688811302185,0.3451261520385742,0.9885877966880798
220,ddpg_lognormal,lognormal,log,2,True,0.32296133041381836,0.19085852801799774,0.9978102445602417,0.07040479779243469,0.9997645616531372
221,ddpg_lognormal,lognormal,log,0,True,0.3287924528121948,0.5017651319503784,0.9834316372871399,0.18909215927124023,0.9916760921478271
221,ddpg_lognormal,lognormal,log,1,True,0.34820228815078735,0.9467702507972717,0.9680339694023132,0.34494733810424805,0.9885827302932739
221,ddpg_lognormal,lognormal,log,2,True,0.3230052590370178,0.19075027108192444,0.9977420568466187,0.070289246737957,0.9998284578323364
222,ddpg_lognormal,lognormal,log,0,True,0.32883894443511963,0.5016053915023804,0.9833008050918579,0.18889982998371124,0.9918967485427856
222,ddpg_lognormal,lognormal,log,1,True,0.3480999767780304,0.9465799331665039,0.9680226445198059,0.3447938859462738,0.9887338876724243
222,ddpg_lognormal,lognormal,log,2,True,0.32306110858917236,0.19064520299434662,0.9976328015327454,0.07004772871732712,1.0000271797180176
223,ddpg_lognormal,lognormal,log,0,True,0.3288555443286896,0.5014693140983582,0.9833284616470337,0.18861831724643707,0.9922028183937073
223,ddpg_lognormal,lognormal,log,1,True,0.3480120897293091,0.946495532989502,0.9681112766265869,0.34457579255104065,0.9889696836471558
223,ddpg_lognormal,lognormal,log,2,True,0.32313233613967896,0.1905071884393692,0.9976550936698914,0.06972705572843552,1.0002927780151367
224,ddpg_lognormal,lognormal,log,0,True,0.32890385389328003,0.5011530518531799,0.983341634273529,0.18840579688549042,0.9923809170722961
224,ddpg_lognormal,lognormal,log,1,True,0.3478594720363617,0.9462546706199646,0.9682412147521973,0.34438037872314453,0.9890331029891968
224,ddpg_lognormal,lognormal,log,2,True,0.32323670387268066,0.19022376835346222,0.9976233839988708,0.06948849558830261,1.0004968643188477
225,ddpg_lognormal,lognormal,log,0,True,0.32892906665802,0.500798225402832,0.9834473133087158,0.18820536136627197,0.992412269115448
225,ddpg_lognormal,lognormal,log,1,True,0.34771397709846497,0.9460693001747131,0.9684761762619019,0.3442316949367523,0.988899827003479
225,ddpg_lognormal,lognormal,log,2,True,0.3233570158481598,0.18987412750720978,0.9976013898849487,0.06924143433570862,1.000629186630249
226,ddpg_lognormal,lognormal,log,0,True,0.3289518654346466,0.5004183650016785,0.9836312532424927,0.18791331350803375,0.9925881028175354
226,ddpg_lognormal,lognormal,log,1,True,0.34754979610443115,0.9458854794502258,0.9687458872795105,0.34399333596229553,0.9889162182807922
226,ddpg_lognormal,lognormal,log,2,True,0.323498398065567,0.18947988748550415,0.9976564645767212,0.06891831010580063,1.0008734464645386
227,ddpg_lognormal,lognormal,log,0,True,0.32897084951400757,0.5000161528587341,0.9838825464248657,0.18746347725391388,0.9928030371665955
227,ddpg_lognormal,lognormal,log,1,True,0.3473638594150543,0.945734977722168,0.9691023230552673,0.3436220586299896,0.9889942407608032
227,ddpg_lognormal,lognormal,log,2,True,0.3236653506755829,0.18904973566532135,0.9977433681488037,0.06845762580633163,1.0011422634124756
228,ddpg_lognormal,lognormal,log,0,True,0.3289828598499298,0.49975746870040894,0.9841740131378174,0.18707285821437836,0.9931155443191528
228,ddpg_lognormal,lognormal,log,1,True,0.34723180532455444,0.9457047581672668,0.9695103168487549,0.3432267904281616,0.9891844391822815
228,ddpg_lognormal,lognormal,log,2,True,0.32378530502319336,0.18876205384731293,0.9979010224342346,0.06811908632516861,1.0015352964401245
229,ddpg_lognormal,lognormal,log,0,True,0.3290163576602936,0.49962669610977173,0.984263002872467,0.18671327829360962,0.9934377074241638
229,ddpg_lognormal,lognormal,log,1,True,0.3471314609050751,0.9456840753555298,0.9698030352592468,0.34284868836402893,0.9894097447395325
229,ddpg_lognormal,lognormal,log,2,True,0.32385218143463135,0.18867899477481842,0.9978498816490173,0.0678226500749588,1.0019415616989136
230,ddpg_lognormal,lognormal,log,0,True,0.3290475308895111,0.4994822144508362,0.9843989014625549,0.18637043237686157,0.9935400485992432
230,ddpg_lognormal,lognormal,log,1,True,0.3470304310321808,0.945661187171936,0.9700766801834106,0.34244951605796814,0.9894489049911499
230,ddpg_lognormal,lognormal,log,2,True,0.32392194867134094,0.18855762481689453,0.9978590607643127,0.06756380945444107,1.0021326541900635
231,ddpg_lognormal,lognormal,log,0,True,0.32908737659454346,0.4993164539337158,0.9844391942024231,0.18606984615325928,0.9937453866004944
231,ddpg_lognormal,lognormal,log,1,True,0.34691864252090454,0.9455356597900391,0.9701650142669678,0.34213802218437195,0.9896267056465149
231,ddpg_lognormal,lognormal,log,2,True,0.3239940106868744,0.1884194165468216,0.997866690158844,0.06729773432016373,1.002379059791565
232,ddpg_lognormal,lognormal,log,0,True,0.3290866017341614,0.4991847276687622,0.9845594763755798,0.1858873963356018,0.9940750002861023
232,ddpg_lognormal,lognormal,log,1,True,0.34685489535331726,0.9454984068870544,0.9703131914138794,0.342009574174881,0.9898819327354431
232,ddpg_lognormal,lognormal,log,2,True,0.324058473110199,0.18826542794704437,0.9979742169380188,0.067093126475811,1.0027521848678589
233,ddpg_lognormal,lognormal,log,0,True,0.3291054368019104,0.4991607964038849,0.984592080116272,0.18560750782489777,0.9942556023597717
233,ddpg_lognormal,lognormal,log,1,True,0.34680160880088806,0.945485532283783,0.9703688025474548,0.34173375368118286,0.9900680184364319
233,ddpg_lognormal,lognormal,log,2,True,0.32409292459487915,0.18824948370456696,0.998030424118042,0.0668552964925766,1.0029118061065674
234,ddpg_lognormal,lognormal,log,0,True,0.3290920853614807,0.4991786479949951,0.9847477078437805,0.18524010479450226,0.9943391680717468
234,ddpg_lognormal,lognormal,log,1,True,0.346771240234375,0.9455924034118652,0.9705111384391785,0.3413892984390259,0.9900883436203003
234,ddpg_lognormal,lognormal,log,2,True,0.3241366744041443,0.18821752071380615,0.9981800317764282,0.06652370095252991,1.0030323266983032
235,ddpg_lognormal,lognormal,log,0,True,0.3290988802909851,0.49929332733154297,0.9847468733787537,0.18491539359092712,0.9944088459014893
235,ddpg_lognormal,lognormal,log,1,True,0.3467642366886139,0.9456967115402222,0.9705625176429749,0.3410350978374481,0.9900611639022827
235,ddpg_lognormal,lognormal,log,2,True,0.3241369426250458,0.18835245072841644,0.998088538646698,0.06621813774108887,1.0031681060791016
236,ddpg_lognormal,lognormal,log,0,True,0.32908421754837036,0.49936455488204956,0.9848282933235168,0.18467053771018982,0.9946340322494507
236,ddpg_lognormal,lognormal,log,1,True,0.34676551818847656,0.9458222389221191,0.9707056283950806,0.3407967984676361,0.990143358707428
236,ddpg_lognormal,lognormal,log,2,True,0.3241502344608307,0.18841545283794403,0.9980624318122864,0.06595336645841599,1.003463864326477
237,ddpg_lognormal,lognormal,log,0,True,0.32909417152404785,0.49949541687965393,0.9847204685211182,0.18441738188266754,0.9947913289070129
237,ddpg_lognormal,lognormal,log,1,True,0.34677234292030334,0.9459141492843628,0.970721423625946,0.3405700922012329,0.990152895450592
237,ddpg_lognormal,lognormal,log,2,True,0.3241334557533264,0.18860609829425812,0.9978623986244202,0.06569984555244446,1.0037016868591309
238,ddpg_lognormal,lognormal,log,0,True,0.3291395604610443,0.49962353706359863,0.9844808578491211,0.18417112529277802,0.9949743151664734
238,ddpg_lognormal,lognormal,log,1,True,0.3467588722705841,0.9459112882614136,0.9705989956855774,0.34032660722732544,0.990243136882782
238,ddpg_lognormal,lognormal,log,2,True,0.3241015076637268,0.18886692821979523,0.9975073933601379,0.06549463421106339,1.0039021968841553
239,ddpg_lognormal,lognormal,log,0,True,0.32922443747520447,0.4997064769268036,0.984137773513794,0.18393777310848236,0.9951133131980896
239,ddpg_lognormal,lognormal,log,1,True,0.34670740365982056,0.9457672238349915,0.9703118801116943,0.3400384783744812,0.9902885556221008
239,ddpg_lognormal,lognormal,log,2,True,0.32406818866729736,0.18913154304027557,0.9970915913581848,0.06534818559885025,1.0040524005889893
240,ddpg_lognormal,lognormal,log,0,True,0.32930076122283936,0.4996974468231201,0.9839133620262146,0.1837962120771408,0.9953857660293579
240,ddpg_lognormal,lognormal,log,1,True,0.3466414511203766,0.945594847202301,0.97011798620224,0.3398284912109375,0.9904801845550537
240,ddpg_lognormal,lognormal,log,2,True,0.32405778765678406,0.18927349150180817,0.9967979788780212,0.06528555601835251,1.0043224096298218
241,ddpg_lognormal,lognormal,log,0,True,0.3293651342391968,0.4998006522655487,0.9836753606796265,0.18385949730873108,0.9956468939781189
241,ddpg_lognormal,lognormal,log,1,True,0.34664398431777954,0.9455207586288452,0.9699580669403076,0.3397778868675232,0.9906714558601379
241,ddpg_lognormal,lognormal,log,2,True,0.3239908516407013,0.1895507425069809,0.9964248538017273,0.06544480472803116,1.004583716392517
242,ddpg_lognormal,lognormal,log,0,True,0.3293953537940979,0.5000935792922974,0.983420729637146,0.18383082747459412,0.9958087205886841
242,ddpg_lognormal,lognormal,log,1,True,0.3467155396938324,0.9456302523612976,0.9698118567466736,0.33968397974967957,0.9908345937728882
242,ddpg_lognormal,lognormal,log,2,True,0.3238890767097473,0.18997794389724731,0.9960591197013855,0.0654742643237114,1.004682183265686
243,ddpg_lognormal,lognormal,log,0,True,0.3294299840927124,0.5004298686981201,0.9831278920173645,0.18367522954940796,0.9958223700523376
243,ddpg_lognormal,lognormal,log,1,True,0.3467838764190674,0.9457619190216064,0.9696128964424133,0.3394707441329956,0.990810215473175
243,ddpg_lognormal,lognormal,log,2,True,0.32378607988357544,0.19044938683509827,0.9956803321838379,0.06539567559957504,1.0047078132629395
244,ddpg_lognormal,lognormal,log,0,True,0.3294488787651062,0.5008748769760132,0.9828218817710876,0.1835414320230484,0.995983898639679
244,ddpg_lognormal,lognormal,log,1,True,0.3468961715698242,0.9459772109985352,0.9694026708602905,0.3393033444881439,0.9909600019454956
244,ddpg_lognormal,lognormal,log,2,True,0.3236548900604248,0.19101618230342865,0.9953420162200928,0.06533502042293549,1.0048421621322632
245,ddpg_lognormal,lognormal,log,0,True,0.329460471868515,0.5013827681541443,0.982434868812561,0.18356773257255554,0.9961724281311035
245,ddpg_lognormal,lognormal,log,1,True,0.34704989194869995,0.9461994171142578,0.9690895080566406,0.3393193781375885,0.9911049604415894
245,ddpg_lognormal,lognormal,log,2,True,0.3234897255897522,0.19165195524692535,0.994987428188324,0.06541447341442108,1.0049889087677002
246,ddpg_lognormal,lognormal,log,0,True,0.3294304311275482,0.5018807053565979,0.9822142124176025,0.1836114376783371,0.9964858889579773
246,ddpg_lognormal,lognormal,log,1,True,0.34722620248794556,0.9465123414993286,0.9688988327980042,0.33939507603645325,0.9913142919540405
246,ddpg_lognormal,lognormal,log,2,True,0.3233433663845062,0.1922074854373932,0.9947732090950012,0.06546144187450409,1.005275845527649
247,ddpg_lognormal,lognormal,log,0,True,0.32940196990966797,0.5022594332695007,0.9820758700370789,0.18366029858589172,0.9965943694114685
247,ddpg_lognormal,lognormal,log,1,True,0.3473670482635498,0.9467714428901672,0.9687662124633789,0.3394588828086853,0.9913289546966553
247,ddpg_lognormal,lognormal,log,2,True,0.3232309818267822,0.1926172375679016,0.9946394562721252,0.06552480161190033,1.0053855180740356
248,ddpg_lognormal,lognormal,log,0,True,0.3293778598308563,0.5026131868362427,0.9819779396057129,0.18361419439315796,0.9965110421180725
248,ddpg_lognormal,lognormal,log,1,True,0.34748780727386475,0.94703209400177,0.9686668515205383,0.33940762281417847,0.9911985397338867
248,ddpg_lognormal,lognormal,log,2,True,0.32313430309295654,0.1929868906736374,0.9945535063743591,0.06552638113498688,1.0053099393844604
249,ddpg_lognormal,lognormal,log,0,True,0.3293502926826477,0.5028461217880249,0.9819251298904419,0.1835300475358963,0.9962650537490845
249,ddpg_lognormal,lognormal,log,1,True,0.3475716710090637,0.9472463726997375,0.9686358571052551,0.3393540680408478,0.9908971786499023
249,ddpg_lognormal,lognormal,log,2,True,0.3230779767036438,0.193217471241951,0.9944812655448914,0.06546126306056976,1.0051331520080566
250,ddpg_lognormal,lognormal,log,0,True,0.3293512463569641,0.5029231905937195,0.9818217158317566,0.1833522617816925,0.9959466457366943
250,ddpg_lognormal,lognormal,log,1,True,0.3475816249847412,0.947330892086029,0.9686688780784607,0.3392206132411957,0.990469753742218
250,ddpg_lognormal,lognormal,log,2,True,0.3230670988559723,0.1933279037475586,0.9943316578865051,0.06528732180595398,1.0049185752868652
251,ddpg_lognormal,lognormal,log,0,True,0.32934969663619995,0.5031142234802246,0.981687605381012,0.18316514790058136,0.9958269596099854
251,ddpg_lognormal,lognormal,log,1,True,0.34762322902679443,0.9474754333496094,0.9686759114265442,0.3390503227710724,0.9902008175849915
251,ddpg_lognormal,lognormal,log,2,True,0.32302719354629517,0.1935534030199051,0.9942025542259216,0.0651126354932785,1.0049118995666504
252,ddpg_lognormal,lognormal,log,0,True,0.3293847441673279,0.5033432841300964,0.981469452381134,0.18315435945987701,0.9956573247909546
252,ddpg_lognormal,lognormal,log,1,True,0.3476755619049072,0.9475730061531067,0.9686440229415894,0.33892983198165894,0.989985466003418
252,ddpg_lognormal,lognormal,log,2,True,0.32293975353240967,0.19388383626937866,0.9940097332000732,0.06522022932767868,1.0047969818115234
253,ddpg_lognormal,lognormal,log,0,True,0.32943251729011536,0.5033233165740967,0.9812941551208496,0.18320387601852417,0.9955050349235535
253,ddpg_lognormal,lognormal,log,1,True,0.34765347838401794,0.9475143551826477,0.9687291383743286,0.3389104902744293,0.9897559285163879
253,ddpg_lognormal,lognormal,log,2,True,0.3229140043258667,0.19397859275341034,0.9937953352928162,0.0653471127152443,1.0047260522842407
254,ddpg_lognormal,lognormal,log,0,True,0.3294447660446167,0.5032332539558411,0.9812321066856384,0.18342937529087067,0.9953218102455139
254,ddpg_lognormal,lognormal,log,1,True,0.34765157103538513,0.9474710822105408,0.9688900113105774,0.3391110897064209,0.9895144701004028
254,ddpg_lognormal,lognormal,log,2,True,0.32290375232696533,0.19394098222255707,0.9936949610710144,0.06558029353618622,1.004622220993042
255,ddpg_lognormal,lognormal,log,0,True,0.3294348120689392,0.503150999546051,0.981256365776062,0.1835167407989502,0.9950273633003235
255,ddpg_lognormal,lognormal,log,1,True,0.3476526439189911,0.9475014209747314,0.9690706133842468,0.3392579257488251,0.9892547130584717
255,ddpg_lognormal,lognormal,log,2,True,0.3229125738143921,0.19386065006256104,0.9937175512313843,0.06570981442928314,1.0043138265609741
256,ddpg_lognormal,lognormal,log,0,True,0.3293764889240265,0.503281831741333,0.9811983108520508,0.18357615172863007,0.9947125911712646
256,ddpg_lognormal,lognormal,log,1,True,0.34774309396743774,0.9477025866508484,0.969170093536377,0.3394944965839386,0.9889938831329346
256,ddpg_lognormal,lognormal,log,2,True,0.32288041710853577,0.19393852353096008,0.9937552809715271,0.06569795310497284,1.0039423704147339
257,ddpg_lognormal,lognormal,log,0,True,0.32937484979629517,0.5033168792724609,0.9809640645980835,0.18366941809654236,0.9944090843200684
257,ddpg_lognormal,lognormal,log,1,True,0.34777578711509705,0.9477224349975586,0.9691771268844604,0.33973097801208496,0.9887365698814392
257,ddpg_lognormal,lognormal,log,2,True,0.3228493332862854,0.1940225064754486,0.9936033487319946,0.06576904654502869,1.0035706758499146
258,ddpg_lognormal,lognormal,log,0,True,0.32938727736473083,0.503373384475708,0.9808548092842102,0.18379592895507812,0.9941266775131226
258,ddpg_lognormal,lognormal,log,1,True,0.3478033244609833,0.9477354884147644,0.9692046642303467,0.339790403842926,0.9883260726928711
258,ddpg_lognormal,lognormal,log,2,True,0.32280948758125305,0.19410033524036407,0.9936268329620361,0.06595363467931747,1.0032758712768555
259,ddpg_lognormal,lognormal,log,0,True,0.32938235998153687,0.5034032464027405,0.9808666706085205,0.18384785950183868,0.9939894676208496
259,ddpg_lognormal,lognormal,log,1,True,0.3478257954120636,0.9478145837783813,0.9693877696990967,0.33980560302734375,0.9880647659301758
259,ddpg_lognormal,lognormal,log,2,True,0.32279181480407715,0.1941290944814682,0.9937054514884949,0.06606269627809525,1.0031059980392456
260,ddpg_lognormal,lognormal,log,0,True,0.32938674092292786,0.5034927725791931,0.9808057546615601,0.18372657895088196,0.9939349889755249
260,ddpg_lognormal,lognormal,log,1,True,0.3478367328643799,0.9478756785392761,0.9694197177886963,0.33968058228492737,0.9879124760627747
260,ddpg_lognormal,lognormal,log,2,True,0.3227764964103699,0.1942136436700821,0.9937976598739624,0.06599647551774979,1.0030286312103271
261,ddpg_lognormal,lognormal,log,0,True,0.32936760783195496,0.5036963224411011,0.9807946085929871,0.1834487020969391,0.993818461894989
261,ddpg_lognormal,lognormal,log,1,True,0.3478805422782898,0.9480728507041931,0.9694699048995972,0.33945101499557495,0.9878253936767578
261,ddpg_lognormal,lognormal,log,2,True,0.32275184988975525,0.19437696039676666,0.99394690990448,0.06579335033893585,1.0028036832809448
262,ddpg_lognormal,lognormal,log,0,True,0.32933175563812256,0.5038911700248718,0.9809364676475525,0.1831289529800415,0.9936133623123169
262,ddpg_lognormal,lognormal,log,1,True,0.34792694449424744,0.9483367800712585,0.9696230888366699,0.3391331434249878,0.9876317977905273
262,ddpg_lognormal,lognormal,log,2,True,0.32274138927459717,0.1944841891527176,0.9942099452018738,0.06557350605726242,1.0025405883789062
263,ddpg_lognormal,lognormal,log,0,True,0.32930988073349,0.5041381120681763,0.9808954000473022,0.18273918330669403,0.9934840798377991
263,ddpg_lognormal,lognormal,log,1,True,0.34797319769859314,0.9485803842544556,0.9697161912918091,0.3388127386569977,0.9875856041908264
263,ddpg_lognormal,lognormal,log,2,True,0.32271701097488403,0.19469265639781952,0.9942940473556519,0.06523093581199646,1.0022847652435303
264,ddpg_lognormal,lognormal,log,0,True,0.3292708098888397,0.5044860243797302,0.980914294719696,0.18233539164066315,0.9932078123092651
264,ddpg_lognormal,lognormal,log,1,True,0.34806028008461,0.9489355087280273,0.9698102474212646,0.3384499251842499,0.987396240234375
264,ddpg_lognormal,lognormal,log,2,True,0.32266896963119507,0.19497062265872955,0.9944694638252258,0.06491988897323608,1.001967191696167
265,ddpg_lognormal,lognormal,log,0,True,0.3292042016983032,0.5049023628234863,0.980970025062561,0.1821536123752594,0.9929976463317871
265,ddpg_lognormal,lognormal,log,1,True,0.34821295738220215,0.9493866562843323,0.9699620604515076,0.33829987049102783,0.9872517585754395
265,ddpg_lognormal,lognormal,log,2,True,0.322582870721817,0.1953263133764267,0.9945258498191833,0.06477993726730347,1.0017359256744385
266,ddpg_lognormal,lognormal,log,0,True,0.3290972411632538,0.5053825974464417,0.9811697602272034,0.18194328248500824,0.9928376078605652
266,ddpg_lognormal,lognormal,log,1,True,0.34840619564056396,0.9499750733375549,0.9701961278915405,0.3381546437740326,0.9870948791503906
266,ddpg_lognormal,lognormal,log,2,True,0.322496622800827,0.19567902386188507,0.994738757610321,0.06460542231798172,1.0016061067581177
267,ddpg_lognormal,lognormal,log,0,True,0.3290160894393921,0.505857527256012,0.981177568435669,0.18177883327007294,0.9926419854164124
267,ddpg_lognormal,lognormal,log,1,True,0.3485884964466095,0.9504680037498474,0.9702908992767334,0.3380805253982544,0.9868834018707275
267,ddpg_lognormal,lognormal,log,2,True,0.3223954439163208,0.19608955085277557,0.9947619438171387,0.0644385889172554,1.0013982057571411
268,ddpg_lognormal,lognormal,log,0,True,0.32892805337905884,0.5064588189125061,0.9812206029891968,0.1817045360803604,0.992409348487854
268,ddpg_lognormal,lognormal,log,1,True,0.34882164001464844,0.9510411620140076,0.9703449606895447,0.33801302313804626,0.9867441058158875
268,ddpg_lognormal,lognormal,log,2,True,0.3222503066062927,0.19660410284996033,0.994900107383728,0.06442629545927048,1.0010700225830078
269,ddpg_lognormal,lognormal,log,0,True,0.3288247585296631,0.5071797370910645,0.9812670946121216,0.18169242143630981,0.992082953453064
269,ddpg_lognormal,lognormal,log,1,True,0.34910744428634644,0.9517099261283875,0.9703798890113831,0.3379725515842438,0.986560583114624
269,ddpg_lognormal,lognormal,log,2,True,0.3220677375793457,0.19721867144107819,0.9950886964797974,0.06449520587921143,1.0006252527236938
270,ddpg_lognormal,lognormal,log,0,True,0.3287089169025421,0.5079498887062073,0.9813407063484192,0.18160861730575562,0.9919454455375671
270,ddpg_lognormal,lognormal,log,1,True,0.3494073450565338,0.9524410367012024,0.9704391956329346,0.33789321780204773,0.9865206480026245
270,ddpg_lognormal,lognormal,log,2,True,0.3218837380409241,0.19787342846393585,0.9952950477600098,0.06448623538017273,1.000379204750061
271,ddpg_lognormal,lognormal,log,0,True,0.3285974860191345,0.5086769461631775,0.9814330339431763,0.1815153807401657,0.9916280508041382
271,ddpg_lognormal,lognormal,log,1,True,0.3496914505958557,0.9531465768814087,0.9705020785331726,0.33778396248817444,0.98630291223526
271,ddpg_lognormal,lognormal,log,2,True,0.32171106338500977,0.1984790861606598,0.9955152273178101,0.06448175013065338,1.0000152587890625
272,ddpg_lognormal,lognormal,log,0,True,0.32852447032928467,0.5093347430229187,0.9814110398292542,0.181374192237854,0.9912281632423401
272,ddpg_lognormal,lognormal,log,1,True,0.34992626309394836,0.9537251591682434,0.9704778790473938,0.33759474754333496,0.9859647154808044
272,ddpg_lognormal,lognormal,log,2,True,0.32154929637908936,0.199076846241951,0.9955556988716125,0.06443265825510025,0.9996010661125183
273,ddpg_lognormal,lognormal,log,0,True,0.3284311592578888,0.5101447701454163,0.981401264667511,0.18116965889930725,0.9908553957939148
273,ddpg_lognormal,lognormal,log,1,True,0.3502124845981598,0.9544315934181213,0.9704279899597168,0.3373348116874695,0.9857029318809509
273,ddpg_lognormal,lognormal,log,2,True,0.32135626673698425,0.19980208575725555,0.9956480860710144,0.06433005630970001,0.999134361743927
274,ddpg_lognormal,lognormal,log,0,True,0.3283286392688751,0.5109817981719971,0.9814611077308655,0.18079909682273865,0.9905685186386108
274,ddpg_lognormal,lognormal,log,1,True,0.3504917025566101,0.9551903009414673,0.97042316198349,0.3369099795818329,0.9854686260223389
274,ddpg_lognormal,lognormal,log,2,True,0.3211796283721924,0.20052140951156616,0.9958309531211853,0.06406891345977783,0.9987766742706299
275,ddpg_lognormal,lognormal,log,0,True,0.32824602723121643,0.5115405917167664,0.9815494418144226,0.18057666718959808,0.9902974963188171
275,ddpg_lognormal,lognormal,log,1,True,0.35068994760513306,0.9557152986526489,0.9703885316848755,0.3366829454898834,0.9853370189666748
275,ddpg_lognormal,lognormal,log,2,True,0.32106393575668335,0.20096677541732788,0.9960446357727051,0.06391770392656326,0.9984149932861328
276,ddpg_lognormal,lognormal,log,0,True,0.32817596197128296,0.5118944048881531,0.9816387891769409,0.18052364885807037,0.9899817109107971
276,ddpg_lognormal,lognormal,log,1,True,0.3508376479148865,0.9560683369636536,0.9703219532966614,0.3366607129573822,0.9851304292678833
276,ddpg_lognormal,lognormal,log,2,True,0.32098639011383057,0.20121341943740845,0.9962637424468994,0.0639057606458664,0.9980108141899109
277,ddpg_lognormal,lognormal,log,0,True,0.3281307816505432,0.5122438073158264,0.9816054105758667,0.18051058053970337,0.9896650910377502
277,ddpg_lognormal,lognormal,log,1,True,0.3509695827960968,0.9563074111938477,0.9700473546981812,0.33664336800575256,0.9848992228507996
277,ddpg_lognormal,lognormal,log,2,True,0.32089969515800476,0.20148496329784393,0.9964145421981812,0.06391101330518723,0.9976236820220947
278,ddpg_lognormal,lognormal,log,0,True,0.32812365889549255,0.5126366019248962,0.9814377427101135,0.18037566542625427,0.9893099069595337
278,ddpg_lognormal,lognormal,log,1,True,0.35107970237731934,0.9565140008926392,0.969709038734436,0.3364548981189728,0.9846263527870178
278,ddpg_lognormal,lognormal,log,2,True,0.3207966089248657,0.2018687129020691,0.9964171051979065,0.0638585165143013,0.9972461462020874
279,ddpg_lognormal,lognormal,log,0,True,0.32810989022254944,0.5129724144935608,0.9813951253890991,0.18019267916679382,0.989070475101471
279,ddpg_lognormal,lognormal,log,1,True,0.3511767089366913,0.9567800760269165,0.9695997834205627,0.3362347185611725,0.9844875335693359
279,ddpg_lognormal,lognormal,log,2,True,0.32071343064308167,0.2022095024585724,0.9964061379432678,0.06380943953990936,0.9968918561935425
280,ddpg_lognormal,lognormal,log,0,True,0.3280966281890869,0.5131223797798157,0.9814620018005371,0.18010644614696503,0.9889843463897705
280,ddpg_lognormal,lognormal,log,1,True,0.35122203826904297,0.956906795501709,0.96949702501297,0.33610305190086365,0.9843824505805969
280,ddpg_lognormal,lognormal,log,2,True,0.32068124413490295,0.20233356952667236,0.9965008497238159,0.06380946189165115,0.9967029094696045
281,ddpg_lognormal,lognormal,log,0,True,0.3280714154243469,0.5131447315216064,0.9817172884941101,0.18005818128585815,0.9888827204704285
281,ddpg_lognormal,lognormal,log,1,True,0.35123705863952637,0.9569980502128601,0.9694895148277283,0.33597636222839355,0.9842556715011597
281,ddpg_lognormal,lognormal,log,2,True,0.3206915855407715,0.2022760510444641,0.996759831905365,0.06384771317243576,0.9965264797210693
282,ddpg_lognormal,lognormal,log,0,True,0.3280414342880249,0.5132086277008057,0.9819890260696411,0.17989882826805115,0.9887086153030396
282,ddpg_lognormal,lognormal,log,1,True,0.35126325488090515,0.9571816325187683,0.9695646166801453,0.3357751965522766,0.984091579914093
282,ddpg_lognormal,lognormal,log,2,True,0.32069525122642517,0.20230761170387268,0.9967699646949768,0.06379681825637817,0.9963196516036987
283,ddpg_lognormal,lognormal,log,0,True,0.32800015807151794,0.5133811831474304,0.9822824001312256,0.1795700639486313,0.9885402321815491
283,ddpg_lognormal,lognormal,log,1,True,0.3513105511665344,0.9574840068817139,0.9697073101997375,0.33539921045303345,0.9839562773704529
283,ddpg_lognormal,lognormal,log,2,True,0.3206893503665924,0.2024303823709488,0.996796190738678,0.0635773241519928,0.9960877299308777
284,ddpg_lognormal,lognormal,log,0,True,0.32797932624816895,0.5135681629180908,0.9824694395065308,0.17935778200626373,0.9882435202598572
284,ddpg_lognormal,lognormal,log,1,True,0.35135889053344727,0.9577127695083618,0.969781756401062,0.335080623626709,0.983746349811554
284,ddpg_lognormal,lognormal,log,2,True,0.3206617534160614,0.20256279408931732,0.9969390034675598,0.06350301951169968,0.9956995844841003
285,ddpg_lognormal,lognormal,log,0,True,0.32798445224761963,0.5136393308639526,0.9826123714447021,0.17924129962921143,0.9880894422531128
285,ddpg_lognormal,lognormal,log,1,True,0.3513627052307129,0.9577755331993103,0.9697436690330505,0.3348568379878998,0.9837181568145752
285,ddpg_lognormal,lognormal,log,2,True,0.3206528127193451,0.2025999277830124,0.9971062541007996,0.06351960450410843,0.9954178929328918
286,ddpg_lognormal,lognormal,log,0,True,0.3279782235622406,0.5136770009994507,0.9828745722770691,0.1791287213563919,0.9878384470939636
286,ddpg_lognormal,lognormal,log,1,True,0.35136526823043823,0.9578872323036194,0.9698584079742432,0.33459633588790894,0.9835940599441528
286,ddpg_lognormal,lognormal,log,2,True,0.32065653800964355,0.20257925987243652,0.9973322749137878,0.06356234848499298,0.9950501918792725
287,ddpg_lognormal,lognormal,log,0,True,0.32799315452575684,0.5137524604797363,0.9829455018043518,0.1789466291666031,0.9876329898834229
287,ddpg_lognormal,lognormal,log,1,True,0.35136210918426514,0.9579778909683228,0.9699289202690125,0.3343093991279602,0.9834198355674744
287,ddpg_lognormal,lognormal,log,2,True,0.320644736289978,0.20267051458358765,0.9973158836364746,0.06350251287221909,0.9947921633720398
288,ddpg_lognormal,lognormal,log,0,True,0.327985018491745,0.5138984322547913,0.9829928278923035,0.17887020111083984,0.9876272678375244
288,ddpg_lognormal,lognormal,log,1,True,0.35140538215637207,0.9581223726272583,0.9699869155883789,0.3341743052005768,0.9834118485450745
288,ddpg_lognormal,lognormal,log,2,True,0.3206096589565277,0.20281894505023956,0.9973030090332031,0.06348095089197159,0.9947036504745483
289,ddpg_lognormal,lognormal,log,0,True,0.3279828429222107,0.5139080286026001,0.9831868410110474,0.17877726256847382,0.9875794053077698
289,ddpg_lognormal,lognormal,log,1,True,0.3513994514942169,0.9582166075706482,0.9701849818229675,0.3339617848396301,0.9833356142044067
289,ddpg_lognormal,lognormal,log,2,True,0.3206176161766052,0.2028074860572815,0.997393786907196,0.06347069144248962,0.9946264028549194
290,ddpg_lognormal,lognormal,log,0,True,0.3279382586479187,0.5141259431838989,0.9833714365959167,0.17863701283931732,0.9876028895378113
290,ddpg_lognormal,lognormal,log,1,True,0.3514769673347473,0.9584852457046509,0.9702970385551453,0.33376482129096985,0.9832934141159058
290,ddpg_lognormal,lognormal,log,2,True,0.32058483362197876,0.20294912159442902,0.9975746273994446,0.0633772611618042,0.9946522116661072
291,ddpg_lognormal,lognormal,log,0,True,0.3278527855873108,0.5144500732421875,0.9836968183517456,0.17851439118385315,0.9875856041908264
291,ddpg_lognormal,lognormal,log,1,True,0.35161444544792175,0.9589121341705322,0.9704601764678955,0.3335837125778198,0.9832620620727539
291,ddpg_lognormal,lognormal,log,2,True,0.32053279876708984,0.20313000679016113,0.9979128837585449,0.06332013010978699,0.9946107864379883
292,ddpg_lognormal,lognormal,log,0,True,0.3278229236602783,0.5146995782852173,0.9838049411773682,0.1784009337425232,0.9875504970550537
292,ddpg_lognormal,lognormal,log,1,True,0.35169556736946106,0.9591452479362488,0.970464825630188,0.33340102434158325,0.9832819700241089
292,ddpg_lognormal,lognormal,log,2,True,0.320481538772583,0.20332129299640656,0.9980892539024353,0.0632883831858635,0.9945293664932251
293,ddpg_lognormal,lognormal,log,0,True,0.3277568817138672,0.5149291157722473,0.9840269088745117,0.17832860350608826,0.9874233603477478
293,ddpg_lognormal,lognormal,log,1,True,0.3517976403236389,0.959454357624054,0.9706000685691833,0.3332841992378235,0.9831438660621643
293,ddpg_lognormal,lognormal,log,2,True,0.3204454779624939,0.2034337818622589,0.9983407855033875,0.06323355436325073,0.9944173097610474
294,ddpg_lognormal,lognormal,log,0,True,0.32770758867263794,0.5151304006576538,0.98411625623703,0.1780754178762436,0.9872748255729675
294,ddpg_lognormal,lognormal,log,1,True,0.35186120867729187,0.9596900939941406,0.970608651638031,0.33310145139694214,0.9830775260925293
294,ddpg_lognormal,lognormal,log,2,True,0.3204311430454254,0.2035457193851471,0.9984901547431946,0.06296353787183762,0.9942480325698853
295,ddpg_lognormal,lognormal,log,0,True,0.3276351988315582,0.5155290365219116,0.9842430949211121,0.1777990162372589,0.9871612191200256
295,ddpg_lognormal,lognormal,log,1,True,0.35199683904647827,0.9600989818572998,0.970632791519165,0.3328266739845276,0.9829645156860352
295,ddpg_lognormal,lognormal,log,2,True,0.3203679323196411,0.20382854342460632,0.9987040162086487,0.06270627677440643,0.9941502213478088
296,ddpg_lognormal,lognormal,log,0,True,0.3276016414165497,0.5157270431518555,0.9842597842216492,0.17764021456241608,0.9870309829711914
296,ddpg_lognormal,lognormal,log,1,True,0.3520587384700775,0.9602686166763306,0.9705455899238586,0.3326951861381531,0.9828236103057861
296,ddpg_lognormal,lognormal,log,2,True,0.3203395903110504,0.20395442843437195,0.9988576173782349,0.06255090236663818,0.9940387606620789
297,ddpg_lognormal,lognormal,log,0,True,0.32756155729293823,0.5158377885818481,0.9844325184822083,0.17746295034885406,0.9868432283401489
297,ddpg_lognormal,lognormal,log,1,True,0.35209664702415466,0.9604564309120178,0.9706364870071411,0.3325079083442688,0.9826410412788391
297,ddpg_lognormal,lognormal,log,2,True,0.32034188508987427,0.20396864414215088,0.9990825057029724,0.062402743846178055,0.9938833117485046
298,ddpg_lognormal,lognormal,log,0,True,0.32748645544052124,0.516025722026825,0.9846577644348145,0.17736199498176575,0.9868348240852356
298,ddpg_lognormal,lognormal,log,1,True,0.3521878123283386,0.9607479572296143,0.9707691073417664,0.3324398994445801,0.9825899004936218
298,ddpg_lognormal,lognormal,log,2,True,0.32032567262649536,0.20402704179286957,0.9993545413017273,0.06227759271860123,0.9938977360725403
299,ddpg_lognormal,lognormal,log,0,True,0.3274597227573395,0.5161840319633484,0.9847503900527954,0.17719946801662445,0.9869619607925415
299,ddpg_lognormal,lognormal,log,1,True,0.3522312641143799,0.9609140753746033,0.9708228707313538,0.33225712180137634,0.982688844203949
299,ddpg_lognormal,lognormal,log,2,True,0.320309042930603,0.2041241079568863,0.999523937702179,0.062136612832546234,0.9940352439880371
300,ddpg_lognormal,lognormal,log,0,True,0.32744449377059937,0.5162918567657471,0.9846700429916382,0.17716804146766663,0.9870100021362305
300,ddpg_lognormal,lognormal,log,1,True,0.35227149724960327,0.9610048532485962,0.9708588123321533,0.33228951692581177,0.9827854037284851
300,ddpg_lognormal,lognormal,log,2,True,0.32028406858444214,0.2042272984981537,0.999507486820221,0.062060289084911346,0.9940613508224487
301,ddpg_lognormal,lognormal,log,0,True,0.32744020223617554,0.5163507461547852,0.9846174120903015,0.1769012212753296,0.9870138168334961
301,ddpg_lognormal,lognormal,log,1,True,0.35226333141326904,0.961080014705658,0.9709330201148987,0.3321116864681244,0.9828808307647705
301,ddpg_lognormal,lognormal,log,2,True,0.32029643654823303,0.20427757501602173,0.9994948506355286,0.0617675706744194,0.9940195679664612
302,ddpg_lognormal,lognormal,log,0,True,0.32747215032577515,0.5162774920463562,0.9844585061073303,0.17660164833068848,0.9869499206542969
302,ddpg_lognormal,lognormal,log,1,True,0.35218799114227295,0.9609749913215637,0.9708713889122009,0.33192387223243713,0.9828908443450928
302,ddpg_lognormal,lognormal,log,2,True,0.3203399181365967,0.204238623380661,0.9993879795074463,0.061435356736183167,0.9939420819282532
303,ddpg_lognormal,lognormal,log,0,True,0.3274737000465393,0.5162041783332825,0.9844281077384949,0.1763911098241806,0.9867333769798279
303,ddpg_lognormal,lognormal,log,1,True,0.3521416485309601,0.9609400033950806,0.9708784222602844,0.3318149447441101,0.9827560782432556
303,ddpg_lognormal,lognormal,log,2,True,0.320384681224823,0.20414407551288605,0.9993945956230164,0.06118191406130791,0.9937458038330078
304,ddpg_lognormal,lognormal,log,0,True,0.32750770449638367,0.5160778760910034,0.984391987323761,0.17633770406246185,0.9864334464073181
304,ddpg_lognormal,lognormal,log,1,True,0.35207486152648926,0.960801899433136,0.9708531498908997,0.3317331075668335,0.9826596975326538
304,ddpg_lognormal,lognormal,log,2,True,0.32041746377944946,0.20402289927005768,0.9994429349899292,0.06116856262087822,0.9933751821517944
305,ddpg_lognormal,lognormal,log,0,True,0.3275674283504486,0.5159615874290466,0.984245777130127,0.17620520293712616,0.9862372875213623
305,ddpg_lognormal,lognormal,log,1,True,0.35198259353637695,0.9605734944343567,0.970650851726532,0.33155661821365356,0.9825924038887024
305,ddpg_lognormal,lognormal,log,2,True,0.32044997811317444,0.20394062995910645,0.9994394779205322,0.06107477843761444,0.9931124448776245
306,ddpg_lognormal,lognormal,log,0,True,0.32758739590644836,0.5160583257675171,0.9841576814651489,0.1761033684015274,0.985981822013855
306,ddpg_lognormal,lognormal,log,1,True,0.3519890308380127,0.9605703353881836,0.9704585671424866,0.3314250409603119,0.9825682044029236
306,ddpg_lognormal,lognormal,log,2,True,0.32042357325553894,0.20404566824436188,0.9994781017303467,0.061066873371601105,0.9927689433097839
307,ddpg_lognormal,lognormal,log,0,True,0.3275988698005676,0.5160131454467773,0.9841417670249939,0.17608317732810974,0.985876202583313
307,ddpg_lognormal,lognormal,log,1,True,0.3519653379917145,0.9605090618133545,0.9703975319862366,0.331421434879303,0.9826086759567261
307,ddpg_lognormal,lognormal,log,2,True,0.32043585181236267,0.20399275422096252,0.9995580911636353,0.0610848069190979,0.9925979971885681
308,ddpg_lognormal,lognormal,log,0,True,0.3276076912879944,0.5158783793449402,0.9841099977493286,0.17601405084133148,0.985940158367157
308,ddpg_lognormal,lognormal,log,1,True,0.3519071340560913,0.9603630900382996,0.9702684879302979,0.33146563172340393,0.9827666878700256
308,ddpg_lognormal,lognormal,log,2,True,0.3204851746559143,0.20383593440055847,0.9996479153633118,0.060977037996053696,0.9925843477249146
309,ddpg_lognormal,lognormal,log,0,True,0.32761329412460327,0.5157716870307922,0.9841365218162537,0.17576433718204498,0.9858765602111816
309,ddpg_lognormal,lognormal,log,1,True,0.3518407940864563,0.9602858424186707,0.9702042937278748,0.331326425075531,0.9828152060508728
309,ddpg_lognormal,lognormal,log,2,True,0.32054603099823,0.2036871314048767,0.9997944235801697,0.06073956936597824,0.9924618005752563
310,ddpg_lognormal,lognormal,log,0,True,0.3276281952857971,0.5156803727149963,0.9841587543487549,0.17556656897068024,0.9856531023979187
310,ddpg_lognormal,lognormal,log,1,True,0.35177740454673767,0.9601988792419434,0.9701393246650696,0.3311418890953064,0.9826384782791138
310,ddpg_lognormal,lognormal,log,2,True,0.3205943703651428,0.203551784157753,0.9999624490737915,0.060577746480703354,0.9922438263893127
311,ddpg_lognormal,lognormal,log,0,True,0.32761332392692566,0.5156682133674622,0.9842632412910461,0.1753072440624237,0.9856030344963074
311,ddpg_lognormal,lognormal,log,1,True,0.3517485558986664,0.9602251052856445,0.9701287150382996,0.3309327960014343,0.9826136231422424
311,ddpg_lognormal,lognormal,log,2,True,0.32063809037208557,0.2034534364938736,1.0002154111862183,0.06033375859260559,0.9921802282333374
312,ddpg_lognormal,lognormal,log,0,True,0.3276003301143646,0.5156984329223633,0.9843287467956543,0.17494338750839233,0.985386073589325
312,ddpg_lognormal,lognormal,log,1,True,0.35172316431999207,0.9602959752082825,0.970127284526825,0.3306358754634857,0.9824541807174683
312,ddpg_lognormal,lognormal,log,2,True,0.3206765055656433,0.2034127116203308,1.0003911256790161,0.05999340862035751,0.9919882416725159
313,ddpg_lognormal,lognormal,log,0,True,0.32760101556777954,0.5157878994941711,0.9842059016227722,0.17466938495635986,0.9851367473602295
313,ddpg_lognormal,lognormal,log,1,True,0.35172316431999207,0.9603731036186218,0.9701313972473145,0.3304407596588135,0.9822086691856384
313,ddpg_lognormal,lognormal,log,2,True,0.3206758499145508,0.20350438356399536,1.0003448724746704,0.05971618369221687,0.9918122291564941
314,ddpg_lognormal,lognormal,log,0,True,0.3275979161262512,0.5159403681755066,0.9841465950012207,0.17449951171875,0.9847654700279236
314,ddpg_lognormal,lognormal,log,1,True,0.35175758600234985,0.9605180025100708,0.9701938033103943,0.33025768399238586,0.98198401927948
314,ddpg_lognormal,lognormal,log,2,True,0.3206445574760437,0.20365013182163239,1.0003597736358643,0.059607524424791336,0.9914482831954956
315,ddpg_lognormal,lognormal,log,0,True,0.3275730013847351,0.5161978006362915,0.9841712117195129,0.17419219017028809,0.9843313694000244
315,ddpg_lognormal,lognormal,log,1,True,0.3518219590187073,0.9607906937599182,0.9702852964401245,0.32993945479393005,0.9817578792572021
315,ddpg_lognormal,lognormal,log,2,True,0.32060506939888,0.2038566917181015,1.0004829168319702,0.0593913234770298,0.991019606590271
316,ddpg_lognormal,lognormal,log,0,True,0.32752662897109985,0.516493022441864,0.9842259287834167,0.17391031980514526,0.9841218590736389
316,ddpg_lognormal,lognormal,log,1,True,0.35191306471824646,0.9611167311668396,0.970402717590332,0.32969456911087036,0.9816926121711731
316,ddpg_lognormal,lognormal,log,2,True,0.3205602765083313,0.20408187806606293,1.000643014907837,0.05916331708431244,0.9908127784729004
317,ddpg_lognormal,lognormal,log,0,True,0.327501118183136,0.516758143901825,0.984135091304779,0.17374052107334137,0.9839310646057129
317,ddpg_lognormal,lognormal,log,1,True,0.35199370980262756,0.9613196849822998,0.970316469669342,0.329588383436203,0.9816403985023499
317,ddpg_lognormal,lognormal,log,2,True,0.32050517201423645,0.20431241393089294,1.0007330179214478,0.059027183800935745,0.9906181693077087
318,ddpg_lognormal,lognormal,log,0,True,0.32748305797576904,0.5170385241508484,0.9840315580368042,0.17351534962654114,0.9839223623275757
318,ddpg_lognormal,lognormal,log,1,True,0.3520675301551819,0.9615306258201599,0.9702819585800171,0.32941460609436035,0.9817500710487366
318,ddpg_lognormal,lognormal,log,2,True,0.3204495310783386,0.20457768440246582,1.0007842779159546,0.05883524939417839,0.9906105399131775
319,ddpg_lognormal,lognormal,log,0,True,0.32745882868766785,0.5174336433410645,0.9839271903038025,0.1734563559293747,0.9840058088302612
319,ddpg_lognormal,lognormal,log,1,True,0.3522009551525116,0.961829423904419,0.9702893495559692,0.32933148741722107,0.9819580316543579
319,ddpg_lognormal,lognormal,log,2,True,0.32034021615982056,0.20498068630695343,1.000809669494629,0.058850694447755814,0.9906383156776428
320,ddpg_lognormal,lognormal,log,0,True,0.32746022939682007,0.5176577568054199,0.9838811755180359,0.17340853810310364,0.9839704632759094
320,ddpg_lognormal,lognormal,log,1,True,0.35226550698280334,0.9620018601417542,0.970380425453186,0.32918065786361694,0.9819584488868713
320,ddpg_lognormal,lognormal,log,2,True,0.32027435302734375,0.20522107183933258,1.0008411407470703,0.05888918787240982,0.9906061887741089
321,ddpg_lognormal,lognormal,log,0,True,0.3274218440055847,0.5180492401123047,0.9839144349098206,0.17330364882946014,0.9839402437210083
321,ddpg_lognormal,lognormal,log,1,True,0.35240229964256287,0.9623715281486511,0.970515251159668,0.32900330424308777,0.9820480346679688
321,ddpg_lognormal,lognormal,log,2,True,0.32017576694488525,0.2055918276309967,1.0009160041809082,0.05888006091117859,0.990500271320343
322,ddpg_lognormal,lognormal,log,0,True,0.3273821175098419,0.5183588862419128,0.9840770959854126,0.17328500747680664,0.9838326573371887
322,ddpg_lognormal,lognormal,log,1,True,0.3525247871875763,0.9627267718315125,0.9707531332969666,0.3288644552230835,0.9821381568908691
322,ddpg_lognormal,lognormal,log,2,True,0.320093035697937,0.20585811138153076,1.0011132955551147,0.0590142123401165,0.9902593493461609
323,ddpg_lognormal,lognormal,log,0,True,0.32732346653938293,0.518598198890686,0.9843787550926208,0.17310312390327454,0.9837212562561035
323,ddpg_lognormal,lognormal,log,1,True,0.35261598229408264,0.9630879759788513,0.9710072875022888,0.3286285400390625,0.9822404980659485
323,ddpg_lognormal,lognormal,log,2,True,0.3200605511665344,0.2059868723154068,1.0014643669128418,0.0589732863008976,0.9900198578834534
324,ddpg_lognormal,lognormal,log,0,True,0.3272539973258972,0.5187607407569885,0.9847782254219055,0.1730724573135376,0.9837097525596619
324,ddpg_lognormal,lognormal,log,1,True,0.35270559787750244,0.9634239673614502,0.9713395833969116,0.3285260498523712,0.9824362397193909
324,ddpg_lognormal,lognormal,log,2,True,0.32004034519195557,0.2060183733701706,1.0018898248672485,0.059066545218229294,0.9898756146430969
325,ddpg_lognormal,lognormal,log,0,True,0.3271724283695221,0.518949568271637,0.9852080941200256,0.17316694557666779,0.9835444688796997
325,ddpg_lognormal,lognormal,log,1,True,0.35282373428344727,0.9637889862060547,0.971680223941803,0.3284991681575775,0.9824729561805725
325,ddpg_lognormal,lognormal,log,2,True,0.32000380754470825,0.20605041086673737,1.002366542816162,0.05927488952875137,0.9896245002746582
326,ddpg_lognormal,lognormal,log,0,True,0.3270570635795593,0.5193117260932922,0.9856224060058594,0.1731921285390854,0.9834868907928467
326,ddpg_lognormal,lognormal,log,1,True,0.35301023721694946,0.9643194675445557,0.9720220565795898,0.3284631371498108,0.9825710654258728
326,ddpg_lognormal,lognormal,log,2,True,0.3199327290058136,0.20623692870140076,1.0028245449066162,0.05937749892473221,0.9895031452178955
327,ddpg_lognormal,lognormal,log,0,True,0.32695209980010986,0.5196505188941956,0.9859431385993958,0.17334876954555511,0.9833345413208008
327,ddpg_lognormal,lognormal,log,1,True,0.3532032072544098,0.9648027420043945,0.972281277179718,0.3285941183567047,0.9825752377510071
327,ddpg_lognormal,lognormal,log,2,True,0.31984469294548035,0.20644909143447876,1.0031476020812988,0.059629879891872406,0.9892417788505554
328,ddpg_lognormal,lognormal,log,0,True,0.32688549160957336,0.5199257135391235,0.9861210584640503,0.17344795167446136,0.9832994937896729
328,ddpg_lognormal,lognormal,log,1,True,0.35334280133247375,0.9651211500167847,0.9723519682884216,0.32867667078971863,0.9826885461807251
328,ddpg_lognormal,lognormal,log,2,True,0.31977179646492004,0.2066396027803421,1.003395676612854,0.05980771407485008,0.9890962243080139
329,ddpg_lognormal,lognormal,log,0,True,0.326830118894577,0.5200636982917786,0.9862246513366699,0.17360422015190125,0.9833986759185791
329,ddpg_lognormal,lognormal,log,1,True,0.3534368872642517,0.9652818441390991,0.9723134636878967,0.32889798283576965,0.9828206300735474
329,ddpg_lognormal,lognormal,log,2,True,0.31973299384117126,0.20670253038406372,1.003612756729126,0.05996817722916603,0.9891126751899719
330,ddpg_lognormal,lognormal,log,0,True,0.3267666697502136,0.5203620195388794,0.9863675236701965,0.17381590604782104,0.9834627509117126
330,ddpg_lognormal,lognormal,log,1,True,0.3535875678062439,0.9655526876449585,0.9722793698310852,0.3290277123451233,0.9828136563301086
330,ddpg_lognormal,lognormal,log,2,True,0.3196457028388977,0.20689891278743744,1.003950834274292,0.060239311307668686,0.9891659617424011
331,ddpg_lognormal,lognormal,log,0,True,0.32668980956077576,0.5206258893013,0.9865997433662415,0.17385563254356384,0.9836384654045105
331,ddpg_lognormal,lognormal,log,1,True,0.3537164330482483,0.9658603072166443,0.9723321795463562,0.32904425263404846,0.9828820824623108
331,ddpg_lognormal,lognormal,log,2,True,0.3195938169956207,0.20703299343585968,1.0043259859085083,0.06031348183751106,0.9893385171890259
332,ddpg_lognormal,lognormal,log,0,True,0.3266478478908539,0.520930290222168,0.986720860004425,0.1737259179353714,0.9837118983268738
332,ddpg_lognormal,lognormal,log,1,True,0.35381853580474854,0.9661474823951721,0.9723567366600037,0.3288341760635376,0.9828510880470276
332,ddpg_lognormal,lognormal,log,2,True,0.3195335865020752,0.2072598934173584,1.004570484161377,0.06026671454310417,0.9894295334815979
333,ddpg_lognormal,lognormal,log,0,True,0.32664814591407776,0.5211470723152161,0.9866603016853333,0.17351844906806946,0.9837550520896912
333,ddpg_lognormal,lognormal,log,1,True,0.3538590669631958,0.9662699103355408,0.9722567200660706,0.3285865783691406,0.9828485250473022
333,ddpg_lognormal,lognormal,log,2,True,0.3194928765296936,0.20746153593063354,1.0046555995941162,0.06011568382382393,0.9894413948059082
334,ddpg_lognormal,lognormal,log,0,True,0.3266591727733612,0.5213106870651245,0.9865446090698242,0.1733809858560562,0.9837210774421692
334,ddpg_lognormal,lognormal,log,1,True,0.353882759809494,0.9662892818450928,0.9719618558883667,0.32843711972236633,0.9828178882598877
334,ddpg_lognormal,lognormal,log,2,True,0.3194580376148224,0.20760998129844666,1.0047591924667358,0.06003398448228836,0.9893629550933838
335,ddpg_lognormal,lognormal,log,0,True,0.32667019963264465,0.5215764045715332,0.9863297939300537,0.17312945425510406,0.9837314486503601
335,ddpg_lognormal,lognormal,log,1,True,0.3539287745952606,0.9663980603218079,0.9717511534690857,0.3281913697719574,0.9827666878700256
335,ddpg_lognormal,lognormal,log,2,True,0.3194010257720947,0.20789439976215363,1.0047171115875244,0.05980744585394859,0.9893826842308044
336,ddpg_lognormal,lognormal,log,0,True,0.3266805410385132,0.5217568278312683,0.9860860705375671,0.1728147268295288,0.9835777282714844
336,ddpg_lognormal,lognormal,log,1,True,0.3539426922798157,0.9664453864097595,0.9714718461036682,0.32798081636428833,0.9825664162635803
336,ddpg_lognormal,lognormal,log,2,True,0.31937670707702637,0.20807915925979614,1.0046790838241577,0.059491682797670364,0.9892880320549011
337,ddpg_lognormal,lognormal,log,0,True,0.3267013430595398,0.5219365358352661,0.9858395457267761,0.17235545814037323,0.9835362434387207
337,ddpg_lognormal,lognormal,log,1,True,0.3539292812347412,0.9664682149887085,0.9712010025978088,0.32762178778648376,0.9825325608253479
337,ddpg_lognormal,lognormal,log,2,True,0.31936943531036377,0.2082500010728836,1.0047199726104736,0.05904023349285126,0.9892778396606445
338,ddpg_lognormal,lognormal,log,0,True,0.32675492763519287,0.522071123123169,0.9854775071144104,0.1719902902841568,0.9834765195846558
338,ddpg_lognormal,lognormal,log,1,True,0.3538914918899536,0.9663583040237427,0.9707657694816589,0.32732245326042175,0.9824979305267334
338,ddpg_lognormal,lognormal,log,2,True,0.3193536400794983,0.2084239274263382,1.0046790838241577,0.05869961902499199,0.9892505407333374
339,ddpg_lognormal,lognormal,log,0,True,0.3268181085586548,0.5222753882408142,0.9850824475288391,0.17154261469841003,0.9832810759544373
339,ddpg_lognormal,lognormal,log,1,True,0.3538592457771301,0.9662733674049377,0.970276951789856,0.3268902599811554,0.982367992401123
339,ddpg_lognormal,lognormal,log,2,True,0.3193226456642151,0.20867210626602173,1.0046197175979614,0.05830947682261467,0.9891150593757629
340,ddpg_lognormal,lognormal,log,0,True,0.3268345296382904,0.5225598216056824,0.9846863746643066,0.1711244136095047,0.9830222129821777
340,ddpg_lognormal,lognormal,log,1,True,0.3538866639137268,0.9663285613059998,0.9698726534843445,0.3265906572341919,0.9820412397384644
340,ddpg_lognormal,lognormal,log,2,True,0.3192788362503052,0.20895645022392273,1.0045702457427979,0.057853713631629944,0.9890515208244324
341,ddpg_lognormal,lognormal,log,0,True,0.32680895924568176,0.5230187773704529,0.9842275381088257,0.1708022654056549,0.9827774167060852
341,ddpg_lognormal,lognormal,log,1,True,0.35400623083114624,0.9665282368659973,0.9694287776947021,0.3264560401439667,0.9817834496498108
341,ddpg_lognormal,lognormal,log,2,True,0.31918489933013916,0.20939108729362488,1.0044746398925781,0.05739089474081993,0.9889848232269287
342,ddpg_lognormal,lognormal,log,0,True,0.32681336998939514,0.5232672691345215,0.9838684797286987,0.17039315402507782,0.9825280904769897
342,ddpg_lognormal,lognormal,log,1,True,0.35403022170066833,0.9665896892547607,0.9691068530082703,0.3261823058128357,0.9814436435699463
342,ddpg_lognormal,lognormal,log,2,True,0.31915637850761414,0.2096206247806549,1.0044236183166504,0.05688272789120674,0.9889265894889832
343,ddpg_lognormal,lognormal,log,0,True,0.3268028199672699,0.5234999060630798,0.9836249947547913,0.17000146210193634,0.9821380972862244
343,ddpg_lognormal,lognormal,log,1,True,0.35406243801116943,0.9667102694511414,0.968889594078064,0.32590246200561523,0.9809678196907043
343,ddpg_lognormal,lognormal,log,2,True,0.31913480162620544,0.20980972051620483,1.0044269561767578,0.05641806498169899,0.9887399077415466
344,ddpg_lognormal,lognormal,log,0,True,0.326805055141449,0.5237284898757935,0.9832630753517151,0.1696896255016327,0.9818556308746338
344,ddpg_lognormal,lognormal,log,1,True,0.35409659147262573,0.9667730331420898,0.9685512185096741,0.3257425129413605,0.9805408120155334
344,ddpg_lognormal,lognormal,log,2,True,0.3190983235836029,0.21003690361976624,1.0043236017227173,0.05603126436471939,0.9887242317199707
345,ddpg_lognormal,lognormal,log,0,True,0.3268486261367798,0.5237821340560913,0.9828002452850342,0.1693536788225174,0.9815786480903625
345,ddpg_lognormal,lognormal,log,1,True,0.354047566652298,0.9666292071342468,0.9681394100189209,0.32558539509773254,0.9800962805747986
345,ddpg_lognormal,lognormal,log,2,True,0.3191037178039551,0.21012993156909943,1.004158616065979,0.05561019852757454,0.9887267351150513
346,ddpg_lognormal,lognormal,log,0,True,0.32685333490371704,0.5239863991737366,0.9823494553565979,0.1691948026418686,0.981360912322998
346,ddpg_lognormal,lognormal,log,1,True,0.3540915846824646,0.9666361212730408,0.9677170515060425,0.32562965154647827,0.9796655774116516
346,ddpg_lognormal,lognormal,log,2,True,0.3190550208091736,0.2103576958179474,1.0040034055709839,0.05535724386572838,0.9888070821762085
347,ddpg_lognormal,lognormal,log,0,True,0.3268221616744995,0.5242980718612671,0.9820866584777832,0.16903752088546753,0.9811850190162659
347,ddpg_lognormal,lognormal,log,1,True,0.35418701171875,0.9668014049530029,0.9674032330513,0.32559531927108765,0.9791967868804932
347,ddpg_lognormal,lognormal,log,2,True,0.3189908266067505,0.2106235921382904,1.0040459632873535,0.055138394236564636,0.9889378547668457
348,ddpg_lognormal,lognormal,log,0,True,0.3267683684825897,0.5245068073272705,0.9819464683532715,0.1688409447669983,0.9811269640922546
348,ddpg_lognormal,lognormal,log,1,True,0.3542555868625641,0.9669191837310791,0.9670507907867432,0.32561397552490234,0.9789021015167236
348,ddpg_lognormal,lognormal,log,2,True,0.3189760148525238,0.21071937680244446,1.0042437314987183,0.05483580008149147,0.9891318678855896
349,ddpg_lognormal,lognormal,log,0,True,0.32672980427742004,0.5245720744132996,0.9818408489227295,0.16865864396095276,0.9809367060661316
349,ddpg_lognormal,lognormal,log,1,True,0.3542712926864624,0.9669234156608582,0.9666906595230103,0.32563135027885437,0.9784555435180664
349,ddpg_lognormal,lognormal,log,2,True,0.31899887323379517,0.21066656708717346,1.0044665336608887,0.054551564157009125,0.9892162084579468
350,ddpg_lognormal,lognormal,log,0,True,0.32666999101638794,0.5246820449829102,0.9818623661994934,0.1684962809085846,0.9809064269065857
350,ddpg_lognormal,lognormal,log,1,True,0.3543168604373932,0.9670354723930359,0.9664766192436218,0.32564422488212585,0.9781805872917175
350,ddpg_lognormal,lognormal,log,2,True,0.3190130889415741,0.2106468230485916,1.0047188997268677,0.05430440977215767,0.9894256591796875
351,ddpg_lognormal,lognormal,log,0,True,0.3265739381313324,0.5248956680297852,0.9818875193595886,0.16854572296142578,0.9808894991874695
351,ddpg_lognormal,lognormal,log,1,True,0.35444146394729614,0.967247486114502,0.9662379622459412,0.32589468359947205,0.9779036045074463
351,ddpg_lognormal,lognormal,log,2,True,0.31898459792137146,0.21070808172225952,1.0049889087677002,0.054222214967012405,0.9896383285522461
352,ddpg_lognormal,lognormal,log,0,True,0.32648617029190063,0.5250816941261292,0.9819775819778442,0.16874930262565613,0.9807766675949097
352,ddpg_lognormal,lognormal,log,1,True,0.35457009077072144,0.9674418568611145,0.9660574793815613,0.32620230317115784,0.9776455163955688
352,ddpg_lognormal,lognormal,log,2,True,0.3189437985420227,0.2107442021369934,1.0053256750106812,0.0543636791408062,0.9896565079689026
353,ddpg_lognormal,lognormal,log,0,True,0.32637888193130493,0.5252677798271179,0.9820253252983093,0.1691248118877411,0.9807173013687134
353,ddpg_lognormal,lognormal,log,1,True,0.3547293543815613,0.9676234126091003,0.96580970287323,0.3267310559749603,0.9773545265197754
353,ddpg_lognormal,lognormal,log,2,True,0.3188917636871338,0.21076294779777527,1.0056648254394531,0.05460669472813606,0.9897580146789551
354,ddpg_lognormal,lognormal,log,0,True,0.3263128399848938,0.5253497362136841,0.9819263815879822,0.1694519817829132,0.9807340502738953
354,ddpg_lognormal,lognormal,log,1,True,0.3548241853713989,0.9676227569580078,0.9654409289360046,0.32724159955978394,0.9771921634674072
354,ddpg_lognormal,lognormal,log,2,True,0.3188629448413849,0.21072489023208618,1.0059207677841187,0.05478688329458237,0.9898987412452698
355,ddpg_lognormal,lognormal,log,0,True,0.3262519836425781,0.5255222320556641,0.9817550778388977,0.16979506611824036,0.9806773662567139
355,ddpg_lognormal,lognormal,log,1,True,0.35495418310165405,0.9677060842514038,0.9651384353637695,0.32776153087615967,0.977026104927063
355,ddpg_lognormal,lognormal,log,2,True,0.31879380345344543,0.21084217727184296,1.005968451499939,0.055005162954330444,0.9898663759231567
356,ddpg_lognormal,lognormal,log,0,True,0.32624855637550354,0.5255662202835083,0.9814663529396057,0.17011874914169312,0.9807239770889282
356,ddpg_lognormal,lognormal,log,1,True,0.3550052046775818,0.9675890803337097,0.964776873588562,0.3281993865966797,0.9768909811973572
356,ddpg_lognormal,lognormal,log,2,True,0.3187462091445923,0.21090346574783325,1.0059086084365845,0.05523035302758217,0.9899640679359436
357,ddpg_lognormal,lognormal,log,0,True,0.3262309432029724,0.5255065560340881,0.9813505411148071,0.17042307555675507,0.9808335304260254
357,ddpg_lognormal,lognormal,log,1,True,0.35503098368644714,0.9674938321113586,0.9646226167678833,0.3286239206790924,0.9768430590629578
357,ddpg_lognormal,lognormal,log,2,True,0.31873810291290283,0.2108331322669983,1.0059269666671753,0.05543670058250427,0.9901197552680969
358,ddpg_lognormal,lognormal,log,0,True,0.32619279623031616,0.5255056619644165,0.9813470840454102,0.17066019773483276,0.9810456037521362
358,ddpg_lognormal,lognormal,log,1,True,0.3550742268562317,0.9674671292304993,0.964457631111145,0.32897061109542847,0.9769749641418457
358,ddpg_lognormal,lognormal,log,2,True,0.31873300671577454,0.21076062321662903,1.0061235427856445,0.05560201033949852,0.990333080291748
359,ddpg_lognormal,lognormal,log,0,True,0.3261246383190155,0.5256040096282959,0.9814044237136841,0.17100964486598969,0.9811010360717773
359,ddpg_lognormal,lognormal,log,1,True,0.35518014430999756,0.9675607085227966,0.9643355011940002,0.32940444350242615,0.9770402312278748
359,ddpg_lognormal,lognormal,log,2,True,0.3186952471733093,0.21075183153152466,1.0063761472702026,0.05586814507842064,0.9903765916824341
360,ddpg_lognormal,lognormal,log,0,True,0.32603803277015686,0.5257728099822998,0.9814669489860535,0.1711241602897644,0.9811921715736389
360,ddpg_lognormal,lognormal,log,1,True,0.35529130697250366,0.9677351713180542,0.9641640186309814,0.3296765685081482,0.9770206212997437
360,ddpg_lognormal,lognormal,log,2,True,0.31867077946662903,0.2107747346162796,1.0066595077514648,0.055872805416584015,0.9905104637145996
361,ddpg_lognormal,lognormal,log,0,True,0.32597649097442627,0.5259779691696167,0.981395959854126,0.17127694189548492,0.981390655040741
361,ddpg_lognormal,lognormal,log,1,True,0.35540735721588135,0.9678946733474731,0.9640195965766907,0.32996946573257446,0.9771131277084351
361,ddpg_lognormal,lognormal,log,2,True,0.31861627101898193,0.21091872453689575,1.0067286491394043,0.05591433122754097,0.9907441735267639
362,ddpg_lognormal,lognormal,log,0,True,0.32590505480766296,0.5261250734329224,0.9814388155937195,0.17139987647533417,0.9816998839378357
362,ddpg_lognormal,lognormal,log,1,True,0.35550451278686523,0.9680511951446533,0.9639478325843811,0.33024510741233826,0.977363109588623
362,ddpg_lognormal,lognormal,log,2,True,0.318590372800827,0.21096502244472504,1.0069341659545898,0.055938608944416046,0.9910568594932556
363,ddpg_lognormal,lognormal,log,0,True,0.32583388686180115,0.5264008045196533,0.9814257621765137,0.17141157388687134,0.9818521738052368
363,ddpg_lognormal,lognormal,log,1,True,0.3556306064128876,0.9682964086532593,0.9638634920120239,0.3303852379322052,0.9775360226631165
363,ddpg_lognormal,lognormal,log,2,True,0.31853553652763367,0.21114346385002136,1.0071064233779907,0.05586867034435272,0.9911646246910095
364,ddpg_lognormal,lognormal,log,0,True,0.325774610042572,0.5265741944313049,0.9813228845596313,0.17138412594795227,0.9821039438247681
364,ddpg_lognormal,lognormal,log,1,True,0.35570991039276123,0.9684005379676819,0.963657796382904,0.3305834233760834,0.9778056740760803
364,ddpg_lognormal,lognormal,log,2,True,0.31851547956466675,0.21121430397033691,1.0073028802871704,0.05570327118039131,0.9913475513458252
365,ddpg_lognormal,lognormal,log,0,True,0.32569828629493713,0.5268054604530334,0.9812905788421631,0.17148663103580475,0.9821841716766357
365,ddpg_lognormal,lognormal,log,1,True,0.35583531856536865,0.9685985445976257,0.9635375738143921,0.3308514356613159,0.977952778339386
365,ddpg_lognormal,lognormal,log,2,True,0.3184664845466614,0.21133294701576233,1.007521152496338,0.05569574981927872,0.9913821220397949
366,ddpg_lognormal,lognormal,log,0,True,0.3256615102291107,0.527015745639801,0.9811182022094727,0.171631321310997,0.9821531772613525
366,ddpg_lognormal,lognormal,log,1,True,0.3559401035308838,0.9687065482139587,0.963350772857666,0.33112937211990356,0.9780687093734741
366,ddpg_lognormal,lognormal,log,2,True,0.3183984160423279,0.2115081548690796,1.0075803995132446,0.055783361196517944,0.9912401437759399
367,ddpg_lognormal,lognormal,log,0,True,0.3256269693374634,0.5273205637931824,0.9808114767074585,0.17169255018234253,0.9821454286575317
367,ddpg_lognormal,lognormal,log,1,True,0.3560658395290375,0.9688420295715332,0.9630534648895264,0.3313853144645691,0.9782262444496155
367,ddpg_lognormal,lognormal,log,2,True,0.31830713152885437,0.21180880069732666,1.0074961185455322,0.055736247450113297,0.9910953044891357
368,ddpg_lognormal,lognormal,log,0,True,0.32554543018341064,0.5277737975120544,0.9806032180786133,0.1718122959136963,0.982160747051239
368,ddpg_lognormal,lognormal,log,1,True,0.35626935958862305,0.9691358804702759,0.9627432823181152,0.33170607686042786,0.9784638285636902
368,ddpg_lognormal,lognormal,log,2,True,0.31818529963493347,0.21218548715114594,1.0075759887695312,0.05572909116744995,0.9909232258796692
369,ddpg_lognormal,lognormal,log,0,True,0.32547527551651,0.5281937122344971,0.9804332256317139,0.17184901237487793,0.9820294976234436
369,ddpg_lognormal,lognormal,log,1,True,0.3564465045928955,0.9694315195083618,0.9625257253646851,0.3318790793418884,0.9784680008888245
369,ddpg_lognormal,lognormal,log,2,True,0.31807827949523926,0.21253053843975067,1.0076552629470825,0.05567007139325142,0.9906865358352661
370,ddpg_lognormal,lognormal,log,0,True,0.325442910194397,0.5284743905067444,0.9801417589187622,0.17185600101947784,0.9818935990333557
370,ddpg_lognormal,lognormal,log,1,True,0.3565558195114136,0.9695477485656738,0.9621686339378357,0.33206313848495483,0.9784159064292908
370,ddpg_lognormal,lognormal,log,2,True,0.31800124049186707,0.21278610825538635,1.0076160430908203,0.05557521805167198,0.9904515743255615
371,ddpg_lognormal,lognormal,log,0,True,0.3254241645336151,0.5287997722625732,0.9797659516334534,0.17174877226352692,0.9818366169929504
371,ddpg_lognormal,lognormal,log,1,True,0.3566599488258362,0.9696561098098755,0.961719274520874,0.3321625888347626,0.9784703850746155
371,ddpg_lognormal,lognormal,log,2,True,0.3179159164428711,0.21312734484672546,1.0074530839920044,0.05536290258169174,0.9902819991111755
372,ddpg_lognormal,lognormal,log,0,True,0.32540440559387207,0.5292508602142334,0.9793022274971008,0.171731099486351,0.9817165732383728
372,ddpg_lognormal,lognormal,log,1,True,0.3568163514137268,0.9698385000228882,0.9612572193145752,0.33230215311050415,0.9784092307090759
372,ddpg_lognormal,lognormal,log,2,True,0.3177793025970459,0.21362271904945374,1.0071967840194702,0.05524567514657974,0.9901476502418518
373,ddpg_lognormal,lognormal,log,0,True,0.3253746032714844,0.5296964049339294,0.9788916707038879,0.17161080241203308,0.9817706942558289
373,ddpg_lognormal,lognormal,log,1,True,0.3569602966308594,0.970022439956665,0.9607841968536377,0.33236685395240784,0.9784842133522034
373,ddpg_lognormal,lognormal,log,2,True,0.317665159702301,0.21407528221607208,1.0070420503616333,0.05500677227973938,0.9901803731918335
374,ddpg_lognormal,lognormal,log,0,True,0.3253288269042969,0.5301094055175781,0.9786821007728577,0.17155851423740387,0.9818586707115173
374,ddpg_lognormal,lognormal,log,1,True,0.3571048974990845,0.9702444076538086,0.9604537487030029,0.3323916494846344,0.9785128831863403
374,ddpg_lognormal,lognormal,log,2,True,0.31756624579429626,0.21443402767181396,1.0071101188659668,0.05488619953393936,0.9903051257133484
375,ddpg_lognormal,lognormal,log,0,True,0.32528698444366455,0.5306378602981567,0.9783814549446106,0.17144723236560822,0.9818983674049377
375,ddpg_lognormal,lognormal,log,1,True,0.3572807312011719,0.970539391040802,0.9600827097892761,0.33235257863998413,0.9784329533576965
375,ddpg_lognormal,lognormal,log,2,True,0.31743237376213074,0.21494446694850922,1.0070351362228394,0.05471755564212799,0.9904142618179321
376,ddpg_lognormal,lognormal,log,0,True,0.3252527415752411,0.5312062501907349,0.9781624674797058,0.17129603028297424,0.9820577502250671
376,ddpg_lognormal,lognormal,log,1,True,0.357450008392334,0.9708287715911865,0.9596829414367676,0.33213505148887634,0.9783985614776611
376,ddpg_lognormal,lognormal,log,2,True,0.31729722023010254,0.21546107530593872,1.0071245431900024,0.05456503480672836,0.9906569123268127
377,ddpg_lognormal,lognormal,log,0,True,0.32524964213371277,0.5316986441612244,0.9779486060142517,0.1711263358592987,0.9823083281517029
377,ddpg_lognormal,lognormal,log,1,True,0.3575790524482727,0.971065878868103,0.9594094157218933,0.3318420946598053,0.978429913520813
377,ddpg_lognormal,lognormal,log,2,True,0.3171713948249817,0.21598275005817413,1.0070022344589233,0.054410167038440704,0.9910236597061157
378,ddpg_lognormal,lognormal,log,0,True,0.3252778649330139,0.5320084691047668,0.9776439070701599,0.17099586129188538,0.9826494455337524
378,ddpg_lognormal,lognormal,log,1,True,0.357637882232666,0.9711089730262756,0.9591019153594971,0.3316512703895569,0.978561282157898
378,ddpg_lognormal,lognormal,log,2,True,0.31708434224128723,0.21636530756950378,1.006803274154663,0.0542585626244545,0.9914594888687134
379,ddpg_lognormal,lognormal,log,0,True,0.3253098726272583,0.5322251915931702,0.977364182472229,0.17072021961212158,0.9831027984619141
379,ddpg_lognormal,lognormal,log,1,True,0.35764774680137634,0.9710993766784668,0.958810567855835,0.33139705657958984,0.9788093566894531
379,ddpg_lognormal,lognormal,log,2,True,0.3170424699783325,0.2166420966386795,1.0066412687301636,0.05395174026489258,0.9919751882553101
380,ddpg_lognormal,lognormal,log,0,True,0.32535940408706665,0.5323400497436523,0.9771216511726379,0.1704925149679184,0.9833762049674988
380,ddpg_lognormal,lognormal,log,1,True,0.3576268255710602,0.9710477590560913,0.9586308598518372,0.33114147186279297,0.978856086730957
380,ddpg_lognormal,lognormal,log,2,True,0.31701382994651794,0.2168588489294052,1.006359338760376,0.053729232400655746,0.9923503398895264
381,ddpg_lognormal,lognormal,log,0,True,0.3253614902496338,0.5325105786323547,0.9770695567131042,0.17029865086078644,0.9835704565048218
381,ddpg_lognormal,lognormal,log,1,True,0.3576520085334778,0.9711413383483887,0.9585598707199097,0.3308943510055542,0.9787793755531311
381,ddpg_lognormal,lognormal,log,2,True,0.31698647141456604,0.21704323589801788,1.006274700164795,0.053529173135757446,0.9926968812942505
382,ddpg_lognormal,lognormal,log,0,True,0.32533755898475647,0.5326295495033264,0.9770283699035645,0.1703307181596756,0.9836992621421814
382,ddpg_lognormal,lognormal,log,1,True,0.35770684480667114,0.971238911151886,0.958530604839325,0.3309363126754761,0.978601336479187
382,ddpg_lognormal,lognormal,log,2,True,0.31695565581321716,0.2171621471643448,1.006178855895996,0.05348833277821541,0.9930013418197632
383,ddpg_lognormal,lognormal,log,0,True,0.32528388500213623,0.5327310562133789,0.9771392345428467,0.17040181159973145,0.9839410185813904
383,ddpg_lognormal,lognormal,log,1,True,0.35777392983436584,0.9713871479034424,0.9585790634155273,0.3310200870037079,0.9784954190254211
383,ddpg_lognormal,lognormal,log,2,True,0.3169422447681427,0.21720179915428162,1.0062487125396729,0.053473860025405884,0.9934249520301819
384,ddpg_lognormal,lognormal,log,0,True,0.3252629339694977,0.5327141880989075,0.9771835207939148,0.1705043613910675,0.9842088222503662
384,ddpg_lognormal,lognormal,log,1,True,0.357785165309906,0.9713496565818787,0.9584367275238037,0.33112475275993347,0.9784403443336487
384,ddpg_lognormal,lognormal,log,2,True,0.3169518709182739,0.2171451598405838,1.0063085556030273,0.05350388213992119,0.9938502907752991
385,ddpg_lognormal,lognormal,log,0,True,0.3252658545970917,0.5326150059700012,0.9771658182144165,0.17055374383926392,0.9845365881919861
385,ddpg_lognormal,lognormal,log,1,True,0.35774919390678406,0.9711836576461792,0.9581381678581238,0.33121031522750854,0.9784960746765137
385,ddpg_lognormal,lognormal,log,2,True,0.3169848918914795,0.21702881157398224,1.006330132484436,0.05347819626331329,0.9943057894706726
386,ddpg_lognormal,lognormal,log,0,True,0.32528549432754517,0.5325716733932495,0.976993978023529,0.1706114113330841,0.9847772717475891
386,ddpg_lognormal,lognormal,log,1,True,0.35772794485092163,0.9710188508033752,0.9578193426132202,0.33132079243659973,0.9785200357437134
386,ddpg_lognormal,lognormal,log,2,True,0.3169865608215332,0.21703723073005676,1.0061172246932983,0.053412336856126785,0.994622528553009
387,ddpg_lognormal,lognormal,log,0,True,0.325278639793396,0.5326118469238281,0.9769155979156494,0.17077510058879852,0.9848617911338806
387,ddpg_lognormal,lognormal,log,1,True,0.3577611446380615,0.9709669947624207,0.9575397372245789,0.3314892649650574,0.9784408807754517
387,ddpg_lognormal,lognormal,log,2,True,0.31696024537086487,0.21708613634109497,1.0060298442840576,0.05350124090909958,0.9947646856307983
388,ddpg_lognormal,lognormal,log,0,True,0.3252582550048828,0.532580554485321,0.9769703149795532,0.17100659012794495,0.9848194718360901
388,ddpg_lognormal,lognormal,log,1,True,0.3577881455421448,0.9709263443946838,0.9573749899864197,0.3317037522792816,0.9783362150192261
388,ddpg_lognormal,lognormal,log,2,True,0.3169536590576172,0.21702329814434052,1.0060551166534424,0.05368105694651604,0.9947252869606018
389,ddpg_lognormal,lognormal,log,0,True,0.3252035975456238,0.5326132774353027,0.9771820902824402,0.17127367854118347,0.9847807884216309
389,ddpg_lognormal,lognormal,log,1,True,0.35785460472106934,0.9710090160369873,0.9573422074317932,0.33190664649009705,0.9782824516296387
389,ddpg_lognormal,lognormal,log,2,True,0.3169417679309845,0.21695105731487274,1.006273865699768,0.053900450468063354,0.9946773648262024
390,ddpg_lognormal,lognormal,log,0,True,0.32520192861557007,0.532590925693512,0.9771974682807922,0.17151318490505219,0.9846488237380981
390,ddpg_lognormal,lognormal,log,1,True,0.35787296295166016,0.9709560871124268,0.9572513699531555,0.3320485055446625,0.9780986309051514
390,ddpg_lognormal,lognormal,log,2,True,0.3169251084327698,0.21690626442432404,1.006331205368042,0.05413344129920006,0.99457848072052
391,ddpg_lognormal,lognormal,log,0,True,0.32522350549697876,0.532554030418396,0.977217972278595,0.17162033915519714,0.9843888282775879
391,ddpg_lognormal,lognormal,log,1,True,0.3578600585460663,0.9709007740020752,0.9572377800941467,0.3320232033729553,0.9779269695281982
391,ddpg_lognormal,lognormal,log,2,True,0.3169163763523102,0.21686773002147675,1.0063915252685547,0.054316312074661255,0.9942693114280701
392,ddpg_lognormal,lognormal,log,0,True,0.325226366519928,0.5325103998184204,0.9774126410484314,0.17175783216953278,0.9841269254684448
392,ddpg_lognormal,lognormal,log,1,True,0.3578570485115051,0.9709222912788391,0.9573863744735718,0.3319591283798218,0.9777586460113525
392,ddpg_lognormal,lognormal,log,2,True,0.31691664457321167,0.2167782038450241,1.0065858364105225,0.05456000939011574,0.9939672350883484
393,ddpg_lognormal,lognormal,log,0,True,0.32524871826171875,0.532446563243866,0.97751784324646,0.17186054587364197,0.9839106798171997
393,ddpg_lognormal,lognormal,log,1,True,0.35782989859580994,0.9708380103111267,0.957293689250946,0.33187344670295715,0.9776343703269958
393,ddpg_lognormal,lognormal,log,2,True,0.3169214129447937,0.21668662130832672,1.0067466497421265,0.05477004870772362,0.9937196969985962
394,ddpg_lognormal,lognormal,log,0,True,0.32528573274612427,0.532355785369873,0.9775843620300293,0.17204292118549347,0.9836007952690125
394,ddpg_lognormal,lognormal,log,1,True,0.3577941060066223,0.9706788659095764,0.9571065306663513,0.3318108022212982,0.9773418307304382
394,ddpg_lognormal,lognormal,log,2,True,0.3169201910495758,0.21658268570899963,1.0068995952606201,0.05507335066795349,0.9933933615684509
395,ddpg_lognormal,lognormal,log,0,True,0.3253209888935089,0.5323032140731812,0.977557361125946,0.1722605973482132,0.9832522869110107
395,ddpg_lognormal,lognormal,log,1,True,0.35777363181114197,0.9704815745353699,0.9567335844039917,0.33182236552238464,0.9770665168762207
395,ddpg_lognormal,lognormal,log,2,True,0.31690549850463867,0.21650324761867523,1.0070695877075195,0.055385299026966095,0.9930086135864258
396,ddpg_lognormal,lognormal,log,0,True,0.3253340721130371,0.5323601365089417,0.9775734543800354,0.1724788397550583,0.983104407787323
396,ddpg_lognormal,lognormal,log,1,True,0.35779687762260437,0.9703990817070007,0.9564416408538818,0.33182135224342346,0.9769229888916016
396,ddpg_lognormal,lognormal,log,2,True,0.31686899065971375,0.21650980412960052,1.0073000192642212,0.055685702711343765,0.9928447604179382
397,ddpg_lognormal,lognormal,log,0,True,0.3252912759780884,0.5324918031692505,0.9777528047561646,0.17268379032611847,0.9828951358795166
397,ddpg_lognormal,lognormal,log,1,True,0.3578747510910034,0.9704920649528503,0.9562571048736572,0.33185866475105286,0.9767423272132874
397,ddpg_lognormal,lognormal,log,2,True,0.3168339729309082,0.2165030688047409,1.0076751708984375,0.05593879893422127,0.9926223754882812
398,ddpg_lognormal,lognormal,log,0,True,0.3252445459365845,0.5325799584388733,0.9779826998710632,0.17306937277317047,0.9827889204025269
398,ddpg_lognormal,lognormal,log,1,True,0.35796141624450684,0.9705649018287659,0.956142246723175,0.3320506811141968,0.9766880869865417
398,ddpg_lognormal,lognormal,log,2,True,0.3167940378189087,0.21645744144916534,1.0080788135528564,0.05636750906705856,0.9924901723861694
399,ddpg_lognormal,lognormal,log,0,True,0.3252069056034088,0.5327045321464539,0.9781180620193481,0.1733705848455429,0.9828633069992065
399,ddpg_lognormal,lognormal,log,1,True,0.3580465316772461,0.970652163028717,0.9560542702674866,0.33221644163131714,0.9767833352088928
399,ddpg_lognormal,lognormal,log,2,True,0.3167465925216675,0.21648986637592316,1.0083683729171753,0.056686799973249435,0.992539644241333
400,ddpg_lognormal,lognormal,log,0,True,0.3251227140426636,0.5330196619033813,0.9782541394233704,0.17359670996665955,0.9830051064491272
400,ddpg_lognormal,lognormal,log,1,True,0.3582121729850769,0.970948338508606,0.9560047388076782,0.3324037790298462,0.976935863494873
400,ddpg_lognormal,lognormal,log,2,True,0.31666505336761475,0.2166762351989746,1.0086594820022583,0.05686870962381363,0.992663562297821
401,ddpg_lognormal,lognormal,log,0,True,0.3250434398651123,0.5334509015083313,0.9782382845878601,0.17385798692703247,0.9832388162612915
401,ddpg_lognormal,lognormal,log,1,True,0.3584173917770386,0.9712767004966736,0.9558879137039185,0.33263930678367615,0.9771161675453186
401,ddpg_lognormal,lognormal,log,2,True,0.3165392279624939,0.217023104429245,1.0088163614273071,0.05705752968788147,0.9928852319717407
402,ddpg_lognormal,lognormal,log,0,True,0.32496002316474915,0.5340411067008972,0.9781357645988464,0.17401748895645142,0.9834371209144592
402,ddpg_lognormal,lognormal,log,1,True,0.35866743326187134,0.9717196822166443,0.955752432346344,0.33279064297676086,0.9773023128509521
402,ddpg_lognormal,lognormal,log,2,True,0.31637248396873474,0.2175578624010086,1.0088475942611694,0.057141855359077454,0.9930396676063538
403,ddpg_lognormal,lognormal,log,0,True,0.32491105794906616,0.5345670580863953,0.9778960943222046,0.1740431934595108,0.9837222695350647
403,ddpg_lognormal,lognormal,log,1,True,0.35886138677597046,0.9720401763916016,0.9555665850639343,0.3328534960746765,0.9776089787483215
403,ddpg_lognormal,lognormal,log,2,True,0.31622764468193054,0.21807144582271576,1.0087916851043701,0.057069480419158936,0.9932525753974915
404,ddpg_lognormal,lognormal,log,0,True,0.3248324394226074,0.535162627696991,0.9777726531028748,0.17396822571754456,0.9840924739837646
404,ddpg_lognormal,lognormal,log,1,True,0.35908031463623047,0.9724801778793335,0.9554471373558044,0.3328307271003723,0.9779912233352661
404,ddpg_lognormal,lognormal,log,2,True,0.3160872161388397,0.21860356628894806,1.0088409185409546,0.05688932538032532,0.9935430288314819
405,ddpg_lognormal,lognormal,log,0,True,0.32475021481513977,0.5355594158172607,0.9778233170509338,0.1740119457244873,0.9844101667404175
405,ddpg_lognormal,lognormal,log,1,True,0.3592503070831299,0.9728214740753174,0.9554063081741333,0.3329046964645386,0.97837233543396
405,ddpg_lognormal,lognormal,log,2,True,0.31599950790405273,0.2188987284898758,1.0090203285217285,0.056833986192941666,0.9937648773193359
406,ddpg_lognormal,lognormal,log,0,True,0.32465142011642456,0.5359118580818176,0.978039026260376,0.17401453852653503,0.9847255945205688
406,ddpg_lognormal,lognormal,log,1,True,0.3594092130661011,0.9732105135917664,0.955482006072998,0.3329349756240845,0.9788014888763428
406,ddpg_lognormal,lognormal,log,2,True,0.3159393072128296,0.21909715235233307,1.0093730688095093,0.056792277842760086,0.9939734935760498
407,ddpg_lognormal,lognormal,log,0,True,0.3245614767074585,0.5360845327377319,0.9783490896224976,0.17393465340137482,0.9850783348083496
407,ddpg_lognormal,lognormal,log,1,True,0.359496533870697,0.9735168814659119,0.9556880593299866,0.33291178941726685,0.979208767414093
407,ddpg_lognormal,lognormal,log,2,True,0.3159419894218445,0.21910828351974487,1.009761929512024,0.05666583031415939,0.9942415952682495
408,ddpg_lognormal,lognormal,log,0,True,0.3244774341583252,0.5362916588783264,0.978613555431366,0.1738857924938202,0.9855661988258362
408,ddpg_lognormal,lognormal,log,1,True,0.3595949709415436,0.973822832107544,0.9558820128440857,0.33292824029922485,0.9797881841659546
408,ddpg_lognormal,lognormal,log,2,True,0.3159276843070984,0.21917733550071716,1.0101227760314941,0.05658275634050369,0.9945838451385498
409,ddpg_lognormal,lognormal,log,0,True,0.3244308829307556,0.5364546775817871,0.9787245988845825,0.17381978034973145,0.9861330389976501
409,ddpg_lognormal,lognormal,log,1,True,0.3596577048301697,0.9740149974822998,0.9560258388519287,0.33294013142585754,0.9804766178131104
409,ddpg_lognormal,lognormal,log,2,True,0.3159113824367523,0.21927767992019653,1.0103024244308472,0.05645658075809479,0.9949736595153809
410,ddpg_lognormal,lognormal,log,0,True,0.3244040012359619,0.5365124344825745,0.9787986278533936,0.17376096546649933,0.9868077039718628
410,ddpg_lognormal,lognormal,log,1,True,0.3596761226654053,0.974102258682251,0.9561994075775146,0.3329780697822571,0.9812580943107605
410,ddpg_lognormal,lognormal,log,2,True,0.3159198462963104,0.2193012684583664,1.010429859161377,0.056307461112737656,0.9954733848571777
411,ddpg_lognormal,lognormal,log,0,True,0.3244312107563019,0.5366161465644836,0.9786660671234131,0.17382609844207764,0.9874440431594849
411,ddpg_lognormal,lognormal,log,1,True,0.35969018936157227,0.9740846753120422,0.9563080072402954,0.332986980676651,0.9819625616073608
411,ddpg_lognormal,lognormal,log,2,True,0.31587857007980347,0.21945412456989288,1.0104424953460693,0.05634257197380066,0.9960198402404785
412,ddpg_lognormal,lognormal,log,0,True,0.32445475459098816,0.5369054675102234,0.9784225821495056,0.17385701835155487,0.9880205392837524
412,ddpg_lognormal,lognormal,log,1,True,0.35976287722587585,0.9741687178611755,0.9563152194023132,0.3329329490661621,0.9825501441955566
412,ddpg_lognormal,lognormal,log,2,True,0.3157822787761688,0.2198103368282318,1.010364294052124,0.056351009756326675,0.9965631365776062
413,ddpg_lognormal,lognormal,log,0,True,0.324445903301239,0.5373874306678772,0.9781380295753479,0.17380057275295258,0.9885647892951965
413,ddpg_lognormal,lognormal,log,1,True,0.35990792512893677,0.9744210839271545,0.9562562704086304,0.33284738659858704,0.9830982685089111
413,ddpg_lognormal,lognormal,log,2,True,0.31564611196517944,0.2203332632780075,1.0102667808532715,0.056244105100631714,0.9970773458480835
414,ddpg_lognormal,lognormal,log,0,True,0.324439138174057,0.5378067493438721,0.9778674244880676,0.17392413318157196,0.989119291305542
414,ddpg_lognormal,lognormal,log,1,True,0.3600437045097351,0.9745455384254456,0.9560436010360718,0.3328476548194885,0.9835305213928223
414,ddpg_lognormal,lognormal,log,2,True,0.31551721692085266,0.22076568007469177,1.0102471113204956,0.056246254593133926,0.9976476430892944
415,ddpg_lognormal,lognormal,log,0,True,0.32440197467803955,0.5381645560264587,0.9777796864509583,0.17411677539348602,0.9895190596580505
415,ddpg_lognormal,lognormal,log,1,True,0.36018532514572144,0.974718451499939,0.9559422731399536,0.3329179286956787,0.9838835597038269
415,ddpg_lognormal,lognormal,log,2,True,0.3154126703739166,0.22107122838497162,1.010380744934082,0.056327346712350845,0.9980345964431763
416,ddpg_lognormal,lognormal,log,0,True,0.3243442177772522,0.5384094715118408,0.977835476398468,0.17434503138065338,0.9897618293762207
416,ddpg_lognormal,lognormal,log,1,True,0.36031025648117065,0.9749051928520203,0.9559817314147949,0.3330592215061188,0.9840906858444214
416,ddpg_lognormal,lognormal,log,2,True,0.31534555554389954,0.2212279886007309,1.0105786323547363,0.05642814561724663,0.998306155204773
417,ddpg_lognormal,lognormal,log,0,True,0.3243064880371094,0.5386953949928284,0.9777601957321167,0.17455710470676422,0.9900085926055908
417,ddpg_lognormal,lognormal,log,1,True,0.3604426980018616,0.9750921726226807,0.9559713006019592,0.3332170248031616,0.9843021035194397
417,ddpg_lognormal,lognormal,log,2,True,0.31525081396102905,0.22150938212871552,1.0104974508285522,0.05650574341416359,0.9985806345939636
418,ddpg_lognormal,lognormal,log,0,True,0.32430166006088257,0.5387871265411377,0.9777595400810242,0.17469169199466705,0.9902918934822083
418,ddpg_lognormal,lognormal,log,1,True,0.360481858253479,0.9751067161560059,0.9559422731399536,0.3332699239253998,0.9846552014350891
418,ddpg_lognormal,lognormal,log,2,True,0.31521645188331604,0.2216050922870636,1.0104873180389404,0.05656156316399574,0.9988383054733276
419,ddpg_lognormal,lognormal,log,0,True,0.3242814242839813,0.5388597249984741,0.9777885675430298,0.17492356896400452,0.9903759360313416
419,ddpg_lognormal,lognormal,log,1,True,0.36053842306137085,0.9751467704772949,0.9559522867202759,0.3334364593029022,0.9848259091377258
419,ddpg_lognormal,lognormal,log,2,True,0.3151801526546478,0.22166123986244202,1.0105023384094238,0.05670928210020065,0.9989213347434998
420,ddpg_lognormal,lognormal,log,0,True,0.3242722153663635,0.5389306545257568,0.9778034687042236,0.17498540878295898,0.9903234243392944
420,ddpg_lognormal,lognormal,log,1,True,0.36056840419769287,0.9751871824264526,0.9559813737869263,0.3334153890609741,0.9848223328590393
420,ddpg_lognormal,lognormal,log,2,True,0.3151593804359436,0.2217077761888504,1.010534405708313,0.05671803653240204,0.9988716840744019
421,ddpg_lognormal,lognormal,log,0,True,0.3242609202861786,0.5389595627784729,0.9777737855911255,0.17525774240493774,0.9902851581573486
421,ddpg_lognormal,lognormal,log,1,True,0.36061665415763855,0.9752021431922913,0.9560539126396179,0.33364367485046387,0.9848100543022156
421,ddpg_lognormal,lognormal,log,2,True,0.3151223361492157,0.22175496816635132,1.0104467868804932,0.05689709633588791,0.9988595247268677
422,ddpg_lognormal,lognormal,log,0,True,0.32424843311309814,0.5390519499778748,0.9777465462684631,0.17529287934303284,0.9902002811431885
422,ddpg_lognormal,lognormal,log,1,True,0.360660195350647,0.9752955436706543,0.9561511278152466,0.333661288022995,0.9847748875617981
422,ddpg_lognormal,lognormal,log,2,True,0.3150913417339325,0.22186580300331116,1.010310411453247,0.05683785676956177,0.998748242855072
423,ddpg_lognormal,lognormal,log,0,True,0.3242170214653015,0.5392364859580994,0.9777090549468994,0.1753813475370407,0.9902923107147217
423,ddpg_lognormal,lognormal,log,1,True,0.3607479929924011,0.9754598736763,0.9562367796897888,0.3337518870830536,0.9848780035972595
423,ddpg_lognormal,lognormal,log,2,True,0.3150348961353302,0.2220529317855835,1.010211706161499,0.05681172013282776,0.9988192915916443
424,ddpg_lognormal,lognormal,log,0,True,0.3241623044013977,0.5393921136856079,0.9778444170951843,0.17547711730003357,0.9904611110687256
424,ddpg_lognormal,lognormal,log,1,True,0.3608364760875702,0.9756739139556885,0.9564303755760193,0.3338254392147064,0.9850605130195618
424,ddpg_lognormal,lognormal,log,2,True,0.3150012195110321,0.22215132415294647,1.0102828741073608,0.056806229054927826,0.9989597797393799
425,ddpg_lognormal,lognormal,log,0,True,0.3241378366947174,0.5395380258560181,0.9779860973358154,0.17550352215766907,0.9907397031784058
425,ddpg_lognormal,lognormal,log,1,True,0.36089497804641724,0.9758632183074951,0.9566923975944519,0.33375099301338196,0.9854167103767395
425,ddpg_lognormal,lognormal,log,2,True,0.31496715545654297,0.22228221595287323,1.0103294849395752,0.056811995804309845,0.9991899132728577
426,ddpg_lognormal,lognormal,log,0,True,0.32413575053215027,0.5396867990493774,0.9780644774436951,0.17549124360084534,0.9911306500434875
426,ddpg_lognormal,lognormal,log,1,True,0.36094123125076294,0.9760465025901794,0.9570180177688599,0.3336409330368042,0.9858994483947754
426,ddpg_lognormal,lognormal,log,2,True,0.3149229884147644,0.2224808782339096,1.0102368593215942,0.0568026602268219,0.999498724937439
427,ddpg_lognormal,lognormal,log,0,True,0.3241681456565857,0.5397083759307861,0.9780583381652832,0.17544013261795044,0.9915433526039124
427,ddpg_lognormal,lognormal,log,1,True,0.36092135310173035,0.976044237613678,0.9571459293365479,0.3335157036781311,0.9864230155944824
427,ddpg_lognormal,lognormal,log,2,True,0.3149104714393616,0.22258226573467255,1.0101044178009033,0.05676363781094551,0.9998281002044678
428,ddpg_lognormal,lognormal,log,0,True,0.3241485357284546,0.5397568941116333,0.9781990051269531,0.1752530187368393,0.991845965385437
428,ddpg_lognormal,lognormal,log,1,True,0.3609246611595154,0.9761747121810913,0.9573213458061218,0.33336907625198364,0.9868645668029785
428,ddpg_lognormal,lognormal,log,2,True,0.31492680311203003,0.2226145714521408,1.0101377964019775,0.05655544623732567,1.0000543594360352
429,ddpg_lognormal,lognormal,log,0,True,0.32411620020866394,0.5398475527763367,0.9782923460006714,0.17516878247261047,0.9919495582580566
429,ddpg_lognormal,lognormal,log,1,True,0.3609640896320343,0.9763408899307251,0.957471489906311,0.3333391547203064,0.987089991569519
429,ddpg_lognormal,lognormal,log,2,True,0.3149196207523346,0.22268211841583252,1.0101443529129028,0.05642833560705185,1.0001184940338135
430,ddpg_lognormal,lognormal,log,0,True,0.3241312503814697,0.5398647785186768,0.9783258438110352,0.1750139743089676,0.9921033382415771
430,ddpg_lognormal,lognormal,log,1,True,0.36093538999557495,0.9763254523277283,0.9574633240699768,0.3331226706504822,0.9872830510139465
430,ddpg_lognormal,lognormal,log,2,True,0.31493330001831055,0.22269056737422943,1.010215401649475,0.05629557743668556,1.0002528429031372
431,ddpg_lognormal,lognormal,log,0,True,0.3240898549556732,0.5400356650352478,0.9784522652626038,0.17489765584468842,0.9922146201133728
431,ddpg_lognormal,lognormal,log,1,True,0.36099332571029663,0.9765236377716064,0.9575337767601013,0.3329731225967407,0.9873435497283936
431,ddpg_lognormal,lognormal,log,2,True,0.31491684913635254,0.2227819710969925,1.0103843212127686,0.056164491921663284,1.0004221200942993
432,ddpg_lognormal,lognormal,log,0,True,0.32401004433631897,0.5402576923370361,0.9787415862083435,0.17476321756839752,0.9922783374786377
432,ddpg_lognormal,lognormal,log,1,True,0.3610849976539612,0.9768496155738831,0.9576946496963501,0.33279654383659363,0.987385094165802
432,ddpg_lognormal,lognormal,log,2,True,0.31490498781204224,0.2228458970785141,1.0107274055480957,0.056027602404356,1.0005437135696411
433,ddpg_lognormal,lognormal,log,0,True,0.32393959164619446,0.5405593514442444,0.9788640141487122,0.17452400922775269,0.9923879504203796
433,ddpg_lognormal,lognormal,log,1,True,0.361185759305954,0.9771644473075867,0.9576966762542725,0.3325856029987335,0.9874938130378723
433,ddpg_lognormal,lognormal,log,2,True,0.31487464904785156,0.22301790118217468,1.010959506034851,0.05574829876422882,1.0006787776947021
434,ddpg_lognormal,lognormal,log,0,True,0.3238963186740875,0.5408123731613159,0.9788839817047119,0.17427875101566315,0.9925083518028259
434,ddpg_lognormal,lognormal,log,1,True,0.36125195026397705,0.9773385524749756,0.9574777483940125,0.3323598802089691,0.9876108765602112
434,ddpg_lognormal,lognormal,log,2,True,0.3148517310619354,0.22316458821296692,1.0111544132232666,0.055464278906583786,1.000826120376587
435,ddpg_lognormal,lognormal,log,0,True,0.3238575756549835,0.54097580909729,0.9789822101593018,0.17387348413467407,0.9926192760467529
435,ddpg_lognormal,lognormal,log,1,True,0.3612699508666992,0.9775069952011108,0.9574046730995178,0.33200788497924805,0.9877849817276001
435,ddpg_lognormal,lognormal,log,2,True,0.3148724436759949,0.22321943938732147,1.0113584995269775,0.05502213165163994,1.0009011030197144
436,ddpg_lognormal,lognormal,log,0,True,0.3237822353839874,0.5412976741790771,0.9791215062141418,0.17344842851161957,0.9928432106971741
436,ddpg_lognormal,lognormal,log,1,True,0.36135709285736084,0.9778393507003784,0.9573348164558411,0.33166882395744324,0.9880475997924805
436,ddpg_lognormal,lognormal,log,2,True,0.31486082077026367,0.22339600324630737,1.0116087198257446,0.054551009088754654,1.0010722875595093
437,ddpg_lognormal,lognormal,log,0,True,0.32366588711738586,0.5416271686553955,0.9793285131454468,0.17309273779392242,0.9931920766830444
437,ddpg_lognormal,lognormal,log,1,True,0.3614767789840698,0.9782193303108215,0.9572135806083679,0.33150285482406616,0.9883937239646912
437,ddpg_lognormal,lognormal,log,2,True,0.3148573637008667,0.2235153615474701,1.0119662284851074,0.0540856309235096,1.0013563632965088
438,ddpg_lognormal,lognormal,log,0,True,0.3235255479812622,0.541958212852478,0.9796668887138367,0.17290695011615753,0.9935688972473145
438,ddpg_lognormal,lognormal,log,1,True,0.3616282343864441,0.9786555767059326,0.9571893811225891,0.33146020770072937,0.9887651801109314
438,ddpg_lognormal,lognormal,log,2,True,0.31484630703926086,0.223596453666687,1.0124439001083374,0.053793542087078094,1.0016705989837646
439,ddpg_lognormal,lognormal,log,0,True,0.32338109612464905,0.5421996712684631,0.9801117777824402,0.17274366319179535,0.9937769770622253
439,ddpg_lognormal,lognormal,log,1,True,0.3617575764656067,0.9790863990783691,0.9572829604148865,0.33141767978668213,0.9889695048332214
439,ddpg_lognormal,lognormal,log,2,True,0.31486132740974426,0.2235705703496933,1.012972116470337,0.05354012921452522,1.0018649101257324
440,ddpg_lognormal,lognormal,log,0,True,0.3232571482658386,0.5422804951667786,0.9805448651313782,0.17262142896652222,0.9941162467002869
440,ddpg_lognormal,lognormal,log,1,True,0.36182960867881775,0.979387640953064,0.9574525356292725,0.33145105838775635,0.9892799854278564
440,ddpg_lognormal,lognormal,log,2,True,0.314913272857666,0.22341784834861755,1.0134507417678833,0.05329710617661476,1.0021713972091675
441,ddpg_lognormal,lognormal,log,0,True,0.32314255833625793,0.5423810482025146,0.9809083938598633,0.17230133712291718,0.9943336248397827
441,ddpg_lognormal,lognormal,log,1,True,0.3618814945220947,0.97969651222229,0.9576008915901184,0.331328421831131,0.9895298480987549
441,ddpg_lognormal,lognormal,log,2,True,0.31497591733932495,0.22329480946063995,1.013858437538147,0.05283935368061066,1.0023137331008911
442,ddpg_lognormal,lognormal,log,0,True,0.3230088949203491,0.5424466729164124,0.9814203977584839,0.17197918891906738,0.9945098161697388
442,ddpg_lognormal,lognormal,log,1,True,0.36192870140075684,0.9800365567207336,0.9578193426132202,0.3311643898487091,0.9896714091300964
442,ddpg_lognormal,lognormal,log,2,True,0.31506243348121643,0.22307612001895905,1.0144195556640625,0.05239289999008179,1.0024551153182983
443,ddpg_lognormal,lognormal,log,0,True,0.3229126036167145,0.542340874671936,0.9819160103797913,0.17160332202911377,0.9946500658988953
443,ddpg_lognormal,lognormal,log,1,True,0.36189690232276917,0.9802436232566833,0.9581428170204163,0.33093491196632385,0.9896674156188965
443,ddpg_lognormal,lognormal,log,2,True,0.31519046425819397,0.22274860739707947,1.0148624181747437,0.05190176144242287,1.0026073455810547
444,ddpg_lognormal,lognormal,log,0,True,0.32287168502807617,0.5421780347824097,0.9822309613227844,0.1712171733379364,0.9947391152381897
444,ddpg_lognormal,lognormal,log,1,True,0.36181676387786865,0.9802817106246948,0.9582793116569519,0.3306598961353302,0.9896401762962341
444,ddpg_lognormal,lognormal,log,2,True,0.31531161069869995,0.22245463728904724,1.0151327848434448,0.05146658420562744,1.0026696920394897
445,ddpg_lognormal,lognormal,log,0,True,0.32285675406455994,0.5419901609420776,0.9825243949890137,0.17066434025764465,0.994848370552063
445,ddpg_lognormal,lognormal,log,1,True,0.3616967797279358,0.9803061485290527,0.9584842920303345,0.3302119970321655,0.9896910190582275
445,ddpg_lognormal,lognormal,log,2,True,0.3154464662075043,0.22218793630599976,1.0152716636657715,0.050895556807518005,1.0027660131454468
446,ddpg_lognormal,lognormal,log,0,True,0.3228319585323334,0.5418208837509155,0.9828888177871704,0.17006392776966095,0.9950599670410156
446,ddpg_lognormal,lognormal,log,1,True,0.36157745122909546,0.9803504943847656,0.9586590528488159,0.32970893383026123,0.9899011850357056
446,ddpg_lognormal,lognormal,log,2,True,0.31559062004089355,0.22189538180828094,1.0155550241470337,0.050307705998420715,1.0029265880584717
447,ddpg_lognormal,lognormal,log,0,True,0.3227631151676178,0.541779637336731,0.9832286238670349,0.16964085400104523,0.995258629322052
447,ddpg_lognormal,lognormal,log,1,True,0.3615465760231018,0.9804976582527161,0.9586813449859619,0.3294600248336792,0.9901001453399658
447,ddpg_lognormal,lognormal,log,2,True,0.3156903088092804,0.22167599201202393,1.0159275531768799,0.0498664416372776,1.003063440322876
448,ddpg_lognormal,lognormal,log,0,True,0.32269999384880066,0.5418530702590942,0.9834907054901123,0.16936476528644562,0.9955455660820007
448,ddpg_lognormal,lognormal,log,1,True,0.36157020926475525,0.9807031154632568,0.95871901512146,0.32930752635002136,0.9903888702392578
448,ddpg_lognormal,lognormal,log,2,True,0.3157297670841217,0.22163985669612885,1.0161188840866089,0.04956217110157013,1.0032950639724731
449,ddpg_lognormal,lognormal,log,0,True,0.3226661682128906,0.5420116186141968,0.9836261868476868,0.16922175884246826,0.9956900477409363
449,ddpg_lognormal,lognormal,log,1,True,0.36162012815475464,0.9808791875839233,0.9586653709411621,0.3291682004928589,0.9906166195869446
449,ddpg_lognormal,lognormal,log,2,True,0.31571364402770996,0.22173872590065002,1.0162643194198608,0.04947498440742493,1.0033501386642456
450,ddpg_lognormal,lognormal,log,0,True,0.3226166069507599,0.5421225428581238,0.9838722348213196,0.16904105246067047,0.9959574937820435
450,ddpg_lognormal,lognormal,log,1,True,0.36165815591812134,0.9810839891433716,0.9587236642837524,0.3290261924266815,0.9909713864326477
450,ddpg_lognormal,lognormal,log,2,True,0.3157252073287964,0.2217613309621811,1.016469120979309,0.049321576952934265,1.0034971237182617
451,ddpg_lognormal,lognormal,log,0,True,0.322579950094223,0.5423083305358887,0.9839529395103455,0.1689615100622177,0.9962719082832336
451,ddpg_lognormal,lognormal,log,1,True,0.3617256283760071,0.981255829334259,0.9586443901062012,0.3289766311645508,0.9913527369499207
451,ddpg_lognormal,lognormal,log,2,True,0.3156944215297699,0.2219069004058838,1.0165417194366455,0.04923085495829582,1.0037320852279663
452,ddpg_lognormal,lognormal,log,0,True,0.3225110173225403,0.5424540638923645,0.984098494052887,0.16909146308898926,0.9965547919273376
452,ddpg_lognormal,lognormal,log,1,True,0.36182546615600586,0.981455385684967,0.9586206674575806,0.3291884958744049,0.9916849136352539
452,ddpg_lognormal,lognormal,log,2,True,0.31566357612609863,0.22196657955646515,1.016697645187378,0.049314167350530624,1.003936529159546
453,ddpg_lognormal,lognormal,log,0,True,0.32244691252708435,0.5426259636878967,0.9842251539230347,0.16920211911201477,0.9966322183609009
453,ddpg_lognormal,lognormal,log,1,True,0.3619315028190613,0.9816782474517822,0.9586045145988464,0.3293563425540924,0.9918166399002075
453,ddpg_lognormal,lognormal,log,2,True,0.315621554851532,0.22206400334835052,1.0168224573135376,0.04941363260149956,1.0039359331130981
454,ddpg_lognormal,lognormal,log,0,True,0.3223826289176941,0.5427977442741394,0.9844363331794739,0.1691211462020874,0.9967603087425232
454,ddpg_lognormal,lognormal,log,1,True,0.3620132803916931,0.9819550514221191,0.9586939811706543,0.32933157682418823,0.9920324683189392
454,ddpg_lognormal,lognormal,log,2,True,0.31560400128364563,0.22214104235172272,1.0170217752456665,0.04936843737959862,1.0039687156677246
455,ddpg_lognormal,lognormal,log,0,True,0.3223150968551636,0.5428712964057922,0.9846691489219666,0.16919827461242676,0.9967328310012817
455,ddpg_lognormal,lognormal,log,1,True,0.3620842695236206,0.982159435749054,0.9587973952293396,0.3294542729854584,0.992097795009613
455,ddpg_lognormal,lognormal,log,2,True,0.3156006336212158,0.2221006453037262,1.0172559022903442,0.049451183527708054,1.0038903951644897
456,ddpg_lognormal,lognormal,log,0,True,0.32220718264579773,0.543120801448822,0.9849578738212585,0.16936272382736206,0.9967069029808044
456,ddpg_lognormal,lognormal,log,1,True,0.36224365234375,0.9825485348701477,0.9589452743530273,0.32963594794273376,0.9921103715896606
456,ddpg_lognormal,lognormal,log,2,True,0.31554922461509705,0.2221871316432953,1.017579197883606,0.04960990324616432,1.0038731098175049
457,ddpg_lognormal,lognormal,log,0,True,0.32210057973861694,0.5435136556625366,0.9851267337799072,0.16948650777339935,0.9966313242912292
457,ddpg_lognormal,lognormal,log,1,True,0.36244094371795654,0.9829696416854858,0.9589442014694214,0.329762727022171,0.9921697974205017
457,ddpg_lognormal,lognormal,log,2,True,0.3154585063457489,0.22241373360157013,1.0179109573364258,0.04972578212618828,1.0037076473236084
458,ddpg_lognormal,lognormal,log,0,True,0.32200315594673157,0.5438904762268066,0.9852369427680969,0.1698113977909088,0.9965869188308716
458,ddpg_lognormal,lognormal,log,1,True,0.3626566529273987,0.9833624362945557,0.9589881896972656,0.33008629083633423,0.992284893989563
458,ddpg_lognormal,lognormal,log,2,True,0.3153402507305145,0.2226802408695221,1.0181211233139038,0.0500391386449337,1.0035675764083862
459,ddpg_lognormal,lognormal,log,0,True,0.321851909160614,0.5443553924560547,0.9854510426521301,0.17004139721393585,0.9965542554855347
459,ddpg_lognormal,lognormal,log,1,True,0.3629176616668701,0.98388671875,0.9589717388153076,0.33042317628860474,0.9924512505531311
459,ddpg_lognormal,lognormal,log,2,True,0.31523051857948303,0.22293666005134583,1.018493413925171,0.05018957331776619,1.0033886432647705
460,ddpg_lognormal,lognormal,log,0,True,0.3217175304889679,0.5448500514030457,0.9855049848556519,0.17014555633068085,0.9965201020240784
460,ddpg_lognormal,lognormal,log,1,True,0.36316436529159546,0.9843485951423645,0.9587737321853638,0.3306836783885956,0.9926027059555054
460,ddpg_lognormal,lognormal,log,2,True,0.31511810421943665,0.2232501357793808,1.018766164779663,0.050187528133392334,1.0032062530517578
461,ddpg_lognormal,lognormal,log,0,True,0.3215525448322296,0.5454723834991455,0.9855160713195801,0.17032699286937714,0.996563196182251
461,ddpg_lognormal,lognormal,log,1,True,0.3634777069091797,0.9849023818969727,0.9585003852844238,0.33105143904685974,0.992683470249176
461,ddpg_lognormal,lognormal,log,2,True,0.31496965885162354,0.22365927696228027,1.0190709829330444,0.050208792090415955,1.003153681755066
462,ddpg_lognormal,lognormal,log,0,True,0.3214302062988281,0.546104371547699,0.9853655695915222,0.17046460509300232,0.996630072593689
462,ddpg_lognormal,lognormal,log,1,True,0.36376649141311646,0.9853617548942566,0.958088755607605,0.3313334286212921,0.9927948117256165
462,ddpg_lognormal,lognormal,log,2,True,0.31480318307876587,0.22415629029273987,1.0192201137542725,0.050230011343955994,1.003096580505371
463,ddpg_lognormal,lognormal,log,0,True,0.32133370637893677,0.5467789769172668,0.9851427674293518,0.17059274017810822,0.9965909123420715
463,ddpg_lognormal,lognormal,log,1,True,0.36405837535858154,0.9858284592628479,0.9576826095581055,0.3315586447715759,0.9928967356681824
463,ddpg_lognormal,lognormal,log,2,True,0.31460779905319214,0.2247599959373474,1.0192506313323975,0.05033089965581894,1.0028356313705444
464,ddpg_lognormal,lognormal,log,0,True,0.3212903141975403,0.5472808480262756,0.9847977161407471,0.17080745100975037,0.9964547157287598
464,ddpg_lognormal,lognormal,log,1,True,0.36427390575408936,0.9860535860061646,0.9572213888168335,0.33182162046432495,0.9929367899894714
464,ddpg_lognormal,lognormal,log,2,True,0.31443583965301514,0.22525320947170258,1.0192080736160278,0.05053136497735977,1.0025484561920166
465,ddpg_lognormal,lognormal,log,0,True,0.32121819257736206,0.5477370023727417,0.9846714735031128,0.1709309220314026,0.9963881373405457
465,ddpg_lognormal,lognormal,log,1,True,0.3644770681858063,0.9863638877868652,0.9569264650344849,0.33200594782829285,0.9930166602134705
465,ddpg_lognormal,lognormal,log,2,True,0.3143046498298645,0.2256317138671875,1.01932692527771,0.05064504221081734,1.0023319721221924
466,ddpg_lognormal,lognormal,log,0,True,0.3212001621723175,0.548111617565155,0.984361469745636,0.1709657907485962,0.9963362216949463
466,ddpg_lognormal,lognormal,log,1,True,0.364614874124527,0.9865142107009888,0.9566081166267395,0.33209365606307983,0.9931003451347351
466,ddpg_lognormal,lognormal,log,2,True,0.3141850531101227,0.22602026164531708,1.0192404985427856,0.05065804347395897,1.002157211303711
467,ddpg_lognormal,lognormal,log,0,True,0.3211909234523773,0.5485144257545471,0.9840158820152283,0.17079848051071167,0.9961745142936707
467,ddpg_lognormal,lognormal,log,1,True,0.36473551392555237,0.9867045879364014,0.9563227891921997,0.3320058286190033,0.9931113719940186
467,ddpg_lognormal,lognormal,log,2,True,0.3140735626220703,0.22644966840744019,1.0191010236740112,0.05049906298518181,1.0018848180770874
468,ddpg_lognormal,lognormal,log,0,True,0.32116612792015076,0.5489676594734192,0.9837542772293091,0.17067119479179382,0.9958592653274536
468,ddpg_lognormal,lognormal,log,1,True,0.36488473415374756,0.9869776964187622,0.9560905694961548,0.33189135789871216,0.992946982383728
468,ddpg_lognormal,lognormal,log,2,True,0.3139491081237793,0.22689878940582275,1.0190306901931763,0.050401512533426285,1.0015147924423218
469,ddpg_lognormal,lognormal,log,0,True,0.32112830877304077,0.5495606064796448,0.9833964705467224,0.17057324945926666,0.9955661296844482
469,ddpg_lognormal,lognormal,log,1,True,0.36509329080581665,0.9873407483100891,0.955804705619812,0.33184850215911865,0.9929016828536987
469,ddpg_lognormal,lognormal,log,2,True,0.3137784004211426,0.22749978303909302,1.0188944339752197,0.0503075085580349,1.001119613647461
470,ddpg_lognormal,lognormal,log,0,True,0.32113486528396606,0.5500391721725464,0.9829881191253662,0.17051108181476593,0.9953197836875916
470,ddpg_lognormal,lognormal,log,1,True,0.3652383089065552,0.9874966740608215,0.9553540945053101,0.33174020051956177,0.9928529858589172
470,ddpg_lognormal,lognormal,log,2,True,0.31362685561180115,0.22802017629146576,1.0187684297561646,0.0503060407936573,1.0007548332214355
471,ddpg_lognormal,lognormal,log,0,True,0.32111161947250366,0.5505961775779724,0.9825575947761536,0.170283243060112,0.9950137138366699
471,ddpg_lognormal,lognormal,log,1,True,0.3654073476791382,0.987756073474884,0.9548820853233337,0.33159542083740234,0.9928575158119202
471,ddpg_lognormal,lognormal,log,2,True,0.31348103284835815,0.2285693883895874,1.018680214881897,0.05006905645132065,1.00033700466156
472,ddpg_lognormal,lognormal,log,0,True,0.3210853040218353,0.551234245300293,0.9820842742919922,0.17012536525726318,0.994868278503418
472,ddpg_lognormal,lognormal,log,1,True,0.36561524868011475,0.9880731701850891,0.9544299244880676,0.3315201699733734,0.9929813146591187
472,ddpg_lognormal,lognormal,log,2,True,0.3132993280887604,0.22923295199871063,1.01851224899292,0.04989967867732048,1.0000853538513184
473,ddpg_lognormal,lognormal,log,0,True,0.3210791051387787,0.5517112016677856,0.9816724061965942,0.16980105638504028,0.994808554649353
473,ddpg_lognormal,lognormal,log,1,True,0.3657348155975342,0.9882615804672241,0.9540057182312012,0.331294983625412,0.9932109117507935
473,ddpg_lognormal,lognormal,log,2,True,0.3131861388683319,0.2297203093767166,1.0184165239334106,0.04956550523638725,0.9998750686645508
474,ddpg_lognormal,lognormal,log,0,True,0.3211148679256439,0.5519720911979675,0.9812701344490051,0.1694750189781189,0.9948421120643616
474,ddpg_lognormal,lognormal,log,1,True,0.36575937271118164,0.9882631897926331,0.9536885619163513,0.33101916313171387,0.9933652281761169
474,ddpg_lognormal,lognormal,log,2,True,0.3131257891654968,0.2300422191619873,1.0182470083236694,0.049219563603401184,0.9998415112495422
475,ddpg_lognormal,lognormal,log,0,True,0.32118916511535645,0.5521082282066345,0.9807724952697754,0.1690993309020996,0.9947888851165771
475,ddpg_lognormal,lognormal,log,1,True,0.3657161593437195,0.9880970120429993,0.9532957077026367,0.3306885063648224,0.9934329986572266
475,ddpg_lognormal,lognormal,log,2,True,0.3130946755409241,0.23028066754341125,1.0180015563964844,0.04882795736193657,0.9997437596321106
476,ddpg_lognormal,lognormal,log,0,True,0.3212311863899231,0.552415132522583,0.9803547859191895,0.1687137931585312,0.9946395754814148
476,ddpg_lognormal,lognormal,log,1,True,0.3657432794570923,0.9881244897842407,0.9529462456703186,0.3302983343601227,0.9933757185935974
476,ddpg_lognormal,lognormal,log,2,True,0.313025563955307,0.23063607513904572,1.0178933143615723,0.04848808795213699,0.9996146559715271
477,ddpg_lognormal,lognormal,log,0,True,0.3212488889694214,0.5528719425201416,0.9799810647964478,0.16823050379753113,0.9945212602615356
477,ddpg_lognormal,lognormal,log,1,True,0.36581680178642273,0.9882846474647522,0.95255446434021,0.3297928273677826,0.9933944344520569
477,ddpg_lognormal,lognormal,log,2,True,0.3129342198371887,0.23109003901481628,1.01790452003479,0.048077527433633804,0.9994814395904541
478,ddpg_lognormal,lognormal,log,0,True,0.32128334045410156,0.5532446503639221,0.9795188307762146,0.16784730553627014,0.9944989085197449
478,ddpg_lognormal,lognormal,log,1,True,0.3658653497695923,0.9883014559745789,0.952025830745697,0.32940933108329773,0.993463933467865
478,ddpg_lognormal,lognormal,log,2,True,0.3128513693809509,0.23148614168167114,1.0178557634353638,0.047717537730932236,0.999424934387207
479,ddpg_lognormal,lognormal,log,0,True,0.32129716873168945,0.5536087155342102,0.9791037440299988,0.1674639731645584,0.9945811033248901
479,ddpg_lognormal,lognormal,log,1,True,0.36592942476272583,0.9883978962898254,0.9516783356666565,0.3291192650794983,0.9936180114746094
479,ddpg_lognormal,lognormal,log,2,True,0.3127734959125519,0.23189318180084229,1.0176652669906616,0.04726649820804596,0.9994906187057495
480,ddpg_lognormal,lognormal,log,0,True,0.32130125164985657,0.5538192391395569,0.9787973761558533,0.16732697188854218,0.9946762919425964
480,ddpg_lognormal,lognormal,log,1,True,0.3659767508506775,0.9884080290794373,0.9514289498329163,0.3290645182132721,0.9937852621078491
480,ddpg_lognormal,lognormal,log,2,True,0.31272199749946594,0.23212265968322754,1.017557978630066,0.04701155051589012,0.999569296836853
481,ddpg_lognormal,lognormal,log,0,True,0.32131427526474,0.5539866089820862,0.9784340858459473,0.16728422045707703,0.99477618932724
481,ddpg_lognormal,lognormal,log,1,True,0.36601758003234863,0.9883274435997009,0.9510043859481812,0.32911577820777893,0.9939855337142944
481,ddpg_lognormal,lognormal,log,2,True,0.3126680552959442,0.23232896625995636,1.017397403717041,0.046838656067848206,0.9996556043624878
482,ddpg_lognormal,lognormal,log,0,True,0.3213188052177429,0.5542139410972595,0.978149950504303,0.16733410954475403,0.9947378039360046
482,ddpg_lognormal,lognormal,log,1,True,0.3660919666290283,0.9883395433425903,0.9507092237472534,0.3291419446468353,0.9939646124839783
482,ddpg_lognormal,lognormal,log,2,True,0.3125893175601959,0.2325841635465622,1.0172700881958008,0.04678886756300926,0.9997044205665588
483,ddpg_lognormal,lognormal,log,0,True,0.3213267922401428,0.5544862151145935,0.977834939956665,0.16749587655067444,0.9946298599243164
483,ddpg_lognormal,lognormal,log,1,True,0.36619630455970764,0.9883737564086914,0.9504044055938721,0.3292405307292938,0.9937921762466431
483,ddpg_lognormal,lognormal,log,2,True,0.31247684359550476,0.2329276204109192,1.0170131921768188,0.046879444271326065,0.9996553659439087
484,ddpg_lognormal,lognormal,log,0,True,0.3213539123535156,0.5546672344207764,0.9775720238685608,0.16754604876041412,0.9944764971733093
484,ddpg_lognormal,lognormal,log,1,True,0.3662400245666504,0.9882939457893372,0.9499843120574951,0.3291603922843933,0.9935491681098938
484,ddpg_lognormal,lognormal,log,2,True,0.312406063079834,0.2331540882587433,1.016853928565979,0.046895191073417664,0.9995468258857727
485,ddpg_lognormal,lognormal,log,0,True,0.3214099705219269,0.5548418164253235,0.9771811962127686,0.167557954788208,0.9944208264350891
485,ddpg_lognormal,lognormal,log,1,True,0.36626553535461426,0.9881515502929688,0.9495245218276978,0.3290659189224243,0.9934177398681641
485,ddpg_lognormal,lognormal,log,2,True,0.3123244345188141,0.2334504872560501,1.016508936882019,0.04687180742621422,0.9995103478431702
486,ddpg_lognormal,lognormal,log,0,True,0.3214210569858551,0.5549954771995544,0.9769781827926636,0.1675345003604889,0.9944797158241272
486,ddpg_lognormal,lognormal,log,1,True,0.3663029670715332,0.988103985786438,0.9491505026817322,0.32901284098625183,0.9934422373771667
486,ddpg_lognormal,lognormal,log,2,True,0.3122759759426117,0.2336372435092926,1.0163534879684448,0.0467851422727108,0.9995719790458679
487,ddpg_lognormal,lognormal,log,0,True,0.32140880823135376,0.5551570653915405,0.976929247379303,0.16750971972942352,0.9946411848068237
487,ddpg_lognormal,lognormal,log,1,True,0.3663545846939087,0.9881592988967896,0.9489431381225586,0.3289549648761749,0.993581235408783
487,ddpg_lognormal,lognormal,log,2,True,0.31223663687705994,0.2337912917137146,1.0163280963897705,0.04673021286725998,0.9997271299362183
488,ddpg_lognormal,lognormal,log,0,True,0.32140862941741943,0.5551813840866089,0.9769088625907898,0.16764713823795319,0.9947929382324219
488,ddpg_lognormal,lognormal,log,1,True,0.36638110876083374,0.9881429672241211,0.9488702416419983,0.32906776666641235,0.9936600923538208
488,ddpg_lognormal,lognormal,log,2,True,0.3122102618217468,0.2338632345199585,1.0161716938018799,0.04682273045182228,0.9999139904975891
489,ddpg_lognormal,lognormal,log,0,True,0.3213575482368469,0.5553401112556458,0.977020263671875,0.1677905023097992,0.9948606491088867
489,ddpg_lognormal,lognormal,log,1,True,0.36647510528564453,0.98830246925354,0.9488133192062378,0.3291819989681244,0.9936975240707397
489,ddpg_lognormal,lognormal,log,2,True,0.31216737627983093,0.23396652936935425,1.0162384510040283,0.04692992940545082,1.0000238418579102
490,ddpg_lognormal,lognormal,log,0,True,0.3213006556034088,0.5553424954414368,0.9772303700447083,0.16799715161323547,0.9948611259460449
490,ddpg_lognormal,lognormal,log,1,True,0.3665306270122528,0.9884083867073059,0.948904275894165,0.3294062316417694,0.9937286376953125
490,ddpg_lognormal,lognormal,log,2,True,0.3121686279773712,0.23389098048210144,1.0163735151290894,0.04707544296979904,1.0000498294830322
491,ddpg_lognormal,lognormal,log,0,True,0.321273535490036,0.555415153503418,0.9773810505867004,0.16810137033462524,0.9946990013122559
491,ddpg_lognormal,lognormal,log,1,True,0.3665807545185089,0.9885361194610596,0.948991060256958,0.32943466305732727,0.9936976432800293
491,ddpg_lognormal,lognormal,log,2,True,0.31214573979377747,0.2339300662279129,1.0164437294006348,0.04721049591898918,0.999881386756897
492,ddpg_lognormal,lognormal,log,0,True,0.3212563693523407,0.555575430393219,0.977472722530365,0.1680011749267578,0.9946326017379761
492,ddpg_lognormal,lognormal,log,1,True,0.36662808060646057,0.9887043833732605,0.9490389227867126,0.32926109433174133,0.9937690496444702
492,ddpg_lognormal,lognormal,log,2,True,0.31211555004119873,0.23407186567783356,1.016469955444336,0.047154832631349564,0.9997774362564087
493,ddpg_lognormal,lognormal,log,0,True,0.3212452232837677,0.55575031042099,0.9773849844932556,0.1679263859987259,0.9946252107620239
493,ddpg_lognormal,lognormal,log,1,True,0.3666832745075226,0.9888104796409607,0.9489212036132812,0.3291943073272705,0.9937899708747864
493,ddpg_lognormal,lognormal,log,2,True,0.3120715618133545,0.23425132036209106,1.016391396522522,0.047070033848285675,0.9997673630714417
494,ddpg_lognormal,lognormal,log,0,True,0.3212139904499054,0.5559179186820984,0.9774457812309265,0.16779199242591858,0.9946937561035156
494,ddpg_lognormal,lognormal,log,1,True,0.3667398691177368,0.9890103936195374,0.9489670395851135,0.32908228039741516,0.9939157962799072
494,ddpg_lognormal,lognormal,log,2,True,0.3120461106300354,0.23438948392868042,1.0164070129394531,0.04694691300392151,0.9998297691345215
495,ddpg_lognormal,lognormal,log,0,True,0.3211684226989746,0.5561405420303345,0.9775032997131348,0.1674921214580536,0.994873583316803
495,ddpg_lognormal,lognormal,log,1,True,0.36680108308792114,0.9892728328704834,0.9490323662757874,0.32887426018714905,0.9941601753234863
495,ddpg_lognormal,lognormal,log,2,True,0.3120306134223938,0.23455306887626648,1.0164616107940674,0.04662039875984192,0.999958336353302
496,ddpg_lognormal,lognormal,log,0,True,0.32115837931632996,0.5563703179359436,0.9774752855300903,0.1670539528131485,0.9951005578041077
496,ddpg_lognormal,lognormal,log,1,True,0.3668239116668701,0.9894719123840332,0.94907146692276,0.3284522593021393,0.9942710399627686
496,ddpg_lognormal,lognormal,log,2,True,0.31201767921447754,0.23475822806358337,1.0164834260940552,0.046194691210985184,1.0001745223999023
497,ddpg_lognormal,lognormal,log,0,True,0.3211532533168793,0.5566616058349609,0.9774119853973389,0.16671733558177948,0.9951677918434143
497,ddpg_lognormal,lognormal,log,1,True,0.36687445640563965,0.9896913766860962,0.9491066336631775,0.32803842425346375,0.9941385388374329
497,ddpg_lognormal,lognormal,log,2,True,0.3119722604751587,0.23503074049949646,1.0165156126022339,0.04589330032467842,1.0003230571746826
498,ddpg_lognormal,lognormal,log,0,True,0.32114461064338684,0.5568104982376099,0.9774764776229858,0.16654306650161743,0.9952629804611206
498,ddpg_lognormal,lognormal,log,1,True,0.36689990758895874,0.9898532032966614,0.9492770433425903,0.3277713656425476,0.994036078453064
498,ddpg_lognormal,lognormal,log,2,True,0.3119555711746216,0.23514655232429504,1.0166407823562622,0.045763056725263596,1.000463604927063
499,ddpg_lognormal,lognormal,log,0,True,0.32111746072769165,0.5568515658378601,0.9776884317398071,0.1664140373468399,0.9952874183654785
499,ddpg_lognormal,lognormal,log,1,True,0.36690181493759155,0.9899910688400269,0.94953453540802,0.3275492787361145,0.9938521385192871
499,ddpg_lognormal,lognormal,log,2,True,0.3119807541370392,0.23509128391742706,1.0169233083724976,0.045655250549316406,1.0005804300308228
500,ddpg_lognormal,lognormal,log,0,True,0.3210999369621277,0.5568490028381348,0.9778226017951965,0.16630685329437256,0.9954890012741089
500,ddpg_lognormal,lognormal,log,1,True,0.3668869733810425,0.9900387525558472,0.9496773481369019,0.32738974690437317,0.9937608242034912
500,ddpg_lognormal,lognormal,log,2,True,0.31201303005218506,0.23501361906528473,1.0171387195587158,0.04552141949534416,1.000887393951416
