iteration,model,algorithm,design_distribution,active_components,mean_reward_chf,std_reward_chf,mean_cost_chf,mean_pv_capacity_kwp,mean_battery_capacity_kwh,mode_pv_capacity_kwp,mode_battery_capacity_kwh,max_power_balance_error_kw,validation_mean_reward_chf,validation_mean_cost_chf,validation_max_power_balance_error_kw,design_loss,design_entropy,design_entropy_weight,actor_loss,critic_loss
1,ddpg_lognormal,ddpg,lognormal,3,-108.60566393620772,20.43290317403903,108.60566393620772,4.163536071777344,2.601134777069092,0.427879273891449,0.40124499797821045,4.884981308350689e-15,-103.91512772754508,103.91512772754508,8.881784197001252e-16,-478.8287353515625,4.247448444366455,0.01,5.65614539613696,0.3657222764478539
2,ddpg_lognormal,ddpg,lognormal,3,-102.91804496944316,10.047461114251051,102.91804496944316,3.107306957244873,1.82881760597229,0.4278385639190674,0.4011989235877991,8.881784197001252e-16,-103.41539403346432,103.41539403346432,8.881784197001252e-16,-377.218505859375,3.6102190017700195,0.00996,13.335200238795508,1.2439130790187933
3,ddpg_lognormal,ddpg,lognormal,3,-102.75540432164563,8.657085800148616,102.75540432164563,3.545797348022461,1.69232177734375,0.42736929655075073,0.40183958411216736,2.220446049250313e-15,-104.37472302334191,104.37472302334191,4.440892098500626e-16,-371.84637451171875,3.618662118911743,0.00992,17.485404368667375,2.16183755110528
4,ddpg_lognormal,ddpg,lognormal,3,-102.85940317588822,7.9546931426481935,102.85940317588822,2.6945691108703613,1.2795394659042358,0.4273487627506256,0.4025081992149353,8.881784197001252e-16,-103.49875483094675,103.49875483094675,1.3322676295501878e-15,-328.48858642578125,3.2360174655914307,0.00988,20.194231207172074,2.7815701826142942
5,ddpg_lognormal,ddpg,lognormal,3,-101.48716415214191,9.292107937984943,101.48716415214191,2.4671759605407715,1.886900782585144,0.42700275778770447,0.40326952934265137,4.440892098500626e-16,-108.63928023154915,108.63928023154915,2.220446049250313e-15,-345.77484130859375,3.4424617290496826,0.00984,22.390013955533504,3.2868946021522527
6,ddpg_lognormal,ddpg,lognormal,3,-101.55054193313998,7.619454435630776,101.55054193313998,2.027899742126465,1.9585850238800049,0.426708847284317,0.40373027324676514,4.440892098500626e-16,-103.53431642187735,103.53431642187735,4.440892098500626e-16,-334.8210754394531,3.3536221981048584,0.0098,23.458222166768145,3.6233390530271987
7,ddpg_lognormal,ddpg,lognormal,3,-106.09745022066377,8.152096173658325,106.09745022066377,1.882257342338562,1.6261836290359497,0.42652276158332825,0.4041614532470703,8.881784197001252e-16,-103.73509581373344,103.73509581373344,6.661338147750939e-16,-315.6189270019531,3.0029850006103516,0.00976,24.426697633450942,3.7696588897379115
8,ddpg_lognormal,ddpg,lognormal,3,-102.70257628312768,8.672976825939182,102.70257628312768,3.8009471893310547,1.5880391597747803,0.42656153440475464,0.4047222137451172,1.5543122344752192e-15,-102.88163000222067,102.88163000222067,1.7763568394002505e-15,-387.09356689453125,3.76965069770813,0.00972,24.91927451392015,3.97304253495254
9,ddpg_lognormal,ddpg,lognormal,3,-105.747072123941,10.656085796846355,105.747072123941,3.268893241882324,1.993292212486267,0.4266686737537384,0.40535101294517517,1.7763568394002505e-15,-101.7929491269033,101.7929491269033,1.1102230246251565e-15,-398.8229064941406,3.7554938793182373,0.00968,25.430647212479794,4.024743569072425
10,ddpg_lognormal,ddpg,lognormal,3,-102.19878896784745,8.824951229766974,102.19878896784745,2.631293296813965,2.211988925933838,0.42692115902900696,0.40567922592163086,2.220446049250313e-15,-103.32300658297245,103.32300658297245,8.881784197001252e-16,-370.049560546875,3.5980472564697266,0.00964,25.8345299984018,4.1839368551514955
11,ddpg_lognormal,ddpg,lognormal,3,-106.02199697487382,9.641004811225482,106.02199697487382,2.7747578620910645,1.7669336795806885,0.4273199439048767,0.40596646070480347,8.881784197001252e-16,-101.26758382771933,101.26758382771933,8.881784197001252e-16,-361.51953125,3.441760540008545,0.0096,26.164375983533404,4.34862902906302
12,ddpg_lognormal,ddpg,lognormal,3,-101.7928543535167,10.987680277840242,101.7928543535167,2.2184839248657227,3.428128719329834,0.427598774433136,0.4062082767486572,8.881784197001252e-16,-103.21338564536393,103.21338564536393,8.881784197001252e-16,-386.7973327636719,3.749382972717285,0.009559999999999999,25.977951757255056,4.3149083234658026
13,ddpg_lognormal,ddpg,lognormal,3,-101.72226598060809,12.360383721727931,101.72226598060809,3.69435977935791,2.0295777320861816,0.42786505818367004,0.4062838852405548,2.220446049250313e-15,-102.0562692265301,102.0562692265301,6.661338147750939e-16,-394.3957824707031,3.8113396167755127,0.009519999999999999,25.81805305608681,4.269285713655076
14,ddpg_lognormal,ddpg,lognormal,3,-99.97841280595011,9.800279863413277,99.97841280595011,2.428809642791748,1.545804500579834,0.42825883626937866,0.40655380487442017,8.881784197001252e-16,-105.34541576667425,105.34541576667425,8.881784197001252e-16,-326.1396484375,3.2784502506256104,0.00948,25.2903591884034,4.188454010268851
15,ddpg_lognormal,ddpg,lognormal,3,-100.36675260804572,9.418421956268443,100.36675260804572,2.0337061882019043,1.5680261850357056,0.4286431074142456,0.4068831205368042,8.881784197001252e-16,-102.53663924920014,102.53663924920014,6.661338147750939e-16,-316.62811279296875,3.1813173294067383,0.00944,25.177455842494965,4.111746111197308
16,ddpg_lognormal,ddpg,lognormal,3,-107.65914459392246,19.44223120938815,107.65914459392246,4.694518089294434,2.3578875064849854,0.4290126860141754,0.4071199297904968,2.6645352591003757e-15,-103.71952910997976,103.71952910997976,8.881784197001252e-16,-473.9243469238281,4.112431049346924,0.0094,25.057996437663125,4.071649358679895
17,ddpg_lognormal,ddpg,lognormal,3,-102.83357214099006,8.425293576285647,102.83357214099006,2.0420265197753906,1.65305495262146,0.42914971709251404,0.4072970747947693,8.881784197001252e-16,-102.2378183368248,102.2378183368248,4.440892098500626e-16,-318.170654296875,3.1515955924987793,0.00936,24.902752562292985,4.057691696781798
18,ddpg_lognormal,ddpg,lognormal,3,-100.37692479212302,7.697978382873585,100.37692479212302,2.6571905612945557,2.0197863578796387,0.4292958080768585,0.407512366771698,8.881784197001252e-16,-102.87425322197086,102.87425322197086,8.881784197001252e-16,-362.80517578125,3.6212894916534424,0.00932,24.649217787597863,4.060423563223421
19,ddpg_lognormal,ddpg,lognormal,3,-99.46724089907572,8.77450635428885,99.46724089907572,2.464883804321289,1.824501872062683,0.4292103350162506,0.4078250229358673,8.881784197001252e-16,-104.87614954002126,104.87614954002126,8.881784197001252e-16,-338.8720397949219,3.3805036544799805,0.00928,24.900722001634893,4.036008326913275
20,ddpg_lognormal,ddpg,lognormal,3,-101.63602590628554,8.402078334940237,101.63602590628554,3.3562817573547363,1.5187113285064697,0.42925846576690674,0.4079749584197998,8.881784197001252e-16,-100.54754259501294,100.54754259501294,4.440892098500626e-16,-364.75885009765625,3.601400375366211,0.00924,25.268785142827603,4.2752343636627
21,ddpg_lognormal,ddpg,lognormal,3,-102.56647420627138,8.341509365564095,102.56647420627138,2.5016212463378906,1.7757327556610107,0.4295555353164673,0.4080372154712677,8.881784197001252e-16,-102.83732116674963,102.83732116674963,8.881784197001252e-16,-343.6944885253906,3.3016068935394287,0.0092,25.539899382208077,4.321286975766443
22,ddpg_lognormal,ddpg,lognormal,3,-101.37915013113656,7.667114452959308,101.37915013113656,3.8546481132507324,1.8367042541503906,0.4297793507575989,0.40825560688972473,8.881784197001252e-16,-100.76657677321005,100.76657677321005,1.3322676295501878e-15,-389.1012268066406,3.8289740085601807,0.00916,25.84802973554248,4.298155526126115
23,ddpg_lognormal,ddpg,lognormal,3,-101.71718918748756,9.490148949006338,101.71718918748756,2.930420160293579,1.6352388858795166,0.4301757216453552,0.40857768058776855,1.7763568394002505e-15,-101.3133192909483,101.3133192909483,8.881784197001252e-16,-358.42529296875,3.5070135593414307,0.009120000000000001,26.10870405818735,4.384327913385018
24,ddpg_lognormal,ddpg,lognormal,3,-98.67042915343916,8.161347399257163,98.67042915343916,3.0612900257110596,1.7774635553359985,0.4304248094558716,0.40875497460365295,8.881784197001252e-16,-101.08167750976199,101.08167750976199,8.881784197001252e-16,-359.29736328125,3.6318883895874023,0.009080000000000001,26.1178653371476,4.364517070430641
25,ddpg_lognormal,ddpg,lognormal,3,-101.67483514704294,10.165985715291855,101.67483514704294,3.2962067127227783,2.1899900436401367,0.43058738112449646,0.40897995233535767,1.7763568394002505e-15,-100.06550682204147,100.06550682204147,4.440892098500626e-16,-387.2632141113281,3.749974250793457,0.009040000000000001,26.369392811187677,4.380132340609894
26,ddpg_lognormal,ddpg,lognormal,3,-97.83435888174934,9.494530570036138,97.83435888174934,2.9074132442474365,1.3537031412124634,0.4308095872402191,0.40910398960113525,8.881784197001252e-16,-101.31868393290073,101.31868393290073,4.440892098500626e-16,-319.2852478027344,3.3399388790130615,0.009000000000000001,26.465824354972156,4.399165490115549
27,ddpg_lognormal,ddpg,lognormal,3,-99.7089638331615,8.126502837097075,99.7089638331615,3.3130300045013428,1.5580005645751953,0.430966854095459,0.409214049577713,1.3322676295501878e-15,-100.26281231302966,100.26281231302966,8.881784197001252e-16,-348.5683288574219,3.5042612552642822,0.008960000000000001,25.923025168833277,4.348774300306104
28,ddpg_lognormal,ddpg,lognormal,3,-100.1899583097379,8.461565987587718,100.1899583097379,2.7380318641662598,2.371370553970337,0.4309743642807007,0.409290075302124,8.881784197001252e-16,-102.77614147816954,102.77614147816954,2.220446049250313e-15,-374.77276611328125,3.7829675674438477,0.00892,25.753374591114977,4.315110107445868
29,ddpg_lognormal,ddpg,lognormal,3,-101.94698019005949,11.522705986303244,101.94698019005949,2.4034385681152344,2.956958770751953,0.4309988021850586,0.4094458222389221,1.5543122344752192e-15,-100.72295622978228,100.72295622978228,8.881784197001252e-16,-397.1654052734375,3.8690919876098633,0.00888,25.379742725264457,4.11665519586365
30,ddpg_lognormal,ddpg,lognormal,3,-101.9469728666055,7.943013199917661,101.9469728666055,2.162782669067383,1.9918267726898193,0.4309457540512085,0.40954336524009705,8.881784197001252e-16,-107.50153310052494,107.50153310052494,2.220446049250313e-15,-349.58795166015625,3.4622716903686523,0.00884,25.39991719275713,4.116269243903281
31,ddpg_lognormal,ddpg,lognormal,3,-103.40039709108864,11.651351562127932,103.40039709108864,2.721566915512085,3.7474727630615234,0.43092769384384155,0.40965378284454346,1.3322676295501878e-15,-102.42650975421816,102.42650975421816,2.220446049250313e-15,-454.5572509765625,4.36661958694458,0.0088,24.820055779247056,4.232149157135392
32,ddpg_lognormal,ddpg,lognormal,3,-103.54671160700838,9.906113509676038,103.54671160700838,2.3855948448181152,1.6339082717895508,0.43111637234687805,0.4096378684043884,8.881784197001252e-16,-102.51490372476262,102.51490372476262,8.881784197001252e-16,-346.9789733886719,3.3194081783294678,0.00876,23.99225034032549,3.928858696178178
33,ddpg_lognormal,ddpg,lognormal,3,-101.79866199277336,7.832393743892371,101.79866199277336,2.5844030380249023,2.125732898712158,0.43113571405410767,0.4095636010169983,1.3322676295501878e-15,-102.14801255021403,102.14801255021403,2.4424906541753444e-15,-370.7060546875,3.6450116634368896,0.00872,24.478529010145436,3.928734104553725
34,ddpg_lognormal,ddpg,lognormal,3,-100.07981410975123,8.24845389472676,100.07981410975123,2.4384026527404785,1.661287546157837,0.43116992712020874,0.40954238176345825,8.881784197001252e-16,-101.17560559901345,101.17560559901345,8.881784197001252e-16,-328.2940368652344,3.307947874069214,0.00868,24.886380145947136,4.074630942395223
35,ddpg_lognormal,ddpg,lognormal,3,-102.09751150018974,12.488756619998034,102.09751150018974,2.2465713024139404,2.4175209999084473,0.43105560541152954,0.4095333218574524,1.1102230246251565e-15,-100.89939599450955,100.89939599450955,1.7763568394002505e-15,-367.3690490722656,3.4861021041870117,0.00864,25.356878812114395,4.045530983230233
36,ddpg_lognormal,ddpg,lognormal,3,-97.07715547098249,8.309441455419384,97.07715547098249,2.062011241912842,1.663055181503296,0.4310367703437805,0.40940597653388977,8.881784197001252e-16,-99.74296074166958,99.74296074166958,8.881784197001252e-16,-317.6130065917969,3.280852794647217,0.0086,25.581952600961642,4.126297061398093
37,ddpg_lognormal,ddpg,lognormal,3,-101.49236332337779,10.660214012907279,101.49236332337779,3.1942977905273438,2.241955518722534,0.4312334954738617,0.40919268131256104,2.886579864025407e-15,-102.49234680650181,102.49234680650181,3.1086244689504383e-15,-386.4061584472656,3.741697311401367,0.00856,25.534074771617142,4.251823750136065
38,ddpg_lognormal,ddpg,lognormal,3,-101.82517969366918,7.106671547784214,101.82517969366918,1.81707763671875,1.7826635837554932,0.4313987195491791,0.4088890552520752,8.881784197001252e-16,-103.18946783162633,103.18946783162633,1.7763568394002505e-15,-312.2470397949219,3.09020733833313,0.00852,25.198182098922274,4.113192013880637
39,ddpg_lognormal,ddpg,lognormal,3,-101.91254246666824,13.538710251080841,101.91254246666824,4.40369987487793,2.0763115882873535,0.4316682815551758,0.40859878063201904,2.220446049250313e-15,-100.06125135565311,100.06125135565311,8.881784197001252e-16,-436.0982360839844,4.155384063720703,0.00848,25.060849223818096,4.031411087212508
40,ddpg_lognormal,ddpg,lognormal,3,-102.88332599187208,8.527757541019056,102.88332599187208,2.2263295650482178,2.3765501976013184,0.43187808990478516,0.40841394662857056,8.881784197001252e-16,-101.27900542672432,101.27900542672432,8.881784197001252e-16,-373.1064453125,3.652278184890747,0.00844,24.775594255044346,3.9508326571445824
41,ddpg_lognormal,ddpg,lognormal,3,-103.09779196767286,10.760855884480538,103.09779196767286,2.494987964630127,2.0866971015930176,0.4319939613342285,0.4081375300884247,8.881784197001252e-16,-104.17476388492972,104.17476388492972,1.5543122344752192e-15,-367.3704528808594,3.5480077266693115,0.0084,24.69860289139407,3.8681865100959496
42,ddpg_lognormal,ddpg,lognormal,3,-102.86725040292608,7.840401161105121,102.86725040292608,2.8509364128112793,1.90476655960083,0.431952565908432,0.40773943066596985,8.881784197001252e-16,-103.84612775801018,103.84612775801018,8.881784197001252e-16,-365.2268371582031,3.5531668663024902,0.00836,24.75883135909126,3.880171935578498
43,ddpg_lognormal,ddpg,lognormal,3,-108.13865485973812,20.361479636955906,108.13865485973812,3.213750123977661,3.676460027694702,0.4319307208061218,0.40748876333236694,1.7763568394002505e-15,-104.56575511581266,104.56575511581266,8.881784197001252e-16,-482.89508056640625,4.210808753967285,0.00832,24.53193265767325,3.9523934022512375
44,ddpg_lognormal,ddpg,lognormal,3,-104.54724393419485,9.412647514367116,104.54724393419485,2.5898711681365967,2.089600086212158,0.4319847524166107,0.4072367250919342,8.881784197001252e-16,-100.83386062459914,100.83386062459914,1.3322676295501878e-15,-376.3941650390625,3.5895333290100098,0.008280000000000001,24.41807638392562,3.8025132766315
45,ddpg_lognormal,ddpg,lognormal,3,-105.32170972494491,8.985492614018842,105.32170972494491,2.611422538757324,2.3640894889831543,0.43194255232810974,0.4071396589279175,8.881784197001252e-16,-102.05374672371775,102.05374672371775,1.1102230246251565e-15,-387.0958251953125,3.6512207984924316,0.00824,24.492312196819555,3.725276812062865
46,ddpg_lognormal,ddpg,lognormal,3,-102.02313826312408,10.418985771038912,102.02313826312408,3.1590094566345215,2.473295211791992,0.4319128692150116,0.4069252908229828,1.3322676295501878e-15,-103.82364936570559,103.82364936570559,1.3322676295501878e-15,-401.783447265625,3.960566282272339,0.0082,24.92329328436227,3.8989393180679706
47,ddpg_lognormal,ddpg,lognormal,3,-99.92842351153426,7.713306564716049,99.92842351153426,3.458007574081421,1.6739141941070557,0.43174493312835693,0.40672141313552856,8.881784197001252e-16,-100.33859366746921,100.33859366746921,8.881784197001252e-16,-372.5627746582031,3.772151470184326,0.00816,24.894831109259812,3.8788632216552896
48,ddpg_lognormal,ddpg,lognormal,3,-102.23370666084654,7.135276128814404,102.23370666084654,2.858607292175293,1.8311052322387695,0.43156638741493225,0.4066232442855835,2.220446049250313e-15,-104.11936858164101,104.11936858164101,1.7763568394002505e-15,-362.166015625,3.535923480987549,0.00812,24.436002832438266,3.8942239875849776
49,ddpg_lognormal,ddpg,lognormal,3,-102.73962030178495,10.989553612304793,102.73962030178495,2.4399466514587402,2.254876136779785,0.4314558506011963,0.4067060351371765,8.881784197001252e-16,-100.60977026769632,100.60977026769632,1.5543122344752192e-15,-372.0406188964844,3.5771803855895996,0.00808,24.07651529709498,3.7710856727568345
50,ddpg_lognormal,ddpg,lognormal,3,-100.86137629452568,11.610428990821509,100.86137629452568,3.5251684188842773,1.7106469869613647,0.4313161075115204,0.4068823456764221,1.3322676295501878e-15,-101.66504847831565,101.66504847831565,8.881784197001252e-16,-370.4515380859375,3.6529316902160645,0.00804,23.7216476748387,3.7090466497909453
51,ddpg_lognormal,ddpg,lognormal,3,-98.79679269645251,8.229824204017579,98.79679269645251,2.983689546585083,1.3111069202423096,0.43102502822875977,0.40710827708244324,8.881784197001252e-16,-105.42301801396098,105.42301801396098,1.3322676295501878e-15,-323.8957824707031,3.2620906829833984,0.008,23.25334251423677,3.55180296963746
52,ddpg_lognormal,ddpg,lognormal,3,-106.15056263740794,11.712871809001962,106.15056263740794,2.4623405933380127,2.0426831245422363,0.43098580837249756,0.407221257686615,8.881784197001252e-16,-103.91171082303046,103.91171082303046,1.3322676295501878e-15,-381.9755859375,3.536538600921631,0.00796,23.099403744652157,3.5003382525007645
53,ddpg_lognormal,ddpg,lognormal,3,-102.07007681337372,8.0877715984347,102.07007681337372,2.8292036056518555,1.424727439880371,0.43083465099334717,0.4073030948638916,8.881784197001252e-16,-108.04093638328101,108.04093638328101,8.881784197001252e-16,-332.09576416015625,3.295187473297119,0.00792,23.02458606979677,3.6421182781092023
54,ddpg_lognormal,ddpg,lognormal,3,-102.58840995808083,7.882630142940472,102.58840995808083,2.284449577331543,1.254593849182129,0.43083077669143677,0.4073556661605835,8.881784197001252e-16,-103.3092735907471,103.3092735907471,1.3322676295501878e-15,-316.418701171875,3.1295270919799805,0.00788,22.786514817249206,3.548148378397205
55,ddpg_lognormal,ddpg,lognormal,3,-102.33218514276184,9.074006091160726,102.33218514276184,2.5818088054656982,2.110793352127075,0.4309263527393341,0.407419353723526,8.881784197001252e-16,-102.82209624095819,102.82209624095819,8.881784197001252e-16,-378.91766357421875,3.700169801712036,0.00784,22.675672604569364,3.5078810811031698
56,ddpg_lognormal,ddpg,lognormal,3,-104.76979324825697,10.439728377987345,104.76979324825697,2.887291431427002,1.9232431650161743,0.43080586194992065,0.4075475335121155,8.881784197001252e-16,-99.16193378345162,99.16193378345162,6.661338147750939e-16,-381.0174560546875,3.604743719100952,0.0078000000000000005,22.912852115219547,3.5283382891267094
57,ddpg_lognormal,ddpg,lognormal,3,-102.22673446742397,8.394555611428338,102.22673446742397,2.425734043121338,2.079665184020996,0.4306369423866272,0.40773117542266846,1.7763568394002505e-15,-100.26918702387745,100.26918702387745,1.7763568394002505e-15,-344.03570556640625,3.336829423904419,0.00776,22.964605284943467,3.5917484779021747
58,ddpg_lognormal,ddpg,lognormal,3,-106.95054130678537,26.945271259737254,106.95054130678537,4.441036701202393,1.8090438842773438,0.4305557906627655,0.4079389274120331,2.220446049250313e-15,-105.79592405612033,105.79592405612033,1.3322676295501878e-15,-462.5909729003906,3.9859836101531982,0.00772,23.403961796845707,3.709287884550923
59,ddpg_lognormal,ddpg,lognormal,3,-103.4761248998372,9.189579531186356,103.4761248998372,4.688793659210205,1.7825489044189453,0.43047669529914856,0.40811678767204285,1.7763568394002505e-15,-103.304824462585,103.304824462585,8.881784197001252e-16,-419.699951171875,3.975095272064209,0.00768,23.394781132539116,3.7711685240113484
60,ddpg_lognormal,ddpg,lognormal,3,-102.67787416264142,10.802204693690003,102.67787416264142,2.901419162750244,1.7952975034713745,0.43026843667030334,0.4083612859249115,8.881784197001252e-16,-102.00384304476744,102.00384304476744,8.881784197001252e-16,-363.1365661621094,3.487335681915283,0.00764,22.86326705983707,3.788528218543867
61,ddpg_lognormal,ddpg,lognormal,3,-103.35592684598345,10.975385701958086,103.35592684598345,3.0052595138549805,2.601607322692871,0.4299990236759186,0.4087095856666565,1.3322676295501878e-15,-99.88289333261964,99.88289333261964,8.881784197001252e-16,-395.46807861328125,3.8005852699279785,0.0076,21.885172455793338,3.76001672459478
62,ddpg_lognormal,ddpg,lognormal,3,-103.73675477626612,8.00935155915055,103.73675477626612,2.713850975036621,1.7785522937774658,0.4295511543750763,0.40904873609542847,2.6645352591003757e-15,-103.45135156714503,103.45135156714503,1.5543122344752192e-15,-349.19989013671875,3.310483694076538,0.00756,20.453254110046792,3.8240124863971556
63,ddpg_lognormal,ddpg,lognormal,3,-106.74630369736047,14.706351100113206,106.74630369736047,3.7956466674804688,1.9266403913497925,0.42918017506599426,0.4094950258731842,3.552713678800501e-15,-111.31141231620956,111.31141231620956,1.3322676295501878e-15,-410.0232849121094,3.7237117290496826,0.00752,10.880071822867086,10.720989003965986
64,ddpg_lognormal,ddpg,lognormal,3,-110.90485168745357,18.181451456803245,110.90485168745357,2.245821475982666,2.1725754737854004,0.4287174940109253,0.40985825657844543,1.3322676295501878e-15,-107.60117638240942,107.60117638240942,2.220446049250313e-15,-380.59686279296875,3.357450485229492,0.0074800000000000005,-4.9074608023940876,5.538276711478829
65,ddpg_lognormal,ddpg,lognormal,3,-106.08755101413846,7.49482645104075,106.08755101413846,2.7389650344848633,2.152991533279419,0.42824047803878784,0.41036456823349,1.1102230246251565e-15,-112.45704036901874,112.45704036901874,8.881784197001252e-16,-391.2854309082031,3.6808371543884277,0.00744,-2.6696611668878525,1.8493776353563938
66,ddpg_lognormal,ddpg,lognormal,3,-104.79503271692303,7.974652946044728,104.79503271692303,2.6248459815979004,2.3932175636291504,0.4277868866920471,0.4106820821762085,1.3322676295501878e-15,-104.64521961916279,104.64521961916279,8.881784197001252e-16,-396.7520446777344,3.806459426879883,0.0074,6.533147689453991,0.988469355445843
67,ddpg_lognormal,ddpg,lognormal,3,-106.50083476022445,15.55041899666874,106.50083476022445,3.686513900756836,1.6308799982070923,0.4275323152542114,0.41101694107055664,4.884981308350689e-15,-106.60396139409013,106.60396139409013,1.7763568394002505e-15,-401.9429626464844,3.68353533744812,0.00736,14.53856494366413,1.6284615218007406
68,ddpg_lognormal,ddpg,lognormal,3,-109.54567427727548,18.362794689282655,109.54567427727548,4.628697395324707,1.9843571186065674,0.4273759126663208,0.4112928807735443,4.440892098500626e-15,-103.52471457587177,103.52471457587177,8.881784197001252e-16,-453.56915283203125,3.9156641960144043,0.00732,20.349411281091825,2.6381283457546187
69,ddpg_lognormal,ddpg,lognormal,3,-104.70258754615573,9.633039182631672,104.70258754615573,3.3697798252105713,1.9395813941955566,0.4272403120994568,0.41138917207717896,8.881784197001252e-16,-101.71611591135701,101.71611591135701,8.881784197001252e-16,-381.35595703125,3.7025036811828613,0.00728,24.0145880629619,3.600240684591145
70,ddpg_lognormal,ddpg,lognormal,3,-104.37101048101019,8.55689128221165,104.37101048101019,2.1034836769104004,1.7614684104919434,0.4271329939365387,0.4116007089614868,8.881784197001252e-16,-104.92915797636596,104.92915797636596,8.881784197001252e-16,-344.74102783203125,3.324413299560547,0.00724,26.362391827361925,4.203404901094647
71,ddpg_lognormal,ddpg,lognormal,3,-103.19622041909443,9.122747330075287,103.19622041909443,2.4243597984313965,1.8469159603118896,0.4272426962852478,0.4116552174091339,2.6645352591003757e-15,-101.14498736652855,101.14498736652855,1.5543122344752192e-15,-348.40777587890625,3.35295033454895,0.0072,27.65999075060799,4.749487882945687
72,ddpg_lognormal,ddpg,lognormal,3,-100.70992865066762,10.83147411339033,100.70992865066762,2.289072275161743,2.640080451965332,0.4272211492061615,0.4118119180202484,8.881784197001252e-16,-102.21356434912667,102.21356434912667,8.881784197001252e-16,-363.5048522949219,3.498629570007324,0.00716,28.34113883333547,4.851960972744218
73,ddpg_lognormal,ddpg,lognormal,3,-103.44884310324778,16.02939093860098,103.44884310324778,3.4440090656280518,1.6295753717422485,0.4272025525569916,0.41192156076431274,4.440892098500626e-15,-110.56452626145703,110.56452626145703,3.552713678800501e-15,-375.817626953125,3.5014476776123047,0.00712,28.542046952105704,5.075225876999044
74,ddpg_lognormal,ddpg,lognormal,3,-102.97257517308739,10.894576931570535,102.97257517308739,3.05727219581604,2.0616672039031982,0.42741796374320984,0.4120601415634155,1.3322676295501878e-15,-100.19074323281059,100.19074323281059,8.881784197001252e-16,-385.8807067871094,3.753181219100952,0.0070799999999999995,28.68313126514355,5.066414817873876
75,ddpg_lognormal,ddpg,lognormal,3,-102.73575419929709,10.185093674613672,102.73575419929709,2.1877260208129883,1.6018791198730469,0.42777785658836365,0.4122604727745056,8.881784197001252e-16,-107.9151777985906,107.9151777985906,1.7763568394002505e-15,-325.6239318847656,3.168485164642334,0.007039999999999999,28.676420564098017,5.109346679361936
76,ddpg_lognormal,ddpg,lognormal,3,-102.01547270367723,9.546289458874137,102.01547270367723,2.9132027626037598,1.820577621459961,0.42812785506248474,0.41245901584625244,1.1102230246251565e-15,-103.28965715752317,103.28965715752317,1.1102230246251565e-15,-369.4160461425781,3.6121881008148193,0.006999999999999999,29.008398903622513,5.155652768632752
77,ddpg_lognormal,ddpg,lognormal,3,-101.12951390189987,9.461758057605508,101.12951390189987,2.484250068664551,2.552295684814453,0.42832180857658386,0.4126909375190735,1.3322676295501878e-15,-108.53279212155229,108.53279212155229,2.220446049250313e-15,-370.655029296875,3.655435562133789,0.00696,29.076335169374943,5.091133850299576
78,ddpg_lognormal,ddpg,lognormal,3,-101.06650042940315,11.525860095450016,101.06650042940315,2.8708815574645996,1.3784563541412354,0.4284265637397766,0.4127613306045532,1.7763568394002505e-15,-101.77052992517406,101.77052992517406,8.881784197001252e-16,-325.18060302734375,3.2279505729675293,0.00692,29.037197569651262,5.119377027592799
79,ddpg_lognormal,ddpg,lognormal,3,-98.95603020598831,5.948969941142222,98.95603020598831,3.546970844268799,1.6424498558044434,0.4284653663635254,0.4126766324043274,1.1102230246251565e-15,-104.14348551331022,104.14348551331022,1.7763568394002505e-15,-359.18475341796875,3.6307787895202637,0.00688,28.992831085764227,5.1596104757017685
80,ddpg_lognormal,ddpg,lognormal,3,-100.46499432186833,7.4177999205230725,100.46499432186833,2.5396976470947266,1.5474116802215576,0.4284822642803192,0.4126133620738983,8.881784197001252e-16,-104.62697301059167,104.62697301059167,2.220446049250313e-15,-327.95550537109375,3.3125686645507812,0.00684,28.901982505051862,5.156724545677813
81,ddpg_lognormal,ddpg,lognormal,3,-104.43696118539144,9.55683133740707,104.43696118539144,2.7344515323638916,2.3270034790039062,0.4284476339817047,0.41268062591552734,1.3322676295501878e-15,-98.21620584238312,98.21620584238312,8.881784197001252e-16,-380.5240783691406,3.615345001220703,0.0068,28.74361556449107,5.011940505937673
82,ddpg_lognormal,ddpg,lognormal,3,-101.45592596080246,10.246557298681044,101.45592596080246,2.3808422088623047,2.0070748329162598,0.4285111427307129,0.4125814735889435,8.881784197001252e-16,-99.93279571766061,99.93279571766061,1.3322676295501878e-15,-349.85540771484375,3.472947597503662,0.0067599999999999995,28.566585690137885,5.063604114028359
83,ddpg_lognormal,ddpg,lognormal,3,-102.16004241349891,16.16724381457604,102.16004241349891,4.361820697784424,1.7159245014190674,0.42850738763809204,0.41249769926071167,3.552713678800501e-15,-100.72810373954837,100.72810373954837,1.1102230246251565e-15,-413.578857421875,3.9049923419952393,0.006719999999999999,28.548130405091108,5.020707960401307
84,ddpg_lognormal,ddpg,lognormal,3,-102.96593637117053,7.66549347602796,102.96593637117053,2.325875997543335,2.181833505630493,0.42840948700904846,0.41235506534576416,1.3322676295501878e-15,-104.5016327376882,104.5016327376882,1.7763568394002505e-15,-353.5650329589844,3.4276022911071777,0.006679999999999999,28.591812007838772,5.149820286237324
85,ddpg_lognormal,ddpg,lognormal,3,-100.50289752619676,8.310621076740613,100.50289752619676,2.7311224937438965,2.6713857650756836,0.42832422256469727,0.4121226668357849,1.1102230246251565e-15,-106.11999919161907,106.11999919161907,2.220446049250313e-15,-395.5156555175781,3.9163570404052734,0.006639999999999999,28.44838070550135,5.169389605610853
86,ddpg_lognormal,ddpg,lognormal,3,-100.37944916379168,8.460184303731983,100.37944916379168,3.139950752258301,2.5765442848205566,0.42809557914733887,0.41186174750328064,8.881784197001252e-16,-102.77421333849256,102.77421333849256,8.881784197001252e-16,-400.7112121582031,3.9986000061035156,0.006599999999999999,28.24956817357313,4.954063788449968
87,ddpg_lognormal,ddpg,lognormal,3,-105.12056768137396,11.87898707911321,105.12056768137396,2.9643959999084473,2.81325626373291,0.42780801653862,0.411635160446167,2.4424906541753444e-15,-100.85347437165626,100.85347437165626,1.7763568394002505e-15,-415.51824951171875,3.8208248615264893,0.006560000000000001,28.246279378377256,4.9214477125566365
88,ddpg_lognormal,ddpg,lognormal,3,-99.65075798394287,9.035371738295764,99.65075798394287,3.114225149154663,1.7777042388916016,0.42738771438598633,0.4116159677505493,2.220446049250313e-15,-100.47152672524211,100.47152672524211,8.881784197001252e-16,-366.13214111328125,3.6822431087493896,0.006520000000000001,28.458901109085197,4.968775934351253
89,ddpg_lognormal,ddpg,lognormal,3,-99.85950903854079,8.26608676411666,99.85950903854079,2.297056198120117,2.1789398193359375,0.42688891291618347,0.41151654720306396,1.7763568394002505e-15,-100.40963368506098,100.40963368506098,8.881784197001252e-16,-355.12017822265625,3.5887207984924316,0.0064800000000000005,28.5639608502388,5.040702456004164
90,ddpg_lognormal,ddpg,lognormal,3,-99.03752056074359,11.044085646154425,99.03752056074359,2.8767542839050293,2.493800401687622,0.42661553621292114,0.4113313555717468,1.3322676295501878e-15,-97.6570611314782,97.6570611314782,8.881784197001252e-16,-392.0147705078125,3.93577241897583,0.00644,28.41392209238949,4.997341385754268
91,ddpg_lognormal,ddpg,lognormal,3,-99.38607125419918,9.863049960714891,99.38607125419918,3.4771580696105957,2.864945888519287,0.42645004391670227,0.41128212213516235,8.881784197001252e-16,-99.98580821253688,99.98580821253688,1.1102230246251565e-15,-448.5311584472656,4.476841926574707,0.0064,28.31432881951332,4.852124936806614
92,ddpg_lognormal,ddpg,lognormal,3,-100.12211080192473,9.280541222071104,100.12211080192473,2.705230712890625,2.037346839904785,0.42626291513442993,0.41110333800315857,1.7763568394002505e-15,-102.58941640514846,102.58941640514846,8.881784197001252e-16,-352.58905029296875,3.571155071258545,0.00636,27.86235180213338,4.877690877050294
93,ddpg_lognormal,ddpg,lognormal,3,-103.81849279737952,9.71866023415388,103.81849279737952,1.9751214981079102,1.8681142330169678,0.42619502544403076,0.4110490083694458,8.881784197001252e-16,-101.6241365857426,101.6241365857426,8.881784197001252e-16,-338.83917236328125,3.2742831707000732,0.00632,27.715669924659387,4.716124210700703
94,ddpg_lognormal,ddpg,lognormal,3,-98.56381986915302,7.963295063861719,98.56381986915302,2.513852119445801,1.9347877502441406,0.4260488450527191,0.4108585715293884,8.881784197001252e-16,-99.89460741683865,99.89460741683865,8.881784197001252e-16,-344.3752136230469,3.5060014724731445,0.00628,27.865002668329645,4.7620102458500435
95,ddpg_lognormal,ddpg,lognormal,3,-103.14744455348364,10.537907232955051,103.14744455348364,3.606661081314087,1.8884761333465576,0.42593783140182495,0.4107600450515747,2.220446049250313e-15,-101.8833984960066,101.8833984960066,1.3322676295501878e-15,-379.1015930175781,3.628706693649292,0.00624,27.908567058543362,4.798157015687876
96,ddpg_lognormal,ddpg,lognormal,3,-103.44187556191646,13.237596939268421,103.44187556191646,3.383636474609375,2.9034910202026367,0.4260028898715973,0.41067591309547424,1.7763568394002505e-15,-101.60172190993129,101.60172190993129,8.881784197001252e-16,-455.8614807128906,4.294794082641602,0.0062,27.932123021355697,4.82902342365456
97,ddpg_lognormal,ddpg,lognormal,3,-100.52731069158418,7.668406617854373,100.52731069158418,2.544745683670044,1.8763015270233154,0.42620348930358887,0.4104146957397461,1.5543122344752192e-15,-103.07852053294789,103.07852053294789,8.881784197001252e-16,-347.7127380371094,3.4929769039154053,0.00616,27.696447300414242,4.694537178452482
98,ddpg_lognormal,ddpg,lognormal,3,-105.65679242106147,28.53082043105888,105.65679242106147,2.5253350734710693,3.673809051513672,0.42641377449035645,0.4102140963077545,6.217248937900877e-15,-99.06224558327554,99.06224558327554,8.881784197001252e-16,-472.8534240722656,3.933579921722412,0.0061200000000000004,27.595769828274136,4.751214664701061
99,ddpg_lognormal,ddpg,lognormal,3,-100.20745629343011,10.254707013531744,100.20745629343011,3.6691031455993652,1.603916883468628,0.42670726776123047,0.4100612998008728,2.220446049250313e-15,-105.19994669139547,105.19994669139547,8.881784197001252e-16,-371.2411804199219,3.686889171600342,0.00608,27.399872624093575,4.7139907520087
100,ddpg_lognormal,ddpg,lognormal,3,-102.68273044840464,8.75046346749119,102.68273044840464,2.4631500244140625,3.5394840240478516,0.4269123673439026,0.40993887186050415,8.881784197001252e-16,-98.60222842446896,98.60222842446896,8.881784197001252e-16,-436.43646240234375,4.172773838043213,0.00604,27.17128721518176,4.718101117238846
101,ddpg_lognormal,ddpg,lognormal,3,-103.00985674401934,17.03001486707035,103.00985674401934,4.586455345153809,1.5933560132980347,0.4271147847175598,0.4097837805747986,3.9968028886505635e-15,-100.81097192647096,100.81097192647096,1.3322676295501878e-15,-403.3399963378906,3.7299580574035645,0.006,26.950442601527484,4.579334473398159
102,ddpg_lognormal,ddpg,lognormal,3,-100.83478358326369,8.01785482240719,100.83478358326369,2.417018413543701,2.122542381286621,0.42719584703445435,0.4098149240016937,8.881784197001252e-16,-105.49768549415487,105.49768549415487,2.220446049250313e-15,-354.50946044921875,3.523634910583496,0.00596,26.43461041507267,4.463382037500629
103,ddpg_lognormal,ddpg,lognormal,3,-100.31811416660037,10.380622412217942,100.31811416660037,3.41751766204834,2.3038201332092285,0.42739051580429077,0.4098193347454071,8.881784197001252e-16,-99.94908508529062,99.94908508529062,8.881784197001252e-16,-406.7304382324219,4.060484409332275,0.005920000000000001,25.82177939656235,4.282450503525546
104,ddpg_lognormal,ddpg,lognormal,3,-99.58449524372683,7.891796486181774,99.58449524372683,3.2270348072052,2.168482780456543,0.4275585412979126,0.40980544686317444,8.881784197001252e-16,-104.09533016414996,104.09533016414996,1.7763568394002505e-15,-394.3612060546875,3.9548697471618652,0.005880000000000001,25.30774529491152,4.1050016307105714
105,ddpg_lognormal,ddpg,lognormal,3,-101.32193571763098,10.569839358820273,101.32193571763098,3.1241438388824463,1.8743042945861816,0.42768150568008423,0.4100247323513031,8.881784197001252e-16,-100.20228646409853,100.20228646409853,6.661338147750939e-16,-372.9924011230469,3.6758909225463867,0.005840000000000001,25.12593916945514,4.068973779894545
106,ddpg_lognormal,ddpg,lognormal,3,-106.8230655395815,10.33380376471934,106.8230655395815,2.0662999153137207,3.4743154048919678,0.4278612732887268,0.4102286696434021,1.3322676295501878e-15,-101.91441440349257,101.91441440349257,8.881784197001252e-16,-407.79931640625,3.6645684242248535,0.0058000000000000005,24.91097270058734,4.0599046528527865
107,ddpg_lognormal,ddpg,lognormal,3,-105.32366723274191,20.056113628202628,105.32366723274191,3.8283963203430176,2.363581895828247,0.4281913638114929,0.4104015827178955,1.7763568394002505e-15,-102.24087955485174,102.24087955485174,8.881784197001252e-16,-439.83514404296875,4.039111614227295,0.00576,24.62983731819051,4.106140735099048
108,ddpg_lognormal,ddpg,lognormal,3,-106.69297645399128,15.443796841669862,106.69297645399128,4.046081066131592,1.747266411781311,0.4284823536872864,0.4104410409927368,4.884981308350689e-15,-98.43916563587278,98.43916563587278,1.3322676295501878e-15,-403.1111145019531,3.602794647216797,0.005720000000000001,24.4318059888624,4.063922968122088
109,ddpg_lognormal,ddpg,lognormal,3,-101.58393708364979,12.277106298596896,101.58393708364979,3.6238560676574707,2.3788652420043945,0.42863163352012634,0.4104840159416199,1.3322676295501878e-15,-103.28373191257495,103.28373191257495,1.1102230246251565e-15,-424.6454162597656,4.079444885253906,0.005680000000000001,24.652042699711664,3.977469345593515
110,ddpg_lognormal,ddpg,lognormal,3,-108.12774721441438,17.80524793171703,108.12774721441438,4.659681797027588,2.6056621074676514,0.428769052028656,0.41048914194107056,1.7763568394002505e-15,-104.17044915565168,104.17044915565168,1.3322676295501878e-15,-479.3356018066406,4.17988920211792,0.005640000000000001,25.058493617744674,4.011299331739012
111,ddpg_lognormal,ddpg,lognormal,3,-100.79151482453364,8.213153230652049,100.79151482453364,2.1175649166107178,2.0430471897125244,0.42893654108047485,0.4103424847126007,8.881784197001252e-16,-102.8940814065475,102.8940814065475,1.1102230246251565e-15,-334.70721435546875,3.3510730266571045,0.005600000000000001,25.32942188744034,4.219664374116942
112,ddpg_lognormal,ddpg,lognormal,3,-101.66319235128469,8.428990224364112,101.66319235128469,2.9789228439331055,2.859555244445801,0.4291975498199463,0.4101520776748657,8.881784197001252e-16,-108.18405893510442,108.18405893510442,6.661338147750939e-15,-418.6693115234375,4.117218971252441,0.005560000000000001,25.258589719377817,4.146339889920672
113,ddpg_lognormal,ddpg,lognormal,3,-103.52483106414243,8.789146107112428,103.52483106414243,2.3699324131011963,1.432586669921875,0.4295162260532379,0.40996384620666504,1.1102230246251565e-15,-105.80199605017484,105.80199605017484,8.881784197001252e-16,-317.6581115722656,3.1240522861480713,0.005520000000000001,25.4648175374383,4.230505733850546
114,ddpg_lognormal,ddpg,lognormal,3,-103.60544358607416,9.805385133206654,103.60544358607416,3.112018585205078,1.8821241855621338,0.4299406409263611,0.4098092317581177,8.881784197001252e-16,-105.62336019538299,105.62336019538299,2.886579864025407e-15,-387.27325439453125,3.719618797302246,0.0054800000000000005,25.85627670018446,4.280055568320677
115,ddpg_lognormal,ddpg,lognormal,3,-100.17367974299964,8.088889067403377,100.17367974299964,3.2266881465911865,1.4835195541381836,0.4301924705505371,0.4095700681209564,8.881784197001252e-16,-103.17397185672458,103.17397185672458,1.3322676295501878e-15,-349.90484619140625,3.5319361686706543,0.00544,26.19412890431427,4.345641810718614
116,ddpg_lognormal,ddpg,lognormal,3,-101.73000076536988,7.017356816824584,101.73000076536988,2.9642887115478516,2.6940762996673584,0.43037253618240356,0.40930411219596863,1.1102230246251565e-15,-105.15625048938823,105.15625048938823,1.7763568394002505e-15,-406.30328369140625,4.035661220550537,0.0054,26.353957511129835,4.261268818252054
117,ddpg_lognormal,ddpg,lognormal,3,-100.79937274708301,7.801071307654921,100.79937274708301,2.9597058296203613,1.8163833618164062,0.43079033493995667,0.4090648591518402,1.1102230246251565e-15,-101.5750032766096,101.5750032766096,8.881784197001252e-16,-361.025390625,3.62941312789917,0.00536,26.463002484823974,4.386864058102392
118,ddpg_lognormal,ddpg,lognormal,3,-103.59756818635394,14.019988561138808,103.59756818635394,2.9001359939575195,1.8597710132598877,0.4312022924423218,0.40862542390823364,1.7763568394002505e-15,-100.52085273465258,100.52085273465258,8.881784197001252e-16,-367.844482421875,3.4174907207489014,0.00532,26.066559812497523,4.306873260082544
119,ddpg_lognormal,ddpg,lognormal,3,-104.1884668475178,21.75702707102986,104.1884668475178,2.8162426948547363,2.257795572280884,0.43157243728637695,0.40837332606315613,3.1086244689504383e-15,-107.9459459030563,107.9459459030563,1.1102230246251565e-15,-398.4331359863281,3.5611824989318848,0.00528,25.996586889738126,4.2157526440153426
120,ddpg_lognormal,ddpg,lognormal,3,-101.97370183618642,9.510234462298987,101.97370183618642,3.2775468826293945,1.3452506065368652,0.4320695996284485,0.4080263376235962,1.7763568394002505e-15,-99.6959192998894,99.6959192998894,8.881784197001252e-16,-345.3010559082031,3.4204463958740234,0.005240000000000001,25.95847223841009,4.1610969638263455
121,ddpg_lognormal,ddpg,lognormal,3,-102.97955974482547,11.323839441882765,102.97955974482547,2.511770248413086,2.368091583251953,0.4325718283653259,0.4077753722667694,8.881784197001252e-16,-101.63165145748596,101.63165145748596,8.881784197001252e-16,-373.681396484375,3.633568048477173,0.005200000000000001,25.973721621646767,4.2246608242248405
122,ddpg_lognormal,ddpg,lognormal,3,-102.1565090984806,8.682707664841889,102.1565090984806,2.8101141452789307,1.955944299697876,0.4330817461013794,0.4073823094367981,1.5543122344752192e-15,-100.9612213006663,100.9612213006663,8.881784197001252e-16,-362.0013122558594,3.57572078704834,0.0051600000000000005,26.09463616886309,4.185021396111032
123,ddpg_lognormal,ddpg,lognormal,3,-98.36560577380759,10.161673624427177,98.36560577380759,2.4710922241210938,1.4212692975997925,0.4334423840045929,0.4068898856639862,8.881784197001252e-16,-100.34057271857802,100.34057271857802,2.886579864025407e-15,-299.2880859375,3.110847234725952,0.00512,25.98538464165869,4.21567713821839
124,ddpg_lognormal,ddpg,lognormal,3,-102.15752006623521,10.113840799588314,102.15752006623521,4.253143310546875,2.508906364440918,0.4337197542190552,0.40647631883621216,2.4424906541753444e-15,-99.93109210061293,99.93109210061293,8.881784197001252e-16,-450.30621337890625,4.3845648765563965,0.00508,25.68207960469382,4.209023026843733
125,ddpg_lognormal,ddpg,lognormal,3,-100.04416558436294,9.9837864512966,100.04416558436294,3.4106171131134033,1.5402690172195435,0.43403372168540955,0.4060581922531128,8.881784197001252e-16,-105.56791273218747,105.56791273218747,8.881784197001252e-16,-362.15985107421875,3.6800460815429688,0.00504,25.254105457237788,4.068775476533032
126,ddpg_lognormal,ddpg,lognormal,3,-100.74509416142439,8.854935809270243,100.74509416142439,2.5721726417541504,1.5028138160705566,0.43426358699798584,0.40555670857429504,8.881784197001252e-16,-104.90358880897622,104.90358880897622,1.7763568394002505e-15,-311.93023681640625,3.0686659812927246,0.005,24.940461892812024,4.0313240210858305
127,ddpg_lognormal,ddpg,lognormal,3,-101.20157694665647,8.937632977217492,101.20157694665647,3.10089111328125,1.9724178314208984,0.43452224135398865,0.40498754382133484,8.881784197001252e-16,-101.95462531606074,101.95462531606074,8.881784197001252e-16,-378.7709655761719,3.7622804641723633,0.00496,24.682329813639324,4.074570128716351
128,ddpg_lognormal,ddpg,lognormal,3,-104.04545049714301,12.56071857654833,104.04545049714301,2.4039077758789062,2.2759816646575928,0.43497395515441895,0.4044528305530548,1.7763568394002505e-15,-104.92290157478514,104.92290157478514,1.3322676295501878e-15,-377.2416076660156,3.6011343002319336,0.00492,24.27710149366231,3.8363043820330254
129,ddpg_lognormal,ddpg,lognormal,3,-101.72314901101461,10.017721245441084,101.72314901101461,2.882561206817627,1.2280086278915405,0.4352640211582184,0.40387213230133057,1.3322676295501878e-15,-102.9881842367404,102.9881842367404,2.220446049250313e-15,-311.733154296875,3.0894927978515625,0.00488,24.336985037795138,3.7621239025057074
130,ddpg_lognormal,ddpg,lognormal,3,-105.4675635185182,10.765335990609923,105.4675635185182,3.014906406402588,1.8963284492492676,0.43576109409332275,0.40328431129455566,1.7763568394002505e-15,-102.41210676673072,102.41210676673072,1.1102230246251565e-15,-383.16650390625,3.669861078262329,0.00484,24.827951533808594,3.943171499064192
131,ddpg_lognormal,ddpg,lognormal,3,-103.57524189233551,6.12487717246353,103.57524189233551,2.1931114196777344,2.247131109237671,0.4363774359226227,0.40270891785621643,1.3322676295501878e-15,-102.0193511456499,102.0193511456499,8.881784197001252e-16,-367.7166748046875,3.5383176803588867,0.0048,25.115749393545446,4.098072095785201
132,ddpg_lognormal,ddpg,lognormal,3,-101.83853080263322,6.73955737630974,101.83853080263322,2.610100746154785,1.8039796352386475,0.43679577112197876,0.4020778238773346,8.881784197001252e-16,-100.62905868376308,100.62905868376308,1.7763568394002505e-15,-345.0722961425781,3.399407386779785,0.0047599999999999995,24.39152551868132,3.966206368230771
133,ddpg_lognormal,ddpg,lognormal,3,-103.62726784018915,10.9302016842847,103.62726784018915,2.662496566772461,3.079798460006714,0.4371306300163269,0.4014803469181061,1.1102230246251565e-15,-104.35863235744247,104.35863235744247,2.220446049250313e-15,-430.3467712402344,4.182794570922852,0.00472,24.12570149699847,3.6119027706029425
134,ddpg_lognormal,ddpg,lognormal,3,-105.5516800041788,11.863504973382254,105.5516800041788,2.9696364402770996,2.681992769241333,0.4374537765979767,0.400936484336853,1.3322676295501878e-15,-104.06757569990532,104.06757569990532,1.7763568394002505e-15,-415.64422607421875,3.885986328125,0.00468,24.457083444155398,3.835520357641924
135,ddpg_lognormal,ddpg,lognormal,3,-107.54000513062263,25.805817077924615,107.54000513062263,5.120638847351074,1.8175667524337769,0.4378199279308319,0.4004485309123993,2.220446049250313e-15,-101.48096347953899,101.48096347953899,1.1102230246251565e-15,-468.6061706542969,3.916368246078491,0.00464,24.852797278690904,3.887008215971513
136,ddpg_lognormal,ddpg,lognormal,3,-105.95669620097814,36.22042825603459,105.95669620097814,5.2003092765808105,1.7528364658355713,0.4381445050239563,0.39999380707740784,3.552713678800501e-15,-102.33471559096866,102.33471559096866,1.3322676295501878e-15,-455.30560302734375,3.7637550830841064,0.0046,24.989210720218363,4.019629581759329
137,ddpg_lognormal,ddpg,lognormal,3,-101.73726496439834,10.110435709136448,101.73726496439834,2.830071449279785,1.4267529249191284,0.438266396522522,0.3994946777820587,1.7763568394002505e-15,-107.28430347566004,107.28430347566004,3.552713678800501e-15,-335.1860656738281,3.245850086212158,0.00456,25.19591560356674,4.031140877915147
138,ddpg_lognormal,ddpg,lognormal,3,-102.10593143330438,8.304523283382123,102.10593143330438,2.6631836891174316,2.2138774394989014,0.43837857246398926,0.3990281820297241,8.881784197001252e-16,-104.74817777982359,104.74817777982359,8.881784197001252e-16,-385.59564208984375,3.822556972503662,0.00452,25.239005818608263,4.053294051970754
139,ddpg_lognormal,ddpg,lognormal,3,-101.90511470754049,10.882399506556752,101.90511470754049,4.154182434082031,1.5030426979064941,0.43843910098075867,0.39859890937805176,1.3322676295501878e-15,-102.74483582379071,102.74483582379071,1.3322676295501878e-15,-381.302001953125,3.666208267211914,0.00448,25.301783580865177,4.03696536283297
140,ddpg_lognormal,ddpg,lognormal,3,-103.54869509356406,8.408101191189589,103.54869509356406,3.2767932415008545,1.3832117319107056,0.43854978680610657,0.39829081296920776,1.7763568394002505e-15,-100.81081498004691,100.81081498004691,1.3322676295501878e-15,-352.8410949707031,3.3999106884002686,0.0044399999999999995,25.443637803906487,4.104199162102304
141,ddpg_lognormal,ddpg,lognormal,3,-102.71339303400252,13.074267021723152,102.71339303400252,3.0587329864501953,1.7068541049957275,0.43881914019584656,0.39797359704971313,1.7763568394002505e-15,-100.92126581703609,100.92126581703609,8.881784197001252e-16,-355.5000915527344,3.443681478500366,0.004399999999999999,25.543039979324455,4.200539638687458
142,ddpg_lognormal,ddpg,lognormal,3,-103.69908009873632,15.476887890166651,103.69908009873632,4.74014949798584,2.880913734436035,0.4390413165092468,0.39779239892959595,1.7763568394002505e-15,-103.76409567106401,103.76409567106401,8.881784197001252e-16,-494.57977294921875,4.570697784423828,0.004360000000000001,25.635063462668942,4.113192376647411
143,ddpg_lognormal,ddpg,lognormal,3,-102.23327495068804,7.6934029664338235,102.23327495068804,2.9864072799682617,1.8532440662384033,0.43908563256263733,0.39763548970222473,8.881784197001252e-16,-104.00419453426976,104.00419453426976,1.7763568394002505e-15,-371.82086181640625,3.6370849609375,0.004320000000000001,25.760700549398152,4.171312744756938
144,ddpg_lognormal,ddpg,lognormal,3,-102.21299442008693,9.519891116756229,102.21299442008693,3.2642314434051514,1.4084179401397705,0.4393126666545868,0.3974555730819702,1.3322676295501878e-15,-101.70349887603967,101.70349887603967,8.881784197001252e-16,-352.846435546875,3.4339723587036133,0.004280000000000001,25.693217340679396,4.22594760389932
145,ddpg_lognormal,ddpg,lognormal,3,-103.12452104774601,8.365760522940626,103.12452104774601,3.1870527267456055,2.522840738296509,0.43965834379196167,0.3972979187965393,1.7763568394002505e-15,-101.04033676392305,101.04033676392305,6.661338147750939e-16,-414.23736572265625,3.974534034729004,0.004240000000000001,25.419686565441744,4.1839494947288625
146,ddpg_lognormal,ddpg,lognormal,3,-99.22892474386086,8.719112428677885,99.22892474386086,3.023348808288574,1.5155086517333984,0.4401317834854126,0.39715680480003357,8.881784197001252e-16,-99.99671857419857,99.99671857419857,8.881784197001252e-16,-337.3031921386719,3.445068597793579,0.004200000000000001,25.02351194087948,4.194259645018194
147,ddpg_lognormal,ddpg,lognormal,3,-101.34234886203672,11.130282225505068,101.34234886203672,4.058829307556152,2.0601587295532227,0.44057655334472656,0.3970802128314972,1.9984014443252818e-15,-105.22862759021957,105.22862759021957,8.881784197001252e-16,-427.73175048828125,4.179133415222168,0.0041600000000000005,24.269348519898596,4.117749454242931
148,ddpg_lognormal,ddpg,lognormal,3,-105.42147501323066,9.298565276926112,105.42147501323066,3.112454891204834,3.2736008167266846,0.4409744441509247,0.39715757966041565,1.3322676295501878e-15,-109.07940931803154,109.07940931803154,1.7763568394002505e-15,-452.729736328125,4.19638204574585,0.00412,23.627453315470902,3.854408069419497
149,ddpg_lognormal,ddpg,lognormal,3,-102.7181124365923,9.695593267232995,102.7181124365923,3.0685646533966064,1.896791934967041,0.4411652386188507,0.3973751962184906,8.881784197001252e-16,-105.17307874022104,105.17307874022104,8.881784197001252e-16,-374.7470397949219,3.6578407287597656,0.00408,23.032897625650676,3.8515095778497024
150,ddpg_lognormal,ddpg,lognormal,3,-106.47932093336554,11.57258934355685,106.47932093336554,3.4470248222351074,2.12595534324646,0.4412350654602051,0.3976535201072693,1.7763568394002505e-15,-102.04641953730552,102.04641953730552,8.881784197001252e-16,-402.0281066894531,3.6786835193634033,0.00404,21.98867279894295,3.6798096907857274
151,ddpg_lognormal,ddpg,lognormal,3,-103.43159694760716,9.053145598605552,103.43159694760716,3.014369487762451,2.0705204010009766,0.4413004517555237,0.3978912830352783,1.1102230246251565e-15,-104.88684455361087,104.88684455361087,8.881784197001252e-16,-392.1184387207031,3.7595362663269043,0.004,21.432328234116234,3.5014200608046457
152,ddpg_lognormal,ddpg,lognormal,3,-104.03410899688869,13.516544351500267,104.03410899688869,4.131220817565918,3.2886457443237305,0.4413663148880005,0.39818742871284485,1.3322676295501878e-15,-103.4642209076558,103.4642209076558,8.881784197001252e-16,-479.0148010253906,4.435013771057129,0.00396,21.312804285614263,3.444632782911261
153,ddpg_lognormal,ddpg,lognormal,3,-103.986745437699,7.140713222242746,103.986745437699,2.3360061645507812,1.7081260681152344,0.44150570034980774,0.3983760178089142,8.881784197001252e-16,-105.6461301780085,105.6461301780085,8.881784197001252e-16,-339.5068359375,3.2553176879882812,0.00392,21.425503733967034,3.4971533271905386
154,ddpg_lognormal,ddpg,lognormal,3,-104.04169760098247,10.780222190563016,104.04169760098247,2.854557991027832,1.3565326929092407,0.4417888820171356,0.3984939157962799,8.881784197001252e-16,-102.08100464238251,102.08100464238251,1.1102230246251565e-15,-339.72955322265625,3.3069701194763184,0.00388,21.457661049706594,3.4212334796098904
155,ddpg_lognormal,ddpg,lognormal,3,-104.7993170268345,10.979572482906853,104.7993170268345,2.7923970222473145,2.5617423057556152,0.4420396685600281,0.39873313903808594,1.3322676295501878e-15,-104.92299040651399,104.92299040651399,8.881784197001252e-16,-401.5274658203125,3.7338476181030273,0.00384,21.930244154518554,3.3355998151126274
156,ddpg_lognormal,ddpg,lognormal,3,-103.54205004427484,9.863494061543708,103.54205004427484,2.5295355319976807,2.431417465209961,0.4421319365501404,0.39886945486068726,1.1102230246251565e-15,-108.55172052188699,108.55172052188699,1.1102230246251565e-15,-390.7558898925781,3.731635570526123,0.0038,22.066449981714996,3.4035119730313976
157,ddpg_lognormal,ddpg,lognormal,3,-107.12930484101935,8.158483928980115,107.12930484101935,1.4194692373275757,1.8246428966522217,0.44217437505722046,0.39894038438796997,1.3322676295501878e-15,-104.83939345998937,104.83939345998937,1.3322676295501878e-15,-309.72882080078125,2.9015042781829834,0.00376,21.890431391696136,3.3196543736294624
158,ddpg_lognormal,ddpg,lognormal,3,-103.18576108790216,8.999792636687358,103.18576108790216,3.0772945880889893,1.6578155755996704,0.44209665060043335,0.39889711141586304,8.881784197001252e-16,-104.94357706336802,104.94357706336802,1.7763568394002505e-15,-353.1903381347656,3.41792631149292,0.00372,22.099320849137648,3.3882790612045763
159,ddpg_lognormal,ddpg,lognormal,3,-107.57042400043478,14.568352325303632,107.57042400043478,4.807024955749512,1.825891375541687,0.4419546127319336,0.3988129794597626,2.220446049250313e-15,-104.48945325422099,104.48945325422099,8.881784197001252e-16,-442.0402526855469,3.962617874145508,0.00368,21.82338429029499,3.457622229997512
160,ddpg_lognormal,ddpg,lognormal,3,-106.4874293585398,17.70166694338281,106.4874293585398,4.374759674072266,2.4733920097351074,0.4418296813964844,0.39876583218574524,4.884981308350689e-15,-105.54958335490393,105.54958335490393,1.3322676295501878e-15,-469.75,4.117321968078613,0.00364,21.072848168866976,3.4542177435387638
161,ddpg_lognormal,ddpg,lognormal,3,-104.28331286096935,8.372363329657446,104.28331286096935,2.521872043609619,2.030848741531372,0.4415683150291443,0.3987117409706116,1.3322676295501878e-15,-107.42004897025124,107.42004897025124,8.881784197001252e-16,-364.7328796386719,3.5350887775421143,0.0036,20.86222069852409,3.4941825988769
162,ddpg_lognormal,ddpg,lognormal,3,-105.7885131700751,16.298034748419262,105.7885131700751,3.1337990760803223,1.3726328611373901,0.4414052367210388,0.3986719250679016,4.884981308350689e-15,-105.90986512455038,105.90986512455038,1.1102230246251565e-15,-361.2530822753906,3.228700637817383,0.00356,19.612599552564678,3.800323897152252
163,ddpg_lognormal,ddpg,lognormal,3,-101.59987730093272,8.616682798619198,101.59987730093272,2.7169249057769775,1.5931541919708252,0.44137337803840637,0.3985246419906616,8.881784197001252e-16,-102.7997592972097,102.7997592972097,1.1102230246251565e-15,-344.0880432128906,3.391875743865967,0.0035199999999999997,19.07010009636482,3.409052682286572
164,ddpg_lognormal,ddpg,lognormal,3,-99.83101664563046,9.988942462017782,99.83101664563046,3.5463430881500244,1.7647931575775146,0.4413692355155945,0.39857399463653564,8.881784197001252e-16,-105.44764067904947,105.44764067904947,1.7763568394002505e-15,-387.4742126464844,3.9549694061279297,0.00348,19.838855828557698,3.1973990651479522
165,ddpg_lognormal,ddpg,lognormal,3,-105.163810143567,11.432280039759961,105.163810143567,2.4461450576782227,2.045278787612915,0.441628634929657,0.398661732673645,8.881784197001252e-16,-104.43407099744097,104.43407099744097,1.1102230246251565e-15,-370.8186950683594,3.5531344413757324,0.00344,20.658425504253024,3.3941489897025305
166,ddpg_lognormal,ddpg,lognormal,3,-105.31825446513369,11.972829543748109,105.31825446513369,3.9439196586608887,1.7681043148040771,0.4417394697666168,0.398717999458313,1.7763568394002505e-15,-103.01309280299932,103.01309280299932,8.881784197001252e-16,-397.9189453125,3.68190860748291,0.0034,21.276534426070395,3.533680407507789
167,ddpg_lognormal,ddpg,lognormal,3,-102.45237770441983,8.704198914129902,102.45237770441983,2.84389591217041,1.7349718809127808,0.44183313846588135,0.3986789286136627,8.881784197001252e-16,-105.52272637268501,105.52272637268501,2.220446049250313e-15,-351.61138916015625,3.4961037635803223,0.0033599999999999997,21.896829420257184,3.7746144650681392
168,ddpg_lognormal,ddpg,lognormal,3,-103.19373085826517,8.569130885808711,103.19373085826517,2.1098973751068115,1.5705060958862305,0.44202983379364014,0.39858824014663696,8.881784197001252e-16,-104.9412472182772,104.9412472182772,8.881784197001252e-16,-327.682861328125,3.1651806831359863,0.0033199999999999996,22.469825313204808,3.7920393205879788
169,ddpg_lognormal,ddpg,lognormal,3,-105.85673823464916,12.271024025998933,105.85673823464916,2.9674510955810547,2.549468517303467,0.44223037362098694,0.39864450693130493,1.3322676295501878e-15,-105.85002975211732,105.85002975211732,8.881784197001252e-16,-412.1248474121094,3.840214252471924,0.0032799999999999995,22.759830400702498,3.8337701611509103
170,ddpg_lognormal,ddpg,lognormal,3,-103.6537028195915,10.07936609083409,103.6537028195915,2.0601208209991455,1.9740498065948486,0.4425256550312042,0.3986760377883911,8.881784197001252e-16,-101.45467897185347,101.45467897185347,1.3322676295501878e-15,-345.9199523925781,3.357451915740967,0.00324,22.731929785438947,3.750547563801298
171,ddpg_lognormal,ddpg,lognormal,3,-102.22299547119779,9.281749781170038,102.22299547119779,3.0087084770202637,1.5484893321990967,0.4428108036518097,0.39873138070106506,8.881784197001252e-16,-102.31852788251868,102.31852788251868,8.881784197001252e-16,-351.7791442871094,3.45997953414917,0.0031999999999999997,23.0322453244811,3.735184420254969
172,ddpg_lognormal,ddpg,lognormal,3,-103.42683560207894,13.192755162830156,103.42683560207894,2.5465526580810547,2.814361333847046,0.44294989109039307,0.398807168006897,1.1102230246251565e-15,-105.16126714224279,105.16126714224279,8.881784197001252e-16,-415.6509704589844,3.9319682121276855,0.0031599999999999996,23.249383156853064,3.782944912783846
173,ddpg_lognormal,ddpg,lognormal,3,-102.58238618154454,8.479672812305235,102.58238618154454,2.768789291381836,1.7398161888122559,0.4428427815437317,0.3988340198993683,1.3322676295501878e-15,-108.91376794256823,108.91376794256823,8.881784197001252e-16,-356.49169921875,3.4806792736053467,0.003120000000000001,23.043134497744695,3.764033172074484
174,ddpg_lognormal,ddpg,lognormal,3,-104.5277425972553,17.91816637975023,104.5277425972553,2.2581729888916016,2.6502747535705566,0.44283488392829895,0.3989098072052002,8.881784197001252e-16,-104.36276612228335,104.36276612228335,8.881784197001252e-16,-401.09918212890625,3.720702886581421,0.0030800000000000007,22.934310114099866,3.672488404232787
175,ddpg_lognormal,ddpg,lognormal,3,-102.10273198515304,11.157971823703518,102.10273198515304,1.9798654317855835,1.926499843597412,0.44281208515167236,0.3990316390991211,8.881784197001252e-16,-100.1643335833186,100.1643335833186,8.881784197001252e-16,-333.5377197265625,3.286342144012451,0.0030400000000000006,22.937071731047972,3.655948840647137
176,ddpg_lognormal,ddpg,lognormal,3,-109.7374155496527,8.719505763709098,109.7374155496527,2.323214292526245,2.2228565216064453,0.4429357051849365,0.399150550365448,1.3322676295501878e-15,-101.4346468650813,101.4346468650813,8.881784197001252e-16,-398.07550048828125,3.578519821166992,0.0030000000000000005,22.849547437259126,3.5344190096948296
177,ddpg_lognormal,ddpg,lognormal,3,-105.57684369883117,10.721914698699758,105.57684369883117,2.4956750869750977,1.186145544052124,0.4430709481239319,0.3991900384426117,1.3322676295501878e-15,-105.7414063681606,105.7414063681606,1.3322676295501878e-15,-320.7120666503906,3.019425392150879,0.0029600000000000004,22.92994124229465,3.61280436528891
178,ddpg_lognormal,ddpg,lognormal,3,-102.70168294577354,10.002889132624333,102.70168294577354,2.4665417671203613,1.5569865703582764,0.44324663281440735,0.39915093779563904,8.881784197001252e-16,-102.55661718327973,102.55661718327973,1.3322676295501878e-15,-334.0979309082031,3.3065028190612793,0.0029200000000000003,23.00464513862417,3.626858204675262
179,ddpg_lognormal,ddpg,lognormal,3,-106.51315997996376,14.61048234463764,106.51315997996376,4.2176432609558105,3.132601022720337,0.4434272348880768,0.39921361207962036,2.220446049250313e-15,-101.71649014097954,101.71649014097954,1.3322676295501878e-15,-493.2200012207031,4.419642448425293,0.00288,22.860996322262856,3.7665181528178175
180,ddpg_lognormal,ddpg,lognormal,3,-100.42943395913588,12.456612606974774,100.42943395913588,4.748895168304443,2.247695207595825,0.4435362219810486,0.39925456047058105,2.220446049250313e-15,-103.75883331370503,103.75883331370503,1.3322676295501878e-15,-452.3634033203125,4.469655513763428,0.0028400000000000005,21.815917378734973,3.848529762133867
181,ddpg_lognormal,ddpg,lognormal,3,-104.00301576399629,9.927372465548148,104.00301576399629,1.9662785530090332,1.4388614892959595,0.44358083605766296,0.39930403232574463,8.881784197001252e-16,-106.9749649188262,106.9749649188262,1.7763568394002505e-15,-309.69854736328125,3.031813144683838,0.0028000000000000004,19.644163563137962,3.6871839928374226
182,ddpg_lognormal,ddpg,lognormal,3,-102.65627724280348,13.50086512246208,102.65627724280348,4.041693687438965,1.6833562850952148,0.4435581862926483,0.3992425799369812,2.6645352591003757e-15,-101.66515239929845,101.66515239929845,8.881784197001252e-16,-393.7400207519531,3.7501230239868164,0.0027600000000000003,19.284853488916443,3.5507844950050296
183,ddpg_lognormal,ddpg,lognormal,3,-101.14902725888928,10.626747910016894,101.14902725888928,2.611316204071045,1.8835638761520386,0.4437302350997925,0.399061918258667,8.881784197001252e-16,-103.20132952496306,103.20132952496306,1.5543122344752192e-15,-345.6996765136719,3.471989870071411,0.00272,18.733442804288295,3.664234594231294
184,ddpg_lognormal,ddpg,lognormal,3,-105.39972447519783,12.705614437067219,105.39972447519783,2.746022939682007,2.816800117492676,0.44393426179885864,0.39886751770973206,8.881784197001252e-16,-102.96964593014795,102.96964593014795,8.881784197001252e-16,-417.92889404296875,3.9928905963897705,0.00268,18.012988670241263,3.327682091532985
185,ddpg_lognormal,ddpg,lognormal,3,-104.2791106808366,9.451384834779901,104.2791106808366,1.9217703342437744,2.337447166442871,0.4441104531288147,0.39857766032218933,8.881784197001252e-16,-104.32633646697951,104.32633646697951,1.3322676295501878e-15,-357.5906677246094,3.4660260677337646,0.00264,18.457848822786694,2.914464268977532
186,ddpg_lognormal,ddpg,lognormal,3,-101.75581752121988,7.838905000277637,101.75581752121988,3.6784136295318604,2.019474983215332,0.44423848390579224,0.39825698733329773,1.7763568394002505e-15,-103.40440582858754,103.40440582858754,1.3322676295501878e-15,-404.8105773925781,3.9806199073791504,0.0026000000000000003,20.254975679020088,3.003852244350128
187,ddpg_lognormal,ddpg,lognormal,3,-105.06364811973062,11.76527461032704,105.06364811973062,3.0200185775756836,1.9596619606018066,0.44431260228157043,0.39788657426834106,2.220446049250313e-15,-100.78372368722846,100.78372368722846,8.881784197001252e-16,-376.96478271484375,3.530543565750122,0.00256,22.10719710623934,3.3833713609658713
188,ddpg_lognormal,ddpg,lognormal,3,-100.53208498907708,8.508833639105397,100.53208498907708,3.359511375427246,1.6614381074905396,0.4442617893218994,0.39767444133758545,1.3322676295501878e-15,-108.78780602402193,108.78780602402193,4.440892098500626e-15,-365.075927734375,3.6711394786834717,0.00252,23.31318552969467,3.620934787417008
189,ddpg_lognormal,ddpg,lognormal,3,-103.31734356768345,10.007380878349755,103.31734356768345,2.698549747467041,1.3536150455474854,0.4441085755825043,0.3974460959434509,1.1102230246251565e-15,-102.09903111837104,102.09903111837104,8.881784197001252e-16,-326.44378662109375,3.124755382537842,0.00248,23.951731569710233,3.9423721261887943
190,ddpg_lognormal,ddpg,lognormal,3,-101.2962444987644,10.708688816393446,101.2962444987644,4.065803527832031,1.9859646558761597,0.44398584961891174,0.39733171463012695,1.3322676295501878e-15,-104.02416712219092,104.02416712219092,1.7763568394002505e-15,-417.6279602050781,4.110173225402832,0.00244,22.355047722657524,3.8138268624565432
191,ddpg_lognormal,ddpg,lognormal,3,-101.50183483056631,9.912130308559027,101.50183483056631,2.3785295486450195,1.7884736061096191,0.4439965486526489,0.39732736349105835,1.3322676295501878e-15,-102.64736422555937,102.64736422555937,8.881784197001252e-16,-338.7475280761719,3.361955404281616,0.0024,21.481168838838734,3.6872774467337877
192,ddpg_lognormal,ddpg,lognormal,3,-105.18719520717144,8.690965302699274,105.18719520717144,2.0900702476501465,2.3709335327148438,0.44418948888778687,0.3973020613193512,1.7763568394002505e-15,-104.27765314457834,104.27765314457834,1.7763568394002505e-15,-368.6090087890625,3.4948432445526123,0.00236,20.970404529145785,3.421719830444393
193,ddpg_lognormal,ddpg,lognormal,3,-105.48681266328491,8.069856564299211,105.48681266328491,2.243283271789551,2.2732021808624268,0.4442046880722046,0.39739304780960083,8.881784197001252e-16,-102.95555009283217,102.95555009283217,8.881784197001252e-16,-370.2301330566406,3.4552433490753174,0.00232,21.255022727307818,3.424515164246605
194,ddpg_lognormal,ddpg,lognormal,3,-105.18092493210423,8.696411086705222,105.18092493210423,1.9947930574417114,2.0193142890930176,0.4441746771335602,0.3974878191947937,2.220446049250313e-15,-102.4664017349911,102.4664017349911,1.3322676295501878e-15,-330.25433349609375,3.120957136154175,0.00228,21.962083462448348,3.3931417569651137
195,ddpg_lognormal,ddpg,lognormal,3,-102.7173260777748,8.653710897359856,102.7173260777748,4.050779819488525,1.1667628288269043,0.4441428780555725,0.397526353597641,1.7763568394002505e-15,-103.56446281077012,103.56446281077012,3.1086244689504383e-15,-357.06982421875,3.466052532196045,0.00224,22.72134593129158,3.496148757265127
196,ddpg_lognormal,ddpg,lognormal,3,-103.95014637036593,16.25476447906764,103.95014637036593,3.9070687294006348,1.9143810272216797,0.4441783130168915,0.39751413464546204,3.1086244689504383e-15,-104.58977803996828,104.58977803996828,2.220446049250313e-15,-404.2874450683594,3.744126319885254,0.0021999999999999997,23.2629131727985,3.675125384132289
197,ddpg_lognormal,ddpg,lognormal,3,-100.79013000821122,9.711563911044685,100.79013000821122,2.066516637802124,1.176196575164795,0.44408562779426575,0.3974786400794983,8.881784197001252e-16,-101.33535458380904,101.33535458380904,1.3322676295501878e-15,-282.85980224609375,2.857390880584717,0.0021599999999999996,24.002878503430455,3.833756863167288
198,ddpg_lognormal,ddpg,lognormal,3,-102.37323231557318,9.334144431282697,102.37323231557318,3.020580530166626,1.666548728942871,0.44408854842185974,0.39728060364723206,2.220446049250313e-15,-101.16227180947475,101.16227180947475,8.881784197001252e-16,-354.5184020996094,3.524352550506592,0.00212,24.375773224092665,3.976124712271572
199,ddpg_lognormal,ddpg,lognormal,3,-100.48560345474345,9.381793083352559,100.48560345474345,3.8788094520568848,2.342322826385498,0.44403648376464844,0.39720189571380615,1.3322676295501878e-15,-100.90561558963518,100.90561558963518,8.881784197001252e-16,-422.90118408203125,4.184239387512207,0.00208,24.45109067537955,4.031371871125884
200,ddpg_lognormal,ddpg,lognormal,3,-102.89014090103461,10.102972536215717,102.89014090103461,2.0099120140075684,1.942657232284546,0.4442150294780731,0.39713922142982483,8.881784197001252e-16,-104.42787620055907,104.42787620055907,1.7763568394002505e-15,-336.99200439453125,3.2718863487243652,0.0020399999999999997,24.171850663210662,4.1753527558951955
201,ddpg_lognormal,ddpg,lognormal,3,-100.52890164437106,8.188530242509556,100.52890164437106,3.0644259452819824,1.9991629123687744,0.44426751136779785,0.39694494009017944,8.881784197001252e-16,-103.73133603027834,103.73133603027834,8.881784197001252e-16,-366.1125183105469,3.6458096504211426,0.0019999999999999996,23.41382716950916,4.335618249168398
202,ddpg_lognormal,ddpg,lognormal,3,-105.30821532980832,22.063905970008875,105.30821532980832,4.06967830657959,2.0753517150878906,0.4444253146648407,0.3968449831008911,2.220446049250313e-15,-103.18416805368395,103.18416805368395,1.7763568394002505e-15,-442.00787353515625,4.053053855895996,0.0019599999999999995,22.883183951533976,4.46939153382222
203,ddpg_lognormal,ddpg,lognormal,3,-103.25840171308036,17.70144112477125,103.25840171308036,4.381882667541504,1.969336748123169,0.44463154673576355,0.396728515625,2.220446049250313e-15,-99.92284198716862,99.92284198716862,1.3322676295501878e-15,-428.9633483886719,3.9634313583374023,0.0019199999999999996,22.836081560878526,4.290996983503213
204,ddpg_lognormal,ddpg,lognormal,3,-102.72113859597667,10.005340065873863,102.72113859597667,2.4390809535980225,2.118492364883423,0.4447324872016907,0.396563321352005,8.881784197001252e-16,-100.26749755409536,100.26749755409536,8.881784197001252e-16,-363.9875183105469,3.558013916015625,0.0018799999999999995,22.95577523431608,4.174136979704988
205,ddpg_lognormal,ddpg,lognormal,3,-101.51041875479075,12.922544276699758,101.51041875479075,3.718698024749756,2.012132406234741,0.4448586702346802,0.39638662338256836,2.220446049250313e-15,-97.52084872963678,97.52084872963678,1.1102230246251565e-15,-393.9207763671875,3.790909767150879,0.0018400000000000005,23.070071628760722,4.252297881281092
206,ddpg_lognormal,ddpg,lognormal,3,-102.95196026749048,16.236399785881762,102.95196026749048,2.2786428928375244,1.8715373277664185,0.4449167251586914,0.3961455523967743,8.881784197001252e-16,-102.87499967600978,102.87499967600978,1.1102230246251565e-15,-348.01220703125,3.315089225769043,0.0018000000000000006,23.146965157063235,4.208161629004669
207,ddpg_lognormal,ddpg,lognormal,3,-105.63167170041238,11.299013415604596,105.63167170041238,1.518288493156433,2.5154075622558594,0.4449787139892578,0.39596274495124817,8.881784197001252e-16,-102.34744286372465,102.34744286372465,1.7763568394002505e-15,-368.2513732910156,3.447612762451172,0.0017600000000000005,23.215690633370762,4.046283228694284
208,ddpg_lognormal,ddpg,lognormal,3,-100.4947052294608,9.41564498057032,100.4947052294608,3.5413756370544434,2.385234832763672,0.445115864276886,0.3957308232784271,1.7763568394002505e-15,-101.06104586402334,101.06104586402334,8.881784197001252e-16,-405.7908020019531,3.9789278507232666,0.0017200000000000004,22.917086435925395,3.9045846459699707
209,ddpg_lognormal,ddpg,lognormal,3,-98.67656051303928,9.038152370096256,98.67656051303928,2.7978076934814453,1.687713861465454,0.4452885389328003,0.3955879211425781,1.1102230246251565e-15,-100.55246053700311,100.55246053700311,8.881784197001252e-16,-338.4564514160156,3.4767942428588867,0.0016800000000000005,22.29965781491427,3.8103166275957068
210,ddpg_lognormal,ddpg,lognormal,3,-101.97186501323594,6.761042007073541,101.97186501323594,2.832584857940674,1.9223625659942627,0.4452967047691345,0.3956426978111267,1.3322676295501878e-15,-101.88779173510292,101.88779173510292,1.3322676295501878e-15,-371.4079284667969,3.662900924682617,0.0016400000000000004,21.57207783985706,3.4911991080679448
211,ddpg_lognormal,ddpg,lognormal,3,-103.4862541678664,8.156185937907365,103.4862541678664,2.9594972133636475,1.8011746406555176,0.4454641342163086,0.3956553339958191,8.881784197001252e-16,-103.91304768190439,103.91304768190439,1.7763568394002505e-15,-373.23187255859375,3.604569435119629,0.0016000000000000003,21.772109846274056,3.4659904441796243
212,ddpg_lognormal,ddpg,lognormal,3,-101.41618341803067,11.202688952098326,101.41618341803067,3.3336856365203857,2.08382511138916,0.44557884335517883,0.3955830931663513,8.881784197001252e-16,-106.06799128408477,106.06799128408477,2.220446049250313e-15,-394.0179138183594,3.8925328254699707,0.0015600000000000004,21.480278240782873,4.9737450861305526
213,ddpg_lognormal,ddpg,lognormal,3,-103.47360630008274,7.336466287844342,103.47360630008274,3.216561794281006,1.7860231399536133,0.4458228349685669,0.3953646421432495,8.881784197001252e-16,-103.2365452445701,103.2365452445701,8.881784197001252e-16,-377.8560791015625,3.6584930419921875,0.0015200000000000003,20.02545461519843,4.028781188563222
214,ddpg_lognormal,ddpg,lognormal,3,-104.9909438655796,11.098817724699336,104.9909438655796,3.452749490737915,2.5229339599609375,0.4461970627307892,0.39520004391670227,1.1102230246251565e-15,-102.61568784379976,102.61568784379976,1.1102230246251565e-15,-438.82855224609375,4.122760772705078,0.0014800000000000002,20.328867915485585,3.263841100868636
215,ddpg_lognormal,ddpg,lognormal,3,-102.90093355368852,11.712065886571466,102.90093355368852,3.1430740356445312,1.9150495529174805,0.4466252624988556,0.3951495289802551,8.881784197001252e-16,-105.49301578270297,105.49301578270297,8.881784197001252e-16,-383.0841064453125,3.7222630977630615,0.00144,21.191034260605065,3.506738102263106
216,ddpg_lognormal,ddpg,lognormal,3,-101.92704701502886,8.079842876902703,101.92704701502886,2.5509634017944336,1.7899291515350342,0.44682756066322327,0.3950653374195099,1.3322676295501878e-15,-104.13012384141146,104.13012384141146,8.881784197001252e-16,-345.55572509765625,3.409904956817627,0.0014000000000000002,20.949088759010746,3.6986094158020846
217,ddpg_lognormal,ddpg,lognormal,3,-106.57946128423,25.905260390847886,106.57946128423,2.7375216484069824,2.291450023651123,0.44696319103240967,0.39517664909362793,1.7763568394002505e-15,-101.5376947274877,101.5376947274877,8.881784197001252e-16,-428.86505126953125,3.812631130218506,0.00136,20.44103607038657,3.6464383288486193
218,ddpg_lognormal,ddpg,lognormal,3,-102.4546339055084,8.369157445262566,102.4546339055084,3.3310000896453857,1.8183846473693848,0.4470820426940918,0.39518481492996216,8.881784197001252e-16,-103.16024903286895,103.16024903286895,8.881784197001252e-16,-381.11749267578125,3.7420692443847656,0.00132,21.334191545844078,3.455722790078393
219,ddpg_lognormal,ddpg,lognormal,3,-101.91824625938327,10.148675640983662,101.91824625938327,2.8097128868103027,2.148754835128784,0.44711437821388245,0.3950645923614502,1.3322676295501878e-15,-103.75046870029617,103.75046870029617,1.3322676295501878e-15,-376.894775390625,3.673386812210083,0.00128,22.18806857119004,3.46758687897541
220,ddpg_lognormal,ddpg,lognormal,3,-103.09677630899739,10.540087142887991,103.09677630899739,3.8042571544647217,1.7193044424057007,0.4471922516822815,0.3948993682861328,2.6645352591003757e-15,-104.3700112761702,104.3700112761702,1.3322676295501878e-15,-388.4466857910156,3.7474260330200195,0.00124,22.73710210550399,3.6007514310989617
221,ddpg_lognormal,ddpg,lognormal,3,-102.80908396257888,11.21801369353672,102.80908396257888,2.9066004753112793,1.811337947845459,0.4472046494483948,0.3948032855987549,8.881784197001252e-16,-103.57502723681691,103.57502723681691,1.3322676295501878e-15,-365.2259521484375,3.497058629989624,0.0012,22.648799756453148,3.5358882617604523
222,ddpg_lognormal,ddpg,lognormal,3,-102.29884101738585,13.217469102177093,102.29884101738585,3.2627406120300293,1.8224362134933472,0.4472551643848419,0.3945510983467102,2.220446049250313e-15,-101.57855914897746,101.57855914897746,8.881784197001252e-16,-375.23046875,3.5870168209075928,0.00116,22.865575347273122,3.4752433781700565
223,ddpg_lognormal,ddpg,lognormal,3,-102.37066164494595,7.711599766411463,102.37066164494595,2.346067428588867,2.0397377014160156,0.4471735656261444,0.39421507716178894,8.881784197001252e-16,-103.04903390585747,103.04903390585747,8.881784197001252e-16,-353.89837646484375,3.491556406021118,0.00112,23.170115532264823,3.6346581504414126
224,ddpg_lognormal,ddpg,lognormal,3,-100.57635390184636,10.545900234402266,100.57635390184636,4.119873046875,2.4069714546203613,0.44707509875297546,0.393960177898407,1.3322676295501878e-15,-100.18269540863977,100.18269540863977,8.881784197001252e-16,-423.35382080078125,4.129698276519775,0.0010799999999999998,23.10893815188181,3.5944658161384897
225,ddpg_lognormal,ddpg,lognormal,3,-99.40876216199119,12.394074352043727,99.40876216199119,2.7240118980407715,2.3704473972320557,0.4469384253025055,0.3937585651874542,1.3322676295501878e-15,-100.56996335731887,100.56996335731887,8.881784197001252e-16,-375.773193359375,3.674494504928589,0.00104,23.06425465785322,3.5902711255753057
226,ddpg_lognormal,ddpg,lognormal,3,-100.83019212004339,8.440503330462636,100.83019212004339,3.0452029705047607,2.0549263954162598,0.4467131793498993,0.3934389650821686,8.881784197001252e-16,-107.0525008166825,107.0525008166825,2.886579864025407e-15,-371.6346130371094,3.7058348655700684,0.0009999999999999998,23.173826566764284,3.574102335825695
227,ddpg_lognormal,ddpg,lognormal,3,-100.08162873495056,9.141874297438164,100.08162873495056,2.7782318592071533,2.3922176361083984,0.446443647146225,0.39304614067077637,8.881784197001252e-16,-101.24439600111344,101.24439600111344,8.881784197001252e-16,-391.13916015625,3.932234764099121,0.0009599999999999998,22.93762401101135,3.5714888278771904
228,ddpg_lognormal,ddpg,lognormal,3,-100.37926341047657,9.289802339332233,100.37926341047657,2.478611946105957,1.801965355873108,0.44617483019828796,0.3926039934158325,8.881784197001252e-16,-98.77848470917147,98.77848470917147,8.881784197001252e-16,-335.4986572265625,3.3557252883911133,0.0009199999999999997,22.57587277428025,3.4580175260226023
229,ddpg_lognormal,ddpg,lognormal,3,-101.89112238291327,9.072767168953938,101.89112238291327,2.8988077640533447,1.7759686708450317,0.44618329405784607,0.392168253660202,8.881784197001252e-16,-109.40777155951723,109.40777155951723,3.1086244689504383e-15,-365.4122314453125,3.5962681770324707,0.0008799999999999997,22.71051174402237,3.445691577147781
230,ddpg_lognormal,ddpg,lognormal,3,-105.54911248500431,13.134151343797683,105.54911248500431,2.9338653087615967,2.821287155151367,0.4461209774017334,0.3919166922569275,8.881784197001252e-16,-99.17106658308734,99.17106658308734,8.881784197001252e-16,-446.79241943359375,4.07789945602417,0.0008399999999999996,22.854066312667868,3.482216213730031
231,ddpg_lognormal,ddpg,lognormal,3,-104.31933678513522,14.31663837887121,104.31933678513522,3.9846715927124023,1.6380233764648438,0.44605255126953125,0.3916189670562744,1.3322676295501878e-15,-101.08352057955112,101.08352057955112,8.881784197001252e-16,-389.44830322265625,3.635261058807373,0.0007999999999999996,23.001936301589012,3.54933386911372
232,ddpg_lognormal,ddpg,lognormal,3,-99.2239616578965,9.249968977693078,99.2239616578965,2.637953281402588,1.553288459777832,0.4458881616592407,0.39124596118927,1.3322676295501878e-15,-103.47761671442964,103.47761671442964,1.3322676295501878e-15,-320.0302734375,3.259930372238159,0.0007599999999999996,22.99474445694969,3.589024789858654
233,ddpg_lognormal,ddpg,lognormal,3,-102.27586305783682,10.608223091887522,102.27586305783682,2.870347023010254,2.701798439025879,0.4458310306072235,0.3910277485847473,1.5543122344752192e-15,-98.96350824986897,98.96350824986897,1.7763568394002505e-15,-407.90740966796875,3.966158628463745,0.0007199999999999995,22.839240547801765,3.569956159152623
234,ddpg_lognormal,ddpg,lognormal,3,-101.24244438512271,7.079853931354265,101.24244438512271,2.2346155643463135,2.6763250827789307,0.44568365812301636,0.39080360531806946,8.881784197001252e-16,-103.19545765886697,103.19545765886697,1.1102230246251565e-15,-374.9284973144531,3.704646348953247,0.0006799999999999995,22.512519717926075,3.430687030261782
235,ddpg_lognormal,ddpg,lognormal,3,-101.84247028269536,10.96702633011709,101.84247028269536,2.7934203147888184,2.0253353118896484,0.4458252489566803,0.3905777931213379,1.3322676295501878e-15,-102.51007482847143,102.51007482847143,1.7763568394002505e-15,-378.4781799316406,3.6369428634643555,0.0006399999999999995,22.24646514867033,3.37368251216997
236,ddpg_lognormal,ddpg,lognormal,3,-97.03567196237955,7.170791214490821,97.03567196237955,2.7133336067199707,1.551852822303772,0.4458765387535095,0.39024269580841064,8.881784197001252e-16,-102.58740837494288,102.58740837494288,2.220446049250313e-15,-320.70367431640625,3.3419196605682373,0.0006000000000000006,21.964650433333148,3.3291640182557916
237,ddpg_lognormal,ddpg,lognormal,3,-102.7309208365215,8.979328921519945,102.7309208365215,3.2747457027435303,2.3085262775421143,0.4461396336555481,0.38995760679244995,1.3322676295501878e-15,-104.86558368489656,104.86558368489656,2.6645352591003757e-15,-393.50262451171875,3.8038604259490967,0.0005600000000000005,21.622520887071175,3.2591174807887344
238,ddpg_lognormal,ddpg,lognormal,3,-105.26638987014123,20.156467073349624,105.26638987014123,3.9514732360839844,1.760676622390747,0.4465722441673279,0.3897206783294678,2.886579864025407e-15,-103.99850787781219,103.99850787781219,8.881784197001252e-16,-423.1143493652344,3.85007381439209,0.0005200000000000005,21.542532849169913,3.2282165916680934
239,ddpg_lognormal,ddpg,lognormal,3,-106.10550511239279,15.198681758293212,106.10550511239279,4.173135280609131,2.1632137298583984,0.44706106185913086,0.38954609632492065,2.4424906541753444e-15,-102.57591808695699,102.57591808695699,8.881784197001252e-16,-438.4177551269531,3.9860281944274902,0.00048000000000000045,22.229237101972103,3.284765932343102
240,ddpg_lognormal,ddpg,lognormal,3,-102.65181769232072,11.23319793385762,102.65181769232072,3.1209490299224854,1.4597785472869873,0.44738635420799255,0.3893105387687683,1.3322676295501878e-15,-106.01029296013229,106.01029296013229,2.220446049250313e-15,-345.2850646972656,3.4035489559173584,0.0004400000000000004,22.843025896520842,3.5234429759272774
241,ddpg_lognormal,ddpg,lognormal,3,-102.36082123588797,7.906134347110989,102.36082123588797,2.373692512512207,1.3055214881896973,0.44784337282180786,0.3891682028770447,8.881784197001252e-16,-104.17896587558788,104.17896587558788,2.6645352591003757e-15,-314.7761535644531,3.1000936031341553,0.00040000000000000034,23.060896387767222,3.5666550467666682
242,ddpg_lognormal,ddpg,lognormal,3,-104.00901526819543,12.093256475064196,104.00901526819543,2.0369534492492676,2.1804518699645996,0.448361337184906,0.38910266757011414,8.881784197001252e-16,-100.94802001049293,100.94802001049293,1.3322676295501878e-15,-367.1824645996094,3.516026496887207,0.00036000000000000035,22.971258047435967,3.585618593763294
243,ddpg_lognormal,ddpg,lognormal,3,-106.42930701651096,21.073765900370464,106.42930701651096,2.931368112564087,2.7686212062835693,0.4489113390445709,0.38905203342437744,1.7763568394002505e-15,-101.91075066235751,101.91075066235751,1.7763568394002505e-15,-428.16717529296875,3.792963981628418,0.0003200000000000003,23.348360136860894,3.5967115410714454
244,ddpg_lognormal,ddpg,lognormal,3,-101.48568847151789,9.069526966571544,101.48568847151789,2.4845662117004395,1.5501797199249268,0.4494684934616089,0.38892343640327454,8.881784197001252e-16,-105.26608534549706,105.26608534549706,2.220446049250313e-15,-325.54345703125,3.2516021728515625,0.00028000000000000025,23.37232158510458,3.615400021884679
245,ddpg_lognormal,ddpg,lognormal,3,-101.20636535274211,9.372014646453088,101.20636535274211,2.959533214569092,1.2071163654327393,0.4500718414783478,0.3888396620750427,1.7763568394002505e-15,-103.55151846017216,103.55151846017216,2.220446049250313e-15,-321.2822265625,3.139730453491211,0.00024000000000000022,23.407234125548886,3.633595599066688
246,ddpg_lognormal,ddpg,lognormal,3,-99.79772365796467,6.293492916555612,99.79772365796467,2.0926642417907715,1.597229242324829,0.45051392912864685,0.38863369822502136,8.881784197001252e-16,-102.62416887282856,102.62416887282856,2.6645352591003757e-15,-307.28668212890625,3.1012461185455322,0.00020000000000000017,23.31150832027197,3.6744131943754232
247,ddpg_lognormal,ddpg,lognormal,3,-100.86245973801988,11.675754061582165,100.86245973801988,3.202116012573242,2.5434749126434326,0.4508185386657715,0.388572633266449,1.3322676295501878e-15,-104.85905695983547,104.85905695983547,1.1102230246251565e-15,-400.90045166015625,3.9435906410217285,0.00016000000000000015,22.985266786955656,3.642762731200838
248,ddpg_lognormal,ddpg,lognormal,3,-108.45330152851025,29.242784493540174,108.45330152851025,2.578709602355957,3.6772212982177734,0.45106232166290283,0.38863223791122437,3.9968028886505635e-15,-101.33854903510783,101.33854903510783,8.881784197001252e-16,-491.3629455566406,4.222367286682129,0.00012000000000000011,22.52864368685654,3.5250382832628455
249,ddpg_lognormal,ddpg,lognormal,3,-100.02742014907975,8.923120151441774,100.02742014907975,3.146620750427246,2.2911899089813232,0.4512311518192291,0.38874512910842896,8.881784197001252e-16,-100.66969981064857,100.66969981064857,6.661338147750939e-16,-394.2898254394531,3.918220281600952,8.000000000000007e-05,22.354146873667126,3.4859349431270465
250,ddpg_lognormal,ddpg,lognormal,3,-100.93187591051199,20.898175016969866,100.93187591051199,3.487271308898926,2.5330827236175537,0.4514153003692627,0.38884517550468445,1.5543122344752192e-15,-101.35570180412705,101.35570180412705,8.881784197001252e-16,-422.6483459472656,4.040280342102051,4.000000000000004e-05,22.761412154705752,3.4254086113013766
251,ddpg_lognormal,ddpg,lognormal,3,-101.45233296442962,9.009123852661814,101.45233296442962,2.652747631072998,1.792685866355896,0.4516330063343048,0.3887825012207031,1.3322676295501878e-15,-100.22704386308801,100.22704386308801,8.881784197001252e-16,-346.6927185058594,3.409452199935913,0.0,23.199350751581648,3.6033186246308366
252,ddpg_lognormal,ddpg,lognormal,3,-102.440316307047,8.538561421055228,102.440316307047,3.0038130283355713,1.6512274742126465,0.45195552706718445,0.3889141082763672,1.9984014443252818e-15,-105.36639345533021,105.36639345533021,2.220446049250313e-15,-356.0609436035156,3.5104448795318604,0.0,23.722915632384165,3.643891932365174
253,ddpg_lognormal,ddpg,lognormal,3,-95.69075403618356,8.052297028119883,95.69075403618356,3.7390096187591553,1.7801663875579834,0.452191025018692,0.3890189528465271,8.881784197001252e-16,-100.57381364902643,100.57381364902643,8.881784197001252e-16,-371.40313720703125,3.8949880599975586,0.0,24.22097591842924,3.8319617623540885
254,ddpg_lognormal,ddpg,lognormal,3,-96.59338674689016,8.639688002633571,96.59338674689016,2.896880865097046,1.3769564628601074,0.4522642493247986,0.3891908526420593,8.881784197001252e-16,-100.10890715719057,100.10890715719057,1.1102230246251565e-15,-324.765625,3.4153571128845215,0.0,24.49387269538073,3.8024178301871174
255,ddpg_lognormal,ddpg,lognormal,3,-98.0234583116611,6.834982109548641,98.0234583116611,2.904923439025879,2.0883724689483643,0.4522075951099396,0.3894824683666229,8.881784197001252e-16,-97.97338079438421,97.97338079438421,8.881784197001252e-16,-364.4173889160156,3.749018669128418,0.0,24.504211478999686,3.8118343921211943
256,ddpg_lognormal,ddpg,lognormal,3,-101.8075288778952,8.997871203100571,101.8075288778952,2.5202949047088623,1.9659326076507568,0.45220890641212463,0.3897685110569,8.881784197001252e-16,-101.12649373446396,101.12649373446396,8.881784197001252e-16,-357.8502502441406,3.5042917728424072,0.0,24.256359347984905,3.831446886334258
257,ddpg_lognormal,ddpg,lognormal,3,-102.16141212465429,7.263543976501418,102.16141212465429,4.193489074707031,1.812029242515564,0.45238348841667175,0.39008718729019165,1.1102230246251565e-15,-105.05649691125657,105.05649691125657,1.7763568394002505e-15,-411.6019287109375,4.010392665863037,0.0,24.020125797107106,3.7824038295685094
258,ddpg_lognormal,ddpg,lognormal,3,-102.07504341605207,8.977489730110571,102.07504341605207,2.696627616882324,2.3768606185913086,0.45239755511283875,0.3903900682926178,1.9984014443252818e-15,-103.27105837511198,103.27105837511198,8.881784197001252e-16,-365.9010925292969,3.5392870903015137,0.0,23.90369756448837,3.735318577094447
259,ddpg_lognormal,ddpg,lognormal,3,-99.12565641172768,7.9876356486982205,99.12565641172768,2.5345218181610107,1.9247946739196777,0.45233988761901855,0.39056575298309326,8.881784197001252e-16,-104.75052791408405,104.75052791408405,1.3322676295501878e-15,-344.0492248535156,3.498671054840088,0.0,23.550704633550986,3.6704297624916458
260,ddpg_lognormal,ddpg,lognormal,3,-101.6101219570826,12.7304598178319,101.6101219570826,3.222238063812256,2.2130331993103027,0.4522952437400818,0.3906005024909973,2.4424906541753444e-15,-102.80701581662106,102.80701581662106,8.881784197001252e-16,-389.6070861816406,3.7957029342651367,0.0,23.276409088146117,3.526513481224399
261,ddpg_lognormal,ddpg,lognormal,3,-102.90631282254357,9.64048039657625,102.90631282254357,2.444228172302246,2.331408739089966,0.4522348940372467,0.3906974196434021,8.881784197001252e-16,-104.25881825258556,104.25881825258556,8.881784197001252e-16,-376.945068359375,3.6441850662231445,0.0,23.42334766402131,3.573817274333643
262,ddpg_lognormal,ddpg,lognormal,3,-104.43082943385323,9.401236866914244,104.43082943385323,2.2620677947998047,2.5283939838409424,0.4520469605922699,0.39081770181655884,8.881784197001252e-16,-100.18533909649821,100.18533909649821,8.881784197001252e-16,-384.1108093261719,3.6670377254486084,0.0,23.651515344423906,3.640354136969628
263,ddpg_lognormal,ddpg,lognormal,3,-99.49576340228634,10.966114229806182,99.49576340228634,2.9922475814819336,1.927071452140808,0.4520656168460846,0.39088425040245056,8.881784197001252e-16,-101.55875255876283,101.55875255876283,8.881784197001252e-16,-371.0148010253906,3.7504327297210693,0.0,23.975372857635932,3.716134225855404
264,ddpg_lognormal,ddpg,lognormal,3,-101.49385689054984,8.078485123479876,101.49385689054984,2.636956214904785,2.245028018951416,0.45203354954719543,0.391011506319046,1.3322676295501878e-15,-101.61904311589234,101.61904311589234,8.881784197001252e-16,-365.11773681640625,3.5649919509887695,0.0,24.199310456003463,3.7491980401322333
265,ddpg_lognormal,ddpg,lognormal,3,-99.50576454782995,9.004508113605496,99.50576454782995,2.0257229804992676,1.218313217163086,0.4521436393260956,0.3911379873752594,8.881784197001252e-16,-100.25633046862785,100.25633046862785,8.881784197001252e-16,-291.2103271484375,2.9556822776794434,0.0,24.39024112870296,3.7823276466667832
266,ddpg_lognormal,ddpg,lognormal,3,-99.6149966196057,7.66566412051431,99.6149966196057,2.526418685913086,2.1001110076904297,0.4521116316318512,0.391171395778656,8.881784197001252e-16,-102.85294550284735,102.85294550284735,1.7763568394002505e-15,-343.2588806152344,3.448467493057251,0.0,24.6529969775251,3.779324607668622
267,ddpg_lognormal,ddpg,lognormal,3,-103.69760977757494,12.575659663722858,103.69760977757494,3.4736413955688477,2.0562543869018555,0.45227640867233276,0.39126908779144287,8.881784197001252e-16,-100.03712402630313,100.03712402630313,1.3322676295501878e-15,-405.8927917480469,3.8075461387634277,0.0,24.587648025580815,3.8363448502107835
268,ddpg_lognormal,ddpg,lognormal,3,-103.48381692613026,7.666789457338484,103.48381692613026,2.118389844894409,1.6014151573181152,0.4523848295211792,0.3915214538574219,8.881784197001252e-16,-97.73889522368533,97.73889522368533,8.881784197001252e-16,-327.90606689453125,3.1825666427612305,0.0,24.182144288860616,3.7627136611457295
269,ddpg_lognormal,ddpg,lognormal,3,-103.69170718049855,7.242075140184513,103.69170718049855,1.719372272491455,1.851996660232544,0.4524930417537689,0.3918972313404083,8.881784197001252e-16,-99.55763424428221,99.55763424428221,1.3322676295501878e-15,-329.595947265625,3.1895573139190674,0.0,23.868712763346377,3.6880069177353847
270,ddpg_lognormal,ddpg,lognormal,3,-104.03503889570938,7.804922237541603,104.03503889570938,2.1003284454345703,1.800852656364441,0.4526035189628601,0.3920867145061493,8.881784197001252e-16,-100.36077274889428,100.36077274889428,8.881784197001252e-16,-331.6888427734375,3.221879482269287,0.0,23.57395350826638,3.6933948233878864
271,ddpg_lognormal,ddpg,lognormal,3,-104.3572744110857,18.54071601412643,104.3572744110857,2.703676700592041,2.6564829349517822,0.45267927646636963,0.39237046241760254,1.3322676295501878e-15,-99.28149890158016,99.28149890158016,8.881784197001252e-16,-409.273193359375,3.7743844985961914,0.0,23.514216058311007,3.5696451167764494
272,ddpg_lognormal,ddpg,lognormal,3,-106.0263587478516,15.069646803794063,106.0263587478516,3.7635109424591064,2.9323902130126953,0.45291343331336975,0.39267632365226746,1.7763568394002505e-15,-102.5116016525258,102.5116016525258,2.220446049250313e-15,-473.87567138671875,4.3358964920043945,0.0,23.290850501330127,3.571534190692806
273,ddpg_lognormal,ddpg,lognormal,3,-103.31502860812276,6.6433580371065935,103.31502860812276,2.2303948402404785,1.9968867301940918,0.4531586468219757,0.393002450466156,8.881784197001252e-16,-101.11125804394035,101.11125804394035,6.661338147750939e-16,-356.6629638671875,3.4348080158233643,0.0,22.71910192533618,3.4313687565681037
274,ddpg_lognormal,ddpg,lognormal,3,-103.04956162778205,8.529588201225184,103.04956162778205,2.149082899093628,2.634323835372925,0.45331960916519165,0.3931807279586792,8.881784197001252e-16,-100.50261058385648,100.50261058385648,8.881784197001252e-16,-375.8516540527344,3.6516008377075195,0.0,22.83300818325508,3.4468954740968045
275,ddpg_lognormal,ddpg,lognormal,3,-100.61181925630567,10.414700066440252,100.61181925630567,3.6083335876464844,1.6187987327575684,0.45332854986190796,0.39340534806251526,8.881784197001252e-16,-103.8615349542058,103.8615349542058,8.881784197001252e-16,-371.5634460449219,3.6701042652130127,0.0,23.005552577475704,3.4748006865792416
276,ddpg_lognormal,ddpg,lognormal,3,-99.83070817619816,10.699463682471707,99.83070817619816,3.799024820327759,1.4728481769561768,0.4532424807548523,0.39371824264526367,8.881784197001252e-16,-103.4005060369096,103.4005060369096,8.881784197001252e-16,-371.3212890625,3.642726182937622,0.0,22.880729763635568,3.5616364090902994
277,ddpg_lognormal,ddpg,lognormal,3,-106.94453986819569,19.91682943186646,106.94453986819569,4.017505168914795,1.9022847414016724,0.4532293677330017,0.3940245807170868,3.1086244689504383e-15,-102.91369324214631,102.91369324214631,1.3322676295501878e-15,-428.99884033203125,3.721365451812744,0.0,22.521714105492546,3.56478163199721
278,ddpg_lognormal,ddpg,lognormal,3,-104.41118848236492,10.337355594384,104.41118848236492,3.055868625640869,2.25740909576416,0.45340099930763245,0.39430075883865356,1.7763568394002505e-15,-104.29557244599046,104.29557244599046,2.220446049250313e-15,-403.94482421875,3.813133478164673,0.0,22.134143988646212,3.523957704382372
279,ddpg_lognormal,ddpg,lognormal,3,-102.85084088316242,8.646754772451432,102.85084088316242,2.5607054233551025,1.952085256576538,0.45356544852256775,0.3945600688457489,1.3322676295501878e-15,-104.78626050897245,104.78626050897245,1.3322676295501878e-15,-361.31927490234375,3.5283727645874023,0.0,21.78521071729206,3.498384069546037
280,ddpg_lognormal,ddpg,lognormal,3,-102.34804182060441,9.753400627301387,102.34804182060441,3.5386722087860107,1.640965461730957,0.45353612303733826,0.3947087228298187,1.7763568394002505e-15,-103.44857887916629,103.44857887916629,1.3322676295501878e-15,-369.59698486328125,3.5508599281311035,0.0,21.887278281507037,3.3996956664957994
281,ddpg_lognormal,ddpg,lognormal,3,-99.612466463609,9.100747624045125,99.612466463609,3.0288548469543457,1.936081051826477,0.45327597856521606,0.39486265182495117,1.3322676295501878e-15,-103.55581278712542,103.55581278712542,8.881784197001252e-16,-360.8275146484375,3.569556713104248,0.0,22.10696674528576,3.476892138609574
282,ddpg_lognormal,ddpg,lognormal,3,-101.70334580438147,12.282466992557085,101.70334580438147,2.689730644226074,2.2544963359832764,0.45328113436698914,0.39500534534454346,8.881784197001252e-16,-103.32673965892263,103.32673965892263,1.7763568394002505e-15,-378.2983703613281,3.6735057830810547,0.0,22.103380993008614,3.5260651619727943
283,ddpg_lognormal,ddpg,lognormal,3,-102.27967661347357,8.707628115903546,102.27967661347357,2.194268226623535,2.585789203643799,0.45331308245658875,0.3951011598110199,8.881784197001252e-16,-101.35389969873384,101.35389969873384,1.1102230246251565e-15,-378.2080078125,3.720551013946533,0.0,22.219888207813106,3.5058588990331847
284,ddpg_lognormal,ddpg,lognormal,3,-99.30350271352481,9.409338913034675,99.30350271352481,3.134955406188965,1.9295873641967773,0.45324406027793884,0.39537736773490906,1.3322676295501878e-15,-101.6490177216667,101.6490177216667,8.881784197001252e-16,-361.93572998046875,3.6960325241088867,0.0,22.290726530055203,3.5599090162265514
285,ddpg_lognormal,ddpg,lognormal,3,-99.60600324599841,13.429312172729375,99.60600324599841,4.141941070556641,1.3560068607330322,0.4531097412109375,0.39560574293136597,2.220446049250313e-15,-103.3750687670728,103.3750687670728,1.7763568394002505e-15,-360.263916015625,3.5509870052337646,0.0,22.18888574164538,3.549432334351531
286,ddpg_lognormal,ddpg,lognormal,3,-99.44942273985656,9.765375781543003,99.44942273985656,2.6598782539367676,2.035412549972534,0.4528961777687073,0.3959122896194458,1.1102230246251565e-15,-100.6287403173922,100.6287403173922,8.881784197001252e-16,-361.6170959472656,3.636481523513794,0.0,21.962531386741567,3.567431128251233
287,ddpg_lognormal,ddpg,lognormal,3,-104.19604143496966,13.22524178932544,104.19604143496966,3.085521697998047,2.2649073600769043,0.4529522955417633,0.39609193801879883,1.7763568394002505e-15,-102.96898012520947,102.96898012520947,8.881784197001252e-16,-406.2473449707031,3.779106616973877,0.0,21.333565271681262,3.5118996634125885
288,ddpg_lognormal,ddpg,lognormal,3,-100.20671385067811,7.313867938339095,100.20671385067811,2.6325693130493164,1.4105327129364014,0.45303118228912354,0.39615315198898315,8.881784197001252e-16,-101.36941363874506,101.36941363874506,8.881784197001252e-16,-319.66424560546875,3.202207088470459,0.0,21.202871789889674,3.377155646715047
289,ddpg_lognormal,ddpg,lognormal,3,-101.10168821495903,8.730470893633882,101.10168821495903,2.9798293113708496,2.129727363586426,0.45294395089149475,0.3962099850177765,8.881784197001252e-16,-103.32185734281504,103.32185734281504,8.881784197001252e-16,-380.14569091796875,3.7371034622192383,0.0,21.665007918718317,3.3172539860852774
290,ddpg_lognormal,ddpg,lognormal,3,-104.27656591434504,11.400936417795439,104.27656591434504,2.354310989379883,1.882765769958496,0.45284467935562134,0.3961526155471802,1.1102230246251565e-15,-104.07566009681483,104.07566009681483,8.881784197001252e-16,-344.78045654296875,3.3008875846862793,0.0,21.824439679582916,3.459344188921109
291,ddpg_lognormal,ddpg,lognormal,3,-104.04779695181197,8.747730027432493,104.04779695181197,1.645305871963501,1.8583201169967651,0.4526210129261017,0.39616262912750244,8.881784197001252e-16,-102.11984374704845,102.11984374704845,1.7763568394002505e-15,-321.3328552246094,3.092283248901367,0.0,22.00514175352596,3.420472535886802
292,ddpg_lognormal,ddpg,lognormal,3,-103.54727458027605,9.945734005940324,103.54727458027605,4.846365928649902,1.881166696548462,0.4525482654571533,0.39621421694755554,1.3322676295501878e-15,-101.7307769238121,101.7307769238121,8.881784197001252e-16,-441.2144470214844,4.25972318649292,0.0,22.392260467367514,3.464199998892755
293,ddpg_lognormal,ddpg,lognormal,3,-100.02140238197416,8.069015846537166,100.02140238197416,2.5427041053771973,1.8863260746002197,0.4523719549179077,0.39628079533576965,8.881784197001252e-16,-101.08362759161986,101.08362759161986,1.7763568394002505e-15,-355.1825256347656,3.534292221069336,0.0,22.799702736593428,3.5439069430077716
294,ddpg_lognormal,ddpg,lognormal,3,-104.91839391584483,10.797843153296961,104.91839391584483,3.516181230545044,2.3469185829162598,0.4522876739501953,0.39630720019340515,8.881784197001252e-16,-105.83765557291916,105.83765557291916,1.1102230246251565e-15,-419.78790283203125,3.981945514678955,0.0,23.081403275685652,3.5592639411278513
295,ddpg_lognormal,ddpg,lognormal,3,-104.82772157744466,8.618436056227562,104.82772157744466,1.9383227825164795,2.1541731357574463,0.45222243666648865,0.3962823152542114,8.881784197001252e-16,-108.89422515255906,108.89422515255906,2.220446049250313e-15,-346.5548095703125,3.359438896179199,0.0,23.14524070847602,3.63561817044614
296,ddpg_lognormal,ddpg,lognormal,3,-98.8978468793571,10.476694936849604,98.8978468793571,4.836836338043213,1.4621559381484985,0.45214059948921204,0.396308571100235,2.220446049250313e-15,-101.41186672685075,101.41186672685075,4.440892098500626e-16,-401.26513671875,4.004958152770996,0.0,22.83959496872766,3.5935522292496724
297,ddpg_lognormal,ddpg,lognormal,3,-100.12021207372186,7.395117692323308,100.12021207372186,2.7207932472229004,2.102158784866333,0.45194390416145325,0.39637231826782227,1.3322676295501878e-15,-100.8808837493235,100.8808837493235,8.881784197001252e-16,-366.0923767089844,3.631739616394043,0.0,22.551841299448693,3.536312889717963
298,ddpg_lognormal,ddpg,lognormal,3,-100.10857062186258,7.801790560745927,100.10857062186258,2.0196502208709717,1.3259315490722656,0.451724648475647,0.39631137251853943,8.881784197001252e-16,-102.8603048975371,102.8603048975371,8.881784197001252e-16,-289.5629577636719,2.925405740737915,0.0,22.66405364303362,3.4900077571094568
299,ddpg_lognormal,ddpg,lognormal,3,-99.49745637137835,7.9399361566033,99.49745637137835,3.599980115890503,1.886570692062378,0.4516155421733856,0.3961471915245056,1.3322676295501878e-15,-97.58995155009501,97.58995155009501,8.881784197001252e-16,-377.638916015625,3.874420166015625,0.0,22.562643481507187,3.622879239032045
300,ddpg_lognormal,ddpg,lognormal,3,-98.29126270407346,8.644231205999336,98.29126270407346,3.232672691345215,1.679804801940918,0.45167702436447144,0.396096408367157,1.3322676295501878e-15,-100.83992622644186,100.83992622644186,8.881784197001252e-16,-358.3903503417969,3.6631016731262207,0.0,22.177200950682163,3.415003594005525
301,ddpg_lognormal,ddpg,lognormal,3,-101.40532816647189,8.330557320027605,101.40532816647189,3.076089382171631,2.7207396030426025,0.45171114802360535,0.39601337909698486,1.3322676295501878e-15,-100.41164983806314,100.41164983806314,4.440892098500626e-16,-422.9049987792969,4.1554412841796875,0.0,22.022308886051178,3.42587678002504
302,ddpg_lognormal,ddpg,lognormal,3,-104.71345587442369,11.31683369792257,104.71345587442369,4.65218448638916,2.5264508724212646,0.45179006457328796,0.3959428071975708,2.6645352591003757e-15,-99.70088296548391,99.70088296548391,8.881784197001252e-16,-463.87298583984375,4.343005657196045,0.0,22.32984964336668,3.543334426186491
303,ddpg_lognormal,ddpg,lognormal,3,-103.3956814331413,9.272094749845614,103.3956814331413,2.4961605072021484,2.0808522701263428,0.45174136757850647,0.39599692821502686,1.3322676295501878e-15,-106.84832770642468,106.84832770642468,8.881784197001252e-16,-365.411376953125,3.5274834632873535,0.0,21.210878338842164,3.711900661854694
304,ddpg_lognormal,ddpg,lognormal,3,-99.96785267956184,10.144546744864762,99.96785267956184,3.6672182083129883,1.449874997138977,0.4516429901123047,0.3962833881378174,1.7763568394002505e-15,-105.84990476699231,105.84990476699231,1.5543122344752192e-15,-368.54034423828125,3.679257392883301,0.0,19.186720289999528,2.97693154689235
305,ddpg_lognormal,ddpg,lognormal,3,-105.1104471236506,11.077139114449635,105.1104471236506,4.039888381958008,2.1258840560913086,0.45160895586013794,0.3964530825614929,2.220446049250313e-15,-99.93560972639776,99.93560972639776,8.881784197001252e-16,-427.98345947265625,3.9362995624542236,0.0,19.852157768039476,2.9537485108400383
306,ddpg_lognormal,ddpg,lognormal,3,-102.47135305005523,9.898506829150053,102.47135305005523,2.6175060272216797,1.800153374671936,0.45162150263786316,0.3967204988002777,1.3322676295501878e-15,-102.85209950736984,102.85209950736984,8.881784197001252e-16,-351.960693359375,3.4366469383239746,0.0,21.08042764912049,3.0967797717256915
307,ddpg_lognormal,ddpg,lognormal,3,-101.7788252254405,8.126373051347485,101.7788252254405,3.1584982872009277,1.60182523727417,0.4515254497528076,0.396862268447876,8.881784197001252e-16,-102.0001211167314,102.0001211167314,1.3322676295501878e-15,-358.0218505859375,3.565093994140625,0.0,21.974383949523883,3.398960501349176
308,ddpg_lognormal,ddpg,lognormal,3,-101.49616894642958,8.423744220690017,101.49616894642958,3.520200490951538,1.778350830078125,0.4513735771179199,0.3968302607536316,1.5543122344752192e-15,-100.42055673082226,100.42055673082226,8.881784197001252e-16,-377.2723388671875,3.7126500606536865,0.0,21.92395353281782,3.416485940228172
309,ddpg_lognormal,ddpg,lognormal,3,-103.54091757978554,10.74269822860751,103.54091757978554,2.85221529006958,2.5436816215515137,0.45117419958114624,0.39683258533477783,8.881784197001252e-16,-104.05694252235087,104.05694252235087,8.881784197001252e-16,-407.5035400390625,3.924893617630005,0.0,21.554973957794054,3.338692759895431
310,ddpg_lognormal,ddpg,lognormal,3,-104.05853261305676,9.212826707909716,104.05853261305676,3.072221517562866,2.5118043422698975,0.4509615898132324,0.39694005250930786,8.881784197001252e-16,-103.1709151943858,103.1709151943858,1.3322676295501878e-15,-413.4144592285156,3.9619102478027344,0.0,21.688953524544125,3.3221743803948076
311,ddpg_lognormal,ddpg,lognormal,3,-101.83858797027679,9.19180278971679,101.83858797027679,2.167726516723633,1.8247156143188477,0.4506891667842865,0.3968932628631592,8.881784197001252e-16,-100.43306354817864,100.43306354817864,2.220446049250313e-15,-329.2815856933594,3.2805914878845215,0.0,22.070605185769853,3.381106911082974
312,ddpg_lognormal,ddpg,lognormal,3,-106.61901532545664,28.03181565405427,106.61901532545664,2.735231637954712,3.0910592079162598,0.4505124092102051,0.3969093859195709,1.5543122344752192e-15,-101.95031155070764,101.95031155070764,8.881784197001252e-16,-456.7607727050781,3.9680323600769043,0.0,22.521432152816224,3.523582951941838
313,ddpg_lognormal,ddpg,lognormal,3,-98.54121086052774,8.556538534420595,98.54121086052774,2.879476547241211,1.8968634605407715,0.4505953788757324,0.39693793654441833,8.881784197001252e-16,-102.25860404240575,102.25860404240575,8.881784197001252e-16,-356.8138732910156,3.6305084228515625,0.0,22.946554065105463,3.6145742167219783
314,ddpg_lognormal,ddpg,lognormal,3,-100.31058751464278,7.718486912012384,100.31058751464278,2.2869043350219727,1.7257778644561768,0.45064762234687805,0.3971813917160034,8.881784197001252e-16,-102.45468108471977,102.45468108471977,2.220446049250313e-15,-339.342041015625,3.420788288116455,0.0,23.356127072657856,3.662491974742374
315,ddpg_lognormal,ddpg,lognormal,3,-105.6029470779801,20.40412311512262,105.6029470779801,2.4300713539123535,2.330883026123047,0.45062968134880066,0.39743316173553467,1.7763568394002505e-15,-102.30546453585688,102.30546453585688,8.881784197001252e-16,-386.137939453125,3.546557903289795,0.0,23.27838845267182,3.6889381192214343
316,ddpg_lognormal,ddpg,lognormal,3,-103.90297096552595,15.106550447015433,103.90297096552595,2.5878381729125977,1.6660162210464478,0.45058682560920715,0.3975054621696472,1.7763568394002505e-15,-101.77518083551078,101.77518083551078,8.881784197001252e-16,-335.68585205078125,3.3196139335632324,0.0,23.049810920797643,3.641548551025889
317,ddpg_lognormal,ddpg,lognormal,3,-105.05021538810244,14.16973947076235,105.05021538810244,4.568325042724609,1.3338130712509155,0.4506095051765442,0.3976046144962311,2.220446049250313e-15,-102.17335818268685,102.17335818268685,8.881784197001252e-16,-393.7362060546875,3.622539758682251,0.0,22.927278380663623,3.6125046271620143
318,ddpg_lognormal,ddpg,lognormal,3,-101.40905844062976,8.890494601466001,101.40905844062976,2.7491273880004883,1.7771074771881104,0.4506828188896179,0.3975343406200409,8.881784197001252e-16,-102.068475070667,102.068475070667,1.3322676295501878e-15,-352.58673095703125,3.5269086360931396,0.0,22.7953096394028,3.665693487595057
319,ddpg_lognormal,ddpg,lognormal,3,-100.4092985442843,8.665254308959089,100.4092985442843,2.1681711673736572,1.3485809564590454,0.4508415758609772,0.3975186049938202,8.881784197001252e-16,-102.74185367530302,102.74185367530302,8.881784197001252e-16,-299.7559509277344,3.0370967388153076,0.0,22.3272522858211,3.4652698847487393
320,ddpg_lognormal,ddpg,lognormal,3,-102.30055546344371,16.92820236541711,102.30055546344371,3.31805682182312,2.1359007358551025,0.45092153549194336,0.3975592255592346,1.5543122344752192e-15,-102.87607141280486,102.87607141280486,8.881784197001252e-16,-410.6978454589844,3.8376474380493164,0.0,22.044080535570778,3.4670913089066744
321,ddpg_lognormal,ddpg,lognormal,3,-104.3914841055223,9.11637398659703,104.3914841055223,1.9083303213119507,1.9460865259170532,0.45102113485336304,0.3976390063762665,6.661338147750939e-16,-105.5269686303252,105.5269686303252,8.881784197001252e-16,-343.10430908203125,3.2844808101654053,0.0,22.13512081901232,3.3898197851432044
322,ddpg_lognormal,ddpg,lognormal,3,-101.73219225160298,9.050096689905967,101.73219225160298,2.7930541038513184,1.8193140029907227,0.4509631395339966,0.3978821635246277,8.881784197001252e-16,-103.9099973160915,103.9099973160915,4.440892098500626e-16,-353.9327392578125,3.458477258682251,0.0,22.273369107218016,3.438289858090381
323,ddpg_lognormal,ddpg,lognormal,3,-102.0324530335015,9.363446241391502,102.0324530335015,3.033090114593506,2.3427815437316895,0.4507042169570923,0.3980546295642853,8.881784197001252e-16,-101.92304763458267,101.92304763458267,8.881784197001252e-16,-385.5428466796875,3.774277687072754,0.0,21.94272293966441,3.409941099323554
324,ddpg_lognormal,ddpg,lognormal,3,-99.27345854557242,6.978653026554041,99.27345854557242,2.815948486328125,1.3095179796218872,0.4503343999385834,0.3982054591178894,8.881784197001252e-16,-103.81345800958957,103.81345800958957,1.3322676295501878e-15,-316.3877258300781,3.232541799545288,0.0,21.75006486298073,3.439528035310407
325,ddpg_lognormal,ddpg,lognormal,3,-100.88851009753685,8.005927533399143,100.88851009753685,2.5013580322265625,1.8100976943969727,0.4499187469482422,0.398486465215683,8.881784197001252e-16,-101.97066341227425,101.97066341227425,8.881784197001252e-16,-344.38232421875,3.4136502742767334,0.0,21.455876315278665,3.477782384669852
326,ddpg_lognormal,ddpg,lognormal,3,-103.61884864964907,10.29111806846347,103.61884864964907,1.8720216751098633,1.8211077451705933,0.4495896100997925,0.3986230492591858,8.881784197001252e-16,-104.72719685359402,104.72719685359402,8.881784197001252e-16,-331.294189453125,3.2082009315490723,0.0,21.060317823574657,3.350823495126817
327,ddpg_lognormal,ddpg,lognormal,3,-102.64840765996959,10.36113081060127,102.64840765996959,3.095712184906006,1.5843660831451416,0.4493936598300934,0.3989299535751343,2.220446049250313e-15,-105.26701467703903,105.26701467703903,8.881784197001252e-16,-361.73541259765625,3.4759228229522705,0.0,20.673224639324914,3.1962981248340974
328,ddpg_lognormal,ddpg,lognormal,3,-103.58169427608223,13.939776498713229,103.58169427608223,4.461368560791016,1.8759732246398926,0.4492555856704712,0.39911580085754395,1.7763568394002505e-15,-103.7097293580592,103.7097293580592,8.881784197001252e-16,-412.7421569824219,3.934690475463867,0.0,20.639199058924405,3.1676449274167506
329,ddpg_lognormal,ddpg,lognormal,3,-101.75498746984877,11.588806761467099,101.75498746984877,4.018941879272461,1.4565595388412476,0.4490882158279419,0.39916688203811646,2.220446049250313e-15,-103.7827513396056,103.7827513396056,1.7763568394002505e-15,-374.1672058105469,3.6336591243743896,0.0,21.177507007051084,3.2108053233574276
330,ddpg_lognormal,ddpg,lognormal,3,-104.26906522131853,8.84486417213777,104.26906522131853,2.3823764324188232,2.0026769638061523,0.4488716125488281,0.39923304319381714,8.881784197001252e-16,-103.34112732637404,103.34112732637404,8.881784197001252e-16,-348.919677734375,3.336132049560547,0.0,21.593868571732724,3.2991341654033888
331,ddpg_lognormal,ddpg,lognormal,3,-101.9755993070408,9.737842489072564,101.9755993070408,2.853966236114502,2.0925049781799316,0.44859370589256287,0.3991263508796692,8.881784197001252e-16,-101.95189555426748,101.95189555426748,4.440892098500626e-16,-370.2916259765625,3.625065565109253,0.0,21.840390402291504,3.4199413307388093
332,ddpg_lognormal,ddpg,lognormal,3,-106.08794734217801,11.119531906273695,106.08794734217801,2.789422035217285,2.9445295333862305,0.448475182056427,0.39903581142425537,1.3322676295501878e-15,-102.04421516339863,102.04421516339863,1.3322676295501878e-15,-456.2410583496094,4.246172904968262,0.0,21.706686341691587,3.4645223653697896
333,ddpg_lognormal,ddpg,lognormal,3,-104.60820147282823,14.392453758215993,104.60820147282823,4.760912895202637,2.522465467453003,0.44848889112472534,0.3989661931991577,1.7763568394002505e-15,-104.29513970604923,104.29513970604923,8.881784197001252e-16,-479.4154052734375,4.445255279541016,0.0,21.385083946088947,3.4268792761556273
334,ddpg_lognormal,ddpg,lognormal,3,-101.98368677520541,21.69809134029844,101.98368677520541,4.321276664733887,1.679697036743164,0.4484621286392212,0.3989955186843872,1.7763568394002505e-15,-102.6253672156716,102.6253672156716,8.881784197001252e-16,-405.55072021484375,3.722900390625,0.0,21.059130542689843,3.3990143901069785
335,ddpg_lognormal,ddpg,lognormal,3,-101.84421062019437,9.734440836697587,101.84421062019437,2.5936763286590576,2.0877106189727783,0.4486275911331177,0.39888957142829895,8.881784197001252e-16,-102.59947899790916,102.59947899790916,1.1102230246251565e-15,-372.3096008300781,3.6956448554992676,0.0,21.141299529089814,3.337620943878955
336,ddpg_lognormal,ddpg,lognormal,3,-102.05732640897098,12.04327224416414,102.05732640897098,3.686929702758789,2.4126062393188477,0.4487448036670685,0.3988383412361145,8.881784197001252e-16,-103.88179593249168,103.88179593249168,1.1102230246251565e-15,-414.7432861328125,3.982499599456787,0.0,21.207186014524527,3.362191148845124
337,ddpg_lognormal,ddpg,lognormal,3,-100.02912090051511,8.338124314911655,100.02912090051511,3.038186550140381,2.173515558242798,0.44878458976745605,0.3986663520336151,8.881784197001252e-16,-104.26184519068444,104.26184519068444,1.3322676295501878e-15,-374.3789978027344,3.750584363937378,0.0,21.38822167508659,3.3764803526435223
338,ddpg_lognormal,ddpg,lognormal,3,-105.47116654668447,17.041210302547142,105.47116654668447,4.789867401123047,1.7655456066131592,0.4488995373249054,0.3985520899295807,1.7763568394002505e-15,-103.0701502498964,103.0701502498964,1.7763568394002505e-15,-428.47216796875,3.917145252227783,0.0,21.505600982833478,3.465329482558272
339,ddpg_lognormal,ddpg,lognormal,3,-102.51183579422467,8.771324525498388,102.51183579422467,3.085082530975342,2.434858560562134,0.44906455278396606,0.39850345253944397,1.3322676295501878e-15,-102.20975799760295,102.20975799760295,8.881784197001252e-16,-405.2569274902344,3.928248882293701,0.0,21.644790876479377,3.5693221347007364
340,ddpg_lognormal,ddpg,lognormal,3,-101.82240943271357,8.848208345363556,101.82240943271357,2.8728365898132324,1.9850584268569946,0.4492369294166565,0.39837193489074707,8.881784197001252e-16,-100.94961357688561,100.94961357688561,8.881784197001252e-16,-366.36993408203125,3.609395742416382,0.0,21.9139994595732,3.526630924737436
341,ddpg_lognormal,ddpg,lognormal,3,-101.2441771013898,8.126771661098502,101.2441771013898,2.681931495666504,1.7090957164764404,0.4495185315608978,0.3982401192188263,8.881784197001252e-16,-100.90542656111553,100.90542656111553,8.881784197001252e-16,-348.953857421875,3.456930637359619,0.0,22.226544673598948,3.6759517646305975
342,ddpg_lognormal,ddpg,lognormal,3,-99.93688123778364,7.369964823694085,99.93688123778364,3.7213187217712402,2.7168407440185547,0.4496678113937378,0.3980836868286133,8.881784197001252e-16,-101.19936165661022,101.19936165661022,8.881784197001252e-16,-428.07366943359375,4.271444320678711,0.0,21.660971102260408,3.5147053529951897
343,ddpg_lognormal,ddpg,lognormal,3,-103.05603153456074,12.68144232819912,103.05603153456074,2.3228280544281006,2.7557802200317383,0.4497498571872711,0.3980456590652466,8.881784197001252e-16,-100.023463304573,100.023463304573,8.881784197001252e-16,-394.22235107421875,3.7034292221069336,0.0,20.685497865790413,3.292329072664004
344,ddpg_lognormal,ddpg,lognormal,3,-103.94772670768415,10.81284435462935,103.94772670768415,3.215430974960327,1.7146482467651367,0.4499453902244568,0.39790406823158264,1.7763568394002505e-15,-100.11458528493799,100.11458528493799,8.881784197001252e-16,-375.607666015625,3.5901637077331543,0.0,20.287374129252775,3.1279411103654033
345,ddpg_lognormal,ddpg,lognormal,3,-102.35122240532715,16.874098107587777,102.35122240532715,4.099311351776123,1.9977290630340576,0.4501364231109619,0.3977345824241638,1.1102230246251565e-15,-104.77797126055118,104.77797126055118,8.881784197001252e-16,-419.0970458984375,3.9975781440734863,0.0,20.566127644053527,3.2119335314325457
346,ddpg_lognormal,ddpg,lognormal,3,-102.44030502200346,10.940563890573289,102.44030502200346,2.641782283782959,1.5264477729797363,0.45037931203842163,0.39757078886032104,1.3322676295501878e-15,-102.6680245402564,102.6680245402564,2.220446049250313e-15,-334.4032897949219,3.2140259742736816,0.0,20.833848878386473,3.257912684597873
347,ddpg_lognormal,ddpg,lognormal,3,-102.3759740968458,9.119406035526607,102.3759740968458,2.153151512145996,2.2552261352539062,0.45046061277389526,0.3973810374736786,8.881784197001252e-16,-104.3437125183885,104.3437125183885,8.881784197001252e-16,-339.4346008300781,3.3072006702423096,0.0,20.88869981964429,3.2812914125998285
348,ddpg_lognormal,ddpg,lognormal,3,-105.84809691407284,11.961005453999212,105.84809691407284,3.5317463874816895,1.72038996219635,0.4503248333930969,0.39710837602615356,1.1102230246251565e-15,-100.95068721100628,100.95068721100628,8.881784197001252e-16,-385.77197265625,3.6480093002319336,0.0,20.120035842770623,3.142946903050567
349,ddpg_lognormal,ddpg,lognormal,3,-101.82306434273082,13.00050106984108,101.82306434273082,3.987147808074951,2.341714859008789,0.4500995874404907,0.3969292640686035,1.7763568394002505e-15,-103.47609004858447,103.47609004858447,8.881784197001252e-16,-421.8253173828125,4.086158752441406,0.0,20.394213869812944,3.219226265115486
350,ddpg_lognormal,ddpg,lognormal,3,-100.2053315943664,9.72806446075946,100.2053315943664,2.2171308994293213,1.6309916973114014,0.4498625099658966,0.3966667652130127,8.881784197001252e-16,-98.43679361780802,98.43679361780802,1.3322676295501878e-15,-313.74554443359375,3.1937403678894043,0.0,21.036909204863363,3.156322005315728
351,ddpg_lognormal,ddpg,lognormal,3,-104.02990059737547,9.048165022851244,104.02990059737547,2.600606679916382,1.292746663093567,0.44964599609375,0.39646726846694946,8.881784197001252e-16,-101.00885975552944,101.00885975552944,8.881784197001252e-16,-314.7664794921875,3.041071653366089,0.0,21.593829836164204,3.2734297023465238
352,ddpg_lognormal,ddpg,lognormal,3,-101.45685622575043,9.206876644978493,101.45685622575043,2.9400529861450195,1.4277136325836182,0.44935792684555054,0.3965090811252594,8.881784197001252e-16,-101.52346978635748,101.52346978635748,8.881784197001252e-16,-341.43035888671875,3.3993875980377197,0.0,21.523294629085633,3.3559316611360934
353,ddpg_lognormal,ddpg,lognormal,3,-105.11408343967085,10.746128399905425,105.11408343967085,3.3111371994018555,1.21602201461792,0.44906002283096313,0.3965257704257965,2.220446049250313e-15,-102.20019414172714,102.20019414172714,8.881784197001252e-16,-343.19158935546875,3.2813382148742676,0.0,21.18505931752069,3.1882004720447137
354,ddpg_lognormal,ddpg,lognormal,3,-99.73068304414276,10.363347574787076,99.73068304414276,4.594799518585205,1.723222255706787,0.44881176948547363,0.396486759185791,1.3322676295501878e-15,-104.0051754445128,104.0051754445128,4.440892098500626e-16,-397.63134765625,4.051827907562256,0.0,20.870713399634475,3.171301671470116
355,ddpg_lognormal,ddpg,lognormal,3,-99.35868651381827,11.015416305708126,99.35868651381827,2.25034761428833,1.6918506622314453,0.44882136583328247,0.3965986967086792,8.881784197001252e-16,-103.36468983462748,103.36468983462748,8.881784197001252e-16,-342.4057312011719,3.437346935272217,0.0,20.594920161224547,3.0681436035360785
356,ddpg_lognormal,ddpg,lognormal,3,-99.70670582479212,9.466155669010158,99.70670582479212,4.0683817863464355,1.9542146921157837,0.4489029049873352,0.3966113328933716,8.881784197001252e-16,-104.76973610985289,104.76973610985289,1.7763568394002505e-15,-390.834228515625,3.8961329460144043,0.0,20.584652562581358,3.0687918832547787
357,ddpg_lognormal,ddpg,lognormal,3,-99.08294873022265,10.312506303513537,99.08294873022265,2.8148679733276367,1.6246702671051025,0.4488547444343567,0.39657092094421387,8.881784197001252e-16,-101.77179865991928,101.77179865991928,8.881784197001252e-16,-342.53704833984375,3.492034912109375,0.0,20.608241771658264,3.097204924671955
358,ddpg_lognormal,ddpg,lognormal,3,-99.54122343606619,10.045098879090064,99.54122343606619,2.9493942260742188,1.6784758567810059,0.4486446976661682,0.3964689373970032,1.3322676295501878e-15,-101.31850348015314,101.31850348015314,8.881784197001252e-16,-340.635009765625,3.47029972076416,0.0,20.723935646670206,3.106990996576358
359,ddpg_lognormal,ddpg,lognormal,3,-101.48259645320289,9.607693119234366,101.48259645320289,2.4393701553344727,1.6416833400726318,0.44841277599334717,0.3965402841567993,8.881784197001252e-16,-105.48877493446321,105.48877493446321,1.7763568394002505e-15,-334.69464111328125,3.31691837310791,0.0,20.96395224864994,3.221458002575673
360,ddpg_lognormal,ddpg,lognormal,3,-102.77655251743224,11.021059681425427,102.77655251743224,2.889802932739258,2.1990621089935303,0.4481673240661621,0.39643698930740356,1.7763568394002505e-15,-98.69319460162978,98.69319460162978,8.881784197001252e-16,-386.12603759765625,3.6878747940063477,0.0,21.277088555906502,3.312244198163084
361,ddpg_lognormal,ddpg,lognormal,3,-101.39163152391706,8.50296956177268,101.39163152391706,2.7006278038024902,1.3384093046188354,0.448169469833374,0.39626991748809814,8.881784197001252e-16,-100.34574375905235,100.34574375905235,8.881784197001252e-16,-330.8095703125,3.3121304512023926,0.0,21.54892223825057,3.502947513546262
362,ddpg_lognormal,ddpg,lognormal,3,-98.86751006107949,7.517629954458305,98.86751006107949,2.9967188835144043,1.682518482208252,0.448004812002182,0.39603403210639954,8.881784197001252e-16,-108.58901734423183,108.58901734423183,8.881784197001252e-16,-342.8660888671875,3.505453109741211,0.0,21.6840960085392,3.6279280537384606
363,ddpg_lognormal,ddpg,lognormal,3,-104.12738954101746,13.107866840928079,104.12738954101746,2.520594835281372,2.2689757347106934,0.4479292929172516,0.3959217667579651,8.881784197001252e-16,-105.00179830347659,105.00179830347659,1.7763568394002505e-15,-389.9415283203125,3.7698426246643066,0.0,19.573144643789245,3.5354007791749957
364,ddpg_lognormal,ddpg,lognormal,3,-103.42849053131513,8.988131373233092,103.42849053131513,3.5717692375183105,1.881940484046936,0.44778379797935486,0.3957127630710602,8.881784197001252e-16,-109.47858241364204,109.47858241364204,2.886579864025407e-15,-385.44873046875,3.754180669784546,0.0,18.88553259415286,3.5676714920361214
365,ddpg_lognormal,ddpg,lognormal,3,-101.45645872049,10.77820643635188,101.45645872049,2.281193256378174,1.7561922073364258,0.44763997197151184,0.3956826627254486,8.881784197001252e-16,-100.71221643390982,100.71221643390982,8.881784197001252e-16,-332.8562316894531,3.3080201148986816,0.0,19.758317684488638,3.123312075256503
366,ddpg_lognormal,ddpg,lognormal,3,-100.0317879053874,10.88168450584311,100.0317879053874,3.8087174892425537,1.8369983434677124,0.4476650059223175,0.3958287239074707,1.3322676295501878e-15,-108.99174915445943,108.99174915445943,3.552713678800501e-15,-391.2366943359375,3.939221143722534,0.0,20.912817916345027,3.4063458466192795
367,ddpg_lognormal,ddpg,lognormal,3,-104.96873880859891,11.116391882665754,104.96873880859891,3.0131850242614746,2.0140862464904785,0.4478756785392761,0.3959237337112427,8.881784197001252e-16,-103.49256060883646,103.49256060883646,2.220446049250313e-15,-390.66656494140625,3.6297671794891357,0.0,21.3876375662429,3.4439487389976247
368,ddpg_lognormal,ddpg,lognormal,3,-103.4782297304196,8.641812154574914,103.4782297304196,2.402721881866455,1.664964199066162,0.4479723274707794,0.3960559666156769,8.881784197001252e-16,-103.27999085099347,103.27999085099347,4.884981308350689e-15,-328.201904296875,3.2149882316589355,0.0,21.868556859592594,3.439123741190304
369,ddpg_lognormal,ddpg,lognormal,3,-104.71316831826465,26.061973559821432,104.71316831826465,2.510113477706909,2.542901039123535,0.44805529713630676,0.3962183892726898,1.7763568394002505e-15,-101.28470609108305,101.28470609108305,8.881784197001252e-16,-428.3486022949219,3.8226311206817627,0.0,22.293435022234917,3.4694359676823727
370,ddpg_lognormal,ddpg,lognormal,3,-104.13144408673183,23.771769481869388,104.13144408673183,4.979970932006836,2.139113426208496,0.44820523262023926,0.3963652551174164,4.884981308350689e-15,-105.57978829564304,105.57978829564304,8.881784197001252e-16,-470.6535949707031,4.218631267547607,0.0,22.446958486168157,3.46399368080754
371,ddpg_lognormal,ddpg,lognormal,3,-101.30176300775118,8.963717699366386,101.30176300775118,3.1519508361816406,2.0551888942718506,0.4485054910182953,0.39641425013542175,8.881784197001252e-16,-100.94641032794368,100.94641032794368,1.7763568394002505e-15,-376.899169921875,3.683526039123535,0.0,22.77470083818549,3.5582125178937405
372,ddpg_lognormal,ddpg,lognormal,3,-102.55408298123795,11.225186769920924,102.55408298123795,2.498485803604126,1.7329274415969849,0.44895949959754944,0.3964732587337494,1.7763568394002505e-15,-101.47842513399266,101.47842513399266,8.881784197001252e-16,-347.9214782714844,3.373732089996338,0.0,22.460652528064593,3.5672673265161436
373,ddpg_lognormal,ddpg,lognormal,3,-103.25562779108793,13.445308977953857,103.25562779108793,3.0966336727142334,1.8401926755905151,0.44930270314216614,0.3963528275489807,1.3322676295501878e-15,-102.62990113560372,102.62990113560372,8.881784197001252e-16,-371.2095031738281,3.553173542022705,0.0,21.951244518515608,3.4414035004364063
374,ddpg_lognormal,ddpg,lognormal,3,-102.37307737451813,12.061549783934238,102.37307737451813,2.803769588470459,1.7362040281295776,0.4494023323059082,0.39620718359947205,1.3322676295501878e-15,-101.71056930709933,101.71056930709933,1.1102230246251565e-15,-355.7336120605469,3.41733980178833,0.0,21.7425710466646,3.5400416235594703
375,ddpg_lognormal,ddpg,lognormal,3,-106.63462337308695,10.499946380130655,106.63462337308695,2.308892250061035,2.397366523742676,0.4496996998786926,0.3960547149181366,1.3322676295501878e-15,-105.55937801024794,105.55937801024794,8.881784197001252e-16,-392.8433532714844,3.598222255706787,0.0,21.747497798786277,3.431435298263317
376,ddpg_lognormal,ddpg,lognormal,3,-103.00264047665617,9.013648183895985,103.00264047665617,2.8103199005126953,1.9520313739776611,0.44985103607177734,0.3958039879798889,1.3322676295501878e-15,-101.54938318492684,101.54938318492684,1.3322676295501878e-15,-363.85931396484375,3.4961235523223877,0.0,22.007454866099923,3.4737516327738938
377,ddpg_lognormal,ddpg,lognormal,3,-104.1717393561228,12.546465791943302,104.1717393561228,2.8844728469848633,1.8374903202056885,0.45019668340682983,0.3954552114009857,1.1102230246251565e-15,-104.23075448881633,104.23075448881633,8.881784197001252e-16,-379.6036682128906,3.6124162673950195,0.0,22.023820348083973,3.5042040767647062
378,ddpg_lognormal,ddpg,lognormal,3,-103.03619090183807,9.672949037080315,103.03619090183807,4.569764614105225,1.5222175121307373,0.450549453496933,0.39505380392074585,1.3322676295501878e-15,-104.36714193466092,104.36714193466092,8.881784197001252e-16,-402.59832763671875,3.9320802688598633,0.0,21.812515081394288,3.441727152848173
379,ddpg_lognormal,ddpg,lognormal,3,-102.18326655905392,9.606623804792584,102.18326655905392,3.5050806999206543,2.1084163188934326,0.4508211612701416,0.394528865814209,8.881784197001252e-16,-104.50652819748898,104.50652819748898,8.881784197001252e-16,-392.38873291015625,3.8646178245544434,0.0,21.69096181151413,3.4562864933950115
380,ddpg_lognormal,ddpg,lognormal,3,-102.43274429814748,9.937215391855336,102.43274429814748,3.171532154083252,2.2061526775360107,0.45117488503456116,0.3941475450992584,8.881784197001252e-16,-101.2997329751019,101.2997329751019,8.881784197001252e-16,-410.5429382324219,3.976750612258911,0.0,21.817026792537597,3.442824615276463
381,ddpg_lognormal,ddpg,lognormal,3,-102.5051804175418,8.738654734042823,102.5051804175418,2.590073585510254,2.0474486351013184,0.45133495330810547,0.39379772543907166,8.881784197001252e-16,-102.11056417022132,102.11056417022132,1.3322676295501878e-15,-356.1241455078125,3.459710121154785,0.0,21.835436558794406,3.442482589805011
382,ddpg_lognormal,ddpg,lognormal,3,-101.68700952645601,7.9397822659915835,101.68700952645601,3.0819263458251953,1.146667718887329,0.45147570967674255,0.39354363083839417,1.3322676295501878e-15,-104.40774280105686,104.40774280105686,2.4424906541753444e-15,-331.53057861328125,3.3007073402404785,0.0,21.424175388756254,3.5037777732525557
383,ddpg_lognormal,ddpg,lognormal,3,-101.35781383087325,7.801370638933948,101.35781383087325,2.7486956119537354,1.7348275184631348,0.4514301121234894,0.39320695400238037,8.881784197001252e-16,-107.52292611588561,107.52292611588561,4.440892098500626e-15,-333.8153076171875,3.3153436183929443,0.0,21.05493034280482,3.481511120518137
384,ddpg_lognormal,ddpg,lognormal,3,-103.34061099823933,12.988623780370673,103.34061099823933,4.253293037414551,1.6567530632019043,0.4513501822948456,0.39288651943206787,2.220446049250313e-15,-104.27117191997348,104.27117191997348,1.3322676295501878e-15,-402.03997802734375,3.7485413551330566,0.0,20.458272358491307,3.501736163039736
385,ddpg_lognormal,ddpg,lognormal,3,-103.33884948545105,20.353614619826093,103.33884948545105,4.416854381561279,1.8138816356658936,0.45127809047698975,0.3925207853317261,6.217248937900877e-15,-103.93076119175396,103.93076119175396,1.3322676295501878e-15,-420.4036865234375,3.820873260498047,0.0,19.891231496774015,3.3503238369067687
386,ddpg_lognormal,ddpg,lognormal,3,-103.04659108102496,7.923321164857506,103.04659108102496,3.13857364654541,2.0544729232788086,0.45147526264190674,0.39224773645401,8.881784197001252e-16,-102.39108755124892,102.39108755124892,1.3322676295501878e-15,-401.5168762207031,3.8809399604797363,0.0,19.711961568466258,3.2889425014478286
387,ddpg_lognormal,ddpg,lognormal,3,-103.2497759639136,9.761779419405318,103.2497759639136,2.4013071060180664,1.7510943412780762,0.45157676935195923,0.3921716809272766,1.3322676295501878e-15,-100.95300811174042,100.95300811174042,1.7763568394002505e-15,-339.15411376953125,3.235839605331421,0.0,19.653143447424686,3.284727887372442
388,ddpg_lognormal,ddpg,lognormal,3,-100.92859816739909,8.204571064901062,100.92859816739909,2.9173974990844727,1.5498307943344116,0.45152541995048523,0.3922729790210724,8.881784197001252e-16,-102.98782727822291,102.98782727822291,8.881784197001252e-16,-358.50982666015625,3.593918800354004,0.0,18.704488126294954,3.4995445285458118
389,ddpg_lognormal,ddpg,lognormal,3,-103.37636068010006,14.039267928654981,103.37636068010006,2.589015245437622,1.7212889194488525,0.4512941241264343,0.3923964500427246,8.881784197001252e-16,-99.27837012989954,99.27837012989954,8.881784197001252e-16,-349.8165283203125,3.4056029319763184,0.0,17.016046284564904,3.037266271188855
390,ddpg_lognormal,ddpg,lognormal,3,-100.87206896209281,9.420047454610113,100.87206896209281,3.995091676712036,2.193946599960327,0.4512218236923218,0.3925650715827942,1.3322676295501878e-15,-103.67353937638129,103.67353937638129,1.1102230246251565e-15,-423.515625,4.271917819976807,0.0,16.901967368487803,2.9586088059004396
391,ddpg_lognormal,ddpg,lognormal,3,-101.44123125643762,8.852039996711587,101.44123125643762,2.9446630477905273,2.2812819480895996,0.4511496424674988,0.3928784132003784,8.881784197001252e-16,-101.51154798465066,101.51154798465066,8.881784197001252e-16,-396.0965576171875,3.9228317737579346,0.0,16.92570208030797,2.667178248404525
392,ddpg_lognormal,ddpg,lognormal,3,-98.85006349174057,6.532196746698179,98.85006349174057,2.384530544281006,1.8631325960159302,0.4509328603744507,0.393210232257843,8.881784197001252e-16,-101.29552388645814,101.29552388645814,8.881784197001252e-16,-335.693115234375,3.4316658973693848,0.0,18.004444820540293,2.6255066397189655
393,ddpg_lognormal,ddpg,lognormal,3,-105.91777156641258,29.7100194258054,105.91777156641258,4.697081565856934,2.0016980171203613,0.4507455825805664,0.3934863805770874,3.1086244689504383e-15,-100.33317272033986,100.33317272033986,8.881784197001252e-16,-451.95458984375,3.8409247398376465,0.0,18.929753500790824,2.7553577938316653
394,ddpg_lognormal,ddpg,lognormal,3,-104.17178104731668,16.044987037368557,104.17178104731668,3.9519121646881104,2.203129768371582,0.45055997371673584,0.3938611149787903,2.6645352591003757e-15,-100.55981592651983,100.55981592651983,8.881784197001252e-16,-421.43499755859375,3.739945650100708,0.0,19.25336052264486,2.8373882540257735
395,ddpg_lognormal,ddpg,lognormal,3,-105.13361262902433,15.575261886676726,105.13361262902433,3.7996716499328613,1.6978871822357178,0.4503699839115143,0.3942852020263672,4.440892098500626e-15,-100.72344341892672,100.72344341892672,8.881784197001252e-16,-395.6621398925781,3.6908771991729736,0.0,19.749563099018165,2.9199155939776182
396,ddpg_lognormal,ddpg,lognormal,3,-101.00017184026589,7.798160703085334,101.00017184026589,2.374542713165283,1.6139940023422241,0.45016390085220337,0.3945319950580597,8.881784197001252e-16,-103.76435947300536,103.76435947300536,2.220446049250313e-15,-322.7143249511719,3.2295455932617188,0.0,20.179546892642975,3.0685587617834766
397,ddpg_lognormal,ddpg,lognormal,3,-102.71897368609817,8.660731549519182,102.71897368609817,2.1654839515686035,1.9334830045700073,0.44982072710990906,0.3948061466217041,8.881784197001252e-16,-107.88877073024764,107.88877073024764,1.3322676295501878e-15,-342.9644470214844,3.3647050857543945,0.0,19.615474316690648,3.072788393512989
398,ddpg_lognormal,ddpg,lognormal,3,-99.15165709912279,8.579838250368303,99.15165709912279,3.069535255432129,1.290239691734314,0.4494343400001526,0.3950791358947754,8.881784197001252e-16,-100.75805235467786,100.75805235467786,2.220446049250313e-15,-322.30902099609375,3.2982940673828125,0.0,19.707473653413,3.0742852084139094
399,ddpg_lognormal,ddpg,lognormal,3,-100.48013895948888,6.749354643266875,100.48013895948888,2.840432643890381,1.7079468965530396,0.44918662309646606,0.3951664865016937,8.881784197001252e-16,-103.54596681881085,103.54596681881085,8.881784197001252e-16,-348.2367248535156,3.49527645111084,0.0,19.83873479316632,3.2754403640449583
400,ddpg_lognormal,ddpg,lognormal,3,-100.61112011716128,9.023148597344264,100.61112011716128,2.4255247116088867,1.8150743246078491,0.449006587266922,0.3951411545276642,8.881784197001252e-16,-102.66157445812374,102.66157445812374,1.7763568394002505e-15,-340.29669189453125,3.405057907104492,0.0,19.807800608376663,3.459868566399174
401,ddpg_lognormal,ddpg,lognormal,3,-101.49554632069518,8.00123882010961,101.49554632069518,2.6781668663024902,1.590834379196167,0.44902023673057556,0.39504188299179077,8.881784197001252e-16,-97.75257310408927,97.75257310408927,1.3322676295501878e-15,-336.4877624511719,3.375437021255493,0.0,20.013747356832027,3.5749790550963514
402,ddpg_lognormal,ddpg,lognormal,3,-103.67922647541053,8.48121325498662,103.67922647541053,2.184488296508789,2.0513341426849365,0.4492320716381073,0.39495402574539185,8.881784197001252e-16,-104.97778128433536,104.97778128433536,8.881784197001252e-16,-364.3700256347656,3.502431869506836,0.0,20.00985003475632,4.043754678319342
403,ddpg_lognormal,ddpg,lognormal,3,-100.01543076828453,8.332650449427785,100.01543076828453,3.364792823791504,1.9461729526519775,0.44951361417770386,0.3947584629058838,8.881784197001252e-16,-101.04614886797475,101.04614886797475,1.3322676295501878e-15,-379.97601318359375,3.8144073486328125,0.0,20.055331123194527,4.483352087881594
404,ddpg_lognormal,ddpg,lognormal,3,-103.7288488139107,9.783181829610088,103.7288488139107,2.3977813720703125,1.9414608478546143,0.44970813393592834,0.39445966482162476,8.881784197001252e-16,-102.9937369850412,102.9937369850412,1.3322676295501878e-15,-354.10028076171875,3.415205478668213,0.0,20.01169731414744,4.8314147192896115
405,ddpg_lognormal,ddpg,lognormal,3,-102.43348444207405,9.624471013268115,102.43348444207405,3.4076924324035645,1.4931870698928833,0.44967806339263916,0.39426398277282715,1.5543122344752192e-15,-102.24802068804425,102.24802068804425,1.5543122344752192e-15,-361.5120544433594,3.517268657684326,0.0,20.102701415618263,5.196977216717121
406,ddpg_lognormal,ddpg,lognormal,3,-100.04772940496173,8.470660168597663,100.04772940496173,2.794421672821045,1.8997893333435059,0.4494472146034241,0.39408406615257263,8.881784197001252e-16,-101.95427825149063,101.95427825149063,8.881784197001252e-16,-349.6564636230469,3.515995502471924,0.0,20.036329112769593,4.653596472682519
407,ddpg_lognormal,ddpg,lognormal,3,-102.13431898193213,9.209659062213621,102.13431898193213,3.2369637489318848,2.0473151206970215,0.44909948110580444,0.3938242793083191,8.881784197001252e-16,-104.76521947023018,104.76521947023018,2.220446049250313e-15,-387.00628662109375,3.7995553016662598,0.0,18.324028331609,5.135114357729131
408,ddpg_lognormal,ddpg,lognormal,3,-99.91153921245821,10.390227464811526,99.91153921245821,2.878352642059326,1.515894889831543,0.44880324602127075,0.39352357387542725,8.881784197001252e-16,-105.43133958227796,105.43133958227796,8.881784197001252e-16,-331.73968505859375,3.375359058380127,0.0,17.94035674205848,4.469945685405817
409,ddpg_lognormal,ddpg,lognormal,3,-101.78547011756237,10.353168990171659,101.78547011756237,3.6006290912628174,1.6420588493347168,0.4486854076385498,0.3931688964366913,8.881784197001252e-16,-101.17740641499701,101.17740641499701,8.881784197001252e-16,-380.1934509277344,3.7913999557495117,0.0,18.858876986340398,3.842921686902021
410,ddpg_lognormal,ddpg,lognormal,3,-99.36654591275709,7.917657655256074,99.36654591275709,3.3715293407440186,1.6062208414077759,0.44858044385910034,0.39271944761276245,8.881784197001252e-16,-107.87502815532146,107.87502815532146,1.3322676295501878e-15,-359.14129638671875,3.663137435913086,0.0,18.87632060157401,4.655507941320096
411,ddpg_lognormal,ddpg,lognormal,3,-100.54015467956481,10.221793790715928,100.54015467956481,3.217616319656372,1.8087835311889648,0.44863754510879517,0.3923060894012451,8.881784197001252e-16,-101.84297388984407,101.84297388984407,4.440892098500626e-16,-362.6158752441406,3.7098445892333984,0.0,18.87388084296669,4.525196186388799
412,ddpg_lognormal,ddpg,lognormal,3,-105.97046511079921,9.885980295527638,105.97046511079921,2.1656534671783447,2.1221156120300293,0.44886836409568787,0.3918849229812622,1.1102230246251565e-15,-100.87909175902612,100.87909175902612,8.881784197001252e-16,-365.29229736328125,3.427273988723755,0.0,18.972949068638542,6.279472328356601
413,ddpg_lognormal,ddpg,lognormal,3,-104.64626616342511,6.233357104974759,104.64626616342511,1.8359403610229492,2.081389904022217,0.4491916298866272,0.3914415240287781,1.3322676295501878e-15,-101.5374195479588,101.5374195479588,4.440892098500626e-16,-351.1595153808594,3.362189292907715,0.0,18.748320031556347,5.972307041708735
414,ddpg_lognormal,ddpg,lognormal,3,-102.83093582171097,9.458718231929055,102.83093582171097,3.311351776123047,1.6271597146987915,0.4494037628173828,0.3909973204135895,1.7763568394002505e-15,-120.40778669425472,120.40778669425472,2.886579864025407e-15,-370.48809814453125,3.50555157661438,0.0,19.232080823963596,3.780973557127817
415,ddpg_lognormal,ddpg,lognormal,3,-100.01011891253071,7.768101891594233,100.01011891253071,2.620555877685547,1.670170783996582,0.4494197368621826,0.390727162361145,8.881784197001252e-16,-102.85350958951236,102.85350958951236,8.881784197001252e-16,-342.97125244140625,3.4503865242004395,0.0,19.506384141033603,3.6986363053964895
416,ddpg_lognormal,ddpg,lognormal,3,-104.37173913338123,8.343938871919956,104.37173913338123,2.7689571380615234,2.0002338886260986,0.44931045174598694,0.3905547857284546,8.881784197001252e-16,-102.38512485786651,102.38512485786651,1.7763568394002505e-15,-377.11102294921875,3.6089653968811035,0.0,19.508541356240002,3.788201875829448
417,ddpg_lognormal,ddpg,lognormal,3,-100.46609106566525,8.679012385524713,100.46609106566525,3.0174055099487305,1.7333900928497314,0.44951069355010986,0.39037105441093445,1.7763568394002505e-15,-98.71765647449139,98.71765647449139,8.881784197001252e-16,-365.997314453125,3.6444594860076904,0.0,19.243658669115533,3.6561095852271785
418,ddpg_lognormal,ddpg,lognormal,3,-101.75326250965821,9.225592027819356,101.75326250965821,3.513498306274414,1.9151698350906372,0.44956284761428833,0.3901919722557068,2.220446049250313e-15,-105.32530565739171,105.32530565739171,1.1102230246251565e-15,-387.00714111328125,3.74855637550354,0.0,18.899920208645717,3.5805935110298117
419,ddpg_lognormal,ddpg,lognormal,3,-101.48239359061711,10.995923834731999,101.48239359061711,2.92584228515625,1.6583149433135986,0.44957447052001953,0.3901848793029785,1.3322676295501878e-15,-99.33740663492614,99.33740663492614,1.3322676295501878e-15,-362.4967041015625,3.600180149078369,0.0,19.140385576656886,3.710722069034264
420,ddpg_lognormal,ddpg,lognormal,3,-103.46748284532765,9.99381000570241,103.46748284532765,2.9960274696350098,2.6054062843322754,0.4495662450790405,0.3902270197868347,8.881784197001252e-16,-101.75842978683508,101.75842978683508,1.3322676295501878e-15,-419.213134765625,4.036980152130127,0.0,19.180404084069387,3.928608611880225
421,ddpg_lognormal,ddpg,lognormal,3,-99.59568445218969,8.92466758467805,99.59568445218969,3.0165648460388184,1.198021650314331,0.4496671259403229,0.39030638337135315,8.881784197001252e-16,-104.65005911203372,104.65005911203372,8.881784197001252e-16,-328.4877014160156,3.299248695373535,0.0,19.385756458377557,5.152783898337345
422,ddpg_lognormal,ddpg,lognormal,3,-108.49070738547343,13.133683021218419,108.49070738547343,2.528277635574341,2.942380905151367,0.44984087347984314,0.39037004113197327,2.220446049250313e-15,-110.60558912632871,110.60558912632871,2.6645352591003757e-15,-444.6243896484375,4.006770133972168,0.0,19.403523173360597,4.490309947757938
423,ddpg_lognormal,ddpg,lognormal,3,-103.43234891152476,9.763802751542217,103.43234891152476,2.4014225006103516,1.3011879920959473,0.45001479983329773,0.39030444622039795,8.881784197001252e-16,-100.13579927738782,100.13579927738782,8.881784197001252e-16,-310.20074462890625,3.052398204803467,0.0,19.67341857598651,4.434874234876284
424,ddpg_lognormal,ddpg,lognormal,3,-101.73609076498683,8.46765067045599,101.73609076498683,2.5700340270996094,1.6862456798553467,0.44999438524246216,0.39019274711608887,8.881784197001252e-16,-104.82551801124998,104.82551801124998,1.9984014443252818e-15,-339.51849365234375,3.375307559967041,0.0,20.099175782430738,4.154283268199791
425,ddpg_lognormal,ddpg,lognormal,3,-103.315915863009,7.4516132544209,103.315915863009,2.8981313705444336,1.836846113204956,0.45001092553138733,0.3900156021118164,8.881784197001252e-16,-108.4622757217632,108.4622757217632,2.6645352591003757e-15,-368.8688049316406,3.6115355491638184,0.0,20.33700384412493,4.418370109040379
426,ddpg_lognormal,ddpg,lognormal,3,-103.62933716020245,10.061402516487481,103.62933716020245,2.796680212020874,1.7602603435516357,0.45018458366394043,0.38977134227752686,8.881784197001252e-16,-105.11770347121328,105.11770347121328,8.881784197001252e-16,-364.27532958984375,3.5732550621032715,0.0,20.497005411202,4.321810414427005
427,ddpg_lognormal,ddpg,lognormal,3,-108.42248586396289,24.161563094405615,108.42248586396289,5.065096855163574,1.8850610256195068,0.45035073161125183,0.3894995450973511,3.552713678800501e-15,-105.12920558316156,105.12920558316156,1.5543122344752192e-15,-470.219970703125,4.071775436401367,0.0,20.75415322645789,4.134761544121872
428,ddpg_lognormal,ddpg,lognormal,3,-110.4975707246993,33.91457943667352,110.4975707246993,2.782414436340332,1.9652905464172363,0.45033490657806396,0.3892422914505005,1.7763568394002505e-15,-105.48665744303509,105.48665744303509,8.881784197001252e-16,-408.17425537109375,3.4915733337402344,0.0,20.73924302664541,3.8818416965216223
429,ddpg_lognormal,ddpg,lognormal,3,-103.92959576743438,9.23562439350566,103.92959576743438,2.886451482772827,1.8654398918151855,0.4503593444824219,0.3891429007053375,8.881784197001252e-16,-103.1870210593164,103.1870210593164,1.3322676295501878e-15,-377.64776611328125,3.6566004753112793,0.0,20.634779571777297,3.8384041869680265
430,ddpg_lognormal,ddpg,lognormal,3,-104.65884057201961,8.703454491141384,104.65884057201961,4.0300397872924805,2.215686321258545,0.4502985179424286,0.38898664712905884,1.7763568394002505e-15,-102.99035430743876,102.99035430743876,2.220446049250313e-15,-422.2874755859375,4.001680374145508,0.0,20.758596266664206,3.6497945815346955
431,ddpg_lognormal,ddpg,lognormal,3,-102.90795026425181,8.016065489057727,102.90795026425181,2.1030173301696777,1.9426524639129639,0.45018595457077026,0.38880401849746704,1.3322676295501878e-15,-105.40202109285518,105.40202109285518,1.3322676295501878e-15,-341.59136962890625,3.3262619972229004,0.0,21.090641661059287,3.504904175210478
432,ddpg_lognormal,ddpg,lognormal,3,-102.7001387435582,9.753487412785171,102.7001387435582,2.396497964859009,1.8998193740844727,0.4499027132987976,0.38865622878074646,1.7763568394002505e-15,-104.15270807293714,104.15270807293714,8.881784197001252e-16,-354.5106201171875,3.4556074142456055,0.0,21.14592702473913,3.484647985492345
433,ddpg_lognormal,ddpg,lognormal,3,-106.86647902764983,14.815712134082752,106.86647902764983,3.1818771362304688,2.2988805770874023,0.44976896047592163,0.38844263553619385,2.220446049250313e-15,-101.27223563921166,101.27223563921166,1.3322676295501878e-15,-422.8392333984375,3.860529899597168,0.0,21.221725252057823,3.4234222344433265
434,ddpg_lognormal,ddpg,lognormal,3,-106.36205597010147,23.62852443599094,106.36205597010147,5.087219715118408,2.055286407470703,0.449657678604126,0.38821783661842346,3.9968028886505635e-15,-104.15590817908388,104.15590817908388,2.220446049250313e-15,-470.033447265625,4.0055952072143555,0.0,21.510602840000672,3.3909283288410816
435,ddpg_lognormal,ddpg,lognormal,3,-100.78153028236432,9.196541807041193,100.78153028236432,2.940328598022461,2.3979368209838867,0.4494968056678772,0.38798797130584717,1.3322676295501878e-15,-99.1514096051472,99.1514096051472,1.3322676295501878e-15,-397.3359375,3.9385409355163574,0.0,22.15871450163069,3.5993174311117313
436,ddpg_lognormal,ddpg,lognormal,3,-102.02963569051064,5.8002865452765535,102.02963569051064,1.5922980308532715,1.7396070957183838,0.44934868812561035,0.3876723647117615,8.881784197001252e-16,-106.85748387258631,106.85748387258631,2.220446049250313e-15,-308.2828674316406,3.0085885524749756,0.0,22.40929590094657,3.728479145782157
437,ddpg_lognormal,ddpg,lognormal,3,-102.33688474792609,12.344965926102756,102.33688474792609,3.0014829635620117,1.4730170965194702,0.449077308177948,0.3872716426849365,1.3322676295501878e-15,-106.39985639937595,106.39985639937595,3.1086244689504383e-15,-339.27435302734375,3.2837555408477783,0.0,21.911151609250474,3.8369877006237703
438,ddpg_lognormal,ddpg,lognormal,3,-101.70276678221985,8.922391606137012,101.70276678221985,2.1823043823242188,1.2036981582641602,0.4486796259880066,0.3869149386882782,8.881784197001252e-16,-101.63666958387853,101.63666958387853,8.881784197001252e-16,-287.3342590332031,2.8794777393341064,0.0,21.321988582611084,3.5104930866121626
439,ddpg_lognormal,ddpg,lognormal,3,-104.14455064359046,20.61455662304051,104.14455064359046,2.7111759185791016,2.1623220443725586,0.44818824529647827,0.38666632771492004,2.6645352591003757e-15,-104.91735053390467,104.91735053390467,1.3322676295501878e-15,-389.0555725097656,3.5620522499084473,0.0,21.374261080154355,3.433868961741349
440,ddpg_lognormal,ddpg,lognormal,3,-100.52037861267017,9.346740422891441,100.52037861267017,3.5224108695983887,1.5347379446029663,0.4476853907108307,0.38633498549461365,8.881784197001252e-16,-110.15994591807626,110.15994591807626,2.6645352591003757e-15,-361.8894348144531,3.6402978897094727,0.0,21.290505154501826,3.4790435552408567
441,ddpg_lognormal,ddpg,lognormal,3,-105.96384751751215,9.687095486879977,105.96384751751215,3.0445470809936523,2.2006592750549316,0.44726046919822693,0.38604801893234253,2.220446049250313e-15,-106.06563934401498,106.06563934401498,1.7763568394002505e-15,-413.7689514160156,3.8688578605651855,0.0,21.344332912493318,3.43087201039972
442,ddpg_lognormal,ddpg,lognormal,3,-105.39602822550114,7.194512912900601,105.39602822550114,2.7542147636413574,2.088104248046875,0.4466540515422821,0.3857663571834564,1.3322676295501878e-15,-109.78171974518915,109.78171974518915,1.7763568394002505e-15,-381.389404296875,3.6088738441467285,0.0,21.403331537686643,3.3822799208795744
443,ddpg_lognormal,ddpg,lognormal,3,-102.27660910098926,7.704006252342515,102.27660910098926,3.3086321353912354,2.55185866355896,0.4461067020893097,0.3854592740535736,1.1102230246251565e-15,-105.41404007552856,105.41404007552856,1.7763568394002505e-15,-402.04974365234375,3.9094314575195312,0.0,21.736014324994315,3.390466511216281
444,ddpg_lognormal,ddpg,lognormal,3,-106.35504730560604,15.891762237786699,106.35504730560604,5.054447174072266,2.4261608123779297,0.44573089480400085,0.38524338603019714,3.552713678800501e-15,-104.19630494791004,104.19630494791004,1.3322676295501878e-15,-488.8539123535156,4.413189888000488,0.0,22.064451901330834,3.4077954282873266
445,ddpg_lognormal,ddpg,lognormal,3,-101.51245722118341,8.711612558726662,101.51245722118341,3.0934884548187256,2.218970775604248,0.4454863965511322,0.3849491477012634,8.881784197001252e-16,-99.80492595402211,99.80492595402211,8.881784197001252e-16,-394.1393737792969,3.901259422302246,0.0,22.322218336874535,3.4321008143126077
446,ddpg_lognormal,ddpg,lognormal,3,-101.7001223051637,7.874353426031757,101.7001223051637,3.0996365547180176,1.8976874351501465,0.4450998604297638,0.3845990002155304,2.220446049250313e-15,-104.85012296342818,104.85012296342818,2.220446049250313e-15,-368.25396728515625,3.617997169494629,0.0,22.415406567000208,3.516188075771511
447,ddpg_lognormal,ddpg,lognormal,3,-105.55785538112713,8.994316507288483,105.55785538112713,3.1027774810791016,1.6591386795043945,0.4446655809879303,0.3843238055706024,8.881784197001252e-16,-101.55729600605947,101.55729600605947,8.881784197001252e-16,-365.390869140625,3.4570870399475098,0.0,22.19360827228853,3.55217422263342
448,ddpg_lognormal,ddpg,lognormal,3,-101.2797109455812,9.323714075824418,101.2797109455812,2.584014892578125,1.4881820678710938,0.4444766342639923,0.3840283751487732,8.881784197001252e-16,-101.40327322780519,101.40327322780519,1.3322676295501878e-15,-328.18267822265625,3.250988245010376,0.0,21.879461775932995,3.441185234768671
449,ddpg_lognormal,ddpg,lognormal,3,-103.22796960046011,8.56254311205432,103.22796960046011,3.0373919010162354,1.6635868549346924,0.4443892240524292,0.38395246863365173,8.881784197001252e-16,-103.20954643405675,103.20954643405675,2.220446049250313e-15,-367.3358154296875,3.5414679050445557,0.0,21.481420272517774,3.4077762300813834
450,ddpg_lognormal,ddpg,lognormal,3,-102.06742527012909,8.599858942779266,102.06742527012909,2.717951774597168,1.7608020305633545,0.4442143440246582,0.3837803304195404,8.881784197001252e-16,-102.00558385664245,102.00558385664245,1.3322676295501878e-15,-350.7811584472656,3.4661612510681152,0.0,21.168768770283176,3.345982469318967
451,ddpg_lognormal,ddpg,lognormal,3,-103.2908019406664,12.546695367500858,103.2908019406664,3.1915290355682373,1.3702161312103271,0.4442134499549866,0.3835645914077759,2.6645352591003757e-15,-101.45233449163186,101.45233449163186,2.6645352591003757e-15,-350.7615661621094,3.3382813930511475,0.0,21.23644934772026,3.35911789452768
452,ddpg_lognormal,ddpg,lognormal,3,-101.50092575083616,9.3847338270765,101.50092575083616,3.0336947441101074,1.270007610321045,0.444099098443985,0.3834391236305237,8.881784197001252e-16,-104.51922647009309,104.51922647009309,2.4424906541753444e-15,-337.6231994628906,3.364438533782959,0.0,21.282291167548724,3.2718222180736207
453,ddpg_lognormal,ddpg,lognormal,3,-102.98018441684334,18.220035738953573,102.98018441684334,2.454516887664795,3.779263496398926,0.44402965903282166,0.38347771763801575,1.3322676295501878e-15,-97.8952110326336,97.8952110326336,1.3322676295501878e-15,-417.2596435546875,3.7477054595947266,0.0,20.75001176801466,3.394806284102655
454,ddpg_lognormal,ddpg,lognormal,3,-103.05618525721383,8.045584302155543,103.05618525721383,2.6887760162353516,2.194256067276001,0.44388386607170105,0.3834351599216461,8.881784197001252e-16,-102.91790263492612,102.91790263492612,8.881784197001252e-16,-381.80645751953125,3.709681987762451,0.0,20.08957287349871,4.4472914682036
455,ddpg_lognormal,ddpg,lognormal,3,-99.77821254892567,5.545458469834115,99.77821254892567,3.3622403144836426,1.5432740449905396,0.4436545968055725,0.3835271894931793,8.881784197001252e-16,-104.69469262408873,104.69469262408873,2.220446049250313e-15,-363.9543151855469,3.667241334915161,0.0,20.09140647522041,3.884901124740108
456,ddpg_lognormal,ddpg,lognormal,3,-102.88809417380887,7.763934054289644,102.88809417380887,2.031785249710083,1.620863676071167,0.4434012174606323,0.3836013674736023,8.881784197001252e-16,-103.75397446309415,103.75397446309415,8.881784197001252e-16,-324.01837158203125,3.1507647037506104,0.0,20.253815765536967,3.7043160755253797
457,ddpg_lognormal,ddpg,lognormal,3,-101.70076379078513,8.268547023244565,101.70076379078513,2.8783438205718994,1.931300163269043,0.44320228695869446,0.3837733268737793,1.5543122344752192e-15,-103.48450577491765,103.48450577491765,8.881784197001252e-16,-369.2491149902344,3.622302532196045,0.0,20.14148382345835,3.728338353712821
458,ddpg_lognormal,ddpg,lognormal,3,-100.09586717393644,8.730500938760391,100.09586717393644,2.917128086090088,1.234360933303833,0.4431307315826416,0.3840014934539795,8.881784197001252e-16,-100.93434188146688,100.93434188146688,1.3322676295501878e-15,-326.1181335449219,3.3118278980255127,0.0,20.10060576562371,3.888696004836155
459,ddpg_lognormal,ddpg,lognormal,3,-101.46690390883175,12.812771212032992,101.46690390883175,2.6990699768066406,1.9691572189331055,0.4429084360599518,0.38419726490974426,1.3322676295501878e-15,-101.830503240654,101.830503240654,8.881784197001252e-16,-352.7252197265625,3.398601531982422,0.0,20.287482738672267,4.127426375634968
460,ddpg_lognormal,ddpg,lognormal,3,-104.96001951686924,10.982743832547264,104.96001951686924,3.6692867279052734,2.2047080993652344,0.44280123710632324,0.38433709740638733,1.7763568394002505e-15,-102.70341727864437,102.70341727864437,3.1086244689504383e-15,-424.15924072265625,3.9543681144714355,0.0,20.240162435564258,3.972081106655034
461,ddpg_lognormal,ddpg,lognormal,3,-100.20647208182082,8.057243185692316,100.20647208182082,2.6468443870544434,1.5691492557525635,0.4427073299884796,0.3843858242034912,8.881784197001252e-16,-101.6283426480079,101.6283426480079,2.4424906541753444e-15,-327.3987731933594,3.2970669269561768,0.0,20.097562267134585,4.498127079485649
462,ddpg_lognormal,ddpg,lognormal,3,-103.75395285440331,15.267777392759195,103.75395285440331,3.405465602874756,2.025628089904785,0.44279277324676514,0.38443803787231445,1.7763568394002505e-15,-100.75697592762722,100.75697592762722,1.3322676295501878e-15,-395.7315673828125,3.7213706970214844,0.0,20.004604350598086,4.379190367324988
463,ddpg_lognormal,ddpg,lognormal,3,-105.37794185289309,11.385903006830535,105.37794185289309,2.7593698501586914,1.9651618003845215,0.4430326223373413,0.3846781253814697,1.3322676295501878e-15,-101.71203398275908,101.71203398275908,2.220446049250313e-15,-385.0142822265625,3.681878089904785,0.0,20.286411679216798,4.364054928821999
464,ddpg_lognormal,ddpg,lognormal,3,-100.78548386269622,9.734904676427993,100.78548386269622,3.790937900543213,1.8257561922073364,0.4432896673679352,0.38497689366340637,8.881784197001252e-16,-101.28374173637721,101.28374173637721,8.881784197001252e-16,-388.4256286621094,3.8478848934173584,0.0,20.201710785251286,4.657232187178341
465,ddpg_lognormal,ddpg,lognormal,3,-101.51046624538975,8.868894025845064,101.51046624538975,2.287688970565796,2.0760743618011475,0.44335007667541504,0.3851877450942993,8.881784197001252e-16,-106.22227537192849,106.22227537192849,8.881784197001252e-16,-347.9476318359375,3.4359843730926514,0.0,19.996489385054225,3.961620425428486
466,ddpg_lognormal,ddpg,lognormal,3,-102.44518892701086,9.545079239800383,102.44518892701086,3.6146998405456543,2.069760799407959,0.44360050559043884,0.3853277564048767,8.881784197001252e-16,-105.57819272629732,105.57819272629732,1.3322676295501878e-15,-412.5882568359375,4.052616596221924,0.0,19.77236791753343,4.115825914023887
467,ddpg_lognormal,ddpg,lognormal,3,-101.17461415703373,9.911406658778276,101.17461415703373,2.9136362075805664,2.5292301177978516,0.4439171850681305,0.38547685742378235,8.881784197001252e-16,-106.21057291158209,106.21057291158209,1.7763568394002505e-15,-408.32940673828125,4.069057464599609,0.0,19.651856240594668,4.07985505363017
468,ddpg_lognormal,ddpg,lognormal,3,-105.39313298644421,13.907521278418072,105.39313298644421,2.3345909118652344,2.208627939224243,0.44418027997016907,0.38572511076927185,2.220446049250313e-15,-104.19192143168372,104.19192143168372,1.7763568394002505e-15,-380.060791015625,3.5120790004730225,0.0,19.931551349127574,4.580703992557357
469,ddpg_lognormal,ddpg,lognormal,3,-102.24834205436464,8.096622746111555,102.24834205436464,2.70115065574646,1.672148585319519,0.44457072019577026,0.38599416613578796,8.881784197001252e-16,-106.67325858326691,106.67325858326691,2.220446049250313e-15,-356.36102294921875,3.474198818206787,0.0,20.38295926898718,4.279542527383282
470,ddpg_lognormal,ddpg,lognormal,3,-102.41542412059316,12.824437707880906,102.41542412059316,4.116555213928223,1.7719619274139404,0.44491636753082275,0.38627558946609497,2.220446049250313e-15,-101.65111041982715,101.65111041982715,1.3322676295501878e-15,-408.3089904785156,3.823333740234375,0.0,20.42350645487507,4.663015856662588
471,ddpg_lognormal,ddpg,lognormal,3,-103.88713428845003,12.458985284705795,103.88713428845003,3.054070234298706,1.916090965270996,0.4452408254146576,0.3865070939064026,8.881784197001252e-16,-103.61681713142056,103.61681713142056,2.220446049250313e-15,-385.67498779296875,3.6639904975891113,0.0,20.183817075654154,4.946218331588344
472,ddpg_lognormal,ddpg,lognormal,3,-102.55941005521223,8.789992269367234,102.55941005521223,2.5153579711914062,1.4392833709716797,0.4456888437271118,0.38663622736930847,8.881784197001252e-16,-107.62495756113015,107.62495756113015,2.6645352591003757e-15,-325.6000671386719,3.195988655090332,0.0,20.495244182646275,4.30084637614588
473,ddpg_lognormal,ddpg,lognormal,3,-100.00944715122017,10.982372947894715,100.00944715122017,3.685269832611084,2.2485318183898926,0.4459930658340454,0.3866696357727051,8.881784197001252e-16,-105.8761759615243,105.8761759615243,2.220446049250313e-15,-405.677978515625,4.027473449707031,0.0,21.055735807688464,3.473445959677476
474,ddpg_lognormal,ddpg,lognormal,3,-101.51682031399012,12.328904322664267,101.51682031399012,3.6611714363098145,1.9616127014160156,0.4462907016277313,0.3865618109703064,1.1102230246251565e-15,-100.17589956533072,100.17589956533072,8.881784197001252e-16,-397.16705322265625,3.904682159423828,0.0,21.00590759551241,3.4310959531770395
475,ddpg_lognormal,ddpg,lognormal,3,-101.26163348734067,10.809735536535994,101.26163348734067,4.335333824157715,2.3717117309570312,0.44662028551101685,0.3864859938621521,2.220446049250313e-15,-100.39913785442701,100.39913785442701,1.1102230246251565e-15,-446.23138427734375,4.304876327514648,0.0,20.813611407719907,3.385051520330654
476,ddpg_lognormal,ddpg,lognormal,3,-101.93037421143143,11.190245862010174,101.93037421143143,2.4854695796966553,2.3681275844573975,0.44687750935554504,0.38645440340042114,1.3322676295501878e-15,-101.0333207843755,101.0333207843755,1.3322676295501878e-15,-359.468994140625,3.54740571975708,0.0,20.586189178838616,3.2301959707401693
477,ddpg_lognormal,ddpg,lognormal,3,-104.75117762644233,11.025535348447578,104.75117762644233,2.4809858798980713,2.2169575691223145,0.44707024097442627,0.38639867305755615,8.881784197001252e-16,-105.75033029482717,105.75033029482717,1.7763568394002505e-15,-376.00238037109375,3.588624954223633,0.0,20.360521565590584,3.143995057569728
478,ddpg_lognormal,ddpg,lognormal,3,-103.05579542337799,15.252569489650991,103.05579542337799,4.048408031463623,1.643962025642395,0.4472917318344116,0.38630321621894836,2.220446049250313e-15,-102.10722586215336,102.10722586215336,1.3322676295501878e-15,-393.7711181640625,3.6618552207946777,0.0,20.92369434095564,3.1808784762120226
479,ddpg_lognormal,ddpg,lognormal,3,-100.91559174524363,10.512550838463666,100.91559174524363,2.872455596923828,1.8265563249588013,0.4476473927497864,0.3860783278942108,8.881784197001252e-16,-114.89703743146679,114.89703743146679,1.9984014443252818e-15,-362.94464111328125,3.6107177734375,0.0,21.365803186382568,3.276189929107204
480,ddpg_lognormal,ddpg,lognormal,3,-102.98588706130414,8.115892320470198,102.98588706130414,3.3060684204101562,1.3677122592926025,0.4478479027748108,0.3859192132949829,8.881784197001252e-16,-99.37181247122015,99.37181247122015,1.1102230246251565e-15,-356.6205139160156,3.4745371341705322,0.0,21.600702951351803,3.256360882782333
481,ddpg_lognormal,ddpg,lognormal,3,-104.7268653111359,22.82234949467746,104.7268653111359,4.067584991455078,1.5739914178848267,0.4480867087841034,0.38578590750694275,4.884981308350689e-15,-102.8890900462743,102.8890900462743,8.881784197001252e-16,-393.7176513671875,3.4780478477478027,0.0,21.995602127341996,3.3616446307971186
482,ddpg_lognormal,ddpg,lognormal,3,-104.42200074052823,11.240629725319026,104.42200074052823,2.6549012660980225,1.8282020092010498,0.44831719994544983,0.3857290744781494,1.3322676295501878e-15,-101.39636395642827,101.39636395642827,1.1102230246251565e-15,-372.1261291503906,3.529664993286133,0.0,22.24900757485912,3.43784396063226
483,ddpg_lognormal,ddpg,lognormal,3,-102.73512184151807,10.021948415873094,102.73512184151807,2.9787256717681885,1.8007354736328125,0.44870564341545105,0.38580185174942017,8.881784197001252e-16,-100.16992432388183,100.16992432388183,8.881784197001252e-16,-368.494384765625,3.557577133178711,0.0,21.914044476690748,3.41652471214045
484,ddpg_lognormal,ddpg,lognormal,3,-106.08880406406352,16.786989695551775,106.08880406406352,4.024005889892578,2.3763277530670166,0.44895264506340027,0.3858916759490967,2.220446049250313e-15,-106.00052711925755,106.00052711925755,2.220446049250313e-15,-462.6391906738281,4.131549835205078,0.0,21.536749602073716,3.353276737084213
485,ddpg_lognormal,ddpg,lognormal,3,-101.88109567741185,9.623805914273323,101.88109567741185,3.7439396381378174,1.8213422298431396,0.4494009017944336,0.3859107494354248,1.3322676295501878e-15,-103.22330581750688,103.22330581750688,1.1102230246251565e-15,-399.8424987792969,3.9201810359954834,0.0,21.380752267227287,3.2777029642935043
486,ddpg_lognormal,ddpg,lognormal,3,-103.07850446621548,9.444537412422001,103.07850446621548,3.025157928466797,1.7506167888641357,0.4496268928050995,0.38582977652549744,2.220446049250313e-15,-105.07136367190714,105.07136367190714,1.7763568394002505e-15,-361.9468994140625,3.5319581031799316,0.0,21.448681528014795,3.373384719947353
487,ddpg_lognormal,ddpg,lognormal,3,-101.93111151745575,7.470367366439173,101.93111151745575,2.4395129680633545,1.675978422164917,0.4497193992137909,0.3856889307498932,8.881784197001252e-16,-105.44722841962462,105.44722841962462,1.7763568394002505e-15,-335.6485595703125,3.3021750450134277,0.0,21.299920398564566,3.4363152196830407
488,ddpg_lognormal,ddpg,lognormal,3,-99.42533338831484,13.426494937110382,99.42533338831484,3.3124570846557617,1.4444169998168945,0.4498947262763977,0.38558050990104675,1.5543122344752192e-15,-103.4956669300743,103.4956669300743,2.6645352591003757e-15,-351.1795654296875,3.515125036239624,0.0,21.174784441434202,3.293651858255977
489,ddpg_lognormal,ddpg,lognormal,3,-104.3848659451562,10.366387713795179,104.3848659451562,2.5717248916625977,1.8332463502883911,0.4498801529407501,0.38553714752197266,1.3322676295501878e-15,-106.76744432845723,106.76744432845723,1.7763568394002505e-15,-357.89666748046875,3.43411922454834,0.0,20.928272612392902,3.2969222235426834
490,ddpg_lognormal,ddpg,lognormal,3,-99.040389151624,8.942517141755792,99.040389151624,3.16228985786438,1.7142882347106934,0.4497227072715759,0.38557320833206177,1.3322676295501878e-15,-104.91856624401322,104.91856624401322,1.3322676295501878e-15,-359.98651123046875,3.62036395072937,0.0,20.50349832290695,3.249601438818943
491,ddpg_lognormal,ddpg,lognormal,3,-102.76109928374962,9.247669981670102,102.76109928374962,2.9764556884765625,2.1626358032226562,0.4496760964393616,0.3857552111148834,2.4424906541753444e-15,-104.4007895575034,104.4007895575034,1.7763568394002505e-15,-390.8797607421875,3.8003530502319336,0.0,20.356371475117548,3.135018906567157
492,ddpg_lognormal,ddpg,lognormal,3,-101.94993935883632,8.352168965870797,101.94993935883632,2.777076244354248,2.322338342666626,0.44971588253974915,0.3858139216899872,8.881784197001252e-16,-103.08154101258661,103.08154101258661,8.881784197001252e-16,-391.59466552734375,3.833209991455078,0.0,20.359173688860167,3.110382852111278
493,ddpg_lognormal,ddpg,lognormal,3,-101.32177057505422,12.525887063327996,101.32177057505422,3.8416905403137207,1.6401758193969727,0.44986841082572937,0.3857889771461487,1.1102230246251565e-15,-105.67676789567378,105.67676789567378,8.881784197001252e-16,-383.9175109863281,3.737330436706543,0.0,20.187111228349664,3.2875220557519547
494,ddpg_lognormal,ddpg,lognormal,3,-103.66919661515293,8.006118046580951,103.66919661515293,2.553438663482666,1.8777514696121216,0.4499163031578064,0.38569334149360657,8.881784197001252e-16,-107.93906303196448,107.93906303196448,3.552713678800501e-15,-363.94830322265625,3.490802764892578,0.0,19.655273379669303,3.1994117339629504
495,ddpg_lognormal,ddpg,lognormal,3,-102.36457472991293,10.916508835517234,102.36457472991293,2.634420871734619,2.1375551223754883,0.4499399662017822,0.3854683041572571,1.3322676295501878e-15,-103.02806341340127,103.02806341340127,1.3322676295501878e-15,-378.4741516113281,3.686426877975464,0.0,19.371341453421685,3.0073486474298297
496,ddpg_lognormal,ddpg,lognormal,3,-103.43247870051731,10.470588982583088,103.43247870051731,3.131024122238159,2.562915325164795,0.45001232624053955,0.385137677192688,2.6645352591003757e-15,-102.454009072976,102.454009072976,1.3322676295501878e-15,-409.2618408203125,3.870476245880127,0.0,18.846639533837635,2.938654297364077
497,ddpg_lognormal,ddpg,lognormal,3,-106.56046213694462,13.71878437471644,106.56046213694462,2.671109437942505,2.138524055480957,0.45010554790496826,0.38490724563598633,3.1086244689504383e-15,-106.85038820167993,106.85038820167993,2.6645352591003757e-15,-389.98974609375,3.497066020965576,0.0,19.251610100269318,2.9392259962235885
498,ddpg_lognormal,ddpg,lognormal,3,-100.27367928144996,8.702930706949692,100.27367928144996,3.0580337047576904,1.7189475297927856,0.45004308223724365,0.3847489058971405,8.881784197001252e-16,-103.20586040249259,103.20586040249259,1.1102230246251565e-15,-346.5655517578125,3.424360513687134,0.0,19.37270679431302,2.979644764658241
499,ddpg_lognormal,ddpg,lognormal,3,-103.01091845541804,9.951864862945067,103.01091845541804,3.0668742656707764,2.012235164642334,0.4497597813606262,0.38461750745773315,8.881784197001252e-16,-106.23888801547795,106.23888801547795,8.881784197001252e-16,-378.5084533691406,3.6591618061065674,0.0,19.30668551439331,2.955264660585228
500,ddpg_lognormal,ddpg,lognormal,3,-102.49859872905327,10.028491804733868,102.49859872905327,3.5823211669921875,1.7206236124038696,0.4495278000831604,0.38432982563972473,2.220446049250313e-15,-102.58327051115126,102.58327051115126,8.881784197001252e-16,-375.2038269042969,3.6227145195007324,0.0,19.52178592199371,2.9033530141182595
