timestamp,day,hour,weekday,pv_per_kwp,load_kw,import_price,export_price,is_validation
2026-01-01 00:00:00,0,0,3,0.0,1.7036666325456,0.3,0.0,False
2026-01-01 01:00:00,0,1,3,0.0,1.34474966547887,0.3,0.0,False
2026-01-01 02:00:00,0,2,3,0.0,1.4471324171669344,0.3,0.0,False
2026-01-01 03:00:00,0,3,3,0.0,1.637261778656133,0.3,0.0,False
2026-01-01 04:00:00,0,4,3,0.0,1.4805677043323509,0.3,0.0,False
2026-01-01 05:00:00,0,5,3,0.0,1.4259921797200186,0.3,0.0,False
2026-01-01 06:00:00,0,6,3,0.0,2.05143132308041,0.5,0.0,False
2026-01-01 07:00:00,0,7,3,0.11684686335365684,2.0655179807068764,0.5,0.0,False
2026-01-01 08:00:00,0,8,3,0.1425760533303083,3.632553686399179,0.5,0.0,False
2026-01-01 09:00:00,0,9,3,0.2592342139657902,3.7318549791981916,0.5,0.0,False
2026-01-01 10:00:00,0,10,3,0.30007363446515684,3.118728780614365,0.3,0.0,False
2026-01-01 11:00:00,0,11,3,0.4704313558370612,3.165677863428195,0.3,0.0,False
2026-01-01 12:00:00,0,12,3,0.4155180723640148,3.318624784820007,0.3,0.0,False
2026-01-01 13:00:00,0,13,3,0.44503830101831043,3.3047110181369765,0.3,0.0,False
2026-01-01 14:00:00,0,14,3,0.31596963011615875,3.154968586240405,0.3,0.0,False
2026-01-01 15:00:00,0,15,3,0.21935007578180554,3.1926039112911635,0.3,0.0,False
2026-01-01 16:00:00,0,16,3,0.19647538783338406,3.1402433445066658,0.5,0.0,False
2026-01-01 17:00:00,0,17,3,0.06959643568823906,3.368258978536981,0.5,0.0,False
2026-01-01 18:00:00,0,18,3,5.6574815383464e-17,1.2048541204962149,0.5,0.0,False
2026-01-01 19:00:00,0,19,3,0.0,1.3482634155659705,0.5,0.0,False
2026-01-01 20:00:00,0,20,3,0.0,1.220558767825152,0.5,0.0,False
2026-01-01 21:00:00,0,21,3,0.0,1.562853090578697,0.5,0.0,False
2026-01-01 22:00:00,0,22,3,0.0,1.2295899674917947,0.3,0.0,False
2026-01-01 23:00:00,0,23,3,0.0,1.5047593797803311,0.3,0.0,False
2026-01-02 00:00:00,1,0,4,0.0,1.7459286023621134,0.3,0.0,False
2026-01-02 01:00:00,1,1,4,0.0,1.7510150971906353,0.3,0.0,False
2026-01-02 02:00:00,1,2,4,0.0,1.229113864623177,0.3,0.0,False
2026-01-02 03:00:00,1,3,4,0.0,1.5447614402446435,0.3,0.0,False
2026-01-02 04:00:00,1,4,4,0.0,1.3516543055429318,0.3,0.0,False
2026-01-02 05:00:00,1,5,4,0.0,1.3210295946434614,0.3,0.0,False
2026-01-02 06:00:00,1,6,4,0.0,1.8829795068414887,0.5,0.0,False
2026-01-02 07:00:00,1,7,4,0.12895584742696356,2.0842436735399685,0.5,0.0,False
2026-01-02 08:00:00,1,8,4,0.167874311848309,3.7899488311330534,0.5,0.0,False
2026-01-02 09:00:00,1,9,4,0.24540261885921147,3.5927288607275676,0.5,0.0,False
2026-01-02 10:00:00,1,10,4,0.3222883715527199,3.4057550996115,0.3,0.0,False
2026-01-02 11:00:00,1,11,4,0.29095490780051697,2.9634437502177478,0.3,0.0,False
2026-01-02 12:00:00,1,12,4,0.2861384329187532,3.187058130235014,0.3,0.0,False
2026-01-02 13:00:00,1,13,4,0.3609700960613131,3.1764162682948123,0.3,0.0,False
2026-01-02 14:00:00,1,14,4,0.2690735616261698,3.3117481037608396,0.3,0.0,False
2026-01-02 15:00:00,1,15,4,0.29900676794683045,3.269575805451,0.3,0.0,False
2026-01-02 16:00:00,1,16,4,0.18197033864322104,3.278779335957017,0.5,0.0,False
2026-01-02 17:00:00,1,17,4,0.12011862810008245,3.273792070484079,0.5,0.0,False
2026-01-02 18:00:00,1,18,4,5.272971361415095e-17,1.503361086148363,0.5,0.0,False
2026-01-02 19:00:00,1,19,4,0.0,1.5810196450437335,0.5,0.0,False
2026-01-02 20:00:00,1,20,4,0.0,1.5223996539153575,0.5,0.0,False
2026-01-02 21:00:00,1,21,4,0.0,1.4573472275093162,0.5,0.0,False
2026-01-02 22:00:00,1,22,4,0.0,1.5602622419707173,0.3,0.0,False
2026-01-02 23:00:00,1,23,4,0.0,1.6239185315479145,0.3,0.0,False
2026-01-03 00:00:00,2,0,5,0.0,1.4165961163916057,0.3,0.0,False
2026-01-03 01:00:00,2,1,5,0.0,1.4910895903990986,0.3,0.0,False
2026-01-03 02:00:00,2,2,5,0.0,1.674285984456988,0.3,0.0,False
2026-01-03 03:00:00,2,3,5,0.0,1.3345858984098966,0.3,0.0,False
2026-01-03 04:00:00,2,4,5,0.0,1.7707053294383917,0.3,0.0,False
2026-01-03 05:00:00,2,5,5,0.0,1.2991267537890636,0.3,0.0,False
2026-01-03 06:00:00,2,6,5,0.0,1.4481953083192896,0.5,0.0,False
2026-01-03 07:00:00,2,7,5,0.11694628896109349,1.3574715004685982,0.5,0.0,False
2026-01-03 08:00:00,2,8,5,0.18509411048407903,1.8281890495304065,0.5,0.0,False
2026-01-03 09:00:00,2,9,5,0.2814677743578377,1.4244974956729273,0.5,0.0,False
2026-01-03 10:00:00,2,10,5,0.2504670011144442,1.4248738265207201,0.3,0.0,False
2026-01-03 11:00:00,2,11,5,0.27316681882364924,1.4443876890090122,0.3,0.0,False
2026-01-03 12:00:00,2,12,5,0.42334392062853504,1.5143404211840925,0.3,0.0,False
2026-01-03 13:00:00,2,13,5,0.3605597375589239,1.4507337331643233,0.3,0.0,False
2026-01-03 14:00:00,2,14,5,0.3439559801178593,1.48006697930664,0.3,0.0,False
2026-01-03 15:00:00,2,15,5,0.3166808530448849,0.9706185070464394,0.3,0.0,False
2026-01-03 16:00:00,2,16,5,0.20739835596121825,1.508573975400274,0.5,0.0,False
2026-01-03 17:00:00,2,17,5,0.10202863116635023,1.5026709932229967,0.5,0.0,False
2026-01-03 18:00:00,2,18,5,4.845148002018154e-17,1.655785319611859,0.5,0.0,False
2026-01-03 19:00:00,2,19,5,0.0,1.6963591422419102,0.5,0.0,False
2026-01-03 20:00:00,2,20,5,0.0,1.4718437907912303,0.5,0.0,False
2026-01-03 21:00:00,2,21,5,0.0,1.6224343622510933,0.5,0.0,False
2026-01-03 22:00:00,2,22,5,0.0,1.334764682933279,0.3,0.0,False
2026-01-03 23:00:00,2,23,5,0.0,1.6151013514044157,0.3,0.0,False
2026-01-04 00:00:00,3,0,6,0.0,1.4141286301298135,0.3,0.0,False
2026-01-04 01:00:00,3,1,6,0.0,1.3222953797804917,0.3,0.0,False
2026-01-04 02:00:00,3,2,6,0.0,1.4721616982693924,0.3,0.0,False
2026-01-04 03:00:00,3,3,6,0.0,1.710070867079667,0.3,0.0,False
2026-01-04 04:00:00,3,4,6,0.0,1.527150830509627,0.3,0.0,False
2026-01-04 05:00:00,3,5,6,0.0,1.724473222151757,0.3,0.0,False
2026-01-04 06:00:00,3,6,6,0.0,1.3876900929276295,0.5,0.0,False
2026-01-04 07:00:00,3,7,6,0.1174039708623353,1.6571776656821986,0.5,0.0,False
2026-01-04 08:00:00,3,8,6,0.21160291039426626,1.4021759944144583,0.5,0.0,False
2026-01-04 09:00:00,3,9,6,0.2528752287272736,1.5337993007233806,0.5,0.0,False
2026-01-04 10:00:00,3,10,6,0.39947470124869733,1.5325024242989123,0.3,0.0,False
2026-01-04 11:00:00,3,11,6,0.28662960301402457,1.5992237600886259,0.3,0.0,False
2026-01-04 12:00:00,3,12,6,0.2600577907068025,1.537611092986699,0.3,0.0,False
2026-01-04 13:00:00,3,13,6,0.267735420651509,1.3891223193267275,0.3,0.0,False
2026-01-04 14:00:00,3,14,6,0.37928955641206147,1.6320460428138845,0.3,0.0,False
2026-01-04 15:00:00,3,15,6,0.26285266814316405,1.759748489148809,0.3,0.0,False
2026-01-04 16:00:00,3,16,6,0.1476455501010345,1.4124294866615823,0.5,0.0,False
2026-01-04 17:00:00,3,17,6,0.09878849372665281,1.2247151885332452,0.5,0.0,False
2026-01-04 18:00:00,3,18,6,3.5883720139214486e-17,1.5748979352530683,0.5,0.0,False
2026-01-04 19:00:00,3,19,6,0.0,1.4503229408921776,0.5,0.0,False
2026-01-04 20:00:00,3,20,6,0.0,1.4803345716067056,0.5,0.0,False
2026-01-04 21:00:00,3,21,6,0.0,1.5834266633596519,0.5,0.0,False
2026-01-04 22:00:00,3,22,6,0.0,1.4315411355261602,0.3,0.0,False
2026-01-04 23:00:00,3,23,6,0.0,1.4596722042984493,0.3,0.0,False
2026-01-05 00:00:00,4,0,0,0.0,1.484982072459512,0.3,0.0,False
2026-01-05 01:00:00,4,1,0,0.0,1.7204630906977525,0.3,0.0,False
2026-01-05 02:00:00,4,2,0,0.0,1.5045104406170373,0.3,0.0,False
2026-01-05 03:00:00,4,3,0,0.0,1.314648962877756,0.3,0.0,False
2026-01-05 04:00:00,4,4,0,0.0,1.3206182278288328,0.3,0.0,False
2026-01-05 05:00:00,4,5,0,0.0,1.52088448824894,0.3,0.0,False
2026-01-05 06:00:00,4,6,0,0.0,1.7305857998963532,0.5,0.0,False
2026-01-05 07:00:00,4,7,0,0.12989141339859314,1.6656544769613757,0.5,0.0,False
2026-01-05 08:00:00,4,8,0,0.22666514000037993,3.7953303986401012,0.5,0.0,False
2026-01-05 09:00:00,4,9,0,0.3094048491131133,3.8026747604302966,0.5,0.0,False
2026-01-05 10:00:00,4,10,0,0.31989462861847523,3.2447795199159217,0.3,0.0,False
2026-01-05 11:00:00,4,11,0,0.31319365272395205,3.344048893672756,0.3,0.0,False
2026-01-05 12:00:00,4,12,0,0.2794248597457951,3.328218246629325,0.3,0.0,False
2026-01-05 13:00:00,4,13,0,0.46837252619753206,3.3903629078953625,0.3,0.0,False
2026-01-05 14:00:00,4,14,0,0.32131046319298745,3.39071248559097,0.3,0.0,False
2026-01-05 15:00:00,4,15,0,0.21668075093715397,2.909131711870916,0.3,0.0,False
2026-01-05 16:00:00,4,16,0,0.16641725403346505,3.2639251562276406,0.5,0.0,False
2026-01-05 17:00:00,4,17,0,0.10416896334744018,3.3776856282267196,0.5,0.0,False
2026-01-05 18:00:00,4,18,0,3.672848897740056e-17,1.438431511344148,0.5,0.0,False
2026-01-05 19:00:00,4,19,0,0.0,1.505430395888974,0.5,0.0,False
2026-01-05 20:00:00,4,20,0,0.0,1.6126049972517116,0.5,0.0,False
2026-01-05 21:00:00,4,21,0,0.0,1.5121387849878243,0.5,0.0,False
2026-01-05 22:00:00,4,22,0,0.0,1.72618791258523,0.3,0.0,False
2026-01-05 23:00:00,4,23,0,0.0,1.669047937842168,0.3,0.0,False
2026-01-06 00:00:00,5,0,1,0.0,1.482215377054285,0.3,0.0,False
2026-01-06 01:00:00,5,1,1,0.0,1.4702930743912832,0.3,0.0,False
2026-01-06 02:00:00,5,2,1,0.0,1.0724513842197954,0.3,0.0,False
2026-01-06 03:00:00,5,3,1,0.0,1.4510246704664211,0.3,0.0,False
2026-01-06 04:00:00,5,4,1,0.0,1.297009666093421,0.3,0.0,False
2026-01-06 05:00:00,5,5,1,0.0,1.5331844313000933,0.3,0.0,False
2026-01-06 06:00:00,5,6,1,0.0,1.922930606668,0.5,0.0,False
2026-01-06 07:00:00,5,7,1,0.07567670485353704,2.0043783634040166,0.5,0.0,False
2026-01-06 08:00:00,5,8,1,0.1409435348541554,3.9095005707922286,0.5,0.0,False
2026-01-06 09:00:00,5,9,1,0.28680009606561563,3.6960595855492047,0.5,0.0,False
2026-01-06 10:00:00,5,10,1,0.25898675260536647,3.6420624467884792,0.3,0.0,False
2026-01-06 11:00:00,5,11,1,0.4750536048998147,3.3348677167829854,0.3,0.0,False
2026-01-06 12:00:00,5,12,1,0.40391471179357213,3.1034675409425048,0.3,0.0,False
2026-01-06 13:00:00,5,13,1,0.33236126404126554,3.215689218733482,0.3,0.0,False
2026-01-06 14:00:00,5,14,1,0.35198061827018357,3.2440879949538264,0.3,0.0,False
2026-01-06 15:00:00,5,15,1,0.1847644325488022,3.3888190726730065,0.3,0.0,False
2026-01-06 16:00:00,5,16,1,0.25017719438002645,3.157912514965605,0.5,0.0,False
2026-01-06 17:00:00,5,17,1,0.0980108946513846,3.2553036175785905,0.5,0.0,False
2026-01-06 18:00:00,5,18,1,5.577488780955585e-17,1.475843957880587,0.5,0.0,False
2026-01-06 19:00:00,5,19,1,0.0,1.4327818788516684,0.5,0.0,False
2026-01-06 20:00:00,5,20,1,0.0,1.6217123072519577,0.5,0.0,False
2026-01-06 21:00:00,5,21,1,0.0,1.5961982082698034,0.5,0.0,False
2026-01-06 22:00:00,5,22,1,0.0,1.6749850702655937,0.3,0.0,False
2026-01-06 23:00:00,5,23,1,0.0,1.4503462228333202,0.3,0.0,False
2026-01-07 00:00:00,6,0,2,0.0,1.6803791351471853,0.3,0.0,False
2026-01-07 01:00:00,6,1,2,0.0,1.295400437103443,0.3,0.0,False
2026-01-07 02:00:00,6,2,2,0.0,1.2917423548515214,0.3,0.0,False
2026-01-07 03:00:00,6,3,2,0.0,1.317929747086318,0.3,0.0,False
2026-01-07 04:00:00,6,4,2,0.0,1.5013817538948133,0.3,0.0,False
2026-01-07 05:00:00,6,5,2,0.0,1.6803567174866634,0.3,0.0,False
2026-01-07 06:00:00,6,6,2,0.0,1.8096786879040554,0.5,0.0,False
2026-01-07 07:00:00,6,7,2,0.12569308350918726,1.8284959892553343,0.5,0.0,False
2026-01-07 08:00:00,6,8,2,0.14601912129400565,3.667597306703599,0.5,0.0,False
2026-01-07 09:00:00,6,9,2,0.2814401864810176,3.785924218508148,0.5,0.0,False
2026-01-07 10:00:00,6,10,2,0.24588724148567,3.228356204496814,0.3,0.0,False
2026-01-07 11:00:00,6,11,2,0.413697029191127,3.219987456312525,0.3,0.0,False
2026-01-07 12:00:00,6,12,2,0.32814695156242996,3.0981907104963464,0.3,0.0,False
2026-01-07 13:00:00,6,13,2,0.410526106270201,3.2142418333234315,0.3,0.0,False
2026-01-07 14:00:00,6,14,2,0.38305541607168175,3.4766192629402997,0.3,0.0,False
2026-01-07 15:00:00,6,15,2,0.32030688733590684,3.3136389012717715,0.3,0.0,False
2026-01-07 16:00:00,6,16,2,0.141856162053086,3.1890218234628125,0.5,0.0,False
2026-01-07 17:00:00,6,17,2,0.12700897541604908,3.4854215959093398,0.5,0.0,False
2026-01-07 18:00:00,6,18,2,3.858615512412736e-17,1.412217974690972,0.5,0.0,False
2026-01-07 19:00:00,6,19,2,0.0,1.7129933369223698,0.5,0.0,False
2026-01-07 20:00:00,6,20,2,0.0,1.710541046685015,0.5,0.0,False
2026-01-07 21:00:00,6,21,2,0.0,1.5084017439562003,0.5,0.0,False
2026-01-07 22:00:00,6,22,2,0.0,1.2752175708942468,0.3,0.0,False
2026-01-07 23:00:00,6,23,2,0.0,1.8434250923018634,0.3,0.0,False
2026-01-08 00:00:00,7,0,3,0.0,1.558091408439682,0.3,0.0,False
2026-01-08 01:00:00,7,1,3,0.0,1.4514169462919115,0.3,0.0,False
2026-01-08 02:00:00,7,2,3,0.0,1.6434191872162582,0.3,0.0,False
2026-01-08 03:00:00,7,3,3,0.0,1.605345418053202,0.3,0.0,False
2026-01-08 04:00:00,7,4,3,0.0,1.696640752482966,0.3,0.0,False
2026-01-08 05:00:00,7,5,3,0.0,1.4006478316980155,0.3,0.0,False
2026-01-08 06:00:00,7,6,3,0.0,1.9477710119161586,0.5,0.0,False
2026-01-08 07:00:00,7,7,3,0.06944982513378177,1.7221194654632594,0.5,0.0,False
2026-01-08 08:00:00,7,8,3,0.18426678652893297,3.7999501593611846,0.5,0.0,False
2026-01-08 09:00:00,7,9,3,0.3617861956373983,3.6965581945559216,0.5,0.0,False
2026-01-08 10:00:00,7,10,3,0.42070091773219026,3.3421513883230216,0.3,0.0,False
2026-01-08 11:00:00,7,11,3,0.4337425486215744,3.278047541423929,0.3,0.0,False
2026-01-08 12:00:00,7,12,3,0.4855563654858091,3.2623516769117455,0.3,0.0,False
2026-01-08 13:00:00,7,13,3,0.4696697956564111,3.1697653238977925,0.3,0.0,False
2026-01-08 14:00:00,7,14,3,0.33778759068391856,3.418564532202635,0.3,0.0,False
2026-01-08 15:00:00,7,15,3,0.23895342523747642,3.5234556055112156,0.3,0.0,False
2026-01-08 16:00:00,7,16,3,0.22752679637830178,3.216499746163487,0.5,0.0,False
2026-01-08 17:00:00,7,17,3,0.11044206271507938,3.383031075745664,0.5,0.0,False
2026-01-08 18:00:00,7,18,3,4.3200141452899207e-17,1.5648275436990364,0.5,0.0,False
2026-01-08 19:00:00,7,19,3,0.0,1.5012146717023287,0.5,0.0,False
2026-01-08 20:00:00,7,20,3,0.0,1.2710106399952925,0.5,0.0,False
2026-01-08 21:00:00,7,21,3,0.0,1.3047603973334112,0.5,0.0,False
2026-01-08 22:00:00,7,22,3,0.0,1.3828527073272645,0.3,0.0,False
2026-01-08 23:00:00,7,23,3,0.0,1.1791492914642103,0.3,0.0,False
2026-01-09 00:00:00,8,0,4,0.0,1.7112046094858422,0.3,0.0,False
2026-01-09 01:00:00,8,1,4,0.0,1.555155484376957,0.3,0.0,False
2026-01-09 02:00:00,8,2,4,0.0,1.4955058427401318,0.3,0.0,False
2026-01-09 03:00:00,8,3,4,0.0,1.1714646271098257,0.3,0.0,False
2026-01-09 04:00:00,8,4,4,0.0,1.2264193717469398,0.3,0.0,False
2026-01-09 05:00:00,8,5,4,0.0,1.4996487917719563,0.3,0.0,False
2026-01-09 06:00:00,8,6,4,0.0,2.1955734948225967,0.5,0.0,False
2026-01-09 07:00:00,8,7,4,0.08733380786698604,1.7952033706190376,0.5,0.0,False
2026-01-09 08:00:00,8,8,4,0.2288568631304579,3.8295697021618653,0.5,0.0,False
2026-01-09 09:00:00,8,9,4,0.35905523523114563,3.6280146388487555,0.5,0.0,False
2026-01-09 10:00:00,8,10,4,0.3346909827039927,3.3082858888933298,0.3,0.0,False
2026-01-09 11:00:00,8,11,4,0.2845368166978985,3.48220257733394,0.3,0.0,False
2026-01-09 12:00:00,8,12,4,0.2611068375943668,3.248107255475018,0.3,0.0,False
2026-01-09 13:00:00,8,13,4,0.30586867409789964,3.19648426379218,0.3,0.0,False
2026-01-09 14:00:00,8,14,4,0.25241573550451546,3.5127105831187144,0.3,0.0,False
2026-01-09 15:00:00,8,15,4,0.3054894293586324,3.306833673167039,0.3,0.0,False
2026-01-09 16:00:00,8,16,4,0.14444602740089615,3.463680763587924,0.5,0.0,False
2026-01-09 17:00:00,8,17,4,0.10039773496672298,3.197212665992297,0.5,0.0,False
2026-01-09 18:00:00,8,18,4,5.343171478843345e-17,1.7110011313441464,0.5,0.0,False
2026-01-09 19:00:00,8,19,4,0.0,1.5410440911801917,0.5,0.0,False
2026-01-09 20:00:00,8,20,4,0.0,1.5652181439321988,0.5,0.0,False
2026-01-09 21:00:00,8,21,4,0.0,1.5197443967143762,0.5,0.0,False
2026-01-09 22:00:00,8,22,4,0.0,1.4241787527005247,0.3,0.0,False
2026-01-09 23:00:00,8,23,4,0.0,1.4997475784257543,0.3,0.0,False
2026-01-10 00:00:00,9,0,5,0.0,1.4336114643015951,0.3,0.0,False
2026-01-10 01:00:00,9,1,5,0.0,1.6439319093967177,0.3,0.0,False
2026-01-10 02:00:00,9,2,5,0.0,1.4695414249397007,0.3,0.0,False
2026-01-10 03:00:00,9,3,5,0.0,1.275523915830915,0.3,0.0,False
2026-01-10 04:00:00,9,4,5,0.0,1.2480864397516074,0.3,0.0,False
2026-01-10 05:00:00,9,5,5,0.0,1.2409922771519364,0.3,0.0,False
2026-01-10 06:00:00,9,6,5,0.0,1.5926956136330912,0.5,0.0,False
2026-01-10 07:00:00,9,7,5,0.13072419286071046,1.3272743532939835,0.5,0.0,False
2026-01-10 08:00:00,9,8,5,0.1661254563190574,1.545012866375785,0.5,0.0,False
2026-01-10 09:00:00,9,9,5,0.3515175875928927,1.520486177623712,0.5,0.0,False
2026-01-10 10:00:00,9,10,5,0.22922897067341969,1.4902937107635335,0.3,0.0,False
2026-01-10 11:00:00,9,11,5,0.38797525211948,1.5657607805073555,0.3,0.0,False
2026-01-10 12:00:00,9,12,5,0.4220073180981702,1.523745530563579,0.3,0.0,False
2026-01-10 13:00:00,9,13,5,0.2758882228250065,1.0935405385828576,0.3,0.0,False
2026-01-10 14:00:00,9,14,5,0.25505825359486767,1.4514562138727265,0.3,0.0,False
2026-01-10 15:00:00,9,15,5,0.2591653457289233,1.5637654701095147,0.3,0.0,False
2026-01-10 16:00:00,9,16,5,0.25390969852315964,1.7460424216132497,0.5,0.0,False
2026-01-10 17:00:00,9,17,5,0.1066879184378098,1.7529686424873745,0.5,0.0,False
2026-01-10 18:00:00,9,18,5,6.113958239656924e-17,1.2955274229622116,0.5,0.0,False
2026-01-10 19:00:00,9,19,5,0.0,1.447541205103084,0.5,0.0,False
2026-01-10 20:00:00,9,20,5,0.0,1.2650827779438003,0.5,0.0,False
2026-01-10 21:00:00,9,21,5,0.0,1.7279827612665124,0.5,0.0,False
2026-01-10 22:00:00,9,22,5,0.0,1.6519284312222826,0.3,0.0,False
2026-01-10 23:00:00,9,23,5,0.0,1.552588183029476,0.3,0.0,False
2026-01-11 00:00:00,10,0,6,0.0,1.5249142291890314,0.3,0.0,False
2026-01-11 01:00:00,10,1,6,0.0,1.7070946650524212,0.3,0.0,False
2026-01-11 02:00:00,10,2,6,0.0,1.6816987792140208,0.3,0.0,False
2026-01-11 03:00:00,10,3,6,0.0,1.6737067044984182,0.3,0.0,False
2026-01-11 04:00:00,10,4,6,0.0,1.568501978967339,0.3,0.0,False
2026-01-11 05:00:00,10,5,6,0.0,1.4476157550728757,0.3,0.0,False
2026-01-11 06:00:00,10,6,6,0.0,1.6150687248026336,0.5,0.0,False
2026-01-11 07:00:00,10,7,6,0.09471145508164275,1.622406285788267,0.5,0.0,False
2026-01-11 08:00:00,10,8,6,0.17799619681574885,1.471404379561206,0.5,0.0,False
2026-01-11 09:00:00,10,9,6,0.26119474338634424,1.4473126621748638,0.5,0.0,False
2026-01-11 10:00:00,10,10,6,0.37061104571343045,1.6699969904337315,0.3,0.0,False
2026-01-11 11:00:00,10,11,6,0.4673024169598859,1.749617416315441,0.3,0.0,False
2026-01-11 12:00:00,10,12,6,0.37664258555966296,1.3875906328627852,0.3,0.0,False
2026-01-11 13:00:00,10,13,6,0.31224705164822114,1.4604934986828038,0.3,0.0,False
2026-01-11 14:00:00,10,14,6,0.2774454407889484,1.5526399614682047,0.3,0.0,False
2026-01-11 15:00:00,10,15,6,0.3198369319843025,1.5729898496622916,0.3,0.0,False
2026-01-11 16:00:00,10,16,6,0.2352976900692586,1.421645046113806,0.5,0.0,False
2026-01-11 17:00:00,10,17,6,0.07410774610638264,1.7825280945516067,0.5,0.0,False
2026-01-11 18:00:00,10,18,6,3.383697227817156e-17,1.5633142898317756,0.5,0.0,False
2026-01-11 19:00:00,10,19,6,0.0,1.579707511270583,0.5,0.0,False
2026-01-11 20:00:00,10,20,6,0.0,1.7638326122267631,0.5,0.0,False
2026-01-11 21:00:00,10,21,6,0.0,1.4326407562133114,0.5,0.0,False
2026-01-11 22:00:00,10,22,6,0.0,1.4867352185336582,0.3,0.0,False
2026-01-11 23:00:00,10,23,6,0.0,1.3120016656467557,0.3,0.0,False
2026-01-12 00:00:00,11,0,0,0.0,1.4741474291619632,0.3,0.0,False
2026-01-12 01:00:00,11,1,0,0.0,1.2766608714096956,0.3,0.0,False
2026-01-12 02:00:00,11,2,0,0.0,1.6121774031289757,0.3,0.0,False
2026-01-12 03:00:00,11,3,0,0.0,1.5629995125104987,0.3,0.0,False
2026-01-12 04:00:00,11,4,0,0.0,1.458439603944219,0.3,0.0,False
2026-01-12 05:00:00,11,5,0,0.0,1.484936443827323,0.3,0.0,False
2026-01-12 06:00:00,11,6,0,0.0,2.0142199622783483,0.5,0.0,False
2026-01-12 07:00:00,11,7,0,0.07900818048888815,1.7296305869665152,0.5,0.0,False
2026-01-12 08:00:00,11,8,0,0.1368757051832774,3.7306251801178782,0.5,0.0,False
2026-01-12 09:00:00,11,9,0,0.29239163085770503,3.8049264709688115,0.5,0.0,False
2026-01-12 10:00:00,11,10,0,0.3782640652519841,3.0326588883889136,0.3,0.0,False
2026-01-12 11:00:00,11,11,0,0.3498339125457665,3.402740700855303,0.3,0.0,False
2026-01-12 12:00:00,11,12,0,0.3425176666371449,3.0488906305107646,0.3,0.0,False
2026-01-12 13:00:00,11,13,0,0.37767135286473164,3.28236082742227,0.3,0.0,False
2026-01-12 14:00:00,11,14,0,0.4219913498146562,3.125491334385716,0.3,0.0,False
2026-01-12 15:00:00,11,15,0,0.3401674882046443,3.5146869868935022,0.3,0.0,False
2026-01-12 16:00:00,11,16,0,0.13558841340476618,3.1264318418771477,0.5,0.0,False
2026-01-12 17:00:00,11,17,0,0.07946938866236769,3.0524715162051925,0.5,0.0,False
2026-01-12 18:00:00,11,18,0,3.936057823272523e-17,1.5200028212394474,0.5,0.0,False
2026-01-12 19:00:00,11,19,0,0.0,1.4379445529968766,0.5,0.0,False
2026-01-12 20:00:00,11,20,0,0.0,1.2743092157004101,0.5,0.0,False
2026-01-12 21:00:00,11,21,0,0.0,1.5788722798732273,0.5,0.0,False
2026-01-12 22:00:00,11,22,0,0.0,1.2012751406325481,0.3,0.0,False
2026-01-12 23:00:00,11,23,0,0.0,1.3445638541125313,0.3,0.0,False
2026-01-13 00:00:00,12,0,1,0.0,1.4137172594368823,0.3,0.0,False
2026-01-13 01:00:00,12,1,1,0.0,1.6203333588232711,0.3,0.0,False
2026-01-13 02:00:00,12,2,1,0.0,1.6943202550519727,0.3,0.0,False
2026-01-13 03:00:00,12,3,1,0.0,1.6654173370991359,0.3,0.0,False
2026-01-13 04:00:00,12,4,1,0.0,1.4770089314306651,0.3,0.0,False
2026-01-13 05:00:00,12,5,1,0.0,1.1359037632807265,0.3,0.0,False
2026-01-13 06:00:00,12,6,1,0.0,1.9586279531827837,0.5,0.0,False
2026-01-13 07:00:00,12,7,1,0.1283965999606328,2.1205860608836917,0.5,0.0,False
2026-01-13 08:00:00,12,8,1,0.2580706923777802,3.885068561172035,0.5,0.0,False
2026-01-13 09:00:00,12,9,1,0.3322337099780918,3.769442351461558,0.5,0.0,False
2026-01-13 10:00:00,12,10,1,0.40181006617931986,3.121574585349232,0.3,0.0,False
2026-01-13 11:00:00,12,11,1,0.41365892987073516,3.2212039494557376,0.3,0.0,False
2026-01-13 12:00:00,12,12,1,0.4638448381418549,3.590072159811851,0.3,0.0,False
2026-01-13 13:00:00,12,13,1,0.2857366399242009,3.0874905698003796,0.3,0.0,False
2026-01-13 14:00:00,12,14,1,0.34684764771603943,3.127823815777442,0.3,0.0,False
2026-01-13 15:00:00,12,15,1,0.2791723955821635,3.4413827326747923,0.3,0.0,False
2026-01-13 16:00:00,12,16,1,0.2421661090844876,3.2353261132791706,0.5,0.0,False
2026-01-13 17:00:00,12,17,1,0.09871398029967123,3.1227367316693067,0.5,0.0,False
2026-01-13 18:00:00,12,18,1,4.422688553041325e-17,1.7291956768084524,0.5,0.0,False
2026-01-13 19:00:00,12,19,1,0.0,1.569158396721771,0.5,0.0,False
2026-01-13 20:00:00,12,20,1,0.0,1.4427298253434233,0.5,0.0,False
2026-01-13 21:00:00,12,21,1,0.0,1.3281337746150728,0.5,0.0,False
2026-01-13 22:00:00,12,22,1,0.0,1.8071109845789906,0.3,0.0,False
2026-01-13 23:00:00,12,23,1,0.0,1.4963322271880088,0.3,0.0,False
2026-01-14 00:00:00,13,0,2,0.0,1.7095992093704242,0.3,0.0,False
2026-01-14 01:00:00,13,1,2,0.0,1.634045031691416,0.3,0.0,False
2026-01-14 02:00:00,13,2,2,0.0,1.4218647657505148,0.3,0.0,False
2026-01-14 03:00:00,13,3,2,0.0,1.4230588327515328,0.3,0.0,False
2026-01-14 04:00:00,13,4,2,0.0,1.716947234690088,0.3,0.0,False
2026-01-14 05:00:00,13,5,2,0.0,1.7193775998929965,0.3,0.0,False
2026-01-14 06:00:00,13,6,2,0.0,1.6184626035818899,0.5,0.0,False
2026-01-14 07:00:00,13,7,2,0.13196318399959028,1.9824670391473287,0.5,0.0,False
2026-01-14 08:00:00,13,8,2,0.2506806209222769,3.681817779291457,0.5,0.0,False
2026-01-14 09:00:00,13,9,2,0.27396189951214794,3.5450015255592238,0.5,0.0,False
2026-01-14 10:00:00,13,10,2,0.30096998759371335,3.3392619142075795,0.3,0.0,False
2026-01-14 11:00:00,13,11,2,0.38801769364377825,3.0975604813520405,0.3,0.0,False
2026-01-14 12:00:00,13,12,2,0.4836264461502506,3.230031696803085,0.3,0.0,False
2026-01-14 13:00:00,13,13,2,0.4176231596914842,3.1802289400845045,0.3,0.0,False
2026-01-14 14:00:00,13,14,2,0.4088253887763252,3.2250313103766,0.3,0.0,False
2026-01-14 15:00:00,13,15,2,0.2835468628967387,3.289278225950701,0.3,0.0,False
2026-01-14 16:00:00,13,16,2,0.21360462768051222,3.147665000714177,0.5,0.0,False
2026-01-14 17:00:00,13,17,2,0.08722499162418167,3.5359768543309946,0.5,0.0,False
2026-01-14 18:00:00,13,18,2,5.558530106700277e-17,1.5739924850091187,0.5,0.0,False
2026-01-14 19:00:00,13,19,2,0.0,1.7691844542573083,0.5,0.0,False
2026-01-14 20:00:00,13,20,2,0.0,1.4759880046382972,0.5,0.0,False
2026-01-14 21:00:00,13,21,2,0.0,1.4176815056554337,0.5,0.0,False
2026-01-14 22:00:00,13,22,2,0.0,1.7637623421739543,0.3,0.0,False
2026-01-14 23:00:00,13,23,2,0.0,1.4132910390189022,0.3,0.0,False
2026-01-15 00:00:00,14,0,3,0.0,1.4732561967016313,0.3,0.0,False
2026-01-15 01:00:00,14,1,3,0.0,1.6080071115745973,0.3,0.0,False
2026-01-15 02:00:00,14,2,3,0.0,1.3143411287554083,0.3,0.0,False
2026-01-15 03:00:00,14,3,3,0.0,1.6066942027190474,0.3,0.0,False
2026-01-15 04:00:00,14,4,3,0.0,1.5875020599246903,0.3,0.0,False
2026-01-15 05:00:00,14,5,3,0.0,1.690398797705675,0.3,0.0,False
2026-01-15 06:00:00,14,6,3,0.0,2.033506675451521,0.5,0.0,False
2026-01-15 07:00:00,14,7,3,0.10829378647244753,2.0949967529316353,0.5,0.0,False
2026-01-15 08:00:00,14,8,3,0.23401054002360683,3.6834367149237384,0.5,0.0,False
2026-01-15 09:00:00,14,9,3,0.3332597612504862,3.5705994521939406,0.5,0.0,False
2026-01-15 10:00:00,14,10,3,0.44247134145489286,3.616497812112504,0.3,0.0,False
2026-01-15 11:00:00,14,11,3,0.317858141951646,3.0709956576717046,0.3,0.0,False
2026-01-15 12:00:00,14,12,3,0.4174682906900828,3.0860230381689284,0.3,0.0,False
2026-01-15 13:00:00,14,13,3,0.2777045843295282,3.3847692060763244,0.3,0.0,False
2026-01-15 14:00:00,14,14,3,0.36747022637381727,3.543747907226602,0.3,0.0,False
2026-01-15 15:00:00,14,15,3,0.21744807177788106,3.3284326268871247,0.3,0.0,False
2026-01-15 16:00:00,14,16,3,0.20543587217847264,3.4498955549553307,0.5,0.0,False
2026-01-15 17:00:00,14,17,3,0.10684970643598546,3.000629590879206,0.5,0.0,False
2026-01-15 18:00:00,14,18,3,4.713527697252574e-17,1.4250682556728294,0.5,0.0,False
2026-01-15 19:00:00,14,19,3,0.0,1.2189078289285111,0.5,0.0,False
2026-01-15 20:00:00,14,20,3,0.0,1.617061643734299,0.5,0.0,False
2026-01-15 21:00:00,14,21,3,0.0,1.267915301011648,0.5,0.0,False
2026-01-15 22:00:00,14,22,3,0.0,1.308327173095103,0.3,0.0,False
2026-01-15 23:00:00,14,23,3,0.0,1.5771037807442103,0.3,0.0,False
2026-01-16 00:00:00,15,0,4,0.0,1.6592736528026595,0.3,0.0,False
2026-01-16 01:00:00,15,1,4,0.0,1.4761547837656175,0.3,0.0,False
2026-01-16 02:00:00,15,2,4,0.0,1.5855258756162764,0.3,0.0,False
2026-01-16 03:00:00,15,3,4,0.0,1.5806682250309638,0.3,0.0,False
2026-01-16 04:00:00,15,4,4,0.0,1.4676859710836292,0.3,0.0,False
2026-01-16 05:00:00,15,5,4,0.0,1.3357941775670628,0.3,0.0,False
2026-01-16 06:00:00,15,6,4,0.0,1.9847337110326964,0.5,0.0,False
2026-01-16 07:00:00,15,7,4,0.1139770162002253,1.9919643536162623,0.5,0.0,False
2026-01-16 08:00:00,15,8,4,0.1757083294763624,3.8341036604635383,0.5,0.0,False
2026-01-16 09:00:00,15,9,4,0.3537117907407993,3.746809963611834,0.5,0.0,False
2026-01-16 10:00:00,15,10,4,0.4022093304711582,3.124725012978101,0.3,0.0,False
2026-01-16 11:00:00,15,11,4,0.3233812636296553,3.403551024205377,0.3,0.0,False
2026-01-16 12:00:00,15,12,4,0.35946777755930964,3.299792837965749,0.3,0.0,False
2026-01-16 13:00:00,15,13,4,0.3345561370073685,3.227589383351498,0.3,0.0,False
2026-01-16 14:00:00,15,14,4,0.26416664621573616,3.255804624420943,0.3,0.0,False
2026-01-16 15:00:00,15,15,4,0.21385991691050096,3.196461423241443,0.3,0.0,False
2026-01-16 16:00:00,15,16,4,0.2550870505267515,3.433326566828164,0.5,0.0,False
2026-01-16 17:00:00,15,17,4,0.09806422404286746,3.087282789962997,0.5,0.0,False
2026-01-16 18:00:00,15,18,4,4.4639355396755215e-17,1.3509771097790373,0.5,0.0,False
2026-01-16 19:00:00,15,19,4,0.0,1.4506840672992458,0.5,0.0,False
2026-01-16 20:00:00,15,20,4,0.0,1.74206262723585,0.5,0.0,False
2026-01-16 21:00:00,15,21,4,0.0,1.6581420823639272,0.5,0.0,False
2026-01-16 22:00:00,15,22,4,0.0,1.2538738795129163,0.3,0.0,False
2026-01-16 23:00:00,15,23,4,0.0,1.7027020633128729,0.3,0.0,False
2026-01-17 00:00:00,16,0,5,0.0,1.7024130325475526,0.3,0.0,False
2026-01-17 01:00:00,16,1,5,0.0,1.3238987510966036,0.3,0.0,False
2026-01-17 02:00:00,16,2,5,0.0,1.1217812594105332,0.3,0.0,False
2026-01-17 03:00:00,16,3,5,0.0,1.4891667566479136,0.3,0.0,False
2026-01-17 04:00:00,16,4,5,0.0,1.6683636613949733,0.3,0.0,False
2026-01-17 05:00:00,16,5,5,0.0,1.7386892954700304,0.3,0.0,False
2026-01-17 06:00:00,16,6,5,0.0,1.3693759103458125,0.5,0.0,False
2026-01-17 07:00:00,16,7,5,0.0768016570824697,1.7627968656994448,0.5,0.0,False
2026-01-17 08:00:00,16,8,5,0.21004041904545287,1.1658101406274948,0.5,0.0,False
2026-01-17 09:00:00,16,9,5,0.31534010979805266,1.444792407925607,0.5,0.0,False
2026-01-17 10:00:00,16,10,5,0.23187442021220644,1.437418399617638,0.3,0.0,False
2026-01-17 11:00:00,16,11,5,0.37154803285377613,1.6728505537386456,0.3,0.0,False
2026-01-17 12:00:00,16,12,5,0.4828027666342249,1.694745369890967,0.3,0.0,False
2026-01-17 13:00:00,16,13,5,0.33093732617898675,1.6431335483150094,0.3,0.0,False
2026-01-17 14:00:00,16,14,5,0.334089789084963,1.297417492688116,0.3,0.0,False
2026-01-17 15:00:00,16,15,5,0.2697470349889684,1.6293928547698382,0.3,0.0,False
2026-01-17 16:00:00,16,16,5,0.17217440420299074,1.5763562952890238,0.5,0.0,False
2026-01-17 17:00:00,16,17,5,0.13132780962987983,1.2493148422080613,0.5,0.0,False
2026-01-17 18:00:00,16,18,5,5.769767135242219e-17,1.189947925679747,0.5,0.0,False
2026-01-17 19:00:00,16,19,5,0.0,1.6556983935031164,0.5,0.0,False
2026-01-17 20:00:00,16,20,5,0.0,1.4729851048531133,0.5,0.0,False
2026-01-17 21:00:00,16,21,5,0.0,1.3072226861317686,0.5,0.0,False
2026-01-17 22:00:00,16,22,5,0.0,1.4687742106936847,0.3,0.0,False
2026-01-17 23:00:00,16,23,5,0.0,1.5546061621669804,0.3,0.0,False
2026-01-18 00:00:00,17,0,6,0.0,1.4875723309998679,0.3,0.0,False
2026-01-18 01:00:00,17,1,6,0.0,1.267202077031087,0.3,0.0,False
2026-01-18 02:00:00,17,2,6,0.0,1.7828335355346165,0.3,0.0,False
2026-01-18 03:00:00,17,3,6,0.0,1.6506326953481838,0.3,0.0,False
2026-01-18 04:00:00,17,4,6,0.0,1.44969338224898,0.3,0.0,False
2026-01-18 05:00:00,17,5,6,0.0,1.4557358016146569,0.3,0.0,False
2026-01-18 06:00:00,17,6,6,0.0,1.5539231092069765,0.5,0.0,False
2026-01-18 07:00:00,17,7,6,0.08526965460370535,1.3305567906389504,0.5,0.0,False
2026-01-18 08:00:00,17,8,6,0.15174389039018943,1.5484014654805454,0.5,0.0,False
2026-01-18 09:00:00,17,9,6,0.33358182431488215,1.3003901344708853,0.5,0.0,False
2026-01-18 10:00:00,17,10,6,0.2755168389293488,1.489419867473225,0.3,0.0,False
2026-01-18 11:00:00,17,11,6,0.49001447433930617,1.324714275021471,0.3,0.0,False
2026-01-18 12:00:00,17,12,6,0.4397618506185373,1.3322874026509928,0.3,0.0,False
2026-01-18 13:00:00,17,13,6,0.2657409020207297,1.7468583920427314,0.3,0.0,False
2026-01-18 14:00:00,17,14,6,0.23119001199716116,1.508883884142683,0.3,0.0,False
2026-01-18 15:00:00,17,15,6,0.19744501151691035,1.531110972810175,0.3,0.0,False
2026-01-18 16:00:00,17,16,6,0.2131974369224527,1.1982930208378015,0.5,0.0,False
2026-01-18 17:00:00,17,17,6,0.12379775811109699,1.4104497362218429,0.5,0.0,False
2026-01-18 18:00:00,17,18,6,4.027282104889493e-17,1.569181817805652,0.5,0.0,False
2026-01-18 19:00:00,17,19,6,0.0,1.5291204398921256,0.5,0.0,False
2026-01-18 20:00:00,17,20,6,0.0,1.1768955267969443,0.5,0.0,False
2026-01-18 21:00:00,17,21,6,0.0,1.5310706874985622,0.5,0.0,False
2026-01-18 22:00:00,17,22,6,0.0,1.5549838205324533,0.3,0.0,False
2026-01-18 23:00:00,17,23,6,0.0,1.692564299729805,0.3,0.0,False
2026-01-19 00:00:00,18,0,0,0.0,1.4017153321592486,0.3,0.0,False
2026-01-19 01:00:00,18,1,0,0.0,1.1636896919796493,0.3,0.0,False
2026-01-19 02:00:00,18,2,0,0.0,1.3504843872292267,0.3,0.0,False
2026-01-19 03:00:00,18,3,0,0.0,1.3354402441697164,0.3,0.0,False
2026-01-19 04:00:00,18,4,0,0.0,1.610506331666996,0.3,0.0,False
2026-01-19 05:00:00,18,5,0,0.0,1.0924895117407023,0.3,0.0,False
2026-01-19 06:00:00,18,6,0,0.0,1.8327465309891067,0.5,0.0,False
2026-01-19 07:00:00,18,7,0,0.11245918508506866,2.113869321036588,0.5,0.0,False
2026-01-19 08:00:00,18,8,0,0.24672611645998294,3.701081869425045,0.5,0.0,False
2026-01-19 09:00:00,18,9,0,0.21774841787598836,3.8344475224264634,0.5,0.0,False
2026-01-19 10:00:00,18,10,0,0.40044529551256053,3.0537302499673364,0.3,0.0,False
2026-01-19 11:00:00,18,11,0,0.3071901365595775,3.0597015730190513,0.3,0.0,False
2026-01-19 12:00:00,18,12,0,0.338743562474316,3.515586368676785,0.3,0.0,False
2026-01-19 13:00:00,18,13,0,0.4402745935341698,3.315182304863588,0.3,0.0,False
2026-01-19 14:00:00,18,14,0,0.45713942598236273,3.3154911543313714,0.3,0.0,False
2026-01-19 15:00:00,18,15,0,0.3037630920321965,3.1322770757839504,0.3,0.0,False
2026-01-19 16:00:00,18,16,0,0.14054799660439538,3.3151172593425344,0.5,0.0,False
2026-01-19 17:00:00,18,17,0,0.11151378452159329,3.1281093647489855,0.5,0.0,False
2026-01-19 18:00:00,18,18,0,3.402769987082244e-17,1.6780305673358475,0.5,0.0,False
2026-01-19 19:00:00,18,19,0,0.0,1.9091746064802257,0.5,0.0,False
2026-01-19 20:00:00,18,20,0,0.0,1.5725911580497993,0.5,0.0,False
2026-01-19 21:00:00,18,21,0,0.0,1.4047580421807684,0.5,0.0,False
2026-01-19 22:00:00,18,22,0,0.0,1.1199512504258013,0.3,0.0,False
2026-01-19 23:00:00,18,23,0,0.0,1.2473303828186488,0.3,0.0,False
2026-01-20 00:00:00,19,0,1,0.0,1.7332292746540703,0.3,0.0,False
2026-01-20 01:00:00,19,1,1,0.0,1.345621223509339,0.3,0.0,False
2026-01-20 02:00:00,19,2,1,0.0,1.4443747677470231,0.3,0.0,False
2026-01-20 03:00:00,19,3,1,0.0,1.5982988961868767,0.3,0.0,False
2026-01-20 04:00:00,19,4,1,0.0,1.7223434699042688,0.3,0.0,False
2026-01-20 05:00:00,19,5,1,0.0,1.4700619618254243,0.3,0.0,False
2026-01-20 06:00:00,19,6,1,0.0,1.8392999695500947,0.5,0.0,False
2026-01-20 07:00:00,19,7,1,0.09014931813132769,1.9107431542766025,0.5,0.0,False
2026-01-20 08:00:00,19,8,1,0.21118170855927368,3.605854327504117,0.5,0.0,False
2026-01-20 09:00:00,19,9,1,0.32170013181234985,3.6139271195060565,0.5,0.0,False
2026-01-20 10:00:00,19,10,1,0.382284990333346,3.3617820176300808,0.3,0.0,False
2026-01-20 11:00:00,19,11,1,0.5017104096274332,3.327793727675173,0.3,0.0,False
2026-01-20 12:00:00,19,12,1,0.30738486961727,3.6197407959837875,0.3,0.0,False
2026-01-20 13:00:00,19,13,1,0.38996106888075177,3.3658273224953144,0.3,0.0,False
2026-01-20 14:00:00,19,14,1,0.3254489953618375,3.472671832214074,0.3,0.0,False
2026-01-20 15:00:00,19,15,1,0.279001639067703,3.1393072234915302,0.3,0.0,False
2026-01-20 16:00:00,19,16,1,0.14978180660150037,3.3787735935045404,0.5,0.0,False
2026-01-20 17:00:00,19,17,1,0.0785633646527658,3.191552798009841,0.5,0.0,False
2026-01-20 18:00:00,19,18,1,4.1893045645333976e-17,1.5593179894944837,0.5,0.0,False
2026-01-20 19:00:00,19,19,1,0.0,1.6032771897172262,0.5,0.0,False
2026-01-20 20:00:00,19,20,1,0.0,1.507480326600221,0.5,0.0,False
2026-01-20 21:00:00,19,21,1,0.0,1.861098858221219,0.5,0.0,False
2026-01-20 22:00:00,19,22,1,0.0,1.7141969653662679,0.3,0.0,False
2026-01-20 23:00:00,19,23,1,0.0,1.6765867999243644,0.3,0.0,False
2026-01-21 00:00:00,20,0,2,0.0,1.614642928855502,0.3,0.0,False
2026-01-21 01:00:00,20,1,2,0.0,1.7645041226595066,0.3,0.0,False
2026-01-21 02:00:00,20,2,2,0.0,1.2844546053796175,0.3,0.0,False
2026-01-21 03:00:00,20,3,2,0.0,1.7055424676985864,0.3,0.0,False
2026-01-21 04:00:00,20,4,2,0.0,1.3513133532000716,0.3,0.0,False
2026-01-21 05:00:00,20,5,2,0.0,1.4153491321399905,0.3,0.0,False
2026-01-21 06:00:00,20,6,2,0.0,1.98420886660925,0.5,0.0,False
2026-01-21 07:00:00,20,7,2,0.08525657348099168,2.0849830248266086,0.5,0.0,False
2026-01-21 08:00:00,20,8,2,0.21131701075569514,3.5269635052477053,0.5,0.0,False
2026-01-21 09:00:00,20,9,2,0.29757669460701497,3.6231182683483403,0.5,0.0,False
2026-01-21 10:00:00,20,10,2,0.3961650530126907,3.3146298108751964,0.3,0.0,False
2026-01-21 11:00:00,20,11,2,0.4278315689476965,3.2720450992956427,0.3,0.0,False
2026-01-21 12:00:00,20,12,2,0.44412916444080613,3.428104809185278,0.3,0.0,False
2026-01-21 13:00:00,20,13,2,0.34170847676856364,3.815389142397678,0.3,0.0,False
2026-01-21 14:00:00,20,14,2,0.4160501019556197,3.3628981062788816,0.3,0.0,False
2026-01-21 15:00:00,20,15,2,0.2944166165029847,3.1897205342756525,0.3,0.0,False
2026-01-21 16:00:00,20,16,2,0.19236318363451954,3.1055237504041506,0.5,0.0,False
2026-01-21 17:00:00,20,17,2,0.11311117758500402,3.251211912962159,0.5,0.0,False
2026-01-21 18:00:00,20,18,2,4.4786284763045474e-17,1.3589625170956814,0.5,0.0,False
2026-01-21 19:00:00,20,19,2,0.0,1.5701324687963134,0.5,0.0,False
2026-01-21 20:00:00,20,20,2,0.0,1.567803245367634,0.5,0.0,False
2026-01-21 21:00:00,20,21,2,0.0,1.4305247693212566,0.5,0.0,False
2026-01-21 22:00:00,20,22,2,0.0,1.7977432520675674,0.3,0.0,False
2026-01-21 23:00:00,20,23,2,0.0,1.3896829021140158,0.3,0.0,False
2026-01-22 00:00:00,21,0,3,0.0,1.4820853398152738,0.3,0.0,False
2026-01-22 01:00:00,21,1,3,0.0,1.5958743998834726,0.3,0.0,False
2026-01-22 02:00:00,21,2,3,0.0,1.6338082340654743,0.3,0.0,False
2026-01-22 03:00:00,21,3,3,0.0,1.69163647823148,0.3,0.0,False
2026-01-22 04:00:00,21,4,3,0.0,1.5642744718489858,0.3,0.0,False
2026-01-22 05:00:00,21,5,3,0.0,1.6576369051181996,0.3,0.0,False
2026-01-22 06:00:00,21,6,3,0.0,1.800233774195809,0.5,0.0,False
2026-01-22 07:00:00,21,7,3,0.12868373690717386,2.0377122940525574,0.5,0.0,False
2026-01-22 08:00:00,21,8,3,0.14246087071071664,3.8357093725234597,0.5,0.0,False
2026-01-22 09:00:00,21,9,3,0.244422840218056,3.92693300121303,0.5,0.0,False
2026-01-22 10:00:00,21,10,3,0.31186612439715516,3.0497346011657185,0.3,0.0,False
2026-01-22 11:00:00,21,11,3,0.30582933607102814,3.1639225326598397,0.3,0.0,False
2026-01-22 12:00:00,21,12,3,0.35464964496366347,3.4234711454050952,0.3,0.0,False
2026-01-22 13:00:00,21,13,3,0.4543640533356451,2.9022953280177903,0.3,0.0,False
2026-01-22 14:00:00,21,14,3,0.23719217490552985,3.3738009260682524,0.3,0.0,False
2026-01-22 15:00:00,21,15,3,0.3487419410689119,3.458970663739705,0.3,0.0,False
2026-01-22 16:00:00,21,16,3,0.25056222694766167,3.213543712867434,0.5,0.0,False
2026-01-22 17:00:00,21,17,3,0.0958677514086791,3.235471499983213,0.5,0.0,False
2026-01-22 18:00:00,21,18,3,3.8133824497018026e-17,1.3388793979140143,0.5,0.0,False
2026-01-22 19:00:00,21,19,3,0.0,1.4217679320402894,0.5,0.0,False
2026-01-22 20:00:00,21,20,3,0.0,1.4261147247057364,0.5,0.0,False
2026-01-22 21:00:00,21,21,3,0.0,1.3975738088301717,0.5,0.0,False
2026-01-22 22:00:00,21,22,3,0.0,1.3893482733323255,0.3,0.0,False
2026-01-22 23:00:00,21,23,3,0.0,1.4593492822667409,0.3,0.0,False
2026-01-23 00:00:00,22,0,4,0.0,1.4575343526515818,0.3,0.0,False
2026-01-23 01:00:00,22,1,4,0.0,1.7811197849791585,0.3,0.0,False
2026-01-23 02:00:00,22,2,4,0.0,1.4408722285324485,0.3,0.0,False
2026-01-23 03:00:00,22,3,4,0.0,1.5516225324287787,0.3,0.0,False
2026-01-23 04:00:00,22,4,4,0.0,1.4134675550285547,0.3,0.0,False
2026-01-23 05:00:00,22,5,4,0.0,1.4115606336237814,0.3,0.0,False
2026-01-23 06:00:00,22,6,4,0.0,1.6443444193401064,0.5,0.0,False
2026-01-23 07:00:00,22,7,4,0.08483569898128673,1.664295062828336,0.5,0.0,False
2026-01-23 08:00:00,22,8,4,0.20672851930383235,3.5189502580520498,0.5,0.0,False
2026-01-23 09:00:00,22,9,4,0.22309024600616004,3.7275545252140105,0.5,0.0,False
2026-01-23 10:00:00,22,10,4,0.27373472362818263,3.4614260482926875,0.3,0.0,False
2026-01-23 11:00:00,22,11,4,0.48086572931416877,3.0320003209656723,0.3,0.0,False
2026-01-23 12:00:00,22,12,4,0.539261260535673,3.217638479797677,0.3,0.0,False
2026-01-23 13:00:00,22,13,4,0.4074555495240129,3.0949663935974474,0.3,0.0,False
2026-01-23 14:00:00,22,14,4,0.4317816957650623,3.2603584358799673,0.3,0.0,False
2026-01-23 15:00:00,22,15,4,0.38154315969504343,3.4613654240560723,0.3,0.0,False
2026-01-23 16:00:00,22,16,4,0.154745418496749,3.2329676397588036,0.5,0.0,False
2026-01-23 17:00:00,22,17,4,0.10161875078733114,3.292872454170045,0.5,0.0,False
2026-01-23 18:00:00,22,18,4,4.623428365907445e-17,1.718284259458847,0.5,0.0,False
2026-01-23 19:00:00,22,19,4,0.0,1.5686851395761865,0.5,0.0,False
2026-01-23 20:00:00,22,20,4,0.0,1.3859862216274796,0.5,0.0,False
2026-01-23 21:00:00,22,21,4,0.0,1.5238372928753587,0.5,0.0,False
2026-01-23 22:00:00,22,22,4,0.0,1.3758676482896564,0.3,0.0,False
2026-01-23 23:00:00,22,23,4,0.0,1.5630723019104,0.3,0.0,False
2026-01-24 00:00:00,23,0,5,0.0,1.577301023110914,0.3,0.0,False
2026-01-24 01:00:00,23,1,5,0.0,1.2949260449252322,0.3,0.0,False
2026-01-24 02:00:00,23,2,5,0.0,1.5262724126078662,0.3,0.0,False
2026-01-24 03:00:00,23,3,5,0.0,1.482364011300612,0.3,0.0,False
2026-01-24 04:00:00,23,4,5,0.0,1.5817016095758167,0.3,0.0,False
2026-01-24 05:00:00,23,5,5,0.0,1.6247020576528701,0.3,0.0,False
2026-01-24 06:00:00,23,6,5,0.0,1.5716174406186907,0.5,0.0,False
2026-01-24 07:00:00,23,7,5,0.10524770434519587,1.454520996993037,0.5,0.0,False
2026-01-24 08:00:00,23,8,5,0.14761066720353527,1.6399995031296,0.5,0.0,False
2026-01-24 09:00:00,23,9,5,0.23947573943576408,1.3690405835534623,0.5,0.0,False
2026-01-24 10:00:00,23,10,5,0.4347772851892235,1.3019217009945752,0.3,0.0,False
2026-01-24 11:00:00,23,11,5,0.4307456125652168,1.02070699731588,0.3,0.0,False
2026-01-24 12:00:00,23,12,5,0.4490887341020712,1.4894788572394269,0.3,0.0,False
2026-01-24 13:00:00,23,13,5,0.43932443117404263,1.3767680340759847,0.3,0.0,False
2026-01-24 14:00:00,23,14,5,0.41574908748875405,1.5596631714113025,0.3,0.0,False
2026-01-24 15:00:00,23,15,5,0.20374522967306496,1.204315890893345,0.3,0.0,False
2026-01-24 16:00:00,23,16,5,0.18607427556432593,1.402923217365075,0.5,0.0,False
2026-01-24 17:00:00,23,17,5,0.10850653989385829,1.5705404858796728,0.5,0.0,False
2026-01-24 18:00:00,23,18,5,4.4636214805661756e-17,1.345524578047653,0.5,0.0,False
2026-01-24 19:00:00,23,19,5,0.0,1.5613885122919293,0.5,0.0,False
2026-01-24 20:00:00,23,20,5,0.0,1.416446610739794,0.5,0.0,False
2026-01-24 21:00:00,23,21,5,0.0,1.4950787535330003,0.5,0.0,False
2026-01-24 22:00:00,23,22,5,0.0,1.5892737009625284,0.3,0.0,False
2026-01-24 23:00:00,23,23,5,0.0,1.642919553467297,0.3,0.0,False
2026-01-25 00:00:00,24,0,6,0.0,1.5138738616980911,0.3,0.0,False
2026-01-25 01:00:00,24,1,6,0.0,1.3778984557681884,0.3,0.0,False
2026-01-25 02:00:00,24,2,6,0.0,1.4312941706430524,0.3,0.0,False
2026-01-25 03:00:00,24,3,6,0.0,1.5955433044630438,0.3,0.0,False
2026-01-25 04:00:00,24,4,6,0.0,1.346811962477609,0.3,0.0,False
2026-01-25 05:00:00,24,5,6,0.0,1.4732900105039692,0.3,0.0,False
2026-01-25 06:00:00,24,6,6,0.0,1.4421173852457787,0.5,0.0,False
2026-01-25 07:00:00,24,7,6,0.0990202046168719,1.4844957325021553,0.5,0.0,False
2026-01-25 08:00:00,24,8,6,0.2622511629420673,1.3486076206125934,0.5,0.0,False
2026-01-25 09:00:00,24,9,6,0.3154591316958559,1.2222083471681833,0.5,0.0,False
2026-01-25 10:00:00,24,10,6,0.27896054840353146,1.5781113923939465,0.3,0.0,False
2026-01-25 11:00:00,24,11,6,0.35377435021721443,1.6446197135232974,0.3,0.0,False
2026-01-25 12:00:00,24,12,6,0.32597208047701154,1.2311737563752765,0.3,0.0,False
2026-01-25 13:00:00,24,13,6,0.2707955420261068,1.5553389241389324,0.3,0.0,False
2026-01-25 14:00:00,24,14,6,0.45663050597781957,1.6624774372267765,0.3,0.0,False
2026-01-25 15:00:00,24,15,6,0.2801331829111446,1.5893866570143484,0.3,0.0,False
2026-01-25 16:00:00,24,16,6,0.17884308968567947,1.43749947319859,0.5,0.0,False
2026-01-25 17:00:00,24,17,6,0.11317525643477912,1.3584755445373864,0.5,0.0,False
2026-01-25 18:00:00,24,18,6,3.3746188749342764e-17,1.5121467119024985,0.5,0.0,False
2026-01-25 19:00:00,24,19,6,0.0,1.537167758827032,0.5,0.0,False
2026-01-25 20:00:00,24,20,6,0.0,1.5143711266733848,0.5,0.0,False
2026-01-25 21:00:00,24,21,6,0.0,1.472979805482365,0.5,0.0,False
2026-01-25 22:00:00,24,22,6,0.0,1.3376022413815865,0.3,0.0,False
2026-01-25 23:00:00,24,23,6,0.0,1.5634032436963277,0.3,0.0,False
2026-01-26 00:00:00,25,0,0,0.0,1.5706281741620285,0.3,0.0,False
2026-01-26 01:00:00,25,1,0,0.0,1.5301233188192507,0.3,0.0,False
2026-01-26 02:00:00,25,2,0,0.0,1.5166490467606886,0.3,0.0,False
2026-01-26 03:00:00,25,3,0,0.0,1.7518874231619157,0.3,0.0,False
2026-01-26 04:00:00,25,4,0,0.0,1.4063431823139907,0.3,0.0,False
2026-01-26 05:00:00,25,5,0,0.0,1.6922152646184982,0.3,0.0,False
2026-01-26 06:00:00,25,6,0,0.0,1.7898963296167243,0.5,0.0,False
2026-01-26 07:00:00,25,7,0,0.0792475628064653,2.066342585943464,0.5,0.0,False
2026-01-26 08:00:00,25,8,0,0.23805948369085986,3.8850051325120813,0.5,0.0,False
2026-01-26 09:00:00,25,9,0,0.27985828444713085,3.656042319489717,0.5,0.0,False
2026-01-26 10:00:00,25,10,0,0.36965368298847245,3.549144458109125,0.3,0.0,False
2026-01-26 11:00:00,25,11,0,0.4391067319098578,3.3703553830119133,0.3,0.0,False
2026-01-26 12:00:00,25,12,0,0.5413640205863257,3.1684091338289146,0.3,0.0,False
2026-01-26 13:00:00,25,13,0,0.5268365432283539,3.2438765108416185,0.3,0.0,False
2026-01-26 14:00:00,25,14,0,0.306610746001046,3.4699143459159973,0.3,0.0,False
2026-01-26 15:00:00,25,15,0,0.3369273570485143,3.438459705281497,0.3,0.0,False
2026-01-26 16:00:00,25,16,0,0.24047386884738925,3.141293939793106,0.5,0.0,False
2026-01-26 17:00:00,25,17,0,0.09577765700290201,3.2791114031714255,0.5,0.0,False
2026-01-26 18:00:00,25,18,0,3.782603030610426e-17,1.5305284474164769,0.5,0.0,False
2026-01-26 19:00:00,25,19,0,0.0,1.4238593116386586,0.5,0.0,False
2026-01-26 20:00:00,25,20,0,0.0,1.8536699585062077,0.5,0.0,False
2026-01-26 21:00:00,25,21,0,0.0,1.5350495615107989,0.5,0.0,False
2026-01-26 22:00:00,25,22,0,0.0,1.4907281713645426,0.3,0.0,False
2026-01-26 23:00:00,25,23,0,0.0,1.6786276566387135,0.3,0.0,False
2026-01-27 00:00:00,26,0,1,0.0,1.4452179697741747,0.3,0.0,False
2026-01-27 01:00:00,26,1,1,0.0,1.6511141415925985,0.3,0.0,False
2026-01-27 02:00:00,26,2,1,0.0,1.2498401406625523,0.3,0.0,False
2026-01-27 03:00:00,26,3,1,0.0,1.4319518930631652,0.3,0.0,False
2026-01-27 04:00:00,26,4,1,0.0,1.657360562756587,0.3,0.0,False
2026-01-27 05:00:00,26,5,1,0.0,1.7355296580884507,0.3,0.0,False
2026-01-27 06:00:00,26,6,1,0.0,1.784005643049101,0.5,0.0,False
2026-01-27 07:00:00,26,7,1,0.13025667262277169,1.7665267545672028,0.5,0.0,False
2026-01-27 08:00:00,26,8,1,0.14317029304623977,3.7851169645555687,0.5,0.0,False
2026-01-27 09:00:00,26,9,1,0.2680265334143878,3.606544915762343,0.5,0.0,False
2026-01-27 10:00:00,26,10,1,0.2507827612028626,3.259713312336691,0.3,0.0,False
2026-01-27 11:00:00,26,11,1,0.2958709122065808,3.4314607537105735,0.3,0.0,False
2026-01-27 12:00:00,26,12,1,0.46260514690846544,3.218384672757898,0.3,0.0,False
2026-01-27 13:00:00,26,13,1,0.4569650750295754,3.005186137269647,0.3,0.0,False
2026-01-27 14:00:00,26,14,1,0.42416250444384707,3.1048373346591176,0.3,0.0,False
2026-01-27 15:00:00,26,15,1,0.3642390901253698,3.3014933378580418,0.3,0.0,False
2026-01-27 16:00:00,26,16,1,0.24015616501324813,3.020486527729067,0.5,0.0,False
2026-01-27 17:00:00,26,17,1,0.12870499162220195,3.2554259374054015,0.5,0.0,False
2026-01-27 18:00:00,26,18,1,3.547216761960341e-17,1.2911855225634012,0.5,0.0,False
2026-01-27 19:00:00,26,19,1,0.0,1.7459908510298399,0.5,0.0,False
2026-01-27 20:00:00,26,20,1,0.0,1.824771389214851,0.5,0.0,False
2026-01-27 21:00:00,26,21,1,0.0,1.3412704346486897,0.5,0.0,False
2026-01-27 22:00:00,26,22,1,0.0,1.5385138020056877,0.3,0.0,False
2026-01-27 23:00:00,26,23,1,0.0,1.355939440200472,0.3,0.0,False
2026-01-28 00:00:00,27,0,2,0.0,1.4536026596918232,0.3,0.0,False
2026-01-28 01:00:00,27,1,2,0.0,1.770520399193371,0.3,0.0,False
2026-01-28 02:00:00,27,2,2,0.0,1.429996717841027,0.3,0.0,False
2026-01-28 03:00:00,27,3,2,0.0,1.457094380664433,0.3,0.0,False
2026-01-28 04:00:00,27,4,2,0.0,1.3586206099158455,0.3,0.0,False
2026-01-28 05:00:00,27,5,2,0.0,1.6719284066497295,0.3,0.0,False
2026-01-28 06:00:00,27,6,2,0.0,1.410509994621396,0.5,0.0,False
2026-01-28 07:00:00,27,7,2,0.09680579443806574,1.8335804017702568,0.5,0.0,False
2026-01-28 08:00:00,27,8,2,0.25711730349589607,3.693117085879681,0.5,0.0,False
2026-01-28 09:00:00,27,9,2,0.25484752518350995,3.6008384005223624,0.5,0.0,False
2026-01-28 10:00:00,27,10,2,0.382138089236354,3.429531826159675,0.3,0.0,False
2026-01-28 11:00:00,27,11,2,0.3743920852787665,3.480304092595571,0.3,0.0,False
2026-01-28 12:00:00,27,12,2,0.3537168067899915,3.0881940730680726,0.3,0.0,False
2026-01-28 13:00:00,27,13,2,0.5056138312638413,3.6140229980656207,0.3,0.0,False
2026-01-28 14:00:00,27,14,2,0.28536691282998,3.0865111763469724,0.3,0.0,False
2026-01-28 15:00:00,27,15,2,0.21283567541877335,3.493294602251376,0.3,0.0,False
2026-01-28 16:00:00,27,16,2,0.18616754956560588,3.322474154780354,0.5,0.0,False
2026-01-28 17:00:00,27,17,2,0.12334832805663115,3.224444835432928,0.5,0.0,False
2026-01-28 18:00:00,27,18,2,6.141547723238751e-17,1.4385949605486246,0.5,0.0,False
2026-01-28 19:00:00,27,19,2,0.0,1.494973081400953,0.5,0.0,False
2026-01-28 20:00:00,27,20,2,0.0,1.5312626792795674,0.5,0.0,False
2026-01-28 21:00:00,27,21,2,0.0,1.3619768472942713,0.5,0.0,False
2026-01-28 22:00:00,27,22,2,0.0,1.4649090063482415,0.3,0.0,False
2026-01-28 23:00:00,27,23,2,0.0,1.384399076560861,0.3,0.0,False
2026-01-29 00:00:00,28,0,3,0.0,1.317742570938919,0.3,0.0,False
2026-01-29 01:00:00,28,1,3,0.0,1.3774032446313154,0.3,0.0,False
2026-01-29 02:00:00,28,2,3,0.0,1.327503805095684,0.3,0.0,False
2026-01-29 03:00:00,28,3,3,0.0,1.4369767630874222,0.3,0.0,False
2026-01-29 04:00:00,28,4,3,0.0,1.5648712358202623,0.3,0.0,False
2026-01-29 05:00:00,28,5,3,0.0,1.5181065531266944,0.3,0.0,False
2026-01-29 06:00:00,28,6,3,0.0,2.1961517164990974,0.5,0.0,False
2026-01-29 07:00:00,28,7,3,0.09853218257078356,1.5684320479420124,0.5,0.0,False
2026-01-29 08:00:00,28,8,3,0.14877538429846793,3.770401144932128,0.5,0.0,False
2026-01-29 09:00:00,28,9,3,0.23697946788230398,3.7009630357786527,0.5,0.0,False
2026-01-29 10:00:00,28,10,3,0.24573437209396412,3.422350551355795,0.3,0.0,False
2026-01-29 11:00:00,28,11,3,0.39140094878457443,3.407469780646561,0.3,0.0,False
2026-01-29 12:00:00,28,12,3,0.4557476599828349,3.2752512374797234,0.3,0.0,False
2026-01-29 13:00:00,28,13,3,0.3617788550580391,3.325897692728513,0.3,0.0,False
2026-01-29 14:00:00,28,14,3,0.34297664355156415,3.188389618062227,0.3,0.0,False
2026-01-29 15:00:00,28,15,3,0.38627326799437806,3.392051996903168,0.3,0.0,False
2026-01-29 16:00:00,28,16,3,0.24424393517694618,3.0181685921815946,0.5,0.0,False
2026-01-29 17:00:00,28,17,3,0.11119551945409652,3.4165239657973974,0.5,0.0,False
2026-01-29 18:00:00,28,18,3,4.386191654409481e-17,1.4965239833645836,0.5,0.0,False
2026-01-29 19:00:00,28,19,3,0.0,1.4269406943253367,0.5,0.0,False
2026-01-29 20:00:00,28,20,3,0.0,1.465120020082991,0.5,0.0,False
2026-01-29 21:00:00,28,21,3,0.0,1.4761205648117428,0.5,0.0,False
2026-01-29 22:00:00,28,22,3,0.0,1.6945955640720751,0.3,0.0,False
2026-01-29 23:00:00,28,23,3,0.0,1.9850240494872768,0.3,0.0,False
2026-01-30 00:00:00,29,0,4,0.0,1.6829806236225573,0.3,0.0,False
2026-01-30 01:00:00,29,1,4,0.0,1.4152011321165365,0.3,0.0,False
2026-01-30 02:00:00,29,2,4,0.0,1.5944672736427918,0.3,0.0,False
2026-01-30 03:00:00,29,3,4,0.0,1.6009993749086227,0.3,0.0,False
2026-01-30 04:00:00,29,4,4,0.0,1.361225891632917,0.3,0.0,False
2026-01-30 05:00:00,29,5,4,0.0,1.3108801054168977,0.3,0.0,False
2026-01-30 06:00:00,29,6,4,0.0,1.8905078606624817,0.5,0.0,False
2026-01-30 07:00:00,29,7,4,0.1359330444754366,2.021156140405215,0.5,0.0,False
2026-01-30 08:00:00,29,8,4,0.17979044978465492,3.4582287598597854,0.5,0.0,False
2026-01-30 09:00:00,29,9,4,0.30939295509471193,3.5918653198518387,0.5,0.0,False
2026-01-30 10:00:00,29,10,4,0.4348593560275773,3.3858977563485606,0.3,0.0,False
2026-01-30 11:00:00,29,11,4,0.48281659285103506,3.3062585419905868,0.3,0.0,False
2026-01-30 12:00:00,29,12,4,0.40305276512905475,3.512441043089849,0.3,0.0,False
2026-01-30 13:00:00,29,13,4,0.3995693970930395,3.0882948818885483,0.3,0.0,False
2026-01-30 14:00:00,29,14,4,0.48405530003059855,3.6528247400174183,0.3,0.0,False
2026-01-30 15:00:00,29,15,4,0.33180415047967643,3.069301133464563,0.3,0.0,False
2026-01-30 16:00:00,29,16,4,0.2542415286030539,2.995625442175761,0.5,0.0,False
2026-01-30 17:00:00,29,17,4,0.13798109757040178,3.291163083075404,0.5,0.0,False
2026-01-30 18:00:00,29,18,4,6.13430136261216e-17,1.3298311607630986,0.5,0.0,False
2026-01-30 19:00:00,29,19,4,0.0,1.4941866503932681,0.5,0.0,False
2026-01-30 20:00:00,29,20,4,0.0,1.4889409681568,0.5,0.0,False
2026-01-30 21:00:00,29,21,4,0.0,1.4706338681838853,0.5,0.0,False
2026-01-30 22:00:00,29,22,4,0.0,1.3736383451704832,0.3,0.0,False
2026-01-30 23:00:00,29,23,4,0.0,1.5648984228869536,0.3,0.0,False
2026-01-31 00:00:00,30,0,5,0.0,1.4523994327849246,0.3,0.0,False
2026-01-31 01:00:00,30,1,5,0.0,1.6655497306132145,0.3,0.0,False
2026-01-31 02:00:00,30,2,5,0.0,1.472944162120754,0.3,0.0,False
2026-01-31 03:00:00,30,3,5,0.0,1.3553028865700116,0.3,0.0,False
2026-01-31 04:00:00,30,4,5,0.0,1.2468434172234921,0.3,0.0,False
2026-01-31 05:00:00,30,5,5,0.0,1.4741835852827443,0.3,0.0,False
2026-01-31 06:00:00,30,6,5,0.0,1.3096193142956065,0.5,0.0,False
2026-01-31 07:00:00,30,7,5,0.07766738344734966,1.2975057218992834,0.5,0.0,False
2026-01-31 08:00:00,30,8,5,0.20490131966527908,1.579118596372048,0.5,0.0,False
2026-01-31 09:00:00,30,9,5,0.3019158690575728,1.2333494908254912,0.5,0.0,False
2026-01-31 10:00:00,30,10,5,0.32013243192937957,1.7118290067499369,0.3,0.0,False
2026-01-31 11:00:00,30,11,5,0.28589512474719436,1.523957457659331,0.3,0.0,False
2026-01-31 12:00:00,30,12,5,0.313058332124037,1.4934236053462557,0.3,0.0,False
2026-01-31 13:00:00,30,13,5,0.3766298147468764,1.344785108917412,0.3,0.0,False
2026-01-31 14:00:00,30,14,5,0.2586601592887778,1.6146558444514407,0.3,0.0,False
2026-01-31 15:00:00,30,15,5,0.33817990383342444,1.4995642599603907,0.3,0.0,False
2026-01-31 16:00:00,30,16,5,0.16996568567368875,1.3970855035888796,0.5,0.0,False
2026-01-31 17:00:00,30,17,5,0.09490905992869778,1.5299737044977384,0.5,0.0,False
2026-01-31 18:00:00,30,18,5,4.808276061163444e-17,1.247582181684093,0.5,0.0,False
2026-01-31 19:00:00,30,19,5,0.0,1.2547009302676293,0.5,0.0,False
2026-01-31 20:00:00,30,20,5,0.0,1.3319720872048382,0.5,0.0,False
2026-01-31 21:00:00,30,21,5,0.0,1.552429090141457,0.5,0.0,False
2026-01-31 22:00:00,30,22,5,0.0,1.4995112517290803,0.3,0.0,False
2026-01-31 23:00:00,30,23,5,0.0,1.657346889833363,0.3,0.0,False
2026-02-01 00:00:00,31,0,6,0.0,1.3620015221747135,0.3,0.0,False
2026-02-01 01:00:00,31,1,6,0.0,1.5862001760722013,0.3,0.0,False
2026-02-01 02:00:00,31,2,6,0.0,1.4829194171407079,0.3,0.0,False
2026-02-01 03:00:00,31,3,6,0.0,1.3585432207888608,0.3,0.0,False
2026-02-01 04:00:00,31,4,6,0.0,1.5577961506069378,0.3,0.0,False
2026-02-01 05:00:00,31,5,6,0.0,1.4900982212632152,0.3,0.0,False
2026-02-01 06:00:00,31,6,6,0.0,1.4056321208781901,0.5,0.0,False
2026-02-01 07:00:00,31,7,6,0.09689179989285047,1.5062998630716138,0.5,0.0,False
2026-02-01 08:00:00,31,8,6,0.1758565948891939,1.4805704421093913,0.5,0.0,False
2026-02-01 09:00:00,31,9,6,0.29621352410903096,1.4769467897223747,0.5,0.0,False
2026-02-01 10:00:00,31,10,6,0.41264792212469814,1.4381110275133802,0.3,0.0,False
2026-02-01 11:00:00,31,11,6,0.33583798771553725,1.3042577191659543,0.3,0.0,False
2026-02-01 12:00:00,31,12,6,0.376695188548855,1.5112148123842308,0.3,0.0,False
2026-02-01 13:00:00,31,13,6,0.5278200429561906,1.3795928439417877,0.3,0.0,False
2026-02-01 14:00:00,31,14,6,0.2570549771461889,1.3469506698533897,0.3,0.0,False
2026-02-01 15:00:00,31,15,6,0.2923916575801815,1.4638950233846089,0.3,0.0,False
2026-02-01 16:00:00,31,16,6,0.24224782532557257,1.6101039816258267,0.5,0.0,False
2026-02-01 17:00:00,31,17,6,0.08428761102589621,1.5278420261536472,0.5,0.0,False
2026-02-01 18:00:00,31,18,6,3.6308716763588936e-17,1.4203286687463617,0.5,0.0,False
2026-02-01 19:00:00,31,19,6,0.0,1.4142980913198213,0.5,0.0,False
2026-02-01 20:00:00,31,20,6,0.0,1.5953719893283151,0.5,0.0,False
2026-02-01 21:00:00,31,21,6,0.0,1.1404896345829139,0.5,0.0,False
2026-02-01 22:00:00,31,22,6,0.0,1.619604748379922,0.3,0.0,False
2026-02-01 23:00:00,31,23,6,0.0,1.2188976337604491,0.3,0.0,False
2026-02-02 00:00:00,32,0,0,0.0,1.287688813751553,0.3,0.0,False
2026-02-02 01:00:00,32,1,0,0.0,1.4228601253105162,0.3,0.0,False
2026-02-02 02:00:00,32,2,0,0.0,1.8255186214396266,0.3,0.0,False
2026-02-02 03:00:00,32,3,0,0.0,1.75161290400214,0.3,0.0,False
2026-02-02 04:00:00,32,4,0,0.0,1.6059731633695704,0.3,0.0,False
2026-02-02 05:00:00,32,5,0,0.0,1.5534813567443175,0.3,0.0,False
2026-02-02 06:00:00,32,6,0,0.0,1.6206584547981286,0.5,0.0,False
2026-02-02 07:00:00,32,7,0,0.1364923845337691,1.9235137244321048,0.5,0.0,False
2026-02-02 08:00:00,32,8,0,0.23035571156855733,3.617616772216004,0.5,0.0,False
2026-02-02 09:00:00,32,9,0,0.23394787542609277,3.5774995999565915,0.5,0.0,False
2026-02-02 10:00:00,32,10,0,0.43689212690531926,3.323220463496199,0.3,0.0,False
2026-02-02 11:00:00,32,11,0,0.5099797659033163,3.229333498582995,0.3,0.0,False
2026-02-02 12:00:00,32,12,0,0.3568937698489392,3.4303949318953273,0.3,0.0,False
2026-02-02 13:00:00,32,13,0,0.527378287728111,3.0096067848580996,0.3,0.0,False
2026-02-02 14:00:00,32,14,0,0.3584114162569279,3.311251713351897,0.3,0.0,False
2026-02-02 15:00:00,32,15,0,0.3226143590398596,3.1681354164728934,0.3,0.0,False
2026-02-02 16:00:00,32,16,0,0.28236054985898495,3.238554625662646,0.5,0.0,False
2026-02-02 17:00:00,32,17,0,0.10027105230716572,3.345693962921886,0.5,0.0,False
2026-02-02 18:00:00,32,18,0,6.31825300749378e-17,1.33240382060849,0.5,0.0,False
2026-02-02 19:00:00,32,19,0,0.0,1.5246348208968696,0.5,0.0,False
2026-02-02 20:00:00,32,20,0,0.0,1.4681492692186102,0.5,0.0,False
2026-02-02 21:00:00,32,21,0,0.0,1.4009119702234667,0.5,0.0,False
2026-02-02 22:00:00,32,22,0,0.0,1.429414127098362,0.3,0.0,False
2026-02-02 23:00:00,32,23,0,0.0,1.476817216321961,0.3,0.0,False
2026-02-03 00:00:00,33,0,1,0.0,1.384824523115518,0.3,0.0,False
2026-02-03 01:00:00,33,1,1,0.0,1.5010641712988417,0.3,0.0,False
2026-02-03 02:00:00,33,2,1,0.0,1.4582735067500887,0.3,0.0,False
2026-02-03 03:00:00,33,3,1,0.0,1.408307619439956,0.3,0.0,False
2026-02-03 04:00:00,33,4,1,0.0,1.7384763350854475,0.3,0.0,False
2026-02-03 05:00:00,33,5,1,0.0,1.562285988384243,0.3,0.0,False
2026-02-03 06:00:00,33,6,1,0.0,1.8425931651065568,0.5,0.0,False
2026-02-03 07:00:00,33,7,1,0.12645572650786732,1.9218790646237063,0.5,0.0,False
2026-02-03 08:00:00,33,8,1,0.248654307123784,3.5459769794839735,0.5,0.0,False
2026-02-03 09:00:00,33,9,1,0.26641120697659115,3.6344842589832123,0.5,0.0,False
2026-02-03 10:00:00,33,10,1,0.46819644625398965,3.251988382434263,0.3,0.0,False
2026-02-03 11:00:00,33,11,1,0.4403693971715359,3.1129809135135176,0.3,0.0,False
2026-02-03 12:00:00,33,12,1,0.3220918652840215,3.3581031071991627,0.3,0.0,False
2026-02-03 13:00:00,33,13,1,0.31600517263396055,3.224158094608076,0.3,0.0,False
2026-02-03 14:00:00,33,14,1,0.4194143393985201,3.2466799998828892,0.3,0.0,False
2026-02-03 15:00:00,33,15,1,0.23724303040270442,3.2146920211314964,0.3,0.0,False
2026-02-03 16:00:00,33,16,1,0.21557520449676756,3.7438635885964646,0.5,0.0,False
2026-02-03 17:00:00,33,17,1,0.14745774882018628,3.2006077274738978,0.5,0.0,False
2026-02-03 18:00:00,33,18,1,3.517054192553892e-17,1.1896984569171258,0.5,0.0,False
2026-02-03 19:00:00,33,19,1,0.0,1.2600102043561747,0.5,0.0,False
2026-02-03 20:00:00,33,20,1,0.0,1.6138953934043152,0.5,0.0,False
2026-02-03 21:00:00,33,21,1,0.0,1.7004679037524695,0.5,0.0,False
2026-02-03 22:00:00,33,22,1,0.0,1.397730421294072,0.3,0.0,False
2026-02-03 23:00:00,33,23,1,0.0,1.6918424504453196,0.3,0.0,False
2026-02-04 00:00:00,34,0,2,0.0,1.6112384999763816,0.3,0.0,False
2026-02-04 01:00:00,34,1,2,0.0,1.4715779803520868,0.3,0.0,False
2026-02-04 02:00:00,34,2,2,0.0,1.4609330574344197,0.3,0.0,False
2026-02-04 03:00:00,34,3,2,0.0,1.527130533962348,0.3,0.0,False
2026-02-04 04:00:00,34,4,2,0.0,1.6316183733230463,0.3,0.0,False
2026-02-04 05:00:00,34,5,2,0.0,1.5595941848392534,0.3,0.0,False
2026-02-04 06:00:00,34,6,2,0.0,1.7984787547301955,0.5,0.0,False
2026-02-04 07:00:00,34,7,2,0.12381998705518156,1.8738689429460533,0.5,0.0,False
2026-02-04 08:00:00,34,8,2,0.2640224094423014,3.9971895182082884,0.5,0.0,False
2026-02-04 09:00:00,34,9,2,0.20703386172950675,3.7376820695944284,0.5,0.0,False
2026-02-04 10:00:00,34,10,2,0.39739806066026573,3.430398814032392,0.3,0.0,False
2026-02-04 11:00:00,34,11,2,0.3420116590915282,3.380982748087385,0.3,0.0,False
2026-02-04 12:00:00,34,12,2,0.538869822485786,3.3410036615996552,0.3,0.0,False
2026-02-04 13:00:00,34,13,2,0.34822923291098246,3.3163048350022604,0.3,0.0,False
2026-02-04 14:00:00,34,14,2,0.4011477103676083,3.434608593798747,0.3,0.0,False
2026-02-04 15:00:00,34,15,2,0.31589866784830617,3.4077963352966023,0.3,0.0,False
2026-02-04 16:00:00,34,16,2,0.20074620098504692,3.3395840217017323,0.5,0.0,False
2026-02-04 17:00:00,34,17,2,0.12486195798581987,3.1959356211678167,0.5,0.0,False
2026-02-04 18:00:00,34,18,2,6.077623499215481e-17,1.5578338208322708,0.5,0.0,False
2026-02-04 19:00:00,34,19,2,0.0,1.4899488095297875,0.5,0.0,False
2026-02-04 20:00:00,34,20,2,0.0,1.4537616132982387,0.5,0.0,False
2026-02-04 21:00:00,34,21,2,0.0,1.9018163962449102,0.5,0.0,False
2026-02-04 22:00:00,34,22,2,0.0,1.2691423038438259,0.3,0.0,False
2026-02-04 23:00:00,34,23,2,0.0,1.6437769288586224,0.3,0.0,False
2026-02-05 00:00:00,35,0,3,0.0,1.3705993583619254,0.3,0.0,False
2026-02-05 01:00:00,35,1,3,0.0,1.5196793234015094,0.3,0.0,False
2026-02-05 02:00:00,35,2,3,0.0,1.8852881278635278,0.3,0.0,False
2026-02-05 03:00:00,35,3,3,0.0,1.3556446507763906,0.3,0.0,False
2026-02-05 04:00:00,35,4,3,0.0,1.3914191017759105,0.3,0.0,False
2026-02-05 05:00:00,35,5,3,0.0,1.49737293942726,0.3,0.0,False
2026-02-05 06:00:00,35,6,3,0.0,1.7729174563552956,0.5,0.0,False
2026-02-05 07:00:00,35,7,3,0.125906486087607,2.0326084526410453,0.5,0.0,False
2026-02-05 08:00:00,35,8,3,0.16615261089977165,3.6198205845905056,0.5,0.0,False
2026-02-05 09:00:00,35,9,3,0.40101446736121027,3.7981014460224003,0.5,0.0,False
2026-02-05 10:00:00,35,10,3,0.2950628238014476,3.1006216302299894,0.3,0.0,False
2026-02-05 11:00:00,35,11,3,0.3349924138089518,3.028975274676866,0.3,0.0,False
2026-02-05 12:00:00,35,12,3,0.5374661578881995,3.265652253157042,0.3,0.0,False
2026-02-05 13:00:00,35,13,3,0.5341211177782741,3.0647238242943606,0.3,0.0,False
2026-02-05 14:00:00,35,14,3,0.3035021742393954,3.5277403369148175,0.3,0.0,False
2026-02-05 15:00:00,35,15,3,0.300482542690686,3.07052947642575,0.3,0.0,False
2026-02-05 16:00:00,35,16,3,0.2505926401587794,3.144346996849395,0.5,0.0,False
2026-02-05 17:00:00,35,17,3,0.14055688555205528,3.3620429828211913,0.5,0.0,False
2026-02-05 18:00:00,35,18,3,4.882783305443361e-17,1.4120454074906992,0.5,0.0,False
2026-02-05 19:00:00,35,19,3,0.0,1.2722418045198594,0.5,0.0,False
2026-02-05 20:00:00,35,20,3,0.0,1.8059946240107938,0.5,0.0,False
2026-02-05 21:00:00,35,21,3,0.0,1.349754929526064,0.5,0.0,False
2026-02-05 22:00:00,35,22,3,0.0,1.4705613288755177,0.3,0.0,False
2026-02-05 23:00:00,35,23,3,0.0,1.4686211219840954,0.3,0.0,False
2026-02-06 00:00:00,36,0,4,0.0,1.6065463727949867,0.3,0.0,False
2026-02-06 01:00:00,36,1,4,0.0,1.5693528691006589,0.3,0.0,False
2026-02-06 02:00:00,36,2,4,0.0,1.3759798443403493,0.3,0.0,False
2026-02-06 03:00:00,36,3,4,0.0,1.451125917383504,0.3,0.0,False
2026-02-06 04:00:00,36,4,4,0.0,1.4659616349687277,0.3,0.0,False
2026-02-06 05:00:00,36,5,4,0.0,1.6123439247297844,0.3,0.0,False
2026-02-06 06:00:00,36,6,4,0.0,1.7247517127712098,0.5,0.0,False
2026-02-06 07:00:00,36,7,4,0.07697828313471757,2.202716583513367,0.5,0.0,False
2026-02-06 08:00:00,36,8,4,0.28767490479256186,3.586122491881083,0.5,0.0,False
2026-02-06 09:00:00,36,9,4,0.28307496162543033,3.698687590486511,0.5,0.0,False
2026-02-06 10:00:00,36,10,4,0.43283497550340233,3.1260015840460134,0.3,0.0,False
2026-02-06 11:00:00,36,11,4,0.5300098989045885,3.1052761482539073,0.3,0.0,False
2026-02-06 12:00:00,36,12,4,0.4054113044692149,3.1688357386383563,0.3,0.0,False
2026-02-06 13:00:00,36,13,4,0.37039838191444935,3.1544215173503614,0.3,0.0,False
2026-02-06 14:00:00,36,14,4,0.4049987500662312,3.237861446376775,0.3,0.0,False
2026-02-06 15:00:00,36,15,4,0.3249756635507281,3.1531552456854386,0.3,0.0,False
2026-02-06 16:00:00,36,16,4,0.20481465418268419,3.4043328631941314,0.5,0.0,False
2026-02-06 17:00:00,36,17,4,0.12051318419459327,3.1825524157022436,0.5,0.0,False
2026-02-06 18:00:00,36,18,4,6.889921818925766e-17,1.3659276759822128,0.5,0.0,False
2026-02-06 19:00:00,36,19,4,0.0,1.4410546703824096,0.5,0.0,False
2026-02-06 20:00:00,36,20,4,0.0,1.6489258318044442,0.5,0.0,False
2026-02-06 21:00:00,36,21,4,0.0,1.53223142604156,0.5,0.0,False
2026-02-06 22:00:00,36,22,4,0.0,1.4850465705168796,0.3,0.0,False
2026-02-06 23:00:00,36,23,4,0.0,1.2850432845046982,0.3,0.0,False
2026-02-07 00:00:00,37,0,5,0.0,1.3285937310204436,0.3,0.0,False
2026-02-07 01:00:00,37,1,5,0.0,1.3082385089940565,0.3,0.0,False
2026-02-07 02:00:00,37,2,5,0.0,1.6960276835508519,0.3,0.0,False
2026-02-07 03:00:00,37,3,5,0.0,1.579584468469747,0.3,0.0,False
2026-02-07 04:00:00,37,4,5,0.0,1.3707569236613708,0.3,0.0,False
2026-02-07 05:00:00,37,5,5,0.0,1.4153442534261518,0.3,0.0,False
2026-02-07 06:00:00,37,6,5,0.0,1.3762064735644,0.5,0.0,False
2026-02-07 07:00:00,37,7,5,0.14230355044902515,1.3671208175428937,0.5,0.0,False
2026-02-07 08:00:00,37,8,5,0.18679350172940246,1.5690451546824271,0.5,0.0,False
2026-02-07 09:00:00,37,9,5,0.24845268047721772,1.456869566882353,0.5,0.0,False
2026-02-07 10:00:00,37,10,5,0.30015947733676823,1.8121751616446196,0.3,0.0,False
2026-02-07 11:00:00,37,11,5,0.4297187725688679,1.6875539736775498,0.3,0.0,False
2026-02-07 12:00:00,37,12,5,0.4292118299860497,1.6964220510700083,0.3,0.0,False
2026-02-07 13:00:00,37,13,5,0.3555851300417944,1.600703546242219,0.3,0.0,False
2026-02-07 14:00:00,37,14,5,0.2645703965530215,1.4366011394239215,0.3,0.0,False
2026-02-07 15:00:00,37,15,5,0.3062009299518093,1.5896686326794376,0.3,0.0,False
2026-02-07 16:00:00,37,16,5,0.2863521833168245,1.4476750958207014,0.5,0.0,False
2026-02-07 17:00:00,37,17,5,0.12501586517309193,1.7445414076092545,0.5,0.0,False
2026-02-07 18:00:00,37,18,5,5.3532997168519e-17,1.560641907457488,0.5,0.0,False
2026-02-07 19:00:00,37,19,5,0.0,1.5393540537904522,0.5,0.0,False
2026-02-07 20:00:00,37,20,5,0.0,1.5190608993644263,0.5,0.0,False
2026-02-07 21:00:00,37,21,5,0.0,1.7610399641041288,0.5,0.0,False
2026-02-07 22:00:00,37,22,5,0.0,1.2849374499244821,0.3,0.0,False
2026-02-07 23:00:00,37,23,5,0.0,1.775743174150309,0.3,0.0,False
2026-02-08 00:00:00,38,0,6,0.0,1.4720769288818794,0.3,0.0,False
2026-02-08 01:00:00,38,1,6,0.0,1.2890776536276523,0.3,0.0,False
2026-02-08 02:00:00,38,2,6,0.0,1.3871685402535416,0.3,0.0,False
2026-02-08 03:00:00,38,3,6,0.0,1.2523789105914627,0.3,0.0,False
2026-02-08 04:00:00,38,4,6,0.0,1.598048511837846,0.3,0.0,False
2026-02-08 05:00:00,38,5,6,0.0,1.344256057448022,0.3,0.0,False
2026-02-08 06:00:00,38,6,6,0.0,1.525300149930705,0.5,0.0,False
2026-02-08 07:00:00,38,7,6,0.11813274599962703,1.670132554524877,0.5,0.0,False
2026-02-08 08:00:00,38,8,6,0.1612125862312701,1.3991974607150794,0.5,0.0,False
2026-02-08 09:00:00,38,9,6,0.3836188994348745,1.4597844460463412,0.5,0.0,False
2026-02-08 10:00:00,38,10,6,0.4115344801683787,1.3044950085125977,0.3,0.0,False
2026-02-08 11:00:00,38,11,6,0.43788678450140656,1.4417464336573205,0.3,0.0,False
2026-02-08 12:00:00,38,12,6,0.34250982474463176,1.8861035437910059,0.3,0.0,False
2026-02-08 13:00:00,38,13,6,0.35580697338757733,1.6166899746165662,0.3,0.0,False
2026-02-08 14:00:00,38,14,6,0.2953496712823506,1.4602904371659593,0.3,0.0,False
2026-02-08 15:00:00,38,15,6,0.3848942088766552,1.4082467945727428,0.3,0.0,False
2026-02-08 16:00:00,38,16,6,0.23281915992079738,1.493604990651535,0.5,0.0,False
2026-02-08 17:00:00,38,17,6,0.13199551445251784,1.519507612829046,0.5,0.0,False
2026-02-08 18:00:00,38,18,6,4.665067506308963e-17,1.4371395439281363,0.5,0.0,False
2026-02-08 19:00:00,38,19,6,0.0,1.5795088793656693,0.5,0.0,False
2026-02-08 20:00:00,38,20,6,0.0,1.3569828764909386,0.5,0.0,False
2026-02-08 21:00:00,38,21,6,0.0,1.3562418487523598,0.5,0.0,False
2026-02-08 22:00:00,38,22,6,0.0,1.5555293185575307,0.3,0.0,False
2026-02-08 23:00:00,38,23,6,0.0,1.3247037369653403,0.3,0.0,False
2026-02-09 00:00:00,39,0,0,0.0,1.6093525879293809,0.3,0.0,False
2026-02-09 01:00:00,39,1,0,0.0,1.49785790814046,0.3,0.0,False
2026-02-09 02:00:00,39,2,0,0.0,1.225813617192418,0.3,0.0,False
2026-02-09 03:00:00,39,3,0,0.0,1.516424868834142,0.3,0.0,False
2026-02-09 04:00:00,39,4,0,0.0,1.2472280063116508,0.3,0.0,False
2026-02-09 05:00:00,39,5,0,0.0,1.6040043014483492,0.3,0.0,False
2026-02-09 06:00:00,39,6,0,0.0,1.8626928506124105,0.5,0.0,False
2026-02-09 07:00:00,39,7,0,0.10813709047005407,2.177662632476023,0.5,0.0,False
2026-02-09 08:00:00,39,8,0,0.21426815430636625,3.8606969266558906,0.5,0.0,False
2026-02-09 09:00:00,39,9,0,0.26025941404638253,3.540896124065226,0.5,0.0,False
2026-02-09 10:00:00,39,10,0,0.4377748197719765,2.9968890204237875,0.3,0.0,False
2026-02-09 11:00:00,39,11,0,0.528555350139183,3.1867348114812937,0.3,0.0,False
2026-02-09 12:00:00,39,12,0,0.5540699781570954,3.1168112095754443,0.3,0.0,False
2026-02-09 13:00:00,39,13,0,0.3823759717982552,3.573860713031564,0.3,0.0,False
2026-02-09 14:00:00,39,14,0,0.39185477903033705,3.298452801107977,0.3,0.0,False
2026-02-09 15:00:00,39,15,0,0.260917227822112,3.4400128206274747,0.3,0.0,False
2026-02-09 16:00:00,39,16,0,0.18396284997064896,3.257245363117412,0.5,0.0,False
2026-02-09 17:00:00,39,17,0,0.08883523237327903,3.273049876757903,0.5,0.0,False
2026-02-09 18:00:00,39,18,0,7.022287453825247e-17,1.4951059466236638,0.5,0.0,False
2026-02-09 19:00:00,39,19,0,0.0,1.665980897788867,0.5,0.0,False
2026-02-09 20:00:00,39,20,0,0.0,1.5467437133511899,0.5,0.0,False
2026-02-09 21:00:00,39,21,0,0.0,1.3413999234785003,0.5,0.0,False
2026-02-09 22:00:00,39,22,0,0.0,1.7433771207129625,0.3,0.0,False
2026-02-09 23:00:00,39,23,0,0.0,1.456077675152053,0.3,0.0,False
2026-02-10 00:00:00,40,0,1,0.0,1.4316719814185028,0.3,0.0,False
2026-02-10 01:00:00,40,1,1,0.0,1.0755742046626449,0.3,0.0,False
2026-02-10 02:00:00,40,2,1,0.0,1.5951599386742006,0.3,0.0,False
2026-02-10 03:00:00,40,3,1,0.0,1.5151518959492825,0.3,0.0,False
2026-02-10 04:00:00,40,4,1,0.0,1.5149888484902854,0.3,0.0,False
2026-02-10 05:00:00,40,5,1,0.0,1.4395762993333774,0.3,0.0,False
2026-02-10 06:00:00,40,6,1,0.0,1.8137173239800826,0.5,0.0,False
2026-02-10 07:00:00,40,7,1,0.08951681849176905,1.8445629359754354,0.5,0.0,False
2026-02-10 08:00:00,40,8,1,0.23102061838754342,3.7694741306690918,0.5,0.0,False
2026-02-10 09:00:00,40,9,1,0.25384206865759956,3.795867665955002,0.5,0.0,False
2026-02-10 10:00:00,40,10,1,0.3225960227234953,3.26534526174381,0.3,0.0,False
2026-02-10 11:00:00,40,11,1,0.2957449520714219,3.442340624147514,0.3,0.0,False
2026-02-10 12:00:00,40,12,1,0.3326023329521927,3.2881538728473783,0.3,0.0,False
2026-02-10 13:00:00,40,13,1,0.5503574782651539,3.2243660372814515,0.3,0.0,False
2026-02-10 14:00:00,40,14,1,0.34019033178820784,3.3297623362361044,0.3,0.0,False
2026-02-10 15:00:00,40,15,1,0.33800199896812627,3.0960920372259206,0.3,0.0,False
2026-02-10 16:00:00,40,16,1,0.21773344492149818,3.3349077463618872,0.5,0.0,False
2026-02-10 17:00:00,40,17,1,0.10774014362841822,3.068672684171044,0.5,0.0,False
2026-02-10 18:00:00,40,18,1,5.576358035591849e-17,1.3458409560024354,0.5,0.0,False
2026-02-10 19:00:00,40,19,1,0.0,1.1971962889925063,0.5,0.0,False
2026-02-10 20:00:00,40,20,1,0.0,1.473732457099275,0.5,0.0,False
2026-02-10 21:00:00,40,21,1,0.0,1.741445055346364,0.5,0.0,False
2026-02-10 22:00:00,40,22,1,0.0,1.4824385008377847,0.3,0.0,False
2026-02-10 23:00:00,40,23,1,0.0,1.5965378069149692,0.3,0.0,False
2026-02-11 00:00:00,41,0,2,0.0,1.8528470845968583,0.3,0.0,False
2026-02-11 01:00:00,41,1,2,0.0,1.5606083772180144,0.3,0.0,False
2026-02-11 02:00:00,41,2,2,0.0,1.3852181933117966,0.3,0.0,False
2026-02-11 03:00:00,41,3,2,0.0,1.4058647095896244,0.3,0.0,False
2026-02-11 04:00:00,41,4,2,0.0,1.5000987312334508,0.3,0.0,False
2026-02-11 05:00:00,41,5,2,0.0,1.4050658032108614,0.3,0.0,False
2026-02-11 06:00:00,41,6,2,0.0,1.816286950027985,0.5,0.0,False
2026-02-11 07:00:00,41,7,2,0.1354649490853851,2.0477880863889233,0.5,0.0,False
2026-02-11 08:00:00,41,8,2,0.2680950316929256,3.8539234421158315,0.5,0.0,False
2026-02-11 09:00:00,41,9,2,0.25618633227379284,3.4529661276927,0.5,0.0,False
2026-02-11 10:00:00,41,10,2,0.4980482108137266,3.1772745723149667,0.3,0.0,False
2026-02-11 11:00:00,41,11,2,0.415225601268521,3.230399341962991,0.3,0.0,False
2026-02-11 12:00:00,41,12,2,0.4899673815515329,3.3898633419247877,0.3,0.0,False
2026-02-11 13:00:00,41,13,2,0.2894209122992449,3.4714613382758484,0.3,0.0,False
2026-02-11 14:00:00,41,14,2,0.5160631167871325,3.7052951901410824,0.3,0.0,False
2026-02-11 15:00:00,41,15,2,0.2707594361560673,3.2301490055576005,0.3,0.0,False
2026-02-11 16:00:00,41,16,2,0.15874678029301023,3.2376406928486956,0.5,0.0,False
2026-02-11 17:00:00,41,17,2,0.11282787284396108,3.388285502345657,0.5,0.0,False
2026-02-11 18:00:00,41,18,2,4.1333383181935197e-17,1.397667492156771,0.5,0.0,False
2026-02-11 19:00:00,41,19,2,0.0,1.4788557207764224,0.5,0.0,False
2026-02-11 20:00:00,41,20,2,0.0,1.437744283682468,0.5,0.0,False
2026-02-11 21:00:00,41,21,2,0.0,1.1067519117143731,0.5,0.0,False
2026-02-11 22:00:00,41,22,2,0.0,1.518484984522732,0.3,0.0,False
2026-02-11 23:00:00,41,23,2,0.0,1.4726458561045814,0.3,0.0,False
2026-02-12 00:00:00,42,0,3,0.0,1.6906846575385348,0.3,0.0,False
2026-02-12 01:00:00,42,1,3,0.0,1.5008235611304532,0.3,0.0,False
2026-02-12 02:00:00,42,2,3,0.0,1.3117878782528742,0.3,0.0,False
2026-02-12 03:00:00,42,3,3,0.0,1.4612851690530715,0.3,0.0,False
2026-02-12 04:00:00,42,4,3,0.0,1.1863375735295059,0.3,0.0,False
2026-02-12 05:00:00,42,5,3,0.0,1.3183623247200535,0.3,0.0,False
2026-02-12 06:00:00,42,6,3,0.0,1.9953258952229496,0.5,0.0,False
2026-02-12 07:00:00,42,7,3,0.09160813184524261,1.8628989340069504,0.5,0.0,False
2026-02-12 08:00:00,42,8,3,0.25226717883774313,3.83837623592471,0.5,0.0,False
2026-02-12 09:00:00,42,9,3,0.392457762481771,3.4049661623682925,0.5,0.0,False
2026-02-12 10:00:00,42,10,3,0.27085968139613065,3.2636307904014368,0.3,0.0,False
2026-02-12 11:00:00,42,11,3,0.4209942821478872,3.228673125241832,0.3,0.0,False
2026-02-12 12:00:00,42,12,3,0.5689937669075258,3.443377287391981,0.3,0.0,False
2026-02-12 13:00:00,42,13,3,0.5081145316248832,3.4009144152249933,0.3,0.0,False
2026-02-12 14:00:00,42,14,3,0.5186238537571218,3.3963378225132446,0.3,0.0,False
2026-02-12 15:00:00,42,15,3,0.32557571839375965,3.531211505712615,0.3,0.0,False
2026-02-12 16:00:00,42,16,3,0.2495464626369871,3.2447869336070148,0.5,0.0,False
2026-02-12 17:00:00,42,17,3,0.10135421943501793,3.500262125295108,0.5,0.0,False
2026-02-12 18:00:00,42,18,3,7.170851064579395e-17,1.3433690773680396,0.5,0.0,False
2026-02-12 19:00:00,42,19,3,0.0,1.337868337535146,0.5,0.0,False
2026-02-12 20:00:00,42,20,3,0.0,1.6129119857247507,0.5,0.0,False
2026-02-12 21:00:00,42,21,3,0.0,1.27428888923868,0.5,0.0,False
2026-02-12 22:00:00,42,22,3,0.0,1.5859148442628437,0.3,0.0,False
2026-02-12 23:00:00,42,23,3,0.0,1.515196979058199,0.3,0.0,False
2026-02-13 00:00:00,43,0,4,0.0,1.6607779092982309,0.3,0.0,False
2026-02-13 01:00:00,43,1,4,0.0,1.4910834052567665,0.3,0.0,False
2026-02-13 02:00:00,43,2,4,0.0,1.5084073419443291,0.3,0.0,False
2026-02-13 03:00:00,43,3,4,0.0,1.576389748938736,0.3,0.0,False
2026-02-13 04:00:00,43,4,4,0.0,1.4006025674910332,0.3,0.0,False
2026-02-13 05:00:00,43,5,4,0.0,1.3940690538764668,0.3,0.0,False
2026-02-13 06:00:00,43,6,4,0.0,1.971164415976513,0.5,0.0,False
2026-02-13 07:00:00,43,7,4,0.08811339198878762,1.8956068286304042,0.5,0.0,False
2026-02-13 08:00:00,43,8,4,0.16506860161522244,3.6389029124043577,0.5,0.0,False
2026-02-13 09:00:00,43,9,4,0.3565578135990662,3.6875823850453497,0.5,0.0,False
2026-02-13 10:00:00,43,10,4,0.43355700534198555,3.5391839261757494,0.3,0.0,False
2026-02-13 11:00:00,43,11,4,0.48572917087382494,3.233547238989016,0.3,0.0,False
2026-02-13 12:00:00,43,12,4,0.30837733821425367,3.2291970580076974,0.3,0.0,False
2026-02-13 13:00:00,43,13,4,0.38747894278934164,3.0438833663006255,0.3,0.0,False
2026-02-13 14:00:00,43,14,4,0.3136896925469406,3.2936470592764326,0.3,0.0,False
2026-02-13 15:00:00,43,15,4,0.38022045870832055,3.3985325266860587,0.3,0.0,False
2026-02-13 16:00:00,43,16,4,0.28132728489131636,3.42542971735213,0.5,0.0,False
2026-02-13 17:00:00,43,17,4,0.09757377150475927,3.31623264024458,0.5,0.0,False
2026-02-13 18:00:00,43,18,4,6.176598330572959e-17,1.6433750359621324,0.5,0.0,False
2026-02-13 19:00:00,43,19,4,0.0,1.6096845602820362,0.5,0.0,False
2026-02-13 20:00:00,43,20,4,0.0,1.6669425344538393,0.5,0.0,False
2026-02-13 21:00:00,43,21,4,0.0,1.6476453983216341,0.5,0.0,False
2026-02-13 22:00:00,43,22,4,0.0,1.7354967294160877,0.3,0.0,False
2026-02-13 23:00:00,43,23,4,0.0,1.4745460250150626,0.3,0.0,False
2026-02-14 00:00:00,44,0,5,0.0,1.3009412936457738,0.3,0.0,False
2026-02-14 01:00:00,44,1,5,0.0,1.599557811552813,0.3,0.0,False
2026-02-14 02:00:00,44,2,5,0.0,1.6170829783984164,0.3,0.0,False
2026-02-14 03:00:00,44,3,5,0.0,1.7354993090071709,0.3,0.0,False
2026-02-14 04:00:00,44,4,5,0.0,1.692193553425456,0.3,0.0,False
2026-02-14 05:00:00,44,5,5,0.0,1.7918208683796848,0.3,0.0,False
2026-02-14 06:00:00,44,6,5,0.0,1.59297809704898,0.5,0.0,False
2026-02-14 07:00:00,44,7,5,0.12796250229434528,1.5343215887907942,0.5,0.0,False
2026-02-14 08:00:00,44,8,5,0.2008218015340136,1.292252531801138,0.5,0.0,False
2026-02-14 09:00:00,44,9,5,0.425016230782761,1.546214480177112,0.5,0.0,False
2026-02-14 10:00:00,44,10,5,0.36869185648724206,1.4171244964693024,0.3,0.0,False
2026-02-14 11:00:00,44,11,5,0.4951756341000639,1.5317265020148707,0.3,0.0,False
2026-02-14 12:00:00,44,12,5,0.31122723487985665,1.5081769779464484,0.3,0.0,False
2026-02-14 13:00:00,44,13,5,0.4113355356798082,1.5707600383275202,0.3,0.0,False
2026-02-14 14:00:00,44,14,5,0.49392633745835357,1.4854003935692235,0.3,0.0,False
2026-02-14 15:00:00,44,15,5,0.3463200075256364,1.6402530286098878,0.3,0.0,False
2026-02-14 16:00:00,44,16,5,0.21959648059270392,1.0915268530687414,0.5,0.0,False
2026-02-14 17:00:00,44,17,5,0.15240279031714465,1.5284990362736766,0.5,0.0,False
2026-02-14 18:00:00,44,18,5,6.905931676061192e-17,1.6803734668728842,0.5,0.0,False
2026-02-14 19:00:00,44,19,5,0.0,1.7805072762684322,0.5,0.0,False
2026-02-14 20:00:00,44,20,5,0.0,1.6097942007577595,0.5,0.0,False
2026-02-14 21:00:00,44,21,5,0.0,1.752732453387381,0.5,0.0,False
2026-02-14 22:00:00,44,22,5,0.0,1.5253403993638113,0.3,0.0,False
2026-02-14 23:00:00,44,23,5,0.0,1.5004293863890594,0.3,0.0,False
2026-02-15 00:00:00,45,0,6,0.0,1.5794123464841627,0.3,0.0,False
2026-02-15 01:00:00,45,1,6,0.0,1.4995208575663403,0.3,0.0,False
2026-02-15 02:00:00,45,2,6,0.0,1.382646379797396,0.3,0.0,False
2026-02-15 03:00:00,45,3,6,0.0,1.422713963380215,0.3,0.0,False
2026-02-15 04:00:00,45,4,6,0.0,1.3331770640885765,0.3,0.0,False
2026-02-15 05:00:00,45,5,6,0.0,1.5792565642297867,0.3,0.0,False
2026-02-15 06:00:00,45,6,6,0.0,1.5017087718750717,0.5,0.0,False
2026-02-15 07:00:00,45,7,6,0.13956989336794806,1.4459570824862853,0.5,0.0,False
2026-02-15 08:00:00,45,8,6,0.22649268453430862,1.4149974364744065,0.5,0.0,False
2026-02-15 09:00:00,45,9,6,0.3150833309584157,1.575758451929944,0.5,0.0,False
2026-02-15 10:00:00,45,10,6,0.3286061987817018,1.6170672270915105,0.3,0.0,False
2026-02-15 11:00:00,45,11,6,0.486078190114355,1.3304229005242225,0.3,0.0,False
2026-02-15 12:00:00,45,12,6,0.394461804393249,1.3068472995336573,0.3,0.0,False
2026-02-15 13:00:00,45,13,6,0.371708475554903,1.6431764933431523,0.3,0.0,False
2026-02-15 14:00:00,45,14,6,0.4202110119570604,1.2937300142267107,0.3,0.0,False
2026-02-15 15:00:00,45,15,6,0.3050302297239564,1.5821230250733727,0.3,0.0,False
2026-02-15 16:00:00,45,16,6,0.18645189962487566,1.742536379813102,0.5,0.0,False
2026-02-15 17:00:00,45,17,6,0.14380356826253274,1.7428852205089702,0.5,0.0,False
2026-02-15 18:00:00,45,18,6,6.971095599913055e-17,1.6106808885948138,0.5,0.0,False
2026-02-15 19:00:00,45,19,6,0.0,1.6063214272983182,0.5,0.0,False
2026-02-15 20:00:00,45,20,6,0.0,1.8377861175294683,0.5,0.0,False
2026-02-15 21:00:00,45,21,6,0.0,1.1498406505659344,0.5,0.0,False
2026-02-15 22:00:00,45,22,6,0.0,1.4303496485879048,0.3,0.0,False
2026-02-15 23:00:00,45,23,6,0.0,1.6272737773614903,0.3,0.0,False
2026-02-16 00:00:00,46,0,0,0.0,1.4494069488237065,0.3,0.0,False
2026-02-16 01:00:00,46,1,0,0.0,1.6859667462910553,0.3,0.0,False
2026-02-16 02:00:00,46,2,0,0.0,1.494096890953471,0.3,0.0,False
2026-02-16 03:00:00,46,3,0,0.0,1.5197615790506396,0.3,0.0,False
2026-02-16 04:00:00,46,4,0,0.0,1.4587988003631094,0.3,0.0,False
2026-02-16 05:00:00,46,5,0,0.0,1.421623356178791,0.3,0.0,False
2026-02-16 06:00:00,46,6,0,0.0,1.817933505527852,0.5,0.0,False
2026-02-16 07:00:00,46,7,0,0.11332802961309783,1.9406749445255163,0.5,0.0,False
2026-02-16 08:00:00,46,8,0,0.24922597092249896,3.5838152551265696,0.5,0.0,False
2026-02-16 09:00:00,46,9,0,0.42062173783760076,3.8429807325236927,0.5,0.0,False
2026-02-16 10:00:00,46,10,0,0.5279259918826003,3.3979838886904234,0.3,0.0,False
2026-02-16 11:00:00,46,11,0,0.31796463656651497,3.464912466145476,0.3,0.0,False
2026-02-16 12:00:00,46,12,0,0.3502180003140996,3.13066134660105,0.3,0.0,False
2026-02-16 13:00:00,46,13,0,0.5323202294091656,3.0450785179820334,0.3,0.0,False
2026-02-16 14:00:00,46,14,0,0.3386473033258167,3.299372136655235,0.3,0.0,False
2026-02-16 15:00:00,46,15,0,0.41016512289953166,3.734820092033928,0.3,0.0,False
2026-02-16 16:00:00,46,16,0,0.25596333229286133,3.4899313167141854,0.5,0.0,False
2026-02-16 17:00:00,46,17,0,0.0885599882197261,3.2168330537239926,0.5,0.0,False
2026-02-16 18:00:00,46,18,0,6.906514448955108e-17,1.563676820164701,0.5,0.0,False
2026-02-16 19:00:00,46,19,0,0.0,1.6091380361165526,0.5,0.0,False
2026-02-16 20:00:00,46,20,0,0.0,1.294741763890071,0.5,0.0,False
2026-02-16 21:00:00,46,21,0,0.0,1.7054438803551908,0.5,0.0,False
2026-02-16 22:00:00,46,22,0,0.0,1.4748863809768589,0.3,0.0,False
2026-02-16 23:00:00,46,23,0,0.0,1.486397873308821,0.3,0.0,False
2026-02-17 00:00:00,47,0,1,0.0,1.5035676989150784,0.3,0.0,False
2026-02-17 01:00:00,47,1,1,0.0,1.6716810208961843,0.3,0.0,False
2026-02-17 02:00:00,47,2,1,0.0,1.3867226762697888,0.3,0.0,False
2026-02-17 03:00:00,47,3,1,0.0,1.2439544992823321,0.3,0.0,False
2026-02-17 04:00:00,47,4,1,0.0,1.5484432939350066,0.3,0.0,False
2026-02-17 05:00:00,47,5,1,0.0,1.1934512870740308,0.3,0.0,False
2026-02-17 06:00:00,47,6,1,0.0,1.854834460729669,0.5,0.0,False
2026-02-17 07:00:00,47,7,1,0.10562879374184146,2.078031143478823,0.5,0.0,False
2026-02-17 08:00:00,47,8,1,0.22617544506525675,3.7868640855263105,0.5,0.0,False
2026-02-17 09:00:00,47,9,1,0.31188538181802217,3.8563534098587913,0.5,0.0,False
2026-02-17 10:00:00,47,10,1,0.28188350374672655,3.393052704780424,0.3,0.0,False
2026-02-17 11:00:00,47,11,1,0.5000482080401505,3.661550173317511,0.3,0.0,False
2026-02-17 12:00:00,47,12,1,0.418956876696306,3.2117640558514777,0.3,0.0,False
2026-02-17 13:00:00,47,13,1,0.5344956758974183,3.3597197515512485,0.3,0.0,False
2026-02-17 14:00:00,47,14,1,0.4911879566459237,3.234281929318102,0.3,0.0,False
2026-02-17 15:00:00,47,15,1,0.39866960880937774,3.4435201904872303,0.3,0.0,False
2026-02-17 16:00:00,47,16,1,0.21928080627009203,3.2907637685924254,0.5,0.0,False
2026-02-17 17:00:00,47,17,1,0.10588673457481239,3.557826731916607,0.5,0.0,False
2026-02-17 18:00:00,47,18,1,6.630088131662241e-17,1.4203776066897036,0.5,0.0,False
2026-02-17 19:00:00,47,19,1,0.0,1.7110689788575477,0.5,0.0,False
2026-02-17 20:00:00,47,20,1,0.0,1.5889709295815957,0.5,0.0,False
2026-02-17 21:00:00,47,21,1,0.0,1.495130839636953,0.5,0.0,False
2026-02-17 22:00:00,47,22,1,0.0,1.5813663506789886,0.3,0.0,False
2026-02-17 23:00:00,47,23,1,0.0,1.539189658129379,0.3,0.0,False
2026-02-18 00:00:00,48,0,2,0.0,1.5533932020377714,0.3,0.0,False
2026-02-18 01:00:00,48,1,2,0.0,1.4689693390358414,0.3,0.0,False
2026-02-18 02:00:00,48,2,2,0.0,1.3947617238667513,0.3,0.0,False
2026-02-18 03:00:00,48,3,2,0.0,1.4497393320056204,0.3,0.0,False
2026-02-18 04:00:00,48,4,2,0.0,1.2475282533077667,0.3,0.0,False
2026-02-18 05:00:00,48,5,2,0.0,1.6262922498798937,0.3,0.0,False
2026-02-18 06:00:00,48,6,2,0.0,1.714725404173678,0.5,0.0,False
2026-02-18 07:00:00,48,7,2,0.14303544067737575,1.867352941714645,0.5,0.0,False
2026-02-18 08:00:00,48,8,2,0.1611326781542817,3.7972067562221548,0.5,0.0,False
2026-02-18 09:00:00,48,9,2,0.3638344918997285,3.8259095075649863,0.5,0.0,False
2026-02-18 10:00:00,48,10,2,0.4916870119103695,3.033802209474414,0.3,0.0,False
2026-02-18 11:00:00,48,11,2,0.35134036051554124,3.286222788716238,0.3,0.0,False
2026-02-18 12:00:00,48,12,2,0.35715186825035744,3.3689617049173233,0.3,0.0,False
2026-02-18 13:00:00,48,13,2,0.5597380222073716,3.307802416389349,0.3,0.0,False
2026-02-18 14:00:00,48,14,2,0.49168628172224726,3.5016112436510314,0.3,0.0,False
2026-02-18 15:00:00,48,15,2,0.338881838643587,3.1767289650128094,0.3,0.0,False
2026-02-18 16:00:00,48,16,2,0.2832640948891148,2.9926438304714704,0.5,0.0,False
2026-02-18 17:00:00,48,17,2,0.08807660526549327,3.421548902515278,0.5,0.0,False
2026-02-18 18:00:00,48,18,2,5.3182006716812605e-17,1.4194370820572269,0.5,0.0,False
2026-02-18 19:00:00,48,19,2,0.0,1.2362189103621004,0.5,0.0,False
2026-02-18 20:00:00,48,20,2,0.0,1.4762231414150289,0.5,0.0,False
2026-02-18 21:00:00,48,21,2,0.0,1.6845836963897551,0.5,0.0,False
2026-02-18 22:00:00,48,22,2,0.0,1.3105121073280952,0.3,0.0,False
2026-02-18 23:00:00,48,23,2,0.0,1.8503993930920901,0.3,0.0,False
2026-02-19 00:00:00,49,0,3,0.0,1.3743177608195007,0.3,0.0,False
2026-02-19 01:00:00,49,1,3,0.0,1.5130516281188624,0.3,0.0,False
2026-02-19 02:00:00,49,2,3,0.0,1.3171301373228588,0.3,0.0,False
2026-02-19 03:00:00,49,3,3,0.0,1.5062415523044022,0.3,0.0,False
2026-02-19 04:00:00,49,4,3,0.0,1.4799378267361984,0.3,0.0,False
2026-02-19 05:00:00,49,5,3,0.0,1.276575914650337,0.3,0.0,False
2026-02-19 06:00:00,49,6,3,0.0,2.3238740453426363,0.5,0.0,False
2026-02-19 07:00:00,49,7,3,0.09537644153537429,1.8256994246471958,0.5,0.0,False
2026-02-19 08:00:00,49,8,3,0.18410513525249966,3.6258306164040954,0.5,0.0,False
2026-02-19 09:00:00,49,9,3,0.40385669291182325,3.845355381903048,0.5,0.0,False
2026-02-19 10:00:00,49,10,3,0.37942429406133044,3.57213823250227,0.3,0.0,False
2026-02-19 11:00:00,49,11,3,0.6022982454957415,3.468965530200645,0.3,0.0,False
2026-02-19 12:00:00,49,12,3,0.3562633323635197,3.1198229815460117,0.3,0.0,False
2026-02-19 13:00:00,49,13,3,0.5003667159491783,3.3320863514241994,0.3,0.0,False
2026-02-19 14:00:00,49,14,3,0.3930501016792571,3.017794127642251,0.3,0.0,False
2026-02-19 15:00:00,49,15,3,0.3085606802913523,3.4352557621983535,0.3,0.0,False
2026-02-19 16:00:00,49,16,3,0.29371136657362723,3.0547217792204306,0.5,0.0,False
2026-02-19 17:00:00,49,17,3,0.16018589289597276,3.179519801458614,0.5,0.0,False
2026-02-19 18:00:00,49,18,3,7.185316454050046e-17,1.4995197743953035,0.5,0.0,False
2026-02-19 19:00:00,49,19,3,0.0,1.5667509841711518,0.5,0.0,False
2026-02-19 20:00:00,49,20,3,0.0,1.4608598064907021,0.5,0.0,False
2026-02-19 21:00:00,49,21,3,0.0,1.7278625515099322,0.5,0.0,False
2026-02-19 22:00:00,49,22,3,0.0,1.6084859373288418,0.3,0.0,False
2026-02-19 23:00:00,49,23,3,0.0,1.5967087131096314,0.3,0.0,False
2026-02-20 00:00:00,50,0,4,0.0,1.3155898647023005,0.3,0.0,False
2026-02-20 01:00:00,50,1,4,0.0,1.7549051846318104,0.3,0.0,False
2026-02-20 02:00:00,50,2,4,0.0,1.3795402283582232,0.3,0.0,False
2026-02-20 03:00:00,50,3,4,0.0,1.760631364948064,0.3,0.0,False
2026-02-20 04:00:00,50,4,4,0.0,1.8033292585388356,0.3,0.0,False
2026-02-20 05:00:00,50,5,4,0.0,1.5768984798545662,0.3,0.0,False
2026-02-20 06:00:00,50,6,4,0.0,2.054801964651913,0.5,0.0,False
2026-02-20 07:00:00,50,7,4,0.12122714567504049,1.4375620355414696,0.5,0.0,False
2026-02-20 08:00:00,50,8,4,0.198578807920102,3.670749637676443,0.5,0.0,False
2026-02-20 09:00:00,50,9,4,0.31614828911152487,3.8653248459879306,0.5,0.0,False
2026-02-20 10:00:00,50,10,4,0.47979537241680104,3.4386765402471124,0.3,0.0,False
2026-02-20 11:00:00,50,11,4,0.556056177408098,3.117041499285018,0.3,0.0,False
2026-02-20 12:00:00,50,12,4,0.4920323611377224,3.255941694019819,0.3,0.0,False
2026-02-20 13:00:00,50,13,4,0.42173350178377106,2.9195451742198277,0.3,0.0,False
2026-02-20 14:00:00,50,14,4,0.34681770703174114,3.3619489260259128,0.3,0.0,False
2026-02-20 15:00:00,50,15,4,0.3391603680435621,3.017500739815976,0.3,0.0,False
2026-02-20 16:00:00,50,16,4,0.2071771076254405,3.4695716764181355,0.5,0.0,False
2026-02-20 17:00:00,50,17,4,0.12758161757056563,3.4774087291076112,0.5,0.0,False
2026-02-20 18:00:00,50,18,4,6.471166735247924e-17,1.4288449778390253,0.5,0.0,False
2026-02-20 19:00:00,50,19,4,0.0,1.5781913895681132,0.5,0.0,False
2026-02-20 20:00:00,50,20,4,0.0,1.4674351913909238,0.5,0.0,False
2026-02-20 21:00:00,50,21,4,0.0,1.53628625925223,0.5,0.0,False
2026-02-20 22:00:00,50,22,4,0.0,1.3279110865135275,0.3,0.0,False
2026-02-20 23:00:00,50,23,4,0.0,1.5933738934859865,0.3,0.0,False
2026-02-21 00:00:00,51,0,5,0.0,1.2538222154663377,0.3,0.0,False
2026-02-21 01:00:00,51,1,5,0.0,1.2255104756505928,0.3,0.0,False
2026-02-21 02:00:00,51,2,5,0.0,1.4817107524999513,0.3,0.0,False
2026-02-21 03:00:00,51,3,5,0.0,1.468313508058308,0.3,0.0,False
2026-02-21 04:00:00,51,4,5,0.0,1.5408452595827626,0.3,0.0,False
2026-02-21 05:00:00,51,5,5,0.0,1.4025738764645506,0.3,0.0,False
2026-02-21 06:00:00,51,6,5,0.0,1.7828537498678383,0.5,0.0,False
2026-02-21 07:00:00,51,7,5,0.1301286916470427,1.5240907484069164,0.5,0.0,False
2026-02-21 08:00:00,51,8,5,0.1895182145855356,1.5349322667774339,0.5,0.0,False
2026-02-21 09:00:00,51,9,5,0.37653752771707716,1.5295850816110568,0.5,0.0,False
2026-02-21 10:00:00,51,10,5,0.3333639281390496,1.6504364803422118,0.3,0.0,False
2026-02-21 11:00:00,51,11,5,0.3366198862034898,1.5864026121726695,0.3,0.0,False
2026-02-21 12:00:00,51,12,5,0.3826821476494109,1.5663026849562418,0.3,0.0,False
2026-02-21 13:00:00,51,13,5,0.43571626394142815,1.6103976157298385,0.3,0.0,False
2026-02-21 14:00:00,51,14,5,0.3229425694329382,1.2263078044429214,0.3,0.0,False
2026-02-21 15:00:00,51,15,5,0.2543895557750835,1.2319728524121334,0.3,0.0,False
2026-02-21 16:00:00,51,16,5,0.2949069678965228,1.4885911882047835,0.5,0.0,False
2026-02-21 17:00:00,51,17,5,0.10835204157936654,1.4703489175977147,0.5,0.0,False
2026-02-21 18:00:00,51,18,5,5.283579413571109e-17,1.5869714766072311,0.5,0.0,False
2026-02-21 19:00:00,51,19,5,0.0,1.5030025353275258,0.5,0.0,False
2026-02-21 20:00:00,51,20,5,0.0,1.5872797401681316,0.5,0.0,False
2026-02-21 21:00:00,51,21,5,0.0,1.313160709565807,0.5,0.0,False
2026-02-21 22:00:00,51,22,5,0.0,1.4983883144386958,0.3,0.0,False
2026-02-21 23:00:00,51,23,5,0.0,1.2988414893063323,0.3,0.0,False
2026-02-22 00:00:00,52,0,6,0.0,1.55802869015571,0.3,0.0,False
2026-02-22 01:00:00,52,1,6,0.0,1.218257243645502,0.3,0.0,False
2026-02-22 02:00:00,52,2,6,0.0,1.552246514781132,0.3,0.0,False
2026-02-22 03:00:00,52,3,6,0.0,1.279650092865433,0.3,0.0,False
2026-02-22 04:00:00,52,4,6,0.0,1.4424708310167307,0.3,0.0,False
2026-02-22 05:00:00,52,5,6,0.0,1.6342391537173873,0.3,0.0,False
2026-02-22 06:00:00,52,6,6,0.0,1.5341069982897626,0.5,0.0,False
2026-02-22 07:00:00,52,7,6,0.15292500722251223,1.253150966441355,0.5,0.0,False
2026-02-22 08:00:00,52,8,6,0.2797811611524445,1.3991409232958965,0.5,0.0,False
2026-02-22 09:00:00,52,9,6,0.4104520501398265,1.2747932211784798,0.5,0.0,False
2026-02-22 10:00:00,52,10,6,0.42155480423324637,1.2457862250592209,0.3,0.0,False
2026-02-22 11:00:00,52,11,6,0.615181535466211,1.517649476420096,0.3,0.0,False
2026-02-22 12:00:00,52,12,6,0.3330619237222621,1.5840447515340155,0.3,0.0,False
2026-02-22 13:00:00,52,13,6,0.4317334455914129,1.5660908881073534,0.3,0.0,False
2026-02-22 14:00:00,52,14,6,0.36572066013008553,1.5903940222319626,0.3,0.0,False
2026-02-22 15:00:00,52,15,6,0.43951074109879623,1.4982133723671271,0.3,0.0,False
2026-02-22 16:00:00,52,16,6,0.25148672037807807,1.4589914671875048,0.5,0.0,False
2026-02-22 17:00:00,52,17,6,0.14911164059506496,1.3390396009406529,0.5,0.0,False
2026-02-22 18:00:00,52,18,6,4.5716712821706106e-17,1.433988049237425,0.5,0.0,False
2026-02-22 19:00:00,52,19,6,0.0,1.3017977422010745,0.5,0.0,False
2026-02-22 20:00:00,52,20,6,0.0,1.3732251709309622,0.5,0.0,False
2026-02-22 21:00:00,52,21,6,0.0,1.5133390305657062,0.5,0.0,False
2026-02-22 22:00:00,52,22,6,0.0,1.4823290868688617,0.3,0.0,False
2026-02-22 23:00:00,52,23,6,0.0,1.9597092056842165,0.3,0.0,False
2026-02-23 00:00:00,53,0,0,0.0,1.2981306603742488,0.3,0.0,False
2026-02-23 01:00:00,53,1,0,0.0,1.4812351918752327,0.3,0.0,False
2026-02-23 02:00:00,53,2,0,0.0,1.2864401833194414,0.3,0.0,False
2026-02-23 03:00:00,53,3,0,0.0,1.4418321186045073,0.3,0.0,False
2026-02-23 04:00:00,53,4,0,0.0,1.4479360226827223,0.3,0.0,False
2026-02-23 05:00:00,53,5,0,0.0,1.6267320039349706,0.3,0.0,False
2026-02-23 06:00:00,53,6,0,0.0,1.8325500191173116,0.5,0.0,False
2026-02-23 07:00:00,53,7,0,0.1320032051813342,1.8713020599915762,0.5,0.0,False
2026-02-23 08:00:00,53,8,0,0.21800112200925578,3.6354523056291668,0.5,0.0,False
2026-02-23 09:00:00,53,9,0,0.3196450048122707,3.4898422383914185,0.5,0.0,False
2026-02-23 10:00:00,53,10,0,0.39783372439926856,3.2021846442310338,0.3,0.0,False
2026-02-23 11:00:00,53,11,0,0.5062248751520881,3.2427094927374274,0.3,0.0,False
2026-02-23 12:00:00,53,12,0,0.6183061761696621,3.3110738825109576,0.3,0.0,False
2026-02-23 13:00:00,53,13,0,0.5991008857944373,3.3838420930837234,0.3,0.0,False
2026-02-23 14:00:00,53,14,0,0.38670980634029906,3.2648105235433453,0.3,0.0,False
2026-02-23 15:00:00,53,15,0,0.30162656484317796,3.2621735604027977,0.3,0.0,False
2026-02-23 16:00:00,53,16,0,0.23282262447624133,3.041878026226942,0.5,0.0,False
2026-02-23 17:00:00,53,17,0,0.13022606511542426,3.3809601775884524,0.5,0.0,False
2026-02-23 18:00:00,53,18,0,5.744840517548459e-17,1.3956153169274939,0.5,0.0,False
2026-02-23 19:00:00,53,19,0,0.0,1.6120684857344663,0.5,0.0,False
2026-02-23 20:00:00,53,20,0,0.0,1.6974659921781294,0.5,0.0,False
2026-02-23 21:00:00,53,21,0,0.0,1.4718127459960493,0.5,0.0,False
2026-02-23 22:00:00,53,22,0,0.0,1.3465033078851163,0.3,0.0,False
2026-02-23 23:00:00,53,23,0,0.0,1.4974952080370554,0.3,0.0,False
2026-02-24 00:00:00,54,0,1,0.0,1.5523052997027957,0.3,0.0,False
2026-02-24 01:00:00,54,1,1,0.0,1.4526719998129918,0.3,0.0,False
2026-02-24 02:00:00,54,2,1,0.0,1.4153942385931013,0.3,0.0,False
2026-02-24 03:00:00,54,3,1,0.0,1.5845298316046121,0.3,0.0,False
2026-02-24 04:00:00,54,4,1,0.0,1.5746367412041293,0.3,0.0,False
2026-02-24 05:00:00,54,5,1,0.0,1.4480565539509263,0.3,0.0,False
2026-02-24 06:00:00,54,6,1,0.0,1.6518900752108965,0.5,0.0,False
2026-02-24 07:00:00,54,7,1,0.10507013172277606,1.9684567278069178,0.5,0.0,False
2026-02-24 08:00:00,54,8,1,0.2948902871072336,3.5849009209837934,0.5,0.0,False
2026-02-24 09:00:00,54,9,1,0.440030064667316,3.7321511613055462,0.5,0.0,False
2026-02-24 10:00:00,54,10,1,0.44662670879964234,3.3226735847518554,0.3,0.0,False
2026-02-24 11:00:00,54,11,1,0.5204612030242489,3.0166578859436,0.3,0.0,False
2026-02-24 12:00:00,54,12,1,0.339825000192883,3.312162252661736,0.3,0.0,False
2026-02-24 13:00:00,54,13,1,0.6067102329624202,3.377179878806168,0.3,0.0,False
2026-02-24 14:00:00,54,14,1,0.3893345460993172,3.395572862296573,0.3,0.0,False
2026-02-24 15:00:00,54,15,1,0.43920720274093716,3.3176048626644468,0.3,0.0,False
2026-02-24 16:00:00,54,16,1,0.2548870782660184,3.0034220934075613,0.5,0.0,False
2026-02-24 17:00:00,54,17,1,0.08394588221634722,3.4915621593279953,0.5,0.0,False
2026-02-24 18:00:00,54,18,1,4.1061686467835884e-17,1.561653400131387,0.5,0.0,False
2026-02-24 19:00:00,54,19,1,0.0,1.3195021005944283,0.5,0.0,False
2026-02-24 20:00:00,54,20,1,0.0,1.381835543976259,0.5,0.0,False
2026-02-24 21:00:00,54,21,1,0.0,1.534683631394178,0.5,0.0,False
2026-02-24 22:00:00,54,22,1,0.0,1.6019676289947384,0.3,0.0,False
2026-02-24 23:00:00,54,23,1,0.0,1.4268055715478447,0.3,0.0,False
2026-02-25 00:00:00,55,0,2,0.0,1.6238288111068613,0.3,0.0,False
2026-02-25 01:00:00,55,1,2,0.0,1.2310849756349733,0.3,0.0,False
2026-02-25 02:00:00,55,2,2,0.0,1.343631148335932,0.3,0.0,False
2026-02-25 03:00:00,55,3,2,0.0,1.1903453985236876,0.3,0.0,False
2026-02-25 04:00:00,55,4,2,0.0,1.365389228569546,0.3,0.0,False
2026-02-25 05:00:00,55,5,2,0.0,1.7262115776816143,0.3,0.0,False
2026-02-25 06:00:00,55,6,2,0.0,2.20867033518781,0.5,0.0,False
2026-02-25 07:00:00,55,7,2,0.13157304752071983,1.9351885702345664,0.5,0.0,False
2026-02-25 08:00:00,55,8,2,0.2063123996530946,3.6042356189097164,0.5,0.0,False
2026-02-25 09:00:00,55,9,2,0.2665618148204638,3.666754014872358,0.5,0.0,False
2026-02-25 10:00:00,55,10,2,0.4992765820763406,3.371000983624953,0.3,0.0,False
2026-02-25 11:00:00,55,11,2,0.4695496245482066,3.0655528722541376,0.3,0.0,False
2026-02-25 12:00:00,55,12,2,0.4990727905387751,3.214125123602819,0.3,0.0,False
2026-02-25 13:00:00,55,13,2,0.616641850982398,3.515233961167537,0.3,0.0,False
2026-02-25 14:00:00,55,14,2,0.5523494854805499,3.1431434896007455,0.3,0.0,False
2026-02-25 15:00:00,55,15,2,0.4262005107707789,3.1876462651107684,0.3,0.0,False
2026-02-25 16:00:00,55,16,2,0.1928760632112837,3.301979048397216,0.5,0.0,False
2026-02-25 17:00:00,55,17,2,0.13402739604432612,3.3424713389257064,0.5,0.0,False
2026-02-25 18:00:00,55,18,2,7.470940409758901e-17,1.4062493930700792,0.5,0.0,False
2026-02-25 19:00:00,55,19,2,0.0,1.5115446574877933,0.5,0.0,False
2026-02-25 20:00:00,55,20,2,0.0,1.591190930060916,0.5,0.0,False
2026-02-25 21:00:00,55,21,2,0.0,1.794217773564547,0.5,0.0,False
2026-02-25 22:00:00,55,22,2,0.0,1.4810633430847828,0.3,0.0,False
2026-02-25 23:00:00,55,23,2,0.0,1.4938054026989156,0.3,0.0,False
2026-02-26 00:00:00,56,0,3,0.0,1.7291178518969266,0.3,0.0,False
2026-02-26 01:00:00,56,1,3,0.0,1.4176251212552857,0.3,0.0,False
2026-02-26 02:00:00,56,2,3,0.0,1.3013470450856728,0.3,0.0,False
2026-02-26 03:00:00,56,3,3,0.0,1.5375373463488444,0.3,0.0,False
2026-02-26 04:00:00,56,4,3,0.0,1.6614262537631872,0.3,0.0,False
2026-02-26 05:00:00,56,5,3,0.0,1.5541570702799528,0.3,0.0,False
2026-02-26 06:00:00,56,6,3,0.0,1.885447651367913,0.5,0.0,False
2026-02-26 07:00:00,56,7,3,0.15543411501439963,1.6827409940297742,0.5,0.0,False
2026-02-26 08:00:00,56,8,3,0.2098654018644448,3.6912446132097436,0.5,0.0,False
2026-02-26 09:00:00,56,9,3,0.30127727001547067,3.8849732389474503,0.5,0.0,False
2026-02-26 10:00:00,56,10,3,0.5304557840322349,3.1148824377691167,0.3,0.0,False
2026-02-26 11:00:00,56,11,3,0.32322331253652653,3.263287923929509,0.3,0.0,False
2026-02-26 12:00:00,56,12,3,0.4968734418112459,3.241877290176246,0.3,0.0,False
2026-02-26 13:00:00,56,13,3,0.462019345017754,3.195344314404338,0.3,0.0,False
2026-02-26 14:00:00,56,14,3,0.4783231793584962,3.337188450677851,0.3,0.0,False
2026-02-26 15:00:00,56,15,3,0.2688329379218241,3.366495786188401,0.3,0.0,False
2026-02-26 16:00:00,56,16,3,0.2725986316343426,3.3649240357190155,0.5,0.0,False
2026-02-26 17:00:00,56,17,3,0.11644417972819145,3.1534785354577313,0.5,0.0,False
2026-02-26 18:00:00,56,18,3,6.478175336085487e-17,1.2531024458499476,0.5,0.0,False
2026-02-26 19:00:00,56,19,3,0.0,1.5393582654796092,0.5,0.0,False
2026-02-26 20:00:00,56,20,3,0.0,1.4241121437776023,0.5,0.0,False
2026-02-26 21:00:00,56,21,3,0.0,1.775746856953018,0.5,0.0,False
2026-02-26 22:00:00,56,22,3,0.0,1.782676454402242,0.3,0.0,False
2026-02-26 23:00:00,56,23,3,0.0,1.798603469159406,0.3,0.0,False
2026-02-27 00:00:00,57,0,4,0.0,1.358983364844793,0.3,0.0,False
2026-02-27 01:00:00,57,1,4,0.0,1.585405363011314,0.3,0.0,False
2026-02-27 02:00:00,57,2,4,0.0,1.6306428775877226,0.3,0.0,False
2026-02-27 03:00:00,57,3,4,0.0,1.6137531350316603,0.3,0.0,False
2026-02-27 04:00:00,57,4,4,0.0,1.4468403083709211,0.3,0.0,False
2026-02-27 05:00:00,57,5,4,0.0,1.691874735444799,0.3,0.0,False
2026-02-27 06:00:00,57,6,4,0.0,1.9000712479549784,0.5,0.0,False
2026-02-27 07:00:00,57,7,4,0.09196589573886826,1.9192159187403157,0.5,0.0,False
2026-02-27 08:00:00,57,8,4,0.27152160404788966,3.4693249822334282,0.5,0.0,False
2026-02-27 09:00:00,57,9,4,0.4350758543503663,3.7967147454359482,0.5,0.0,False
2026-02-27 10:00:00,57,10,4,0.46532483747464026,3.260938242964138,0.3,0.0,False
2026-02-27 11:00:00,57,11,4,0.4538320795091686,3.3697168293150788,0.3,0.0,False
2026-02-27 12:00:00,57,12,4,0.47051562759305987,3.3352670549706924,0.3,0.0,False
2026-02-27 13:00:00,57,13,4,0.32898219183802346,3.3271404864995655,0.3,0.0,False
2026-02-27 14:00:00,57,14,4,0.43695557402303586,3.293142964129997,0.3,0.0,False
2026-02-27 15:00:00,57,15,4,0.46347024210595106,3.4179899601990678,0.3,0.0,False
2026-02-27 16:00:00,57,16,4,0.3219962708262067,3.27016611946724,0.5,0.0,False
2026-02-27 17:00:00,57,17,4,0.08853347232844565,3.0817203870820524,0.5,0.0,False
2026-02-27 18:00:00,57,18,4,6.868302975088357e-17,1.58534334095609,0.5,0.0,False
2026-02-27 19:00:00,57,19,4,0.0,1.3786491712632543,0.5,0.0,False
2026-02-27 20:00:00,57,20,4,0.0,1.301360723597679,0.5,0.0,False
2026-02-27 21:00:00,57,21,4,0.0,1.3466634998786102,0.5,0.0,False
2026-02-27 22:00:00,57,22,4,0.0,1.5424998569035382,0.3,0.0,False
2026-02-27 23:00:00,57,23,4,0.0,1.4855221795357725,0.3,0.0,False
2026-02-28 00:00:00,58,0,5,0.0,1.180097545549073,0.3,0.0,False
2026-02-28 01:00:00,58,1,5,0.0,1.4424516085420995,0.3,0.0,False
2026-02-28 02:00:00,58,2,5,0.0,1.6753846837462147,0.3,0.0,False
2026-02-28 03:00:00,58,3,5,0.0,1.4323056493599933,0.3,0.0,False
2026-02-28 04:00:00,58,4,5,0.0,1.475178516985861,0.3,0.0,False
2026-02-28 05:00:00,58,5,5,0.0,1.6564487155990728,0.3,0.0,False
2026-02-28 06:00:00,58,6,5,0.0,1.6193233887306804,0.5,0.0,False
2026-02-28 07:00:00,58,7,5,0.11962395778563545,1.6532626631477567,0.5,0.0,False
2026-02-28 08:00:00,58,8,5,0.23899878061241356,1.0841169584919446,0.5,0.0,False
2026-02-28 09:00:00,58,9,5,0.24866756590117284,1.7600284557663166,0.5,0.0,False
2026-02-28 10:00:00,58,10,5,0.5639943111194698,1.5954600653141893,0.3,0.0,False
2026-02-28 11:00:00,58,11,5,0.4187790093093402,1.8692214621036225,0.3,0.0,False
2026-02-28 12:00:00,58,12,5,0.3934301259281946,1.3826510953838573,0.3,0.0,False
2026-02-28 13:00:00,58,13,5,0.41091664080434187,1.2354824091526635,0.3,0.0,False
2026-02-28 14:00:00,58,14,5,0.562739809783765,1.5010827685087764,0.3,0.0,False
2026-02-28 15:00:00,58,15,5,0.2559580983348259,1.458694150536426,0.3,0.0,False
2026-02-28 16:00:00,58,16,5,0.30884303895068355,1.598049597542223,0.5,0.0,False
2026-02-28 17:00:00,58,17,5,0.14621684561410223,1.6612392516879533,0.5,0.0,False
2026-02-28 18:00:00,58,18,5,7.413435297144466e-17,1.4869058782680755,0.5,0.0,False
2026-02-28 19:00:00,58,19,5,0.0,1.463893793128091,0.5,0.0,False
2026-02-28 20:00:00,58,20,5,0.0,1.578407972927419,0.5,0.0,False
2026-02-28 21:00:00,58,21,5,0.0,1.4615507001461254,0.5,0.0,False
2026-02-28 22:00:00,58,22,5,0.0,1.4490026848654818,0.3,0.0,False
2026-02-28 23:00:00,58,23,5,0.0,1.655570240801293,0.3,0.0,False
2026-03-01 00:00:00,59,0,6,0.0,1.688966678535536,0.3,0.0,False
2026-03-01 01:00:00,59,1,6,0.0,1.6625949365794641,0.3,0.0,False
2026-03-01 02:00:00,59,2,6,0.0,1.4747655430911712,0.3,0.0,False
2026-03-01 03:00:00,59,3,6,0.0,1.1790316518370225,0.3,0.0,False
2026-03-01 04:00:00,59,4,6,0.0,1.4777690870410727,0.3,0.0,False
2026-03-01 05:00:00,59,5,6,0.0,1.3863029980984427,0.3,0.0,False
2026-03-01 06:00:00,59,6,6,0.0,1.4805412471484118,0.5,0.0,False
2026-03-01 07:00:00,59,7,6,0.1194159492744344,1.3993363660923588,0.5,0.0,False
2026-03-01 08:00:00,59,8,6,0.2265766397607557,1.4968890216801598,0.5,0.0,False
2026-03-01 09:00:00,59,9,6,0.32746602065762737,1.3441086556152653,0.5,0.0,False
2026-03-01 10:00:00,59,10,6,0.31409042187921177,1.3078923844922432,0.3,0.0,False
2026-03-01 11:00:00,59,11,6,0.3463627578851208,1.6834037223856337,0.3,0.0,False
2026-03-01 12:00:00,59,12,6,0.5923578376266289,1.354551357994852,0.3,0.0,False
2026-03-01 13:00:00,59,13,6,0.4648682201633288,1.500049743788453,0.3,0.0,False
2026-03-01 14:00:00,59,14,6,0.5564649738184524,1.6431772269904252,0.3,0.0,False
2026-03-01 15:00:00,59,15,6,0.3794071162925817,1.637145618934436,0.3,0.0,False
2026-03-01 16:00:00,59,16,6,0.17225827171601182,1.6192272307373026,0.5,0.0,False
2026-03-01 17:00:00,59,17,6,0.09970613508710034,1.5454299771752302,0.5,0.0,False
2026-03-01 18:00:00,59,18,6,4.914611066374977e-17,1.6086004962805274,0.5,0.0,False
2026-03-01 19:00:00,59,19,6,0.0,1.7059632198909231,0.5,0.0,False
2026-03-01 20:00:00,59,20,6,0.0,1.563753389099306,0.5,0.0,False
2026-03-01 21:00:00,59,21,6,0.0,1.2244196479778724,0.5,0.0,False
2026-03-01 22:00:00,59,22,6,0.0,1.4207200190774856,0.3,0.0,False
2026-03-01 23:00:00,59,23,6,0.0,1.6044555107583132,0.3,0.0,False
2026-03-02 00:00:00,60,0,0,0.0,1.4059356099435893,0.3,0.0,False
2026-03-02 01:00:00,60,1,0,0.0,1.7430159209187965,0.3,0.0,False
2026-03-02 02:00:00,60,2,0,0.0,1.4905230257750353,0.3,0.0,False
2026-03-02 03:00:00,60,3,0,0.0,1.5127873157039153,0.3,0.0,False
2026-03-02 04:00:00,60,4,0,0.0,1.6687116298352602,0.3,0.0,False
2026-03-02 05:00:00,60,5,0,0.0,1.472572515403606,0.3,0.0,False
2026-03-02 06:00:00,60,6,0,0.0,1.9264415553592278,0.5,0.0,False
2026-03-02 07:00:00,60,7,0,0.13322046671117502,2.034868522599867,0.5,0.0,False
2026-03-02 08:00:00,60,8,0,0.27222422220632564,3.479159407624947,0.5,0.0,False
2026-03-02 09:00:00,60,9,0,0.28456436453120526,3.6572052756418674,0.5,0.0,False
2026-03-02 10:00:00,60,10,0,0.5221351565888295,3.424372994306868,0.3,0.0,False
2026-03-02 11:00:00,60,11,0,0.5232444627088436,3.309840022251389,0.3,0.0,False
2026-03-02 12:00:00,60,12,0,0.6241899848893939,3.5201000718116218,0.3,0.0,False
2026-03-02 13:00:00,60,13,0,0.630317935218775,3.063611496271962,0.3,0.0,False
2026-03-02 14:00:00,60,14,0,0.390865702950518,3.04649973480808,0.3,0.0,False
2026-03-02 15:00:00,60,15,0,0.25821482060316564,3.4154529774934073,0.3,0.0,False
2026-03-02 16:00:00,60,16,0,0.20524581826134683,3.429871082239916,0.5,0.0,False
2026-03-02 17:00:00,60,17,0,0.12460810003564173,3.271012498975225,0.5,0.0,False
2026-03-02 18:00:00,60,18,0,7.978556466957624e-17,1.5600591600068587,0.5,0.0,False
2026-03-02 19:00:00,60,19,0,0.0,1.611781046644711,0.5,0.0,False
2026-03-02 20:00:00,60,20,0,0.0,1.3779205191222381,0.5,0.0,False
2026-03-02 21:00:00,60,21,0,0.0,1.393972743742605,0.5,0.0,False
2026-03-02 22:00:00,60,22,0,0.0,1.5284589268797955,0.3,0.0,False
2026-03-02 23:00:00,60,23,0,0.0,1.6356133439840579,0.3,0.0,False
2026-03-03 00:00:00,61,0,1,0.0,1.3251064610463024,0.3,0.0,False
2026-03-03 01:00:00,61,1,1,0.0,1.470307855209747,0.3,0.0,False
2026-03-03 02:00:00,61,2,1,0.0,1.4633645052443343,0.3,0.0,False
2026-03-03 03:00:00,61,3,1,0.0,1.5626938657564147,0.3,0.0,False
2026-03-03 04:00:00,61,4,1,0.0,1.4986952444986748,0.3,0.0,False
2026-03-03 05:00:00,61,5,1,0.0,1.4181174624295712,0.3,0.0,False
2026-03-03 06:00:00,61,6,1,0.0,2.0872848671136106,0.5,0.0,False
2026-03-03 07:00:00,61,7,1,0.10357594353659065,1.8191113777568768,0.5,0.0,False
2026-03-03 08:00:00,61,8,1,0.18651837792160122,3.6561855455467818,0.5,0.0,False
2026-03-03 09:00:00,61,9,1,0.35675999040892775,3.4612753546120563,0.5,0.0,False
2026-03-03 10:00:00,61,10,1,0.44332986495525845,3.1929561184731154,0.3,0.0,False
2026-03-03 11:00:00,61,11,1,0.4907746829609935,3.3774114114508573,0.3,0.0,False
2026-03-03 12:00:00,61,12,1,0.4839915072179305,3.348090293453229,0.3,0.0,False
2026-03-03 13:00:00,61,13,1,0.6491242844343066,3.389927548509864,0.3,0.0,False
2026-03-03 14:00:00,61,14,1,0.4336236106544658,3.3826473428918504,0.3,0.0,False
2026-03-03 15:00:00,61,15,1,0.35206691609574015,3.613157105444273,0.3,0.0,False
2026-03-03 16:00:00,61,16,1,0.2394857211953756,3.1878211758829633,0.5,0.0,False
2026-03-03 17:00:00,61,17,1,0.09301889991944079,3.057086438484782,0.5,0.0,False
2026-03-03 18:00:00,61,18,1,6.571980720211469e-17,1.3424170505892714,0.5,0.0,False
2026-03-03 19:00:00,61,19,1,0.0,1.3944522246252613,0.5,0.0,False
2026-03-03 20:00:00,61,20,1,0.0,1.3538509595074633,0.5,0.0,False
2026-03-03 21:00:00,61,21,1,0.0,1.5140491271467282,0.5,0.0,False
2026-03-03 22:00:00,61,22,1,0.0,1.6878982358335533,0.3,0.0,False
2026-03-03 23:00:00,61,23,1,0.0,1.7309488609454873,0.3,0.0,False
2026-03-04 00:00:00,62,0,2,0.0,1.5756462752769906,0.3,0.0,False
2026-03-04 01:00:00,62,1,2,0.0,1.8211908323181023,0.3,0.0,False
2026-03-04 02:00:00,62,2,2,0.0,1.4465440415150372,0.3,0.0,False
2026-03-04 03:00:00,62,3,2,0.0,1.255122143699636,0.3,0.0,False
2026-03-04 04:00:00,62,4,2,0.0,1.6579767101832255,0.3,0.0,False
2026-03-04 05:00:00,62,5,2,0.0,1.2242108412376407,0.3,0.0,False
2026-03-04 06:00:00,62,6,2,0.0,1.7867495465950294,0.5,0.0,False
2026-03-04 07:00:00,62,7,2,0.14368644228996658,1.9780168348634193,0.5,0.0,False
2026-03-04 08:00:00,62,8,2,0.3145748470244392,3.6846427779926825,0.5,0.0,False
2026-03-04 09:00:00,62,9,2,0.3909118395498135,3.671357085569274,0.5,0.0,False
2026-03-04 10:00:00,62,10,2,0.39558316357182116,3.122881495076999,0.3,0.0,False
2026-03-04 11:00:00,62,11,2,0.5442965710843183,3.298379641584999,0.3,0.0,False
2026-03-04 12:00:00,62,12,2,0.5666577502611474,3.4505493733106687,0.3,0.0,False
2026-03-04 13:00:00,62,13,2,0.6418777534073293,3.3029951874804024,0.3,0.0,False
2026-03-04 14:00:00,62,14,2,0.40240442427374223,3.1754661180538406,0.3,0.0,False
2026-03-04 15:00:00,62,15,2,0.34154444120094385,3.1128692309104,0.3,0.0,False
2026-03-04 16:00:00,62,16,2,0.3071002026899451,3.178560812556663,0.5,0.0,False
2026-03-04 17:00:00,62,17,2,0.1320915662339582,3.3588500628621536,0.5,0.0,False
2026-03-04 18:00:00,62,18,2,7.208192144414403e-17,1.5515403393539564,0.5,0.0,False
2026-03-04 19:00:00,62,19,2,0.0,1.3799239349106498,0.5,0.0,False
2026-03-04 20:00:00,62,20,2,0.0,1.1683860867026912,0.5,0.0,False
2026-03-04 21:00:00,62,21,2,0.0,1.5630019145508247,0.5,0.0,False
2026-03-04 22:00:00,62,22,2,0.0,1.3653438901537123,0.3,0.0,False
2026-03-04 23:00:00,62,23,2,0.0,1.6033593718522925,0.3,0.0,False
2026-03-05 00:00:00,63,0,3,0.0,1.3865835536808375,0.3,0.0,False
2026-03-05 01:00:00,63,1,3,0.0,1.3518149319495287,0.3,0.0,False
2026-03-05 02:00:00,63,2,3,0.0,1.5229757860889377,0.3,0.0,False
2026-03-05 03:00:00,63,3,3,0.0,1.8536548845039553,0.3,0.0,False
2026-03-05 04:00:00,63,4,3,0.0,1.612354498667486,0.3,0.0,False
2026-03-05 05:00:00,63,5,3,0.0,1.5204328948808778,0.3,0.0,False
2026-03-05 06:00:00,63,6,3,0.0,1.9538277304571452,0.5,0.0,False
2026-03-05 07:00:00,63,7,3,0.10570446870785166,1.6373326207771604,0.5,0.0,False
2026-03-05 08:00:00,63,8,3,0.22017504885725706,3.531648944387116,0.5,0.0,False
2026-03-05 09:00:00,63,9,3,0.36877771843455925,3.323360670242929,0.5,0.0,False
2026-03-05 10:00:00,63,10,3,0.5560345253470473,3.5594810841864932,0.3,0.0,False
2026-03-05 11:00:00,63,11,3,0.5798987876949337,3.529107904373362,0.3,0.0,False
2026-03-05 12:00:00,63,12,3,0.5824906600508623,3.3589227789322362,0.3,0.0,False
2026-03-05 13:00:00,63,13,3,0.38708774313416827,3.3202672654626304,0.3,0.0,False
2026-03-05 14:00:00,63,14,3,0.400949738101661,3.0672614996253627,0.3,0.0,False
2026-03-05 15:00:00,63,15,3,0.3564835083769457,3.2671050059623963,0.3,0.0,False
2026-03-05 16:00:00,63,16,3,0.19563912576500017,3.568858781760584,0.5,0.0,False
2026-03-05 17:00:00,63,17,3,0.11239118393887443,3.319712399729357,0.5,0.0,False
2026-03-05 18:00:00,63,18,3,5.4637429026053634e-17,1.4153030300682157,0.5,0.0,False
2026-03-05 19:00:00,63,19,3,0.0,1.236289400999458,0.5,0.0,False
2026-03-05 20:00:00,63,20,3,0.0,1.7070458591596207,0.5,0.0,False
2026-03-05 21:00:00,63,21,3,0.0,1.4894874298458516,0.5,0.0,False
2026-03-05 22:00:00,63,22,3,0.0,1.2364899219955756,0.3,0.0,False
2026-03-05 23:00:00,63,23,3,0.0,1.3613601476892687,0.3,0.0,False
2026-03-06 00:00:00,64,0,4,0.0,1.3083692973962804,0.3,0.0,False
2026-03-06 01:00:00,64,1,4,0.0,1.4802384711432042,0.3,0.0,False
2026-03-06 02:00:00,64,2,4,0.0,1.5311008454419228,0.3,0.0,False
2026-03-06 03:00:00,64,3,4,0.0,1.4245174403582213,0.3,0.0,False
2026-03-06 04:00:00,64,4,4,0.0,1.6165569894730323,0.3,0.0,False
2026-03-06 05:00:00,64,5,4,0.0,1.5118203360708662,0.3,0.0,False
2026-03-06 06:00:00,64,6,4,0.0,2.0593468577908194,0.5,0.0,False
2026-03-06 07:00:00,64,7,4,0.10445549908937132,1.846420888287892,0.5,0.0,False
2026-03-06 08:00:00,64,8,4,0.2517329128506606,4.156798838801672,0.5,0.0,False
2026-03-06 09:00:00,64,9,4,0.33770650480042735,3.615326691478906,0.5,0.0,False
2026-03-06 10:00:00,64,10,4,0.3687001962699432,3.164500501236619,0.3,0.0,False
2026-03-06 11:00:00,64,11,4,0.5805237339379321,3.1460549174856363,0.3,0.0,False
2026-03-06 12:00:00,64,12,4,0.4507556517248081,3.268358891016854,0.3,0.0,False
2026-03-06 13:00:00,64,13,4,0.4217954441529853,3.042069586370132,0.3,0.0,False
2026-03-06 14:00:00,64,14,4,0.33600642731474256,3.3441844265741714,0.3,0.0,False
2026-03-06 15:00:00,64,15,4,0.3490506444567145,3.0142044345652788,0.3,0.0,False
2026-03-06 16:00:00,64,16,4,0.2235110984449038,3.3242506386085844,0.5,0.0,False
2026-03-06 17:00:00,64,17,4,0.12158575255564895,3.097312238385547,0.5,0.0,False
2026-03-06 18:00:00,64,18,4,5.193077727798351e-17,1.442805988892986,0.5,0.0,False
2026-03-06 19:00:00,64,19,4,0.0,1.590681059869854,0.5,0.0,False
2026-03-06 20:00:00,64,20,4,0.0,1.845605652581453,0.5,0.0,False
2026-03-06 21:00:00,64,21,4,0.0,1.3382999218828264,0.5,0.0,False
2026-03-06 22:00:00,64,22,4,0.0,1.4774523825860413,0.3,0.0,False
2026-03-06 23:00:00,64,23,4,0.0,1.3914361987836688,0.3,0.0,False
2026-03-07 00:00:00,65,0,5,0.0,1.3695194516158806,0.3,0.0,False
2026-03-07 01:00:00,65,1,5,0.0,1.3927540005045684,0.3,0.0,False
2026-03-07 02:00:00,65,2,5,0.0,1.623609971345541,0.3,0.0,False
2026-03-07 03:00:00,65,3,5,0.0,1.4267916203654432,0.3,0.0,False
2026-03-07 04:00:00,65,4,5,0.0,1.8373969047406282,0.3,0.0,False
2026-03-07 05:00:00,65,5,5,0.0,1.56239688838421,0.3,0.0,False
2026-03-07 06:00:00,65,6,5,0.0,1.3484984008238887,0.5,0.0,False
2026-03-07 07:00:00,65,7,5,0.09074750709170469,1.4449942226782384,0.5,0.0,False
2026-03-07 08:00:00,65,8,5,0.2549396461723373,1.3797229514940015,0.5,0.0,False
2026-03-07 09:00:00,65,9,5,0.3647160803173008,1.620010297942007,0.5,0.0,False
2026-03-07 10:00:00,65,10,5,0.4206922011961228,1.2541830515152121,0.3,0.0,False
2026-03-07 11:00:00,65,11,5,0.5228343045700514,1.2988572929346285,0.3,0.0,False
2026-03-07 12:00:00,65,12,5,0.5357536430280426,1.411268082187629,0.3,0.0,False
2026-03-07 13:00:00,65,13,5,0.6123353488273221,1.602442018970749,0.3,0.0,False
2026-03-07 14:00:00,65,14,5,0.33140248820443086,1.6849590412234159,0.3,0.0,False
2026-03-07 15:00:00,65,15,5,0.2990280734387046,1.7070813286159265,0.3,0.0,False
2026-03-07 16:00:00,65,16,5,0.30944209244300974,1.5794702279921295,0.5,0.0,False
2026-03-07 17:00:00,65,17,5,0.16507744844931077,1.487566569546297,0.5,0.0,False
2026-03-07 18:00:00,65,18,5,8.432248020148424e-17,1.6191938718470988,0.5,0.0,False
2026-03-07 19:00:00,65,19,5,0.0,1.3283249073852434,0.5,0.0,False
2026-03-07 20:00:00,65,20,5,0.0,1.223301416697566,0.5,0.0,False
2026-03-07 21:00:00,65,21,5,0.0,1.5654956366529733,0.5,0.0,False
2026-03-07 22:00:00,65,22,5,0.0,1.3491482374276724,0.3,0.0,False
2026-03-07 23:00:00,65,23,5,0.0,1.4902039901751778,0.3,0.0,False
2026-03-08 00:00:00,66,0,6,0.0,1.5179440523809222,0.3,0.0,False
2026-03-08 01:00:00,66,1,6,0.0,1.5372179338767444,0.3,0.0,False
2026-03-08 02:00:00,66,2,6,0.0,1.6406687307787577,0.3,0.0,False
2026-03-08 03:00:00,66,3,6,0.0,1.6248112782437598,0.3,0.0,False
2026-03-08 04:00:00,66,4,6,0.0,1.5292500100751536,0.3,0.0,False
2026-03-08 05:00:00,66,5,6,0.0,1.4336977079295892,0.3,0.0,False
2026-03-08 06:00:00,66,6,6,0.0,1.5161643133014482,0.5,0.0,False
2026-03-08 07:00:00,66,7,6,0.09508543261320308,1.4105684374987617,0.5,0.0,False
2026-03-08 08:00:00,66,8,6,0.33845565006952105,1.4705356616990743,0.5,0.0,False
2026-03-08 09:00:00,66,9,6,0.34447676114245923,1.892726013537062,0.5,0.0,False
2026-03-08 10:00:00,66,10,6,0.55158584664,1.527328455132531,0.3,0.0,False
2026-03-08 11:00:00,66,11,6,0.5639636705179852,1.5675367525556323,0.3,0.0,False
2026-03-08 12:00:00,66,12,6,0.41390631708890324,1.3941779026454457,0.3,0.0,False
2026-03-08 13:00:00,66,13,6,0.39428203329806766,1.6530110124644801,0.3,0.0,False
2026-03-08 14:00:00,66,14,6,0.5449297538620133,1.6140408633995136,0.3,0.0,False
2026-03-08 15:00:00,66,15,6,0.31054966599494066,1.6151028831982628,0.3,0.0,False
2026-03-08 16:00:00,66,16,6,0.3322035255206457,1.5322336870130195,0.5,0.0,False
2026-03-08 17:00:00,66,17,6,0.1024652756567933,1.6551285143650156,0.5,0.0,False
2026-03-08 18:00:00,66,18,6,7.134801757025895e-17,1.69075277949521,0.5,0.0,False
2026-03-08 19:00:00,66,19,6,0.0,1.5424648379023942,0.5,0.0,False
2026-03-08 20:00:00,66,20,6,0.0,1.4828081461499516,0.5,0.0,False
2026-03-08 21:00:00,66,21,6,0.0,1.6341856485172142,0.5,0.0,False
2026-03-08 22:00:00,66,22,6,0.0,1.3643812040160386,0.3,0.0,False
2026-03-08 23:00:00,66,23,6,0.0,1.392305957907701,0.3,0.0,False
2026-03-09 00:00:00,67,0,0,0.0,1.4920049485672648,0.3,0.0,False
2026-03-09 01:00:00,67,1,0,0.0,1.238796439734278,0.3,0.0,False
2026-03-09 02:00:00,67,2,0,0.0,1.6241392910345136,0.3,0.0,False
2026-03-09 03:00:00,67,3,0,0.0,1.3555629168801264,0.3,0.0,False
2026-03-09 04:00:00,67,4,0,0.0,1.4292763467747365,0.3,0.0,False
2026-03-09 05:00:00,67,5,0,0.0,1.4680080606480344,0.3,0.0,False
2026-03-09 06:00:00,67,6,0,0.0,1.9058930232355824,0.5,0.0,False
2026-03-09 07:00:00,67,7,0,0.1096880831581092,1.8484520085365437,0.5,0.0,False
2026-03-09 08:00:00,67,8,0,0.17543310582309687,3.6898943429154474,0.5,0.0,False
2026-03-09 09:00:00,67,9,0,0.38813520699750503,3.6910558551414376,0.5,0.0,False
2026-03-09 10:00:00,67,10,0,0.6033208186775649,3.232945356355931,0.3,0.0,False
2026-03-09 11:00:00,67,11,0,0.350498538783916,3.184020831354185,0.3,0.0,False
2026-03-09 12:00:00,67,12,0,0.42202854754689406,3.46222108865334,0.3,0.0,False
2026-03-09 13:00:00,67,13,0,0.5125694693479338,2.9843391446599945,0.3,0.0,False
2026-03-09 14:00:00,67,14,0,0.5476089959755429,3.2691427261485773,0.3,0.0,False
2026-03-09 15:00:00,67,15,0,0.2690327932447133,3.2296650792173676,0.3,0.0,False
2026-03-09 16:00:00,67,16,0,0.24372094096363114,3.362818723008973,0.5,0.0,False
2026-03-09 17:00:00,67,17,0,0.15797325479975638,3.0818560805221487,0.5,0.0,False
2026-03-09 18:00:00,67,18,0,5.868078745445411e-17,1.4250321988134593,0.5,0.0,False
2026-03-09 19:00:00,67,19,0,0.0,1.4846460399015367,0.5,0.0,False
2026-03-09 20:00:00,67,20,0,0.0,1.6605110415555688,0.5,0.0,False
2026-03-09 21:00:00,67,21,0,0.0,1.5498277450193136,0.5,0.0,False
2026-03-09 22:00:00,67,22,0,0.0,1.3224767683696708,0.3,0.0,False
2026-03-09 23:00:00,67,23,0,0.0,1.426878492191901,0.3,0.0,False
2026-03-10 00:00:00,68,0,1,0.0,1.6329077028991037,0.3,0.0,False
2026-03-10 01:00:00,68,1,1,0.0,1.3198837701115398,0.3,0.0,False
2026-03-10 02:00:00,68,2,1,0.0,1.4882033597441444,0.3,0.0,False
2026-03-10 03:00:00,68,3,1,0.0,1.4986319321210586,0.3,0.0,False
2026-03-10 04:00:00,68,4,1,0.0,1.4421325410118853,0.3,0.0,False
2026-03-10 05:00:00,68,5,1,0.0,1.9043627674198373,0.3,0.0,False
2026-03-10 06:00:00,68,6,1,0.0,1.8380902810828676,0.5,0.0,False
2026-03-10 07:00:00,68,7,1,0.15735707177519692,1.9674647739051696,0.5,0.0,False
2026-03-10 08:00:00,68,8,1,0.30834136785426675,3.585054831967107,0.5,0.0,False
2026-03-10 09:00:00,68,9,1,0.27283105002650176,3.77916219879991,0.5,0.0,False
2026-03-10 10:00:00,68,10,1,0.44690524870771847,3.43061813952779,0.3,0.0,False
2026-03-10 11:00:00,68,11,1,0.4075856223082159,3.2118053944880853,0.3,0.0,False
2026-03-10 12:00:00,68,12,1,0.4166258163597884,3.2917947277172197,0.3,0.0,False
2026-03-10 13:00:00,68,13,1,0.49696313653591684,3.165708034516369,0.3,0.0,False
2026-03-10 14:00:00,68,14,1,0.3924809821465398,3.128339428192516,0.3,0.0,False
2026-03-10 15:00:00,68,15,1,0.44637130208848713,3.4555193148750307,0.3,0.0,False
2026-03-10 16:00:00,68,16,1,0.33523453011150856,3.216899858117453,0.5,0.0,False
2026-03-10 17:00:00,68,17,1,0.16398909437483433,2.937958150723789,0.5,0.0,False
2026-03-10 18:00:00,68,18,1,5.449359529861615e-17,1.7648034234740435,0.5,0.0,False
2026-03-10 19:00:00,68,19,1,0.0,1.379685701540609,0.5,0.0,False
2026-03-10 20:00:00,68,20,1,0.0,1.4630440434377954,0.5,0.0,False
2026-03-10 21:00:00,68,21,1,0.0,1.7461359758241473,0.5,0.0,False
2026-03-10 22:00:00,68,22,1,0.0,1.478738685871854,0.3,0.0,False
2026-03-10 23:00:00,68,23,1,0.0,1.4754995096697205,0.3,0.0,False
2026-03-11 00:00:00,69,0,2,0.0,1.31577404331742,0.3,0.0,False
2026-03-11 01:00:00,69,1,2,0.0,1.254774945055865,0.3,0.0,False
2026-03-11 02:00:00,69,2,2,0.0,1.4750420603105807,0.3,0.0,False
2026-03-11 03:00:00,69,3,2,0.0,1.554421466111234,0.3,0.0,False
2026-03-11 04:00:00,69,4,2,0.0,1.5458288112316159,0.3,0.0,False
2026-03-11 05:00:00,69,5,2,0.0,1.4278108379296177,0.3,0.0,False
2026-03-11 06:00:00,69,6,2,0.0,1.9030386699020412,0.5,0.0,False
2026-03-11 07:00:00,69,7,2,0.11081914604096028,1.6244185007008047,0.5,0.0,False
2026-03-11 08:00:00,69,8,2,0.33898437804208315,3.7690250531043215,0.5,0.0,False
2026-03-11 09:00:00,69,9,2,0.46279504585625,3.7242108767155067,0.5,0.0,False
2026-03-11 10:00:00,69,10,2,0.5660046844823505,3.5960491341274285,0.3,0.0,False
2026-03-11 11:00:00,69,11,2,0.41929554261518387,3.301121946964357,0.3,0.0,False
2026-03-11 12:00:00,69,12,2,0.3714572941723135,3.158599597178088,0.3,0.0,False
2026-03-11 13:00:00,69,13,2,0.6378000707452367,3.292391529886677,0.3,0.0,False
2026-03-11 14:00:00,69,14,2,0.39985757525352944,3.2508300299976245,0.3,0.0,False
2026-03-11 15:00:00,69,15,2,0.4047691229479178,3.3652061803155595,0.3,0.0,False
2026-03-11 16:00:00,69,16,2,0.31115189937111337,3.3040338092587778,0.5,0.0,False
2026-03-11 17:00:00,69,17,2,0.10325620989922063,3.111007994842103,0.5,0.0,False
2026-03-11 18:00:00,69,18,2,7.711401372528069e-17,1.2546385067708972,0.5,0.0,False
2026-03-11 19:00:00,69,19,2,0.0,1.5394362303949525,0.5,0.0,False
2026-03-11 20:00:00,69,20,2,0.0,1.7074671811603859,0.5,0.0,False
2026-03-11 21:00:00,69,21,2,0.0,1.5119021826077579,0.5,0.0,False
2026-03-11 22:00:00,69,22,2,0.0,1.621994603088031,0.3,0.0,False
2026-03-11 23:00:00,69,23,2,0.0,1.65192137313054,0.3,0.0,False
2026-03-12 00:00:00,70,0,3,0.0,1.5400187768692002,0.3,0.0,False
2026-03-12 01:00:00,70,1,3,0.0,1.3778262768207887,0.3,0.0,False
2026-03-12 02:00:00,70,2,3,0.0,1.5292962127568346,0.3,0.0,False
2026-03-12 03:00:00,70,3,3,0.0,1.681060933140072,0.3,0.0,False
2026-03-12 04:00:00,70,4,3,0.0,1.579483582439987,0.3,0.0,False
2026-03-12 05:00:00,70,5,3,0.0,1.6122368014242983,0.3,0.0,False
2026-03-12 06:00:00,70,6,3,0.0,1.830618063746226,0.5,0.0,False
2026-03-12 07:00:00,70,7,3,0.13858314555722034,1.8696469360381776,0.5,0.0,False
2026-03-12 08:00:00,70,8,3,0.2814823165543685,3.6821909033649445,0.5,0.0,False
2026-03-12 09:00:00,70,9,3,0.35090430284122465,3.6922992996194806,0.5,0.0,False
2026-03-12 10:00:00,70,10,3,0.5504610149572451,3.4751937474018537,0.3,0.0,False
2026-03-12 11:00:00,70,11,3,0.6573420763336287,2.9479239407492748,0.3,0.0,False
2026-03-12 12:00:00,70,12,3,0.4434743109679229,3.3045807456872756,0.3,0.0,False
2026-03-12 13:00:00,70,13,3,0.5966534458187431,3.2880755436457716,0.3,0.0,False
2026-03-12 14:00:00,70,14,3,0.5169077978719129,3.0942748287833775,0.3,0.0,False
2026-03-12 15:00:00,70,15,3,0.3830967714536854,3.4007650824881197,0.3,0.0,False
2026-03-12 16:00:00,70,16,3,0.21138687518184474,3.191324971208261,0.5,0.0,False
2026-03-12 17:00:00,70,17,3,0.16527785001924253,3.246445102597026,0.5,0.0,False
2026-03-12 18:00:00,70,18,3,8.54089638625018e-17,1.7773172861631066,0.5,0.0,False
2026-03-12 19:00:00,70,19,3,0.0,1.6514960474308584,0.5,0.0,False
2026-03-12 20:00:00,70,20,3,0.0,1.5861730408717674,0.5,0.0,False
2026-03-12 21:00:00,70,21,3,0.0,1.5571165401966607,0.5,0.0,False
2026-03-12 22:00:00,70,22,3,0.0,1.4752979966331985,0.3,0.0,False
2026-03-12 23:00:00,70,23,3,0.0,1.799906589805515,0.3,0.0,False
2026-03-13 00:00:00,71,0,4,0.0,1.6203251447160358,0.3,0.0,False
2026-03-13 01:00:00,71,1,4,0.0,1.387567512905212,0.3,0.0,False
2026-03-13 02:00:00,71,2,4,0.0,1.289984658267352,0.3,0.0,False
2026-03-13 03:00:00,71,3,4,0.0,1.5850257002983903,0.3,0.0,False
2026-03-13 04:00:00,71,4,4,0.0,1.4916196305182332,0.3,0.0,False
2026-03-13 05:00:00,71,5,4,0.0,1.2856592749580749,0.3,0.0,False
2026-03-13 06:00:00,71,6,4,0.0,1.964287924856737,0.5,0.0,False
2026-03-13 07:00:00,71,7,4,0.12806763359561613,1.8596459259532718,0.5,0.0,False
2026-03-13 08:00:00,71,8,4,0.3542579123064837,3.7795997388291203,0.5,0.0,False
2026-03-13 09:00:00,71,9,4,0.47659181307102194,3.7662610321871357,0.5,0.0,False
2026-03-13 10:00:00,71,10,4,0.4032774395115916,3.208760396768424,0.3,0.0,False
2026-03-13 11:00:00,71,11,4,0.6118620204292271,3.3949267146636304,0.3,0.0,False
2026-03-13 12:00:00,71,12,4,0.478380950833849,3.2253142376047648,0.3,0.0,False
2026-03-13 13:00:00,71,13,4,0.5552345704206078,3.235067719022854,0.3,0.0,False
2026-03-13 14:00:00,71,14,4,0.5139609734210172,3.220159289006793,0.3,0.0,False
2026-03-13 15:00:00,71,15,4,0.46294472024833977,3.4696461641709404,0.3,0.0,False
2026-03-13 16:00:00,71,16,4,0.18329482306996,3.257914141791846,0.5,0.0,False
2026-03-13 17:00:00,71,17,4,0.11300595634872143,3.5058664770846377,0.5,0.0,False
2026-03-13 18:00:00,71,18,4,7.502099734718585e-17,1.767522730528029,0.5,0.0,False
2026-03-13 19:00:00,71,19,4,0.0,1.3891921294718328,0.5,0.0,False
2026-03-13 20:00:00,71,20,4,0.0,1.06185070279546,0.5,0.0,False
2026-03-13 21:00:00,71,21,4,0.0,1.656676431490691,0.5,0.0,False
2026-03-13 22:00:00,71,22,4,0.0,1.4487042153959788,0.3,0.0,False
2026-03-13 23:00:00,71,23,4,0.0,1.3700720380302014,0.3,0.0,False
2026-03-14 00:00:00,72,0,5,0.0,1.4116922840770547,0.3,0.0,False
2026-03-14 01:00:00,72,1,5,0.0,1.4377779267950956,0.3,0.0,False
2026-03-14 02:00:00,72,2,5,0.0,1.694578963604061,0.3,0.0,False
2026-03-14 03:00:00,72,3,5,0.0,1.5239866858976272,0.3,0.0,False
2026-03-14 04:00:00,72,4,5,0.0,1.6925397945162204,0.3,0.0,False
2026-03-14 05:00:00,72,5,5,0.0,1.5741330178917743,0.3,0.0,False
2026-03-14 06:00:00,72,6,5,0.0,1.4536153914074272,0.5,0.0,False
2026-03-14 07:00:00,72,7,5,0.16267788057624447,1.4414464195186114,0.5,0.0,False
2026-03-14 08:00:00,72,8,5,0.3394024112956003,1.5842413126124402,0.5,0.0,False
2026-03-14 09:00:00,72,9,5,0.3095015599708635,1.6230638443999064,0.5,0.0,False
2026-03-14 10:00:00,72,10,5,0.4773753464274999,1.6495189028551305,0.3,0.0,False
2026-03-14 11:00:00,72,11,5,0.6186667101996706,1.4607692232936385,0.3,0.0,False
2026-03-14 12:00:00,72,12,5,0.4484195122934863,1.526280878460671,0.3,0.0,False
2026-03-14 13:00:00,72,13,5,0.4279405553494971,1.587606061388299,0.3,0.0,False
2026-03-14 14:00:00,72,14,5,0.3202205621880805,1.4424052461094707,0.3,0.0,False
2026-03-14 15:00:00,72,15,5,0.4985205857158336,1.329758994929585,0.3,0.0,False
2026-03-14 16:00:00,72,16,5,0.30778080339172575,1.3790593399946816,0.5,0.0,False
2026-03-14 17:00:00,72,17,5,0.15238209230747327,1.4638446836178023,0.5,0.0,False
2026-03-14 18:00:00,72,18,5,7.688243775528812e-17,1.599331070883045,0.5,0.0,False
2026-03-14 19:00:00,72,19,5,0.0,1.6888466243358153,0.5,0.0,False
2026-03-14 20:00:00,72,20,5,0.0,1.2965929186898069,0.5,0.0,False
2026-03-14 21:00:00,72,21,5,0.0,1.4103982479105026,0.5,0.0,False
2026-03-14 22:00:00,72,22,5,0.0,1.4463206254405123,0.3,0.0,False
2026-03-14 23:00:00,72,23,5,0.0,1.6192075548459965,0.3,0.0,False
2026-03-15 00:00:00,73,0,6,0.0,1.420783419691725,0.3,0.0,False
2026-03-15 01:00:00,73,1,6,0.0,1.4355401497578792,0.3,0.0,False
2026-03-15 02:00:00,73,2,6,0.0,1.2882011134274665,0.3,0.0,False
2026-03-15 03:00:00,73,3,6,0.0,1.5725110973959888,0.3,0.0,False
2026-03-15 04:00:00,73,4,6,0.0,1.4757901388105168,0.3,0.0,False
2026-03-15 05:00:00,73,5,6,0.0,1.4018932447530605,0.3,0.0,False
2026-03-15 06:00:00,73,6,6,0.0,1.4610730163276855,0.5,0.0,False
2026-03-15 07:00:00,73,7,6,0.18012322584485924,1.6690493252896894,0.5,0.0,False
2026-03-15 08:00:00,73,8,6,0.24119630447596124,1.3492669637520236,0.5,0.0,False
2026-03-15 09:00:00,73,9,6,0.29935934354120985,1.3737510553344605,0.5,0.0,False
2026-03-15 10:00:00,73,10,6,0.38000986043026436,1.687837867119843,0.3,0.0,False
2026-03-15 11:00:00,73,11,6,0.3812537223458201,1.5113662242028287,0.3,0.0,False
2026-03-15 12:00:00,73,12,6,0.405605822876473,1.6004631145067876,0.3,0.0,False
2026-03-15 13:00:00,73,13,6,0.3747140552108078,1.560262786500853,0.3,0.0,False
2026-03-15 14:00:00,73,14,6,0.6240054109235088,1.4946998171559078,0.3,0.0,False
2026-03-15 15:00:00,73,15,6,0.27501467622880826,1.4477551321277164,0.3,0.0,False
2026-03-15 16:00:00,73,16,6,0.20505370199234368,1.6247337033725728,0.5,0.0,False
2026-03-15 17:00:00,73,17,6,0.17125314491779037,1.6743504851716733,0.5,0.0,False
2026-03-15 18:00:00,73,18,6,7.007727800848498e-17,1.6626282520524145,0.5,0.0,False
2026-03-15 19:00:00,73,19,6,0.0,1.3221792549528475,0.5,0.0,False
2026-03-15 20:00:00,73,20,6,0.0,1.6957366526766493,0.5,0.0,False
2026-03-15 21:00:00,73,21,6,0.0,1.4463097118703532,0.5,0.0,False
2026-03-15 22:00:00,73,22,6,0.0,1.3867455693682749,0.3,0.0,False
2026-03-15 23:00:00,73,23,6,0.0,1.474600845484729,0.3,0.0,False
2026-03-16 00:00:00,74,0,0,0.0,1.6246692652873098,0.3,0.0,False
2026-03-16 01:00:00,74,1,0,0.0,1.5810696276042093,0.3,0.0,False
2026-03-16 02:00:00,74,2,0,0.0,1.46169203822186,0.3,0.0,False
2026-03-16 03:00:00,74,3,0,0.0,1.625649880031696,0.3,0.0,False
2026-03-16 04:00:00,74,4,0,0.0,1.5209790871139153,0.3,0.0,False
2026-03-16 05:00:00,74,5,0,0.0,1.4140542801690938,0.3,0.0,False
2026-03-16 06:00:00,74,6,0,0.0,1.793794707556226,0.5,0.0,False
2026-03-16 07:00:00,74,7,0,0.10875031240452042,1.9615352266632429,0.5,0.0,False
2026-03-16 08:00:00,74,8,0,0.2269946441080512,3.6876223396276595,0.5,0.0,False
2026-03-16 09:00:00,74,9,0,0.4744560341059739,3.493674226987954,0.5,0.0,False
2026-03-16 10:00:00,74,10,0,0.4196167395030392,3.4270742239604255,0.3,0.0,False
2026-03-16 11:00:00,74,11,0,0.5932243931370755,3.227958745706337,0.3,0.0,False
2026-03-16 12:00:00,74,12,0,0.676205376461705,3.5388179471983188,0.3,0.0,False
2026-03-16 13:00:00,74,13,0,0.3791966284963378,3.089551502226793,0.3,0.0,False
2026-03-16 14:00:00,74,14,0,0.5567832391196814,3.272893710541498,0.3,0.0,False
2026-03-16 15:00:00,74,15,0,0.3368111526689814,3.1950033473341155,0.3,0.0,False
2026-03-16 16:00:00,74,16,0,0.2215800247422231,3.153686621943399,0.5,0.0,False
2026-03-16 17:00:00,74,17,0,0.1592228328370688,3.2269813924862434,0.5,0.0,False
2026-03-16 18:00:00,74,18,0,8.519277786483631e-17,1.7655851413555472,0.5,0.0,False
2026-03-16 19:00:00,74,19,0,0.0,1.5215055255119256,0.5,0.0,False
2026-03-16 20:00:00,74,20,0,0.0,1.3812437941803857,0.5,0.0,False
2026-03-16 21:00:00,74,21,0,0.0,1.2257057384493892,0.5,0.0,False
2026-03-16 22:00:00,74,22,0,0.0,1.241795618047847,0.3,0.0,False
2026-03-16 23:00:00,74,23,0,0.0,1.4195305283821897,0.3,0.0,False
2026-03-17 00:00:00,75,0,1,0.0,1.4049468023792009,0.3,0.0,False
2026-03-17 01:00:00,75,1,1,0.0,1.4663923940648271,0.3,0.0,False
2026-03-17 02:00:00,75,2,1,0.0,1.1591724299346222,0.3,0.0,False
2026-03-17 03:00:00,75,3,1,0.0,1.48624776074302,0.3,0.0,False
2026-03-17 04:00:00,75,4,1,0.0,1.6541594662720662,0.3,0.0,False
2026-03-17 05:00:00,75,5,1,0.0,1.7434261871046293,0.3,0.0,False
2026-03-17 06:00:00,75,6,1,0.0,1.615833077812429,0.5,0.0,False
2026-03-17 07:00:00,75,7,1,0.13720549200920631,1.7797910861141266,0.5,0.0,False
2026-03-17 08:00:00,75,8,1,0.2581350224751697,3.5718649208538196,0.5,0.0,False
2026-03-17 09:00:00,75,9,1,0.28154924301848816,3.721858214128847,0.5,0.0,False
2026-03-17 10:00:00,75,10,1,0.38787133381297967,3.117034129818532,0.3,0.0,False
2026-03-17 11:00:00,75,11,1,0.5099781885885127,3.552339487309002,0.3,0.0,False
2026-03-17 12:00:00,75,12,1,0.6386003432208669,3.306528370752861,0.3,0.0,False
2026-03-17 13:00:00,75,13,1,0.4378147380581097,3.281528056605118,0.3,0.0,False
2026-03-17 14:00:00,75,14,1,0.5806005884050329,3.5389070600674164,0.3,0.0,False
2026-03-17 15:00:00,75,15,1,0.40049115497533316,3.2975928563874977,0.3,0.0,False
2026-03-17 16:00:00,75,16,1,0.32250898571360753,3.3600455109748033,0.5,0.0,False
2026-03-17 17:00:00,75,17,1,0.13964427984785902,3.1873802590061926,0.5,0.0,False
2026-03-17 18:00:00,75,18,1,6.727037642813345e-17,1.2944246902418426,0.5,0.0,False
2026-03-17 19:00:00,75,19,1,0.0,1.4084457552743654,0.5,0.0,False
2026-03-17 20:00:00,75,20,1,0.0,1.8280463758417236,0.5,0.0,False
2026-03-17 21:00:00,75,21,1,0.0,1.5949531422430434,0.5,0.0,False
2026-03-17 22:00:00,75,22,1,0.0,1.5411802255666576,0.3,0.0,False
2026-03-17 23:00:00,75,23,1,0.0,1.35354399147222,0.3,0.0,False
2026-03-18 00:00:00,76,0,2,0.0,1.6366876201475768,0.3,0.0,False
2026-03-18 01:00:00,76,1,2,0.0,1.2963460088529313,0.3,0.0,False
2026-03-18 02:00:00,76,2,2,0.0,1.2649415325476427,0.3,0.0,False
2026-03-18 03:00:00,76,3,2,0.0,1.4161669315677532,0.3,0.0,False
2026-03-18 04:00:00,76,4,2,0.0,1.7931736367942173,0.3,0.0,False
2026-03-18 05:00:00,76,5,2,0.0,1.7846841348588918,0.3,0.0,False
2026-03-18 06:00:00,76,6,2,0.0,1.8323144607624184,0.5,0.0,False
2026-03-18 07:00:00,76,7,2,0.18716861124693931,1.7988701472703024,0.5,0.0,False
2026-03-18 08:00:00,76,8,2,0.26730319477935516,3.4539456939160327,0.5,0.0,False
2026-03-18 09:00:00,76,9,2,0.3077413944292761,3.7117046088280126,0.5,0.0,False
2026-03-18 10:00:00,76,10,2,0.38840498508768906,3.3243019127982176,0.3,0.0,False
2026-03-18 11:00:00,76,11,2,0.38987536126058936,3.4184334381295365,0.3,0.0,False
2026-03-18 12:00:00,76,12,2,0.3687569242387866,3.4366061269987744,0.3,0.0,False
2026-03-18 13:00:00,76,13,2,0.5097577468200895,3.2703867123503048,0.3,0.0,False
2026-03-18 14:00:00,76,14,2,0.5646918678513638,3.3834041812139373,0.3,0.0,False
2026-03-18 15:00:00,76,15,2,0.45174562946695446,3.1949041698230194,0.3,0.0,False
2026-03-18 16:00:00,76,16,2,0.19019800443571142,3.3805563800041027,0.5,0.0,False
2026-03-18 17:00:00,76,17,2,0.14975615200495962,3.223915188272316,0.5,0.0,False
2026-03-18 18:00:00,76,18,2,5.209748004763773e-17,1.5689187773950406,0.5,0.0,False
2026-03-18 19:00:00,76,19,2,0.0,1.5567751987928047,0.5,0.0,False
2026-03-18 20:00:00,76,20,2,0.0,1.5103205438542597,0.5,0.0,False
2026-03-18 21:00:00,76,21,2,0.0,1.6191809577239031,0.5,0.0,False
2026-03-18 22:00:00,76,22,2,0.0,1.2644401392958973,0.3,0.0,False
2026-03-18 23:00:00,76,23,2,0.0,1.340262567266859,0.3,0.0,False
2026-03-19 00:00:00,77,0,3,0.0,1.459491048967045,0.3,0.0,False
2026-03-19 01:00:00,77,1,3,0.0,1.2835104918490017,0.3,0.0,False
2026-03-19 02:00:00,77,2,3,0.0,1.4389703228167943,0.3,0.0,False
2026-03-19 03:00:00,77,3,3,0.0,1.4438054557383675,0.3,0.0,False
2026-03-19 04:00:00,77,4,3,0.0,1.696452568000004,0.3,0.0,False
2026-03-19 05:00:00,77,5,3,0.0,1.5213800553437193,0.3,0.0,False
2026-03-19 06:00:00,77,6,3,0.0,2.0544144364095818,0.5,0.0,False
2026-03-19 07:00:00,77,7,3,0.19177465447485822,1.9452512078214577,0.5,0.0,False
2026-03-19 08:00:00,77,8,3,0.226856675902091,3.61964990931519,0.5,0.0,False
2026-03-19 09:00:00,77,9,3,0.33732355135125586,3.7200575211619764,0.5,0.0,False
2026-03-19 10:00:00,77,10,3,0.40143063232317494,3.4094139500898257,0.3,0.0,False
2026-03-19 11:00:00,77,11,3,0.4521914056390678,3.479010198966387,0.3,0.0,False
2026-03-19 12:00:00,77,12,3,0.5866079907888009,3.280153490559835,0.3,0.0,False
2026-03-19 13:00:00,77,13,3,0.7138128239658266,3.0528734034220584,0.3,0.0,False
2026-03-19 14:00:00,77,14,3,0.6389454977465039,3.042329661386715,0.3,0.0,False
2026-03-19 15:00:00,77,15,3,0.4002017286628223,3.251038108482467,0.3,0.0,False
2026-03-19 16:00:00,77,16,3,0.3037914795451986,2.949314774827804,0.5,0.0,False
2026-03-19 17:00:00,77,17,3,0.17845212260665166,3.5692656698605245,0.5,0.0,False
2026-03-19 18:00:00,77,18,3,8.775001037259679e-17,1.58953998470996,0.5,0.0,False
2026-03-19 19:00:00,77,19,3,0.0,1.4046499485754134,0.5,0.0,False
2026-03-19 20:00:00,77,20,3,0.0,1.3335528608986806,0.5,0.0,False
2026-03-19 21:00:00,77,21,3,0.0,1.6542178643964165,0.5,0.0,False
2026-03-19 22:00:00,77,22,3,0.0,1.3329544266523492,0.3,0.0,False
2026-03-19 23:00:00,77,23,3,0.0,1.347265985459842,0.3,0.0,False
2026-03-20 00:00:00,78,0,4,0.0,1.3851081089959962,0.3,0.0,False
2026-03-20 01:00:00,78,1,4,0.0,1.5171131121861487,0.3,0.0,False
2026-03-20 02:00:00,78,2,4,0.0,1.5931196158721097,0.3,0.0,False
2026-03-20 03:00:00,78,3,4,0.0,1.6789008350123495,0.3,0.0,False
2026-03-20 04:00:00,78,4,4,0.0,1.6567456948420052,0.3,0.0,False
2026-03-20 05:00:00,78,5,4,0.0,1.5001160563852112,0.3,0.0,False
2026-03-20 06:00:00,78,6,4,0.0,2.05307829606345,0.5,0.0,False
2026-03-20 07:00:00,78,7,4,0.15061540506503238,1.799350057903546,0.5,0.0,False
2026-03-20 08:00:00,78,8,4,0.28066210636549965,3.426870097830705,0.5,0.0,False
2026-03-20 09:00:00,78,9,4,0.43149761651974,3.5993303392434237,0.5,0.0,False
2026-03-20 10:00:00,78,10,4,0.45474204810107116,3.179060922858557,0.3,0.0,False
2026-03-20 11:00:00,78,11,4,0.6299542833260537,3.205201939230123,0.3,0.0,False
2026-03-20 12:00:00,78,12,4,0.4972118636998759,3.1560937906137165,0.3,0.0,False
2026-03-20 13:00:00,78,13,4,0.479235112435171,3.230833563363043,0.3,0.0,False
2026-03-20 14:00:00,78,14,4,0.3639768961704843,3.3930025821140366,0.3,0.0,False
2026-03-20 15:00:00,78,15,4,0.3133963460139453,3.5572885653993858,0.3,0.0,False
2026-03-20 16:00:00,78,16,4,0.34498181011258694,3.0411980288611464,0.5,0.0,False
2026-03-20 17:00:00,78,17,4,0.13956660559922854,3.106839805964888,0.5,0.0,False
2026-03-20 18:00:00,78,18,4,5.606536581407236e-17,1.381283061190775,0.5,0.0,False
2026-03-20 19:00:00,78,19,4,0.0,1.6148612816154888,0.5,0.0,False
2026-03-20 20:00:00,78,20,4,0.0,1.4692578835540426,0.5,0.0,False
2026-03-20 21:00:00,78,21,4,0.0,1.3913836165344566,0.5,0.0,False
2026-03-20 22:00:00,78,22,4,0.0,1.6075099511558133,0.3,0.0,False
2026-03-20 23:00:00,78,23,4,0.0,1.6434585399512953,0.3,0.0,False
2026-03-21 00:00:00,79,0,5,0.0,1.4971860060864555,0.3,0.0,False
2026-03-21 01:00:00,79,1,5,0.0,1.3775671160069185,0.3,0.0,False
2026-03-21 02:00:00,79,2,5,0.0,1.540541935085309,0.3,0.0,False
2026-03-21 03:00:00,79,3,5,0.0,1.465009768732115,0.3,0.0,False
2026-03-21 04:00:00,79,4,5,0.0,1.463848013432181,0.3,0.0,False
2026-03-21 05:00:00,79,5,5,0.0,1.4231399672097245,0.3,0.0,False
2026-03-21 06:00:00,79,6,5,0.0,1.6387474870983134,0.5,0.0,False
2026-03-21 07:00:00,79,7,5,0.11213954217013926,1.5374820339490192,0.5,0.0,False
2026-03-21 08:00:00,79,8,5,0.30123118784914305,1.6553551322834446,0.5,0.0,False
2026-03-21 09:00:00,79,9,5,0.38308076298953214,1.700448921821719,0.5,0.0,False
2026-03-21 10:00:00,79,10,5,0.46857977672844375,1.568847115329996,0.3,0.0,False
2026-03-21 11:00:00,79,11,5,0.38822870263064607,1.4240284327672272,0.3,0.0,False
2026-03-21 12:00:00,79,12,5,0.676032093829581,1.6560489348329677,0.3,0.0,False
2026-03-21 13:00:00,79,13,5,0.6857056070789473,1.569849705341753,0.3,0.0,False
2026-03-21 14:00:00,79,14,5,0.32833729410158397,1.8905051665211459,0.3,0.0,False
2026-03-21 15:00:00,79,15,5,0.3125246268638299,1.546515433274203,0.3,0.0,False
2026-03-21 16:00:00,79,16,5,0.35698203539915224,1.6046532058521126,0.5,0.0,False
2026-03-21 17:00:00,79,17,5,0.15038942147151246,1.5435635836944048,0.5,0.0,False
2026-03-21 18:00:00,79,18,5,5.28147108147916e-17,1.4851352112197822,0.5,0.0,False
2026-03-21 19:00:00,79,19,5,0.0,1.461181267561865,0.5,0.0,False
2026-03-21 20:00:00,79,20,5,0.0,1.544136576698785,0.5,0.0,False
2026-03-21 21:00:00,79,21,5,0.0,1.5781763627720782,0.5,0.0,False
2026-03-21 22:00:00,79,22,5,0.0,1.6731581849466637,0.3,0.0,False
2026-03-21 23:00:00,79,23,5,0.0,1.5463275837455646,0.3,0.0,False
2026-03-22 00:00:00,80,0,6,0.0,1.4305666236862156,0.3,0.0,False
2026-03-22 01:00:00,80,1,6,0.0,1.4509719005101525,0.3,0.0,False
2026-03-22 02:00:00,80,2,6,0.0,1.301559458564523,0.3,0.0,False
2026-03-22 03:00:00,80,3,6,0.0,1.7491820765358463,0.3,0.0,False
2026-03-22 04:00:00,80,4,6,0.0,1.4188239579718727,0.3,0.0,False
2026-03-22 05:00:00,80,5,6,0.0,1.645116069020686,0.3,0.0,False
2026-03-22 06:00:00,80,6,6,0.0,1.54148262861638,0.5,0.0,False
2026-03-22 07:00:00,80,7,6,0.16705757190480383,1.545559774625911,0.5,0.0,False
2026-03-22 08:00:00,80,8,6,0.19205275882806486,1.4823828187091495,0.5,0.0,False
2026-03-22 09:00:00,80,9,6,0.38380948495598066,1.3818301667059991,0.5,0.0,False
2026-03-22 10:00:00,80,10,6,0.5369711625256822,1.3547196899262037,0.3,0.0,False
2026-03-22 11:00:00,80,11,6,0.5866710833968342,1.7592698083207405,0.3,0.0,False
2026-03-22 12:00:00,80,12,6,0.6700659237446008,1.5170941618255869,0.3,0.0,False
2026-03-22 13:00:00,80,13,6,0.6595733065050774,1.6687901619281476,0.3,0.0,False
2026-03-22 14:00:00,80,14,6,0.5590823651923553,1.7077360406467876,0.3,0.0,False
2026-03-22 15:00:00,80,15,6,0.29410126115980495,1.4383729604851179,0.3,0.0,False
2026-03-22 16:00:00,80,16,6,0.27815358866747364,1.5635258648891766,0.5,0.0,False
2026-03-22 17:00:00,80,17,6,0.156514925195446,1.5067516163237022,0.5,0.0,False
2026-03-22 18:00:00,80,18,6,5.752990338015402e-17,1.3264179295474667,0.5,0.0,False
2026-03-22 19:00:00,80,19,6,0.0,1.4721780036143617,0.5,0.0,False
2026-03-22 20:00:00,80,20,6,0.0,1.588125988535884,0.5,0.0,False
2026-03-22 21:00:00,80,21,6,0.0,1.4251456117483714,0.5,0.0,False
2026-03-22 22:00:00,80,22,6,0.0,1.4512735206942209,0.3,0.0,False
2026-03-22 23:00:00,80,23,6,0.0,1.4739949716921532,0.3,0.0,False
2026-03-23 00:00:00,81,0,0,0.0,1.8167293996965155,0.3,0.0,False
2026-03-23 01:00:00,81,1,0,0.0,1.2248926594343341,0.3,0.0,False
2026-03-23 02:00:00,81,2,0,0.0,1.5752464948540887,0.3,0.0,False
2026-03-23 03:00:00,81,3,0,0.0,1.4619991384121753,0.3,0.0,False
2026-03-23 04:00:00,81,4,0,0.0,1.403901763724635,0.3,0.0,False
2026-03-23 05:00:00,81,5,0,0.0,1.4583186439265603,0.3,0.0,False
2026-03-23 06:00:00,81,6,0,0.0,2.000106436575013,0.5,0.0,False
2026-03-23 07:00:00,81,7,0,0.09935390358261396,2.008678539103084,0.5,0.0,False
2026-03-23 08:00:00,81,8,0,0.3343589909904562,3.7279025683652125,0.5,0.0,False
2026-03-23 09:00:00,81,9,0,0.528422862547283,3.863911197468494,0.5,0.0,False
2026-03-23 10:00:00,81,10,0,0.6260617677698842,3.4903249492650863,0.3,0.0,False
2026-03-23 11:00:00,81,11,0,0.7220253900038552,3.422456391292592,0.3,0.0,False
2026-03-23 12:00:00,81,12,0,0.588041893836957,3.218071132327917,0.3,0.0,False
2026-03-23 13:00:00,81,13,0,0.3950129870509618,3.3741662323819313,0.3,0.0,False
2026-03-23 14:00:00,81,14,0,0.6076294385646971,3.3748800988707854,0.3,0.0,False
2026-03-23 15:00:00,81,15,0,0.43284086180174636,3.1776552849530173,0.3,0.0,False
2026-03-23 16:00:00,81,16,0,0.30623700460289327,3.064584165891861,0.5,0.0,False
2026-03-23 17:00:00,81,17,0,0.13913286823700646,2.9965836567938164,0.5,0.0,False
2026-03-23 18:00:00,81,18,0,7.30139207511866e-17,1.5104783235168227,0.5,0.0,False
2026-03-23 19:00:00,81,19,0,0.0,1.5447059572300377,0.5,0.0,False
2026-03-23 20:00:00,81,20,0,0.0,1.3227327633521377,0.5,0.0,False
2026-03-23 21:00:00,81,21,0,0.0,1.6569048498827044,0.5,0.0,False
2026-03-23 22:00:00,81,22,0,0.0,1.5228327223944618,0.3,0.0,False
2026-03-23 23:00:00,81,23,0,0.0,1.702417892237303,0.3,0.0,False
2026-03-24 00:00:00,82,0,1,0.0,1.5555803804975386,0.3,0.0,False
2026-03-24 01:00:00,82,1,1,0.0,1.3400499642181274,0.3,0.0,False
2026-03-24 02:00:00,82,2,1,0.0,1.5687421819935223,0.3,0.0,False
2026-03-24 03:00:00,82,3,1,0.0,1.6005166042308152,0.3,0.0,False
2026-03-24 04:00:00,82,4,1,0.0,1.4178564621169492,0.3,0.0,False
2026-03-24 05:00:00,82,5,1,0.0,1.2836860504035188,0.3,0.0,False
2026-03-24 06:00:00,82,6,1,0.0,1.9150444096459909,0.5,0.0,False
2026-03-24 07:00:00,82,7,1,0.12040563079537132,1.749873304702572,0.5,0.0,False
2026-03-24 08:00:00,82,8,1,0.27920837747374094,3.8681331494591693,0.5,0.0,False
2026-03-24 09:00:00,82,9,1,0.5239643513758195,3.6389234979360108,0.5,0.0,False
2026-03-24 10:00:00,82,10,1,0.5728709434477263,3.5586901659739945,0.3,0.0,False
2026-03-24 11:00:00,82,11,1,0.4477623691854668,2.9813761998721744,0.3,0.0,False
2026-03-24 12:00:00,82,12,1,0.7093341658931342,3.320219340621772,0.3,0.0,False
2026-03-24 13:00:00,82,13,1,0.5078045719799836,3.514408896015198,0.3,0.0,False
2026-03-24 14:00:00,82,14,1,0.6117118295290446,3.1664543526169053,0.3,0.0,False
2026-03-24 15:00:00,82,15,1,0.33492067736431885,3.2761198596559447,0.3,0.0,False
2026-03-24 16:00:00,82,16,1,0.3087210348715308,3.2395446428453933,0.5,0.0,False
2026-03-24 17:00:00,82,17,1,0.19021470753981934,3.1974348536771573,0.5,0.0,False
2026-03-24 18:00:00,82,18,1,5.876183084731186e-17,1.5366933961671423,0.5,0.0,False
2026-03-24 19:00:00,82,19,1,0.0,1.3056867598501345,0.5,0.0,False
2026-03-24 20:00:00,82,20,1,0.0,1.4833546828004662,0.5,0.0,False
2026-03-24 21:00:00,82,21,1,0.0,1.577399135652686,0.5,0.0,False
2026-03-24 22:00:00,82,22,1,0.0,1.4677359432920036,0.3,0.0,False
2026-03-24 23:00:00,82,23,1,0.0,1.3499693700021336,0.3,0.0,False
2026-03-25 00:00:00,83,0,2,0.0,1.6545278097902252,0.3,0.0,False
2026-03-25 01:00:00,83,1,2,0.0,1.6095385442425274,0.3,0.0,False
2026-03-25 02:00:00,83,2,2,0.0,1.343821924304439,0.3,0.0,False
2026-03-25 03:00:00,83,3,2,0.0,1.305883865246619,0.3,0.0,False
2026-03-25 04:00:00,83,4,2,0.0,1.3572113376009263,0.3,0.0,False
2026-03-25 05:00:00,83,5,2,0.0,1.5817909748230823,0.3,0.0,False
2026-03-25 06:00:00,83,6,2,0.0,1.9413359348443817,0.5,0.0,False
2026-03-25 07:00:00,83,7,2,0.15091739727519732,2.018512406866857,0.5,0.0,False
2026-03-25 08:00:00,83,8,2,0.35343627111371984,3.6510774672924073,0.5,0.0,False
2026-03-25 09:00:00,83,9,2,0.39232790768741277,3.5612898643749835,0.5,0.0,False
2026-03-25 10:00:00,83,10,2,0.6487932061256053,3.4378269732621747,0.3,0.0,False
2026-03-25 11:00:00,83,11,2,0.6116679948474296,3.2169827229823253,0.3,0.0,False
2026-03-25 12:00:00,83,12,2,0.42805914324470845,3.3279822083780966,0.3,0.0,False
2026-03-25 13:00:00,83,13,2,0.6984824492348212,3.0675112741326935,0.3,0.0,False
2026-03-25 14:00:00,83,14,2,0.4947452261290007,3.21452843635158,0.3,0.0,False
2026-03-25 15:00:00,83,15,2,0.3096654324938398,3.4514094481412267,0.3,0.0,False
2026-03-25 16:00:00,83,16,2,0.22108614250522768,3.192558814999521,0.5,0.0,False
2026-03-25 17:00:00,83,17,2,0.16754354004308658,3.4221755732177246,0.5,0.0,False
2026-03-25 18:00:00,83,18,2,4.9202929748693586e-17,1.150347045571771,0.5,0.0,False
2026-03-25 19:00:00,83,19,2,0.0,1.4160912510535222,0.5,0.0,False
2026-03-25 20:00:00,83,20,2,0.0,1.4742968031182802,0.5,0.0,False
2026-03-25 21:00:00,83,21,2,0.0,1.7613810455013608,0.5,0.0,False
2026-03-25 22:00:00,83,22,2,0.0,1.3246405679978321,0.3,0.0,False
2026-03-25 23:00:00,83,23,2,0.0,1.6006489943170634,0.3,0.0,False
2026-03-26 00:00:00,84,0,3,0.0,1.658539767187319,0.3,0.0,True
2026-03-26 01:00:00,84,1,3,0.0,1.3917765529133588,0.3,0.0,True
2026-03-26 02:00:00,84,2,3,0.0,1.4439714076840966,0.3,0.0,True
2026-03-26 03:00:00,84,3,3,0.0,1.5212443160717855,0.3,0.0,True
2026-03-26 04:00:00,84,4,3,0.0,1.2777772549211206,0.3,0.0,True
2026-03-26 05:00:00,84,5,3,0.0,1.4317345182207966,0.3,0.0,True
2026-03-26 06:00:00,84,6,3,0.0,2.0914168061419622,0.5,0.0,True
2026-03-26 07:00:00,84,7,3,0.12462758534990052,1.978398221629663,0.5,0.0,True
2026-03-26 08:00:00,84,8,3,0.28092836040343167,3.6764873065775134,0.5,0.0,True
2026-03-26 09:00:00,84,9,3,0.3802517131828485,3.7169608542754724,0.5,0.0,True
2026-03-26 10:00:00,84,10,3,0.6047596081144634,3.3871358048294655,0.3,0.0,True
2026-03-26 11:00:00,84,11,3,0.5133845621115014,3.4158615221865167,0.3,0.0,True
2026-03-26 12:00:00,84,12,3,0.5903609508491644,3.2165378778931344,0.3,0.0,True
2026-03-26 13:00:00,84,13,3,0.593746518751157,3.53020814149195,0.3,0.0,True
2026-03-26 14:00:00,84,14,3,0.34135860338407775,3.497452230180699,0.3,0.0,True
2026-03-26 15:00:00,84,15,3,0.4132728244464765,3.401588644552982,0.3,0.0,True
2026-03-26 16:00:00,84,16,3,0.25938137042166004,3.173556020123116,0.5,0.0,True
2026-03-26 17:00:00,84,17,3,0.14189820286285518,3.1469664139844107,0.5,0.0,True
2026-03-26 18:00:00,84,18,3,5.197780932018473e-17,1.451009430510511,0.5,0.0,True
2026-03-26 19:00:00,84,19,3,0.0,1.5091147646466616,0.5,0.0,True
2026-03-26 20:00:00,84,20,3,0.0,1.2347262201661422,0.5,0.0,True
2026-03-26 21:00:00,84,21,3,0.0,1.5742039700317885,0.5,0.0,True
2026-03-26 22:00:00,84,22,3,0.0,1.6931193395772708,0.3,0.0,True
2026-03-26 23:00:00,84,23,3,0.0,1.5864711209746316,0.3,0.0,True
2026-03-27 00:00:00,85,0,4,0.0,1.3985920795793647,0.3,0.0,True
2026-03-27 01:00:00,85,1,4,0.0,1.3808394903899264,0.3,0.0,True
2026-03-27 02:00:00,85,2,4,0.0,1.544977851626112,0.3,0.0,True
2026-03-27 03:00:00,85,3,4,0.0,1.477004442699273,0.3,0.0,True
2026-03-27 04:00:00,85,4,4,0.0,1.5664561761383862,0.3,0.0,True
2026-03-27 05:00:00,85,5,4,0.0,1.5902582058908452,0.3,0.0,True
2026-03-27 06:00:00,85,6,4,0.0,2.063783579334199,0.5,0.0,True
2026-03-27 07:00:00,85,7,4,0.15530632305403752,1.7301814856605717,0.5,0.0,True
2026-03-27 08:00:00,85,8,4,0.22240380459393913,3.7332428421773964,0.5,0.0,True
2026-03-27 09:00:00,85,9,4,0.3665138472540812,3.645478749405801,0.5,0.0,True
2026-03-27 10:00:00,85,10,4,0.6676917482126383,3.285204743409696,0.3,0.0,True
2026-03-27 11:00:00,85,11,4,0.3807518362907985,3.4296613279003116,0.3,0.0,True
2026-03-27 12:00:00,85,12,4,0.5634099784836474,3.4459688809576865,0.3,0.0,True
2026-03-27 13:00:00,85,13,4,0.6903888055019002,3.509766547557548,0.3,0.0,True
2026-03-27 14:00:00,85,14,4,0.4447257231475936,3.3638385375552398,0.3,0.0,True
2026-03-27 15:00:00,85,15,4,0.40587622053297123,3.2834974813866307,0.3,0.0,True
2026-03-27 16:00:00,85,16,4,0.38362981946145985,3.262068229582442,0.5,0.0,True
2026-03-27 17:00:00,85,17,4,0.14806690800655803,3.0397867496407995,0.5,0.0,True
2026-03-27 18:00:00,85,18,4,5.3721639973310415e-17,1.7009602567347906,0.5,0.0,True
2026-03-27 19:00:00,85,19,4,0.0,1.4517152379321494,0.5,0.0,True
2026-03-27 20:00:00,85,20,4,0.0,1.5758845590004367,0.5,0.0,True
2026-03-27 21:00:00,85,21,4,0.0,1.6018494788613649,0.5,0.0,True
2026-03-27 22:00:00,85,22,4,0.0,1.3132026736424791,0.3,0.0,True
2026-03-27 23:00:00,85,23,4,0.0,1.3614980411310549,0.3,0.0,True
2026-03-28 00:00:00,86,0,5,0.0,1.732052986058324,0.3,0.0,True
2026-03-28 01:00:00,86,1,5,0.0,1.5435653273525316,0.3,0.0,True
2026-03-28 02:00:00,86,2,5,0.0,1.4129121503552227,0.3,0.0,True
2026-03-28 03:00:00,86,3,5,0.0,1.4810479483308685,0.3,0.0,True
2026-03-28 04:00:00,86,4,5,0.0,1.6629355357249258,0.3,0.0,True
2026-03-28 05:00:00,86,5,5,0.0,1.6401471719601457,0.3,0.0,True
2026-03-28 06:00:00,86,6,5,0.0,1.2800877356640536,0.5,0.0,True
2026-03-28 07:00:00,86,7,5,0.14619551149581117,1.745142576550784,0.5,0.0,True
2026-03-28 08:00:00,86,8,5,0.249516674772553,1.644922204649802,0.5,0.0,True
2026-03-28 09:00:00,86,9,5,0.511721612464078,1.477128712598762,0.5,0.0,True
2026-03-28 10:00:00,86,10,5,0.4694663419383498,1.3212416335369919,0.3,0.0,True
2026-03-28 11:00:00,86,11,5,0.5766788632900192,1.6581012960091388,0.3,0.0,True
2026-03-28 12:00:00,86,12,5,0.7708969566987318,1.571464125044193,0.3,0.0,True
2026-03-28 13:00:00,86,13,5,0.4469911980358599,1.2813302432883353,0.3,0.0,True
2026-03-28 14:00:00,86,14,5,0.4395772541631245,1.4651882886962435,0.3,0.0,True
2026-03-28 15:00:00,86,15,5,0.2843587194488673,1.9689259414188731,0.3,0.0,True
2026-03-28 16:00:00,86,16,5,0.2714264512284773,1.5024752636121632,0.5,0.0,True
2026-03-28 17:00:00,86,17,5,0.12115390661817138,1.3887044108496513,0.5,0.0,True
2026-03-28 18:00:00,86,18,5,8.024587736119986e-17,1.348725506204004,0.5,0.0,True
2026-03-28 19:00:00,86,19,5,0.0,1.7658148475144129,0.5,0.0,True
2026-03-28 20:00:00,86,20,5,0.0,1.6271639234366533,0.5,0.0,True
2026-03-28 21:00:00,86,21,5,0.0,1.7111158670875841,0.5,0.0,True
2026-03-28 22:00:00,86,22,5,0.0,1.5372277926138236,0.3,0.0,True
2026-03-28 23:00:00,86,23,5,0.0,1.688102885299918,0.3,0.0,True
2026-03-29 00:00:00,87,0,6,0.0,1.3727519415678133,0.3,0.0,True
2026-03-29 01:00:00,87,1,6,0.0,1.5243886471372587,0.3,0.0,True
2026-03-29 02:00:00,87,2,6,0.0,1.5430580272459105,0.3,0.0,True
2026-03-29 03:00:00,87,3,6,0.0,1.7073670397812832,0.3,0.0,True
2026-03-29 04:00:00,87,4,6,0.0,1.5478264560210684,0.3,0.0,True
2026-03-29 05:00:00,87,5,6,0.0,1.4061732387395678,0.3,0.0,True
2026-03-29 06:00:00,87,6,6,0.0,1.509611075838056,0.5,0.0,True
2026-03-29 07:00:00,87,7,6,0.136276906488151,1.248538019630964,0.5,0.0,True
2026-03-29 08:00:00,87,8,6,0.2037229966132055,1.15185469000946,0.5,0.0,True
2026-03-29 09:00:00,87,9,6,0.4144509782881138,1.624701205516243,0.5,0.0,True
2026-03-29 10:00:00,87,10,6,0.38171227973931293,1.4437884170540485,0.3,0.0,True
2026-03-29 11:00:00,87,11,6,0.46912777447281706,1.46078740515296,0.3,0.0,True
2026-03-29 12:00:00,87,12,6,0.6851467316763119,1.6246420019049923,0.3,0.0,True
2026-03-29 13:00:00,87,13,6,0.42832576076812073,1.7095515577566898,0.3,0.0,True
2026-03-29 14:00:00,87,14,6,0.6136751011452164,1.5801731932241374,0.3,0.0,True
2026-03-29 15:00:00,87,15,6,0.537102234793304,1.7892109245326717,0.3,0.0,True
2026-03-29 16:00:00,87,16,6,0.31500869095802375,1.5754033701085917,0.5,0.0,True
2026-03-29 17:00:00,87,17,6,0.17359878470291185,1.5453320195369993,0.5,0.0,True
2026-03-29 18:00:00,87,18,6,8.229624799400491e-17,1.53605832337569,0.5,0.0,True
2026-03-29 19:00:00,87,19,6,0.0,1.3071756656799576,0.5,0.0,True
2026-03-29 20:00:00,87,20,6,0.0,1.6433997908460183,0.5,0.0,True
2026-03-29 21:00:00,87,21,6,0.0,1.133180096997707,0.5,0.0,True
2026-03-29 22:00:00,87,22,6,0.0,1.4120620714086334,0.3,0.0,True
2026-03-29 23:00:00,87,23,6,0.0,1.5034395525851418,0.3,0.0,True
2026-03-30 00:00:00,88,0,0,0.0,1.3815356514879955,0.3,0.0,True
2026-03-30 01:00:00,88,1,0,0.0,1.4322366115390768,0.3,0.0,True
2026-03-30 02:00:00,88,2,0,0.0,1.7759063349340842,0.3,0.0,True
2026-03-30 03:00:00,88,3,0,0.0,1.6656035828672517,0.3,0.0,True
2026-03-30 04:00:00,88,4,0,0.0,1.3971258478789892,0.3,0.0,True
2026-03-30 05:00:00,88,5,0,0.0,1.4295650233541435,0.3,0.0,True
2026-03-30 06:00:00,88,6,0,0.0,1.7084494077172234,0.5,0.0,True
2026-03-30 07:00:00,88,7,0,0.12656666054550478,2.0057490679009207,0.5,0.0,True
2026-03-30 08:00:00,88,8,0,0.251143341520793,3.6625386324384284,0.5,0.0,True
2026-03-30 09:00:00,88,9,0,0.28795170847634066,3.4050300293658173,0.5,0.0,True
2026-03-30 10:00:00,88,10,0,0.4368535428378483,3.3151175387715086,0.3,0.0,True
2026-03-30 11:00:00,88,11,0,0.45433608842297407,3.3658468325402735,0.3,0.0,True
2026-03-30 12:00:00,88,12,0,0.5435745189698843,3.444471145976258,0.3,0.0,True
2026-03-30 13:00:00,88,13,0,0.5275460421477601,3.2889967808134837,0.3,0.0,True
2026-03-30 14:00:00,88,14,0,0.45722286717837657,3.2440993255820425,0.3,0.0,True
2026-03-30 15:00:00,88,15,0,0.37023068248289587,3.597939702073429,0.3,0.0,True
2026-03-30 16:00:00,88,16,0,0.21483431134581166,3.3009879234149326,0.5,0.0,True
2026-03-30 17:00:00,88,17,0,0.10462154933691002,3.40793427473969,0.5,0.0,True
2026-03-30 18:00:00,88,18,0,5.804580501246987e-17,1.4190690534935613,0.5,0.0,True
2026-03-30 19:00:00,88,19,0,0.0,1.603486447745375,0.5,0.0,True
2026-03-30 20:00:00,88,20,0,0.0,1.2816556511393853,0.5,0.0,True
2026-03-30 21:00:00,88,21,0,0.0,1.430689868142205,0.5,0.0,True
2026-03-30 22:00:00,88,22,0,0.0,1.3187588640860919,0.3,0.0,True
2026-03-30 23:00:00,88,23,0,0.0,1.4092540017195798,0.3,0.0,True
2026-03-31 00:00:00,89,0,1,0.0,1.6875705060346606,0.3,0.0,True
2026-03-31 01:00:00,89,1,1,0.0,1.4081511166044454,0.3,0.0,True
2026-03-31 02:00:00,89,2,1,0.0,1.6077384188211126,0.3,0.0,True
2026-03-31 03:00:00,89,3,1,0.0,1.727589777308556,0.3,0.0,True
2026-03-31 04:00:00,89,4,1,0.0,1.4958634029595022,0.3,0.0,True
2026-03-31 05:00:00,89,5,1,0.0,1.649065065758442,0.3,0.0,True
2026-03-31 06:00:00,89,6,1,0.0,1.9796628937208012,0.5,0.0,True
2026-03-31 07:00:00,89,7,1,0.1853344916729056,1.9174655395875297,0.5,0.0,True
2026-03-31 08:00:00,89,8,1,0.25934431439158745,3.8125473383975392,0.5,0.0,True
2026-03-31 09:00:00,89,9,1,0.5407769435133503,3.9759907134987778,0.5,0.0,True
2026-03-31 10:00:00,89,10,1,0.37569023194377205,3.204409663123717,0.3,0.0,True
2026-03-31 11:00:00,89,11,1,0.7636141320555377,3.1561198649735887,0.3,0.0,True
2026-03-31 12:00:00,89,12,1,0.7016845698845614,3.1473128181516983,0.3,0.0,True
2026-03-31 13:00:00,89,13,1,0.41861806931252526,3.449164195460483,0.3,0.0,True
2026-03-31 14:00:00,89,14,1,0.5685878669024648,3.4694051434692526,0.3,0.0,True
2026-03-31 15:00:00,89,15,1,0.2898860330390106,3.2194444599999095,0.3,0.0,True
2026-03-31 16:00:00,89,16,1,0.3508613585432413,2.979597967584098,0.5,0.0,True
2026-03-31 17:00:00,89,17,1,0.18459826187665676,3.198786489011537,0.5,0.0,True
2026-03-31 18:00:00,89,18,1,7.7791289134476e-17,1.5821781266710495,0.5,0.0,True
2026-03-31 19:00:00,89,19,1,0.0,1.4899915291525752,0.5,0.0,True
2026-03-31 20:00:00,89,20,1,0.0,1.527052162013305,0.5,0.0,True
2026-03-31 21:00:00,89,21,1,0.0,1.4214983372586603,0.5,0.0,True
2026-03-31 22:00:00,89,22,1,0.0,1.6521133687064646,0.3,0.0,True
2026-03-31 23:00:00,89,23,1,0.0,1.5514787702631954,0.3,0.0,True
2026-04-01 00:00:00,90,0,2,0.0,1.5879695208545703,0.3,0.0,True
2026-04-01 01:00:00,90,1,2,0.0,1.5238598524540021,0.3,0.0,True
2026-04-01 02:00:00,90,2,2,0.0,1.5786552245416265,0.3,0.0,True
2026-04-01 03:00:00,90,3,2,0.0,1.5687857532271443,0.3,0.0,True
2026-04-01 04:00:00,90,4,2,0.0,1.3607888057796327,0.3,0.0,True
2026-04-01 05:00:00,90,5,2,0.0,1.5559594643062693,0.3,0.0,True
2026-04-01 06:00:00,90,6,2,0.0,2.018726225791978,0.5,0.0,True
2026-04-01 07:00:00,90,7,2,0.14708423364864784,2.0732712199292265,0.5,0.0,True
2026-04-01 08:00:00,90,8,2,0.2645845025407902,3.762416072242557,0.5,0.0,True
2026-04-01 09:00:00,90,9,2,0.4234110369717839,3.5552124221902695,0.5,0.0,True
2026-04-01 10:00:00,90,10,2,0.4893137726023949,3.1783024005638993,0.3,0.0,True
2026-04-01 11:00:00,90,11,2,0.48402398178328093,3.2347277878120604,0.3,0.0,True
2026-04-01 12:00:00,90,12,2,0.598860294955504,3.3284195862204786,0.3,0.0,True
2026-04-01 13:00:00,90,13,2,0.44338471213438335,3.281664584803861,0.3,0.0,True
2026-04-01 14:00:00,90,14,2,0.4665992405520781,3.1314401901553626,0.3,0.0,True
2026-04-01 15:00:00,90,15,2,0.4412429575914702,3.130541994852742,0.3,0.0,True
2026-04-01 16:00:00,90,16,2,0.2816416197922746,2.9852217337639972,0.5,0.0,True
2026-04-01 17:00:00,90,17,2,0.18813058504501975,2.8320787614197984,0.5,0.0,True
2026-04-01 18:00:00,90,18,2,6.133511670967758e-17,1.4802327265567612,0.5,0.0,True
2026-04-01 19:00:00,90,19,2,0.0,1.8480345562714282,0.5,0.0,True
2026-04-01 20:00:00,90,20,2,0.0,1.769516928568714,0.5,0.0,True
2026-04-01 21:00:00,90,21,2,0.0,1.3532652881815543,0.5,0.0,True
2026-04-01 22:00:00,90,22,2,0.0,1.5224854946085915,0.3,0.0,True
2026-04-01 23:00:00,90,23,2,0.0,1.2803130734924753,0.3,0.0,True
2026-04-02 00:00:00,91,0,3,0.0,1.303183570371282,0.3,0.0,False
2026-04-02 01:00:00,91,1,3,0.0,1.320379110355443,0.3,0.0,False
2026-04-02 02:00:00,91,2,3,0.0,1.4661751973337251,0.3,0.0,False
2026-04-02 03:00:00,91,3,3,0.0,1.4726310584682036,0.3,0.0,False
2026-04-02 04:00:00,91,4,3,0.0,1.5379052956210288,0.3,0.0,False
2026-04-02 05:00:00,91,5,3,0.0,1.5994824584556424,0.3,0.0,False
2026-04-02 06:00:00,91,6,3,0.0,1.849467861490726,0.5,0.0,False
2026-04-02 07:00:00,91,7,3,0.1621612100705327,1.905430295599394,0.5,0.0,False
2026-04-02 08:00:00,91,8,3,0.34475717663866906,3.5359281239964684,0.5,0.0,False
2026-04-02 09:00:00,91,9,3,0.29996532189140446,3.4983254463614224,0.5,0.0,False
2026-04-02 10:00:00,91,10,3,0.5543965071411202,3.0751541480927536,0.3,0.0,False
2026-04-02 11:00:00,91,11,3,0.7027295309127366,3.397387170169234,0.3,0.0,False
2026-04-02 12:00:00,91,12,3,0.4276920748967457,3.2493138227867635,0.3,0.0,False
2026-04-02 13:00:00,91,13,3,0.5852178437144954,3.0193319605763396,0.3,0.0,False
2026-04-02 14:00:00,91,14,3,0.4366724467679265,3.2905366570974586,0.3,0.0,False
2026-04-02 15:00:00,91,15,3,0.47109633795504074,3.1126768002320873,0.3,0.0,False
2026-04-02 16:00:00,91,16,3,0.22409236644534905,3.5490568228459454,0.5,0.0,False
2026-04-02 17:00:00,91,17,3,0.20085821058754552,3.213176741761976,0.5,0.0,False
2026-04-02 18:00:00,91,18,3,9.296298602860428e-17,1.6022258978728683,0.5,0.0,False
2026-04-02 19:00:00,91,19,3,0.0,1.663344454107748,0.5,0.0,False
2026-04-02 20:00:00,91,20,3,0.0,1.3567607321164439,0.5,0.0,False
2026-04-02 21:00:00,91,21,3,0.0,1.511407067633206,0.5,0.0,False
2026-04-02 22:00:00,91,22,3,0.0,1.583020185208222,0.3,0.0,False
2026-04-02 23:00:00,91,23,3,0.0,1.517331925861516,0.3,0.0,False
2026-04-03 00:00:00,92,0,4,0.0,1.5541651138964727,0.3,0.0,False
2026-04-03 01:00:00,92,1,4,0.0,1.300555590966127,0.3,0.0,False
2026-04-03 02:00:00,92,2,4,0.0,1.5831054329571788,0.3,0.0,False
2026-04-03 03:00:00,92,3,4,0.0,1.4270753708740935,0.3,0.0,False
2026-04-03 04:00:00,92,4,4,0.0,1.552417683492621,0.3,0.0,False
2026-04-03 05:00:00,92,5,4,0.0,1.6379983268327196,0.3,0.0,False
2026-04-03 06:00:00,92,6,4,0.0,2.000321276127741,0.5,0.0,False
2026-04-03 07:00:00,92,7,4,0.11338459113975755,1.952307958823421,0.5,0.0,False
2026-04-03 08:00:00,92,8,4,0.2243301499037683,3.796319244427677,0.5,0.0,False
2026-04-03 09:00:00,92,9,4,0.5495212695617768,3.8032616580833176,0.5,0.0,False
2026-04-03 10:00:00,92,10,4,0.6792529242108702,3.5243251742075885,0.3,0.0,False
2026-04-03 11:00:00,92,11,4,0.5114476344168242,3.294892395080584,0.3,0.0,False
2026-04-03 12:00:00,92,12,4,0.5457793628841768,3.3245935490163583,0.3,0.0,False
2026-04-03 13:00:00,92,13,4,0.5650280508154346,3.4398100213464167,0.3,0.0,False
2026-04-03 14:00:00,92,14,4,0.4939334519261225,3.226441858535473,0.3,0.0,False
2026-04-03 15:00:00,92,15,4,0.3389014559719281,3.099709879098302,0.3,0.0,False
2026-04-03 16:00:00,92,16,4,0.3822760305794883,3.3739845261874155,0.5,0.0,False
2026-04-03 17:00:00,92,17,4,0.13064081278368977,3.269096447307608,0.5,0.0,False
2026-04-03 18:00:00,92,18,4,8.4106505066829e-17,1.3188708882398448,0.5,0.0,False
2026-04-03 19:00:00,92,19,4,0.0,1.5750812894069757,0.5,0.0,False
2026-04-03 20:00:00,92,20,4,0.0,1.7146699522543871,0.5,0.0,False
2026-04-03 21:00:00,92,21,4,0.0,1.255538618056637,0.5,0.0,False
2026-04-03 22:00:00,92,22,4,0.0,1.653348749282472,0.3,0.0,False
2026-04-03 23:00:00,92,23,4,0.0,1.1194398726381478,0.3,0.0,False
2026-04-04 00:00:00,93,0,5,0.0,1.4399570054727728,0.3,0.0,False
2026-04-04 01:00:00,93,1,5,0.0,1.7760773868363868,0.3,0.0,False
2026-04-04 02:00:00,93,2,5,0.0,1.45075139272307,0.3,0.0,False
2026-04-04 03:00:00,93,3,5,0.0,1.5134907593731488,0.3,0.0,False
2026-04-04 04:00:00,93,4,5,0.0,1.6144299301160332,0.3,0.0,False
2026-04-04 05:00:00,93,5,5,0.0,1.2425289728909021,0.3,0.0,False
2026-04-04 06:00:00,93,6,5,0.0,1.5108142201259633,0.5,0.0,False
2026-04-04 07:00:00,93,7,5,0.1610630656519817,1.5096319607941961,0.5,0.0,False
2026-04-04 08:00:00,93,8,5,0.26250829031901524,1.7793481459873108,0.5,0.0,False
2026-04-04 09:00:00,93,9,5,0.3036171472710074,1.3146388753503264,0.5,0.0,False
2026-04-04 10:00:00,93,10,5,0.4799241214838546,1.4427691025324818,0.3,0.0,False
2026-04-04 11:00:00,93,11,5,0.4905785982255219,1.3607466313764576,0.3,0.0,False
2026-04-04 12:00:00,93,12,5,0.5610681928112136,1.344838229446293,0.3,0.0,False
2026-04-04 13:00:00,93,13,5,0.46805871057021636,1.6691104090596867,0.3,0.0,False
2026-04-04 14:00:00,93,14,5,0.44241659265622457,1.5039977253001227,0.3,0.0,False
2026-04-04 15:00:00,93,15,5,0.4657328971327537,1.416664920536022,0.3,0.0,False
2026-04-04 16:00:00,93,16,5,0.2809860011921692,1.4223231148286197,0.5,0.0,False
2026-04-04 17:00:00,93,17,5,0.1409676226135096,1.4155159384581906,0.5,0.0,False
2026-04-04 18:00:00,93,18,5,7.604778625311544e-17,1.428929523388846,0.5,0.0,False
2026-04-04 19:00:00,93,19,5,0.0,1.3103331983566102,0.5,0.0,False
2026-04-04 20:00:00,93,20,5,0.0,1.46119056861522,0.5,0.0,False
2026-04-04 21:00:00,93,21,5,0.0,1.4461189962521783,0.5,0.0,False
2026-04-04 22:00:00,93,22,5,0.0,1.3863304940394987,0.3,0.0,False
2026-04-04 23:00:00,93,23,5,0.0,1.5232569384457462,0.3,0.0,False
2026-04-05 00:00:00,94,0,6,0.0,1.5359834220177238,0.3,0.0,False
2026-04-05 01:00:00,94,1,6,0.0,1.4165029178562438,0.3,0.0,False
2026-04-05 02:00:00,94,2,6,0.0,1.4783798773850618,0.3,0.0,False
2026-04-05 03:00:00,94,3,6,0.0,1.8237935590351286,0.3,0.0,False
2026-04-05 04:00:00,94,4,6,0.0,1.8180649887903206,0.3,0.0,False
2026-04-05 05:00:00,94,5,6,0.0,1.3418864714805396,0.3,0.0,False
2026-04-05 06:00:00,94,6,6,0.0,1.3628328650117163,0.5,0.0,False
2026-04-05 07:00:00,94,7,6,0.11509044716887996,1.3410895084512005,0.5,0.0,False
2026-04-05 08:00:00,94,8,6,0.31780573211895313,1.658558090995836,0.5,0.0,False
2026-04-05 09:00:00,94,9,6,0.3241521693066789,1.440220605063646,0.5,0.0,False
2026-04-05 10:00:00,94,10,6,0.6172395766805369,1.535951136539445,0.3,0.0,False
2026-04-05 11:00:00,94,11,6,0.5925980639912388,1.7995450999921325,0.3,0.0,False
2026-04-05 12:00:00,94,12,6,0.7012972479941999,1.4984302808534307,0.3,0.0,False
2026-04-05 13:00:00,94,13,6,0.7347596344391548,1.6059373082635982,0.3,0.0,False
2026-04-05 14:00:00,94,14,6,0.5740450791127724,1.578063112395059,0.3,0.0,False
2026-04-05 15:00:00,94,15,6,0.46395571214604875,1.4117673972456075,0.3,0.0,False
2026-04-05 16:00:00,94,16,6,0.35698413704827403,1.658874259761279,0.5,0.0,False
2026-04-05 17:00:00,94,17,6,0.1940444660980398,1.372544878634972,0.5,0.0,False
2026-04-05 18:00:00,94,18,6,9.31409777041163e-17,1.7009819679666265,0.5,0.0,False
2026-04-05 19:00:00,94,19,6,0.0,1.4118823552186321,0.5,0.0,False
2026-04-05 20:00:00,94,20,6,0.0,1.4283048419195858,0.5,0.0,False
2026-04-05 21:00:00,94,21,6,0.0,1.3367268264559813,0.5,0.0,False
2026-04-05 22:00:00,94,22,6,0.0,1.361361088377503,0.3,0.0,False
2026-04-05 23:00:00,94,23,6,0.0,1.4359853516507197,0.3,0.0,False
2026-04-06 00:00:00,95,0,0,0.0,1.1352977163134081,0.3,0.0,False
2026-04-06 01:00:00,95,1,0,0.0,1.4650001488236606,0.3,0.0,False
2026-04-06 02:00:00,95,2,0,0.0,1.4238038644137725,0.3,0.0,False
2026-04-06 03:00:00,95,3,0,0.0,1.6185016647917747,0.3,0.0,False
2026-04-06 04:00:00,95,4,0,0.0,1.563447110753524,0.3,0.0,False
2026-04-06 05:00:00,95,5,0,0.0,1.3938543853351055,0.3,0.0,False
2026-04-06 06:00:00,95,6,0,0.0,1.8312173860861138,0.5,0.0,False
2026-04-06 07:00:00,95,7,0,0.1867516081401495,1.8648072942218652,0.5,0.0,False
2026-04-06 08:00:00,95,8,0,0.24535492567093392,3.922893483171377,0.5,0.0,False
2026-04-06 09:00:00,95,9,0,0.37374034314042004,3.5766542979315337,0.5,0.0,False
2026-04-06 10:00:00,95,10,0,0.6985069817701351,3.1920359002574017,0.3,0.0,False
2026-04-06 11:00:00,95,11,0,0.6748329904357988,3.130712377257427,0.3,0.0,False
2026-04-06 12:00:00,95,12,0,0.6586950761969501,3.0776940780845723,0.3,0.0,False
2026-04-06 13:00:00,95,13,0,0.5165898929757918,3.346050543543824,0.3,0.0,False
2026-04-06 14:00:00,95,14,0,0.46014994492420763,3.3304354996609815,0.3,0.0,False
2026-04-06 15:00:00,95,15,0,0.30063332323155467,3.4924142779253025,0.3,0.0,False
2026-04-06 16:00:00,95,16,0,0.35347002153497215,3.4562113511590393,0.5,0.0,False
2026-04-06 17:00:00,95,17,0,0.11042597664031491,3.659567507179771,0.5,0.0,False
2026-04-06 18:00:00,95,18,0,5.0330705043139776e-17,1.4889190848688356,0.5,0.0,False
2026-04-06 19:00:00,95,19,0,0.0,1.460920565430569,0.5,0.0,False
2026-04-06 20:00:00,95,20,0,0.0,1.304966048229996,0.5,0.0,False
2026-04-06 21:00:00,95,21,0,0.0,1.6044867251214487,0.5,0.0,False
2026-04-06 22:00:00,95,22,0,0.0,1.5177801362169507,0.3,0.0,False
2026-04-06 23:00:00,95,23,0,0.0,1.5976899457516025,0.3,0.0,False
2026-04-07 00:00:00,96,0,1,0.0,1.32913136711424,0.3,0.0,False
2026-04-07 01:00:00,96,1,1,0.0,1.5527406283540048,0.3,0.0,False
2026-04-07 02:00:00,96,2,1,0.0,1.5307799426930913,0.3,0.0,False
2026-04-07 03:00:00,96,3,1,0.0,1.520855255984053,0.3,0.0,False
2026-04-07 04:00:00,96,4,1,0.0,1.3975101137714214,0.3,0.0,False
2026-04-07 05:00:00,96,5,1,0.0,1.6783986972830098,0.3,0.0,False
2026-04-07 06:00:00,96,6,1,0.0,2.2075461368467018,0.5,0.0,False
2026-04-07 07:00:00,96,7,1,0.11476775253529481,1.7334483960553575,0.5,0.0,False
2026-04-07 08:00:00,96,8,1,0.2845942046841836,3.8080665969389433,0.5,0.0,False
2026-04-07 09:00:00,96,9,1,0.34318822899855195,3.268322477298941,0.5,0.0,False
2026-04-07 10:00:00,96,10,1,0.48133956357673513,3.4002914924223684,0.3,0.0,False
2026-04-07 11:00:00,96,11,1,0.511196007937128,3.0194768075187364,0.3,0.0,False
2026-04-07 12:00:00,96,12,1,0.4828055905150841,3.221254897815111,0.3,0.0,False
2026-04-07 13:00:00,96,13,1,0.700433036820593,3.103046300736862,0.3,0.0,False
2026-04-07 14:00:00,96,14,1,0.5326618332811899,3.2676582757575905,0.3,0.0,False
2026-04-07 15:00:00,96,15,1,0.5578546930099374,3.425819054755174,0.3,0.0,False
2026-04-07 16:00:00,96,16,1,0.2122288818714421,3.021403010440946,0.5,0.0,False
2026-04-07 17:00:00,96,17,1,0.11351604197234329,3.246078046572654,0.5,0.0,False
2026-04-07 18:00:00,96,18,1,7.064130936714497e-17,1.4229946846775916,0.5,0.0,False
2026-04-07 19:00:00,96,19,1,0.0,1.7371573025807812,0.5,0.0,False
2026-04-07 20:00:00,96,20,1,0.0,1.5647641511775428,0.5,0.0,False
2026-04-07 21:00:00,96,21,1,0.0,1.3234174330089865,0.5,0.0,False
2026-04-07 22:00:00,96,22,1,0.0,1.42930584314544,0.3,0.0,False
2026-04-07 23:00:00,96,23,1,0.0,1.7334156357578296,0.3,0.0,False
2026-04-08 00:00:00,97,0,2,0.0,1.6071547975161036,0.3,0.0,False
2026-04-08 01:00:00,97,1,2,0.0,1.3622649806391869,0.3,0.0,False
2026-04-08 02:00:00,97,2,2,0.0,1.4599394192425366,0.3,0.0,False
2026-04-08 03:00:00,97,3,2,0.0,1.464733627738778,0.3,0.0,False
2026-04-08 04:00:00,97,4,2,0.0,1.4193027109266292,0.3,0.0,False
2026-04-08 05:00:00,97,5,2,0.0,1.2434681765517466,0.3,0.0,False
2026-04-08 06:00:00,97,6,2,0.0,1.7983567426915046,0.5,0.0,False
2026-04-08 07:00:00,97,7,2,0.1806728336931474,2.108379895879806,0.5,0.0,False
2026-04-08 08:00:00,97,8,2,0.38589839151045413,3.6428283269408235,0.5,0.0,False
2026-04-08 09:00:00,97,9,2,0.40007449996976924,3.684511955430862,0.5,0.0,False
2026-04-08 10:00:00,97,10,2,0.5608895481008132,3.321078847028036,0.3,0.0,False
2026-04-08 11:00:00,97,11,2,0.4266281021483964,3.6327212092068186,0.3,0.0,False
2026-04-08 12:00:00,97,12,2,0.48347654924014716,3.301331215712544,0.3,0.0,False
2026-04-08 13:00:00,97,13,2,0.42662739084568047,3.4640918030375265,0.3,0.0,False
2026-04-08 14:00:00,97,14,2,0.6181808663633346,3.2102729741923204,0.3,0.0,False
2026-04-08 15:00:00,97,15,2,0.37626360354272137,3.261090110924626,0.3,0.0,False
2026-04-08 16:00:00,97,16,2,0.35605264971601985,3.3018829084665424,0.5,0.0,False
2026-04-08 17:00:00,97,17,2,0.11402151084050803,3.183880058722592,0.5,0.0,False
2026-04-08 18:00:00,97,18,2,9.423004623807013e-17,1.4694423329095563,0.5,0.0,False
2026-04-08 19:00:00,97,19,2,0.0,1.6332076403719904,0.5,0.0,False
2026-04-08 20:00:00,97,20,2,0.0,1.3799453158362176,0.5,0.0,False
2026-04-08 21:00:00,97,21,2,0.0,1.5000133546445458,0.5,0.0,False
2026-04-08 22:00:00,97,22,2,0.0,1.60631003274839,0.3,0.0,False
2026-04-08 23:00:00,97,23,2,0.0,1.3763300926780884,0.3,0.0,False
2026-04-09 00:00:00,98,0,3,0.0,1.6643120688922435,0.3,0.0,False
2026-04-09 01:00:00,98,1,3,0.0,1.5109325219566985,0.3,0.0,False
2026-04-09 02:00:00,98,2,3,0.0,1.4752316154991065,0.3,0.0,False
2026-04-09 03:00:00,98,3,3,0.0,1.1987778291299678,0.3,0.0,False
2026-04-09 04:00:00,98,4,3,0.0,1.443958133697979,0.3,0.0,False
2026-04-09 05:00:00,98,5,3,0.0,1.5557388624217954,0.3,0.0,False
2026-04-09 06:00:00,98,6,3,0.0,2.16180175282037,0.5,0.0,False
2026-04-09 07:00:00,98,7,3,0.12358254833999517,1.9851833731167419,0.5,0.0,False
2026-04-09 08:00:00,98,8,3,0.38001634070609863,3.868932434766752,0.5,0.0,False
2026-04-09 09:00:00,98,9,3,0.30875327237574696,3.518634313956709,0.5,0.0,False
2026-04-09 10:00:00,98,10,3,0.531270864815328,3.2809766256520567,0.3,0.0,False
2026-04-09 11:00:00,98,11,3,0.7564438771353892,3.4831119663493295,0.3,0.0,False
2026-04-09 12:00:00,98,12,3,0.691328078023425,3.166839967440011,0.3,0.0,False
2026-04-09 13:00:00,98,13,3,0.6757921575241082,3.4447833943459654,0.3,0.0,False
2026-04-09 14:00:00,98,14,3,0.4542105532118531,3.4099976796900497,0.3,0.0,False
2026-04-09 15:00:00,98,15,3,0.4164389967987207,3.3412085472674726,0.3,0.0,False
2026-04-09 16:00:00,98,16,3,0.2836740141526677,3.2506946062296036,0.5,0.0,False
2026-04-09 17:00:00,98,17,3,0.16348056439601572,3.1520557268141345,0.5,0.0,False
2026-04-09 18:00:00,98,18,3,7.43429992947102e-17,1.7663068941154971,0.5,0.0,False
2026-04-09 19:00:00,98,19,3,0.0,1.5947793776586046,0.5,0.0,False
2026-04-09 20:00:00,98,20,3,0.0,1.5510924187013173,0.5,0.0,False
2026-04-09 21:00:00,98,21,3,0.0,1.4380725377696624,0.5,0.0,False
2026-04-09 22:00:00,98,22,3,0.0,1.5056807444384968,0.3,0.0,False
2026-04-09 23:00:00,98,23,3,0.0,1.524707590495505,0.3,0.0,False
2026-04-10 00:00:00,99,0,4,0.0,1.559981352710036,0.3,0.0,False
2026-04-10 01:00:00,99,1,4,0.0,1.6101510432707902,0.3,0.0,False
2026-04-10 02:00:00,99,2,4,0.0,1.3826292711217363,0.3,0.0,False
2026-04-10 03:00:00,99,3,4,0.0,1.2800104551769493,0.3,0.0,False
2026-04-10 04:00:00,99,4,4,0.0,1.5126421276910247,0.3,0.0,False
2026-04-10 05:00:00,99,5,4,0.0,1.2379173994012858,0.3,0.0,False
2026-04-10 06:00:00,99,6,4,0.0,1.8514508507509542,0.5,0.0,False
2026-04-10 07:00:00,99,7,4,0.10890727518198849,1.8236215254832355,0.5,0.0,False
2026-04-10 08:00:00,99,8,4,0.21845137422132585,3.77376222883025,0.5,0.0,False
2026-04-10 09:00:00,99,9,4,0.5198608599763159,3.997389555322946,0.5,0.0,False
2026-04-10 10:00:00,99,10,4,0.7179653586048719,3.0083114064144656,0.3,0.0,False
2026-04-10 11:00:00,99,11,4,0.42106059107562205,3.64112775454776,0.3,0.0,False
2026-04-10 12:00:00,99,12,4,0.7292783570055732,3.265038726132146,0.3,0.0,False
2026-04-10 13:00:00,99,13,4,0.4319335979368469,3.352171302325887,0.3,0.0,False
2026-04-10 14:00:00,99,14,4,0.5752335330346693,3.0877751763564425,0.3,0.0,False
2026-04-10 15:00:00,99,15,4,0.518038932065589,3.4495307355339477,0.3,0.0,False
2026-04-10 16:00:00,99,16,4,0.2835234875693805,3.3062208804527584,0.5,0.0,False
2026-04-10 17:00:00,99,17,4,0.10915750755236772,3.2907798883217567,0.5,0.0,False
2026-04-10 18:00:00,99,18,4,8.149995350575792e-17,1.209392232764557,0.5,0.0,False
2026-04-10 19:00:00,99,19,4,0.0,1.5110695220771142,0.5,0.0,False
2026-04-10 20:00:00,99,20,4,0.0,1.626874248572486,0.5,0.0,False
2026-04-10 21:00:00,99,21,4,0.0,1.4645582046775216,0.5,0.0,False
2026-04-10 22:00:00,99,22,4,0.0,1.6761299018466227,0.3,0.0,False
2026-04-10 23:00:00,99,23,4,0.0,1.6699342757837043,0.3,0.0,False
2026-04-11 00:00:00,100,0,5,0.0,1.4038356925888729,0.3,0.0,False
2026-04-11 01:00:00,100,1,5,0.0,1.739267078819609,0.3,0.0,False
2026-04-11 02:00:00,100,2,5,0.0,1.5067942446487623,0.3,0.0,False
2026-04-11 03:00:00,100,3,5,0.0,1.5074617876181746,0.3,0.0,False
2026-04-11 04:00:00,100,4,5,0.0,1.5148471833904096,0.3,0.0,False
2026-04-11 05:00:00,100,5,5,0.0,1.5103973626411689,0.3,0.0,False
2026-04-11 06:00:00,100,6,5,0.0,1.1054799965012236,0.5,0.0,False
2026-04-11 07:00:00,100,7,5,0.1407684274705916,1.472174040271542,0.5,0.0,False
2026-04-11 08:00:00,100,8,5,0.2787293421888198,1.2954080292506318,0.5,0.0,False
2026-04-11 09:00:00,100,9,5,0.5726783309859129,1.7439503553323514,0.5,0.0,False
2026-04-11 10:00:00,100,10,5,0.6106057316738123,1.73791244875818,0.3,0.0,False
2026-04-11 11:00:00,100,11,5,0.7995616103829796,1.6277907498683382,0.3,0.0,False
2026-04-11 12:00:00,100,12,5,0.5939832177007507,1.4642298843991668,0.3,0.0,False
2026-04-11 13:00:00,100,13,5,0.6225473666664056,1.3487977595094451,0.3,0.0,False
2026-04-11 14:00:00,100,14,5,0.5398914381834248,1.4013628498086592,0.3,0.0,False
2026-04-11 15:00:00,100,15,5,0.32822855260461137,1.791396285963905,0.3,0.0,False
2026-04-11 16:00:00,100,16,5,0.2592186218307352,1.3961703920220059,0.5,0.0,False
2026-04-11 17:00:00,100,17,5,0.1657476383826674,1.1466606968420905,0.5,0.0,False
2026-04-11 18:00:00,100,18,5,5.479724537637081e-17,1.654524826272809,0.5,0.0,False
2026-04-11 19:00:00,100,19,5,0.0,1.725075467042684,0.5,0.0,False
2026-04-11 20:00:00,100,20,5,0.0,1.7488823530749784,0.5,0.0,False
2026-04-11 21:00:00,100,21,5,0.0,1.6557522006373993,0.5,0.0,False
2026-04-11 22:00:00,100,22,5,0.0,1.6802279515852172,0.3,0.0,False
2026-04-11 23:00:00,100,23,5,0.0,1.5079401111080313,0.3,0.0,False
2026-04-12 00:00:00,101,0,6,0.0,1.1885556564762505,0.3,0.0,False
2026-04-12 01:00:00,101,1,6,0.0,1.504182156225002,0.3,0.0,False
2026-04-12 02:00:00,101,2,6,0.0,1.5932359158629126,0.3,0.0,False
2026-04-12 03:00:00,101,3,6,0.0,1.4797094915150624,0.3,0.0,False
2026-04-12 04:00:00,101,4,6,0.0,1.4728745821890576,0.3,0.0,False
2026-04-12 05:00:00,101,5,6,0.0,1.3553822941472518,0.3,0.0,False
2026-04-12 06:00:00,101,6,6,0.0,1.349739188509196,0.5,0.0,False
2026-04-12 07:00:00,101,7,6,0.18733219170475326,1.7757222772149106,0.5,0.0,False
2026-04-12 08:00:00,101,8,6,0.33406107447037475,1.7811519554820214,0.5,0.0,False
2026-04-12 09:00:00,101,9,6,0.39388827298295287,1.4996029303130844,0.5,0.0,False
2026-04-12 10:00:00,101,10,6,0.6191372269447846,1.5422285407639391,0.3,0.0,False
2026-04-12 11:00:00,101,11,6,0.7962193208987313,1.3528712914444472,0.3,0.0,False
2026-04-12 12:00:00,101,12,6,0.668688888277706,1.5963862274909182,0.3,0.0,False
2026-04-12 13:00:00,101,13,6,0.6771603386035017,1.76394737574213,0.3,0.0,False
2026-04-12 14:00:00,101,14,6,0.5242404279418613,1.270615383008296,0.3,0.0,False
2026-04-12 15:00:00,101,15,6,0.5230507214679698,1.569582494955359,0.3,0.0,False
2026-04-12 16:00:00,101,16,6,0.42072430253099447,1.580853336396756,0.5,0.0,False
2026-04-12 17:00:00,101,17,6,0.12650403239429184,1.5791409772333886,0.5,0.0,False
2026-04-12 18:00:00,101,18,6,6.202490964123274e-17,1.7464226501772704,0.5,0.0,False
2026-04-12 19:00:00,101,19,6,0.0,1.805402731825673,0.5,0.0,False
2026-04-12 20:00:00,101,20,6,0.0,1.4649774483191007,0.5,0.0,False
2026-04-12 21:00:00,101,21,6,0.0,1.6009760508234536,0.5,0.0,False
2026-04-12 22:00:00,101,22,6,0.0,1.512635055858909,0.3,0.0,False
2026-04-12 23:00:00,101,23,6,0.0,1.4051827060590456,0.3,0.0,False
2026-04-13 00:00:00,102,0,0,0.0,1.5406221235321522,0.3,0.0,False
2026-04-13 01:00:00,102,1,0,0.0,1.6007249292750372,0.3,0.0,False
2026-04-13 02:00:00,102,2,0,0.0,1.5325393028125478,0.3,0.0,False
2026-04-13 03:00:00,102,3,0,0.0,1.3678228185770824,0.3,0.0,False
2026-04-13 04:00:00,102,4,0,0.0,1.4304659040216483,0.3,0.0,False
2026-04-13 05:00:00,102,5,0,0.0,1.4316138869738013,0.3,0.0,False
2026-04-13 06:00:00,102,6,0,0.0,1.7736334067603943,0.5,0.0,False
2026-04-13 07:00:00,102,7,0,0.1684097813270374,1.9470309372408503,0.5,0.0,False
2026-04-13 08:00:00,102,8,0,0.3398775295327889,3.7627168144439613,0.5,0.0,False
2026-04-13 09:00:00,102,9,0,0.32953563240112743,3.846927640133079,0.5,0.0,False
2026-04-13 10:00:00,102,10,0,0.4666230948073689,3.171356647775905,0.3,0.0,False
2026-04-13 11:00:00,102,11,0,0.6243818849901434,3.2133781970656807,0.3,0.0,False
2026-04-13 12:00:00,102,12,0,0.792663034443459,3.5331854177896855,0.3,0.0,False
2026-04-13 13:00:00,102,13,0,0.6863752299735213,3.275325620389062,0.3,0.0,False
2026-04-13 14:00:00,102,14,0,0.3996441724986649,3.304519654387745,0.3,0.0,False
2026-04-13 15:00:00,102,15,0,0.4764933649193566,3.273734441790652,0.3,0.0,False
2026-04-13 16:00:00,102,16,0,0.25852459979753933,3.4699546228082463,0.5,0.0,False
2026-04-13 17:00:00,102,17,0,0.1899342401777555,3.4757713021072543,0.5,0.0,False
2026-04-13 18:00:00,102,18,0,9.471264684212284e-17,1.6669812150883272,0.5,0.0,False
2026-04-13 19:00:00,102,19,0,0.0,1.5039851417036323,0.5,0.0,False
2026-04-13 20:00:00,102,20,0,0.0,1.3691346033766498,0.5,0.0,False
2026-04-13 21:00:00,102,21,0,0.0,1.7887819616638883,0.5,0.0,False
2026-04-13 22:00:00,102,22,0,0.0,1.6284463465433276,0.3,0.0,False
2026-04-13 23:00:00,102,23,0,0.0,1.4315011527911417,0.3,0.0,False
2026-04-14 00:00:00,103,0,1,0.0,1.7135728270416617,0.3,0.0,False
2026-04-14 01:00:00,103,1,1,0.0,1.4196586627111358,0.3,0.0,False
2026-04-14 02:00:00,103,2,1,0.0,1.7116055104782983,0.3,0.0,False
2026-04-14 03:00:00,103,3,1,0.0,1.7217426884076736,0.3,0.0,False
2026-04-14 04:00:00,103,4,1,0.0,1.3617775842478417,0.3,0.0,False
2026-04-14 05:00:00,103,5,1,0.0,1.5872637454531442,0.3,0.0,False
2026-04-14 06:00:00,103,6,1,0.0,2.0173286055941992,0.5,0.0,False
2026-04-14 07:00:00,103,7,1,0.2139456870302303,2.2922363799379495,0.5,0.0,False
2026-04-14 08:00:00,103,8,1,0.3199850746577893,3.588654832354921,0.5,0.0,False
2026-04-14 09:00:00,103,9,1,0.37125704487545635,3.914881491549074,0.5,0.0,False
2026-04-14 10:00:00,103,10,1,0.4071613901857883,3.302601902705033,0.3,0.0,False
2026-04-14 11:00:00,103,11,1,0.5496395857892962,3.1137953724629144,0.3,0.0,False
2026-04-14 12:00:00,103,12,1,0.772023243557531,3.282001924524857,0.3,0.0,False
2026-04-14 13:00:00,103,13,1,0.5681363081874222,3.300369714164956,0.3,0.0,False
2026-04-14 14:00:00,103,14,1,0.6526754134069334,3.1411664710327063,0.3,0.0,False
2026-04-14 15:00:00,103,15,1,0.5419866814606074,3.3468260428277294,0.3,0.0,False
2026-04-14 16:00:00,103,16,1,0.23615271914316727,3.443671388324787,0.5,0.0,False
2026-04-14 17:00:00,103,17,1,0.17702694782414674,3.335730098109302,0.5,0.0,False
2026-04-14 18:00:00,103,18,1,1.0201065554699758e-16,1.4187233865930184,0.5,0.0,False
2026-04-14 19:00:00,103,19,1,0.0,1.477729189738955,0.5,0.0,False
2026-04-14 20:00:00,103,20,1,0.0,1.4993184964809823,0.5,0.0,False
2026-04-14 21:00:00,103,21,1,0.0,1.5325982441221573,0.5,0.0,False
2026-04-14 22:00:00,103,22,1,0.0,1.6664746143360047,0.3,0.0,False
2026-04-14 23:00:00,103,23,1,0.0,1.5407909630079133,0.3,0.0,False
2026-04-15 00:00:00,104,0,2,0.0,1.2895955057055435,0.3,0.0,False
2026-04-15 01:00:00,104,1,2,0.0,1.4156518392016963,0.3,0.0,False
2026-04-15 02:00:00,104,2,2,0.0,1.5249031576344956,0.3,0.0,False
2026-04-15 03:00:00,104,3,2,0.0,1.6686186727431171,0.3,0.0,False
2026-04-15 04:00:00,104,4,2,0.0,1.6946769662304828,0.3,0.0,False
2026-04-15 05:00:00,104,5,2,0.0,1.7662028012381183,0.3,0.0,False
2026-04-15 06:00:00,104,6,2,0.0,1.9195921596368957,0.5,0.0,False
2026-04-15 07:00:00,104,7,2,0.20222054011895288,2.014496376325374,0.5,0.0,False
2026-04-15 08:00:00,104,8,2,0.27277708212473784,3.4818307698395543,0.5,0.0,False
2026-04-15 09:00:00,104,9,2,0.3181464099086768,3.764482235974222,0.5,0.0,False
2026-04-15 10:00:00,104,10,2,0.7177787891062164,3.1387103847808704,0.3,0.0,False
2026-04-15 11:00:00,104,11,2,0.7992213184958675,3.290619120636787,0.3,0.0,False
2026-04-15 12:00:00,104,12,2,0.6545699783834906,3.754475758330821,0.3,0.0,False
2026-04-15 13:00:00,104,13,2,0.6776110397903405,3.3455331354285645,0.3,0.0,False
2026-04-15 14:00:00,104,14,2,0.5410480254967862,3.1704280171229504,0.3,0.0,False
2026-04-15 15:00:00,104,15,2,0.42882606795957023,3.361168350893686,0.3,0.0,False
2026-04-15 16:00:00,104,16,2,0.23908575210686991,3.2224387220115966,0.5,0.0,False
2026-04-15 17:00:00,104,17,2,0.12125080175425348,3.155888383026367,0.5,0.0,False
2026-04-15 18:00:00,104,18,2,6.448506929347346e-17,1.8154709300085752,0.5,0.0,False
2026-04-15 19:00:00,104,19,2,0.0,1.660021803940013,0.5,0.0,False
2026-04-15 20:00:00,104,20,2,0.0,1.5518304937493617,0.5,0.0,False
2026-04-15 21:00:00,104,21,2,0.0,1.4412265064628689,0.5,0.0,False
2026-04-15 22:00:00,104,22,2,0.0,1.45338157755417,0.3,0.0,False
2026-04-15 23:00:00,104,23,2,0.0,1.7313722800266225,0.3,0.0,False
2026-04-16 00:00:00,105,0,3,0.0,1.5459866306496852,0.3,0.0,False
2026-04-16 01:00:00,105,1,3,0.0,1.0375792285576781,0.3,0.0,False
2026-04-16 02:00:00,105,2,3,0.0,1.8631407773488255,0.3,0.0,False
2026-04-16 03:00:00,105,3,3,0.0,1.5274593535458427,0.3,0.0,False
2026-04-16 04:00:00,105,4,3,0.0,1.5515053508602226,0.3,0.0,False
2026-04-16 05:00:00,105,5,3,0.0,1.6630042220152195,0.3,0.0,False
2026-04-16 06:00:00,105,6,3,0.0,1.969810424096738,0.5,0.0,False
2026-04-16 07:00:00,105,7,3,0.2112876109212956,2.0120362926575215,0.5,0.0,False
2026-04-16 08:00:00,105,8,3,0.3924279507945337,3.636441479895261,0.5,0.0,False
2026-04-16 09:00:00,105,9,3,0.49496047046837677,3.5155307014050416,0.5,0.0,False
2026-04-16 10:00:00,105,10,3,0.6020608501129445,3.342034917220979,0.3,0.0,False
2026-04-16 11:00:00,105,11,3,0.6794140197208974,3.5147421978411884,0.3,0.0,False
2026-04-16 12:00:00,105,12,3,0.7253864834419496,3.202829616242532,0.3,0.0,False
2026-04-16 13:00:00,105,13,3,0.4213072987787509,3.1907964007770335,0.3,0.0,False
2026-04-16 14:00:00,105,14,3,0.7276445483358215,3.4831528890569903,0.3,0.0,False
2026-04-16 15:00:00,105,15,3,0.48109971123116974,3.2314132192288363,0.3,0.0,False
2026-04-16 16:00:00,105,16,3,0.3822107782789374,3.2384160129248394,0.5,0.0,False
2026-04-16 17:00:00,105,17,3,0.15295880363287873,3.2440283590580634,0.5,0.0,False
2026-04-16 18:00:00,105,18,3,5.320068444799657e-17,1.490252852851428,0.5,0.0,False
2026-04-16 19:00:00,105,19,3,0.0,1.2639542856146941,0.5,0.0,False
2026-04-16 20:00:00,105,20,3,0.0,1.419098983118756,0.5,0.0,False
2026-04-16 21:00:00,105,21,3,0.0,1.5345552028709584,0.5,0.0,False
2026-04-16 22:00:00,105,22,3,0.0,1.5334856904262244,0.3,0.0,False
2026-04-16 23:00:00,105,23,3,0.0,1.6736989578869381,0.3,0.0,False
2026-04-17 00:00:00,106,0,4,0.0,1.7759088333292206,0.3,0.0,False
2026-04-17 01:00:00,106,1,4,0.0,1.7268725169996604,0.3,0.0,False
2026-04-17 02:00:00,106,2,4,0.0,1.6371978576110902,0.3,0.0,False
2026-04-17 03:00:00,106,3,4,0.0,1.4776898113849188,0.3,0.0,False
2026-04-17 04:00:00,106,4,4,0.0,1.406539639506468,0.3,0.0,False
2026-04-17 05:00:00,106,5,4,0.0,1.5026817648762603,0.3,0.0,False
2026-04-17 06:00:00,106,6,4,0.0,1.9878368154659347,0.5,0.0,False
2026-04-17 07:00:00,106,7,4,0.1672573488850374,2.0232906697368502,0.5,0.0,False
2026-04-17 08:00:00,106,8,4,0.35424963144262606,3.793462860027377,0.5,0.0,False
2026-04-17 09:00:00,106,9,4,0.5943279626077621,3.6818236792935917,0.5,0.0,False
2026-04-17 10:00:00,106,10,4,0.47974960934934724,3.418029335976339,0.3,0.0,False
2026-04-17 11:00:00,106,11,4,0.7047714301290261,3.489130875762525,0.3,0.0,False
2026-04-17 12:00:00,106,12,4,0.4418217130582526,3.432024057610131,0.3,0.0,False
2026-04-17 13:00:00,106,13,4,0.5255849905952971,3.29519804172549,0.3,0.0,False
2026-04-17 14:00:00,106,14,4,0.5463798996368464,3.174922696124099,0.3,0.0,False
2026-04-17 15:00:00,106,15,4,0.31422998755369336,3.1713648855917835,0.3,0.0,False
2026-04-17 16:00:00,106,16,4,0.3486309561949024,3.1978173564611727,0.5,0.0,False
2026-04-17 17:00:00,106,17,4,0.1872296934886834,3.3385612798012394,0.5,0.0,False
2026-04-17 18:00:00,106,18,4,9.22026096885692e-17,1.577970563033345,0.5,0.0,False
2026-04-17 19:00:00,106,19,4,0.0,1.2878201523083956,0.5,0.0,False
2026-04-17 20:00:00,106,20,4,0.0,1.4244007337454674,0.5,0.0,False
2026-04-17 21:00:00,106,21,4,0.0,1.536492819795809,0.5,0.0,False
2026-04-17 22:00:00,106,22,4,0.0,1.3650480134853595,0.3,0.0,False
2026-04-17 23:00:00,106,23,4,0.0,1.5650856229589407,0.3,0.0,False
2026-04-18 00:00:00,107,0,5,0.0,1.4538857563625152,0.3,0.0,False
2026-04-18 01:00:00,107,1,5,0.0,1.3914869592496115,0.3,0.0,False
2026-04-18 02:00:00,107,2,5,0.0,1.5079808148673346,0.3,0.0,False
2026-04-18 03:00:00,107,3,5,0.0,1.558842049436865,0.3,0.0,False
2026-04-18 04:00:00,107,4,5,0.0,1.3727206628595108,0.3,0.0,False
2026-04-18 05:00:00,107,5,5,0.0,1.4636081430278929,0.3,0.0,False
2026-04-18 06:00:00,107,6,5,0.0,1.570151756596066,0.5,0.0,False
2026-04-18 07:00:00,107,7,5,0.18151822192580283,1.385686472502485,0.5,0.0,False
2026-04-18 08:00:00,107,8,5,0.3672932589908315,1.2513364739364148,0.5,0.0,False
2026-04-18 09:00:00,107,9,5,0.5690992532026709,1.2695139231465369,0.5,0.0,False
2026-04-18 10:00:00,107,10,5,0.4207915928646569,1.4372923703914546,0.3,0.0,False
2026-04-18 11:00:00,107,11,5,0.8055131801971713,1.3022372585542292,0.3,0.0,False
2026-04-18 12:00:00,107,12,5,0.44420785700275994,1.447841715723563,0.3,0.0,False
2026-04-18 13:00:00,107,13,5,0.7678832790229926,1.7497414276759018,0.3,0.0,False
2026-04-18 14:00:00,107,14,5,0.4037133949614151,1.2932102418466978,0.3,0.0,False
2026-04-18 15:00:00,107,15,5,0.3657204767387909,1.457609272278345,0.3,0.0,False
2026-04-18 16:00:00,107,16,5,0.21731486516600987,1.8198456831407077,0.5,0.0,False
2026-04-18 17:00:00,107,17,5,0.1619469346709147,1.5612195124463564,0.5,0.0,False
2026-04-18 18:00:00,107,18,5,7.074815574658877e-17,1.44484150687866,0.5,0.0,False
2026-04-18 19:00:00,107,19,5,0.0,1.4764676048221141,0.5,0.0,False
2026-04-18 20:00:00,107,20,5,0.0,1.5644043762589916,0.5,0.0,False
2026-04-18 21:00:00,107,21,5,0.0,1.754365789594116,0.5,0.0,False
2026-04-18 22:00:00,107,22,5,0.0,1.4203719588784136,0.3,0.0,False
2026-04-18 23:00:00,107,23,5,0.0,1.3863584575667576,0.3,0.0,False
2026-04-19 00:00:00,108,0,6,0.0,1.2931786900829658,0.3,0.0,False
2026-04-19 01:00:00,108,1,6,0.0,1.5154644048764707,0.3,0.0,False
2026-04-19 02:00:00,108,2,6,0.0,1.289146894527313,0.3,0.0,False
2026-04-19 03:00:00,108,3,6,0.0,1.4304326062767307,0.3,0.0,False
2026-04-19 04:00:00,108,4,6,0.0,1.3636974838334472,0.3,0.0,False
2026-04-19 05:00:00,108,5,6,0.0,1.6611185265351158,0.3,0.0,False
2026-04-19 06:00:00,108,6,6,0.0,1.4237405418949791,0.5,0.0,False
2026-04-19 07:00:00,108,7,6,0.2195382013963135,1.5595395492008424,0.5,0.0,False
2026-04-19 08:00:00,108,8,6,0.30682501545493085,1.2593861997467155,0.5,0.0,False
2026-04-19 09:00:00,108,9,6,0.5126904215406953,1.519726043167927,0.5,0.0,False
2026-04-19 10:00:00,108,10,6,0.5485870622943885,1.3195259541208877,0.3,0.0,False
2026-04-19 11:00:00,108,11,6,0.7364970129792671,1.436152725010521,0.3,0.0,False
2026-04-19 12:00:00,108,12,6,0.4485746104891762,1.8316803861384336,0.3,0.0,False
2026-04-19 13:00:00,108,13,6,0.48057444328364224,1.6398261565861325,0.3,0.0,False
2026-04-19 14:00:00,108,14,6,0.6078814177270714,1.4807381125753039,0.3,0.0,False
2026-04-19 15:00:00,108,15,6,0.3789845977962683,1.9798412864674795,0.3,0.0,False
2026-04-19 16:00:00,108,16,6,0.362234532054394,1.3627237964440024,0.5,0.0,False
2026-04-19 17:00:00,108,17,6,0.15207381856374919,1.6747824573113042,0.5,0.0,False
2026-04-19 18:00:00,108,18,6,1.0046907043339684e-16,1.270098831472933,0.5,0.0,False
2026-04-19 19:00:00,108,19,6,0.0,1.4634115863528079,0.5,0.0,False
2026-04-19 20:00:00,108,20,6,0.0,1.297831537472916,0.5,0.0,False
2026-04-19 21:00:00,108,21,6,0.0,1.5385913872636312,0.5,0.0,False
2026-04-19 22:00:00,108,22,6,0.0,1.5083955380368135,0.3,0.0,False
2026-04-19 23:00:00,108,23,6,0.0,1.4538502801224626,0.3,0.0,False
2026-04-20 00:00:00,109,0,0,0.0,1.663808553768946,0.3,0.0,False
2026-04-20 01:00:00,109,1,0,0.0,1.4149351540495814,0.3,0.0,False
2026-04-20 02:00:00,109,2,0,0.0,1.5490277621710986,0.3,0.0,False
2026-04-20 03:00:00,109,3,0,0.0,1.6230832410407008,0.3,0.0,False
2026-04-20 04:00:00,109,4,0,0.0,1.2775168186655725,0.3,0.0,False
2026-04-20 05:00:00,109,5,0,0.0,1.3877378487488425,0.3,0.0,False
2026-04-20 06:00:00,109,6,0,0.0,1.908079145097375,0.5,0.0,False
2026-04-20 07:00:00,109,7,0,0.21835787912915403,1.9945230129142477,0.5,0.0,False
2026-04-20 08:00:00,109,8,0,0.3430916395021524,3.9131856648882297,0.5,0.0,False
2026-04-20 09:00:00,109,9,0,0.4392793525537606,3.6676180301908117,0.5,0.0,False
2026-04-20 10:00:00,109,10,0,0.5901525964572094,3.252529343602517,0.3,0.0,False
2026-04-20 11:00:00,109,11,0,0.5663647266319136,3.1691105954679504,0.3,0.0,False
2026-04-20 12:00:00,109,12,0,0.5627393738506618,3.349497613826555,0.3,0.0,False
2026-04-20 13:00:00,109,13,0,0.5236372871018619,3.2554323639452862,0.3,0.0,False
2026-04-20 14:00:00,109,14,0,0.40938757698189077,3.258895160576142,0.3,0.0,False
2026-04-20 15:00:00,109,15,0,0.4621527810575746,3.2859167241167238,0.3,0.0,False
2026-04-20 16:00:00,109,16,0,0.4122134741961379,3.3827442093135507,0.5,0.0,False
2026-04-20 17:00:00,109,17,0,0.18425926641724988,3.215440417023111,0.5,0.0,False
2026-04-20 18:00:00,109,18,0,8.134635962382573e-17,1.3841762866636642,0.5,0.0,False
2026-04-20 19:00:00,109,19,0,0.0,1.5647586279201156,0.5,0.0,False
2026-04-20 20:00:00,109,20,0,0.0,1.0461412647176123,0.5,0.0,False
2026-04-20 21:00:00,109,21,0,0.0,1.4094482739507472,0.5,0.0,False
2026-04-20 22:00:00,109,22,0,0.0,1.3273035750888953,0.3,0.0,False
2026-04-20 23:00:00,109,23,0,0.0,1.6804887334525183,0.3,0.0,False
2026-04-21 00:00:00,110,0,1,0.0,1.4338600856185655,0.3,0.0,False
2026-04-21 01:00:00,110,1,1,0.0,1.4158925827099154,0.3,0.0,False
2026-04-21 02:00:00,110,2,1,0.0,1.4927066272120089,0.3,0.0,False
2026-04-21 03:00:00,110,3,1,0.0,1.410694135730263,0.3,0.0,False
2026-04-21 04:00:00,110,4,1,0.0,1.4396027762769699,0.3,0.0,False
2026-04-21 05:00:00,110,5,1,0.0,1.5145665615634745,0.3,0.0,False
2026-04-21 06:00:00,110,6,1,0.0,1.8366939348240596,0.5,0.0,False
2026-04-21 07:00:00,110,7,1,0.20418303236120897,1.8356173821591943,0.5,0.0,False
2026-04-21 08:00:00,110,8,1,0.36502890378401637,3.5484763489433035,0.5,0.0,False
2026-04-21 09:00:00,110,9,1,0.5725982861126625,3.52693243892192,0.5,0.0,False
2026-04-21 10:00:00,110,10,1,0.7570283198336495,3.309095534638542,0.3,0.0,False
2026-04-21 11:00:00,110,11,1,0.6016370604164404,3.3459900764678734,0.3,0.0,False
2026-04-21 12:00:00,110,12,1,0.7955541567536742,3.0857765034324074,0.3,0.0,False
2026-04-21 13:00:00,110,13,1,0.7390728709981483,3.4139912123071268,0.3,0.0,False
2026-04-21 14:00:00,110,14,1,0.551836078510283,3.414607145973712,0.3,0.0,False
2026-04-21 15:00:00,110,15,1,0.5975962670642473,3.4462033707417934,0.3,0.0,False
2026-04-21 16:00:00,110,16,1,0.30578635890283273,3.3449833627110896,0.5,0.0,False
2026-04-21 17:00:00,110,17,1,0.1777020755805385,3.395562315043349,0.5,0.0,False
2026-04-21 18:00:00,110,18,1,5.940130644142236e-17,1.8277538766867483,0.5,0.0,False
2026-04-21 19:00:00,110,19,1,0.0,1.454771759868406,0.5,0.0,False
2026-04-21 20:00:00,110,20,1,0.0,1.3431462748665666,0.5,0.0,False
2026-04-21 21:00:00,110,21,1,0.0,1.2698910175167808,0.5,0.0,False
2026-04-21 22:00:00,110,22,1,0.0,1.7633510895348474,0.3,0.0,False
2026-04-21 23:00:00,110,23,1,0.0,1.7653180888047986,0.3,0.0,False
2026-04-22 00:00:00,111,0,2,0.0,1.3613100387098653,0.3,0.0,False
2026-04-22 01:00:00,111,1,2,0.0,1.3909018780982165,0.3,0.0,False
2026-04-22 02:00:00,111,2,2,0.0,1.4514013443703242,0.3,0.0,False
2026-04-22 03:00:00,111,3,2,0.0,1.6836385308218975,0.3,0.0,False
2026-04-22 04:00:00,111,4,2,0.0,1.3069046702279534,0.3,0.0,False
2026-04-22 05:00:00,111,5,2,0.0,1.2050070712666687,0.3,0.0,False
2026-04-22 06:00:00,111,6,2,0.0,2.225127171484324,0.5,0.0,False
2026-04-22 07:00:00,111,7,2,0.16497623331377415,1.9468559930380112,0.5,0.0,False
2026-04-22 08:00:00,111,8,2,0.30800043693474477,3.768161995887784,0.5,0.0,False
2026-04-22 09:00:00,111,9,2,0.45838616708391944,3.6692340992200005,0.5,0.0,False
2026-04-22 10:00:00,111,10,2,0.6034075757991362,3.369867738557703,0.3,0.0,False
2026-04-22 11:00:00,111,11,2,0.6385479271396161,3.072869117498852,0.3,0.0,False
2026-04-22 12:00:00,111,12,2,0.6483720918778418,3.1738619149709653,0.3,0.0,False
2026-04-22 13:00:00,111,13,2,0.7733430730760915,3.315773682678391,0.3,0.0,False
2026-04-22 14:00:00,111,14,2,0.6658266767943672,2.9593663660649634,0.3,0.0,False
2026-04-22 15:00:00,111,15,2,0.41774400694578845,3.2546223579278655,0.3,0.0,False
2026-04-22 16:00:00,111,16,2,0.3965113448824221,3.2453753444498386,0.5,0.0,False
2026-04-22 17:00:00,111,17,2,0.2112992763011177,3.2545964652074457,0.5,0.0,False
2026-04-22 18:00:00,111,18,2,6.221561559862148e-17,1.417337728826853,0.5,0.0,False
2026-04-22 19:00:00,111,19,2,0.0,1.3506162111188253,0.5,0.0,False
2026-04-22 20:00:00,111,20,2,0.0,1.226695222459362,0.5,0.0,False
2026-04-22 21:00:00,111,21,2,0.0,1.5217120570751117,0.5,0.0,False
2026-04-22 22:00:00,111,22,2,0.0,1.4549814019805636,0.3,0.0,False
2026-04-22 23:00:00,111,23,2,0.0,1.2937077680146984,0.3,0.0,False
2026-04-23 00:00:00,112,0,3,0.0,1.5093800119250655,0.3,0.0,False
2026-04-23 01:00:00,112,1,3,0.0,1.4557574707390941,0.3,0.0,False
2026-04-23 02:00:00,112,2,3,0.0,1.4308464072506828,0.3,0.0,False
2026-04-23 03:00:00,112,3,3,0.0,1.1764657669788825,0.3,0.0,False
2026-04-23 04:00:00,112,4,3,0.0,1.602415126846184,0.3,0.0,False
2026-04-23 05:00:00,112,5,3,0.0,1.3150423439836305,0.3,0.0,False
2026-04-23 06:00:00,112,6,3,0.0,1.9094905382261862,0.5,0.0,False
2026-04-23 07:00:00,112,7,3,0.13344839512447942,1.778759733485096,0.5,0.0,False
2026-04-23 08:00:00,112,8,3,0.40237251194672374,3.641691022367802,0.5,0.0,False
2026-04-23 09:00:00,112,9,3,0.322772139479606,3.8728438737624864,0.5,0.0,False
2026-04-23 10:00:00,112,10,3,0.5336350320059293,3.379742730120506,0.3,0.0,False
2026-04-23 11:00:00,112,11,3,0.7991423538241473,3.46950599194342,0.3,0.0,False
2026-04-23 12:00:00,112,12,3,0.746851757773918,3.3495578241932358,0.3,0.0,False
2026-04-23 13:00:00,112,13,3,0.6547580806407614,3.3594215376511167,0.3,0.0,False
2026-04-23 14:00:00,112,14,3,0.5315523305534234,3.0328291499660733,0.3,0.0,False
2026-04-23 15:00:00,112,15,3,0.5667386577575617,3.252371250920017,0.3,0.0,False
2026-04-23 16:00:00,112,16,3,0.3780266546384729,3.2662636602227084,0.5,0.0,False
2026-04-23 17:00:00,112,17,3,0.16807791658657387,3.4835497230527963,0.5,0.0,False
2026-04-23 18:00:00,112,18,3,1.02497110404437e-16,1.4240656008139607,0.5,0.0,False
2026-04-23 19:00:00,112,19,3,0.0,1.5397289263584184,0.5,0.0,False
2026-04-23 20:00:00,112,20,3,0.0,1.533863601462713,0.5,0.0,False
2026-04-23 21:00:00,112,21,3,0.0,1.673651274042109,0.5,0.0,False
2026-04-23 22:00:00,112,22,3,0.0,1.47993838765408,0.3,0.0,False
2026-04-23 23:00:00,112,23,3,0.0,1.624168042303972,0.3,0.0,False
2026-04-24 00:00:00,113,0,4,0.0,1.2442702298793713,0.3,0.0,False
2026-04-24 01:00:00,113,1,4,0.0,1.2578970850584088,0.3,0.0,False
2026-04-24 02:00:00,113,2,4,0.0,1.157498348306321,0.3,0.0,False
2026-04-24 03:00:00,113,3,4,0.0,1.61789774627,0.3,0.0,False
2026-04-24 04:00:00,113,4,4,0.0,1.6010500406683104,0.3,0.0,False
2026-04-24 05:00:00,113,5,4,0.0,1.6345241360848923,0.3,0.0,False
2026-04-24 06:00:00,113,6,4,0.0,1.798395724644071,0.5,0.0,False
2026-04-24 07:00:00,113,7,4,0.17888654082877087,1.8154678513698,0.5,0.0,False
2026-04-24 08:00:00,113,8,4,0.33576931243884395,3.6818428536006533,0.5,0.0,False
2026-04-24 09:00:00,113,9,4,0.5675274280955512,3.916554895442148,0.5,0.0,False
2026-04-24 10:00:00,113,10,4,0.5211903260161732,3.5540742191433075,0.3,0.0,False
2026-04-24 11:00:00,113,11,4,0.6049287308277965,3.419071273476204,0.3,0.0,False
2026-04-24 12:00:00,113,12,4,0.5186280157336353,3.349652958720525,0.3,0.0,False
2026-04-24 13:00:00,113,13,4,0.7466767829181391,3.5003074046550187,0.3,0.0,False
2026-04-24 14:00:00,113,14,4,0.6863319473315365,3.261623631427566,0.3,0.0,False
2026-04-24 15:00:00,113,15,4,0.3569053348227449,3.2413587704276554,0.3,0.0,False
2026-04-24 16:00:00,113,16,4,0.30938538231370866,3.2806466819079283,0.5,0.0,False
2026-04-24 17:00:00,113,17,4,0.21755107790703576,3.153192844587063,0.5,0.0,False
2026-04-24 18:00:00,113,18,4,5.4528205893310605e-17,1.4737485953442582,0.5,0.0,False
2026-04-24 19:00:00,113,19,4,0.0,1.332388793432409,0.5,0.0,False
2026-04-24 20:00:00,113,20,4,0.0,1.6537511728349368,0.5,0.0,False
2026-04-24 21:00:00,113,21,4,0.0,1.5815531086549526,0.5,0.0,False
2026-04-24 22:00:00,113,22,4,0.0,1.7144343596321738,0.3,0.0,False
2026-04-24 23:00:00,113,23,4,0.0,1.2556075795628716,0.3,0.0,False
2026-04-25 00:00:00,114,0,5,0.0,1.7852545420383108,0.3,0.0,False
2026-04-25 01:00:00,114,1,5,0.0,1.264128687930984,0.3,0.0,False
2026-04-25 02:00:00,114,2,5,0.0,1.3202537887375192,0.3,0.0,False
2026-04-25 03:00:00,114,3,5,0.0,1.4068767679705365,0.3,0.0,False
2026-04-25 04:00:00,114,4,5,0.0,1.6961581037954798,0.3,0.0,False
2026-04-25 05:00:00,114,5,5,0.0,1.533836024584286,0.3,0.0,False
2026-04-25 06:00:00,114,6,5,0.0,1.4634256124217642,0.5,0.0,False
2026-04-25 07:00:00,114,7,5,0.2036439383719954,1.381105884803226,0.5,0.0,False
2026-04-25 08:00:00,114,8,5,0.3032956231345403,1.293609727400895,0.5,0.0,False
2026-04-25 09:00:00,114,9,5,0.5620242055670968,1.6698940985539517,0.5,0.0,False
2026-04-25 10:00:00,114,10,5,0.46575015990521923,1.6197958891572959,0.3,0.0,False
2026-04-25 11:00:00,114,11,5,0.5110314872329622,1.7028675565638525,0.3,0.0,False
2026-04-25 12:00:00,114,12,5,0.6674305893646363,1.5595227190471685,0.3,0.0,False
2026-04-25 13:00:00,114,13,5,0.4448299361410079,1.1036846312166697,0.3,0.0,False
2026-04-25 14:00:00,114,14,5,0.47309562360080976,1.3133125600977822,0.3,0.0,False
2026-04-25 15:00:00,114,15,5,0.5435032667038493,1.5697306958770063,0.3,0.0,False
2026-04-25 16:00:00,114,16,5,0.4095874299407652,1.444542446214597,0.5,0.0,False
2026-04-25 17:00:00,114,17,5,0.1247132204285162,1.416173704960781,0.5,0.0,False
2026-04-25 18:00:00,114,18,5,1.0276026403372478e-16,1.3345159852665707,0.5,0.0,False
2026-04-25 19:00:00,114,19,5,0.0,1.642138435112181,0.5,0.0,False
2026-04-25 20:00:00,114,20,5,0.0,1.5684288956121462,0.5,0.0,False
2026-04-25 21:00:00,114,21,5,0.0,1.5751786834362185,0.5,0.0,False
2026-04-25 22:00:00,114,22,5,0.0,1.4049596626822414,0.3,0.0,False
2026-04-25 23:00:00,114,23,5,0.0,1.5264431638349714,0.3,0.0,False
2026-04-26 00:00:00,115,0,6,0.0,1.2993352610705278,0.3,0.0,False
2026-04-26 01:00:00,115,1,6,0.0,1.480525802873071,0.3,0.0,False
2026-04-26 02:00:00,115,2,6,0.0,1.1208105632110337,0.3,0.0,False
2026-04-26 03:00:00,115,3,6,0.0,1.2647825791298168,0.3,0.0,False
2026-04-26 04:00:00,115,4,6,0.0,1.4516532233621984,0.3,0.0,False
2026-04-26 05:00:00,115,5,6,0.0,1.8562677219412398,0.3,0.0,False
2026-04-26 06:00:00,115,6,6,0.0,1.2298885389862704,0.5,0.0,False
2026-04-26 07:00:00,115,7,6,0.19408432354007984,1.3134629111190206,0.5,0.0,False
2026-04-26 08:00:00,115,8,6,0.41204270190239706,1.5325162195039215,0.5,0.0,False
2026-04-26 09:00:00,115,9,6,0.630153608200055,1.7654134359021905,0.5,0.0,False
2026-04-26 10:00:00,115,10,6,0.45034521985193066,1.5303258745482111,0.3,0.0,False
2026-04-26 11:00:00,115,11,6,0.7780164550012858,1.6053212778456234,0.3,0.0,False
2026-04-26 12:00:00,115,12,6,0.8448105537213739,1.4493594373985283,0.3,0.0,False
2026-04-26 13:00:00,115,13,6,0.4534796254511114,1.4234067616590935,0.3,0.0,False
2026-04-26 14:00:00,115,14,6,0.6799433867060642,1.5123276528101635,0.3,0.0,False
2026-04-26 15:00:00,115,15,6,0.428771945205297,1.4012565914060844,0.3,0.0,False
2026-04-26 16:00:00,115,16,6,0.36895599010702385,1.6086404008076618,0.5,0.0,False
2026-04-26 17:00:00,115,17,6,0.17539856732668185,1.2590592151581623,0.5,0.0,False
2026-04-26 18:00:00,115,18,6,6.905301709191069e-17,1.633498054885025,0.5,0.0,False
2026-04-26 19:00:00,115,19,6,0.0,1.5058969518454128,0.5,0.0,False
2026-04-26 20:00:00,115,20,6,0.0,1.4677918697098704,0.5,0.0,False
2026-04-26 21:00:00,115,21,6,0.0,1.2535523159720368,0.5,0.0,False
2026-04-26 22:00:00,115,22,6,0.0,1.3530316992003195,0.3,0.0,False
2026-04-26 23:00:00,115,23,6,0.0,1.6797977209699768,0.3,0.0,False
2026-04-27 00:00:00,116,0,0,0.0,1.4687101502949953,0.3,0.0,False
2026-04-27 01:00:00,116,1,0,0.0,1.5417597698809231,0.3,0.0,False
2026-04-27 02:00:00,116,2,0,0.0,1.3680701980026981,0.3,0.0,False
2026-04-27 03:00:00,116,3,0,0.0,1.4956418045661823,0.3,0.0,False
2026-04-27 04:00:00,116,4,0,0.0,1.2941771927820032,0.3,0.0,False
2026-04-27 05:00:00,116,5,0,0.0,1.514982338143183,0.3,0.0,False
2026-04-27 06:00:00,116,6,0,0.0,1.9555961345905306,0.5,0.0,False
2026-04-27 07:00:00,116,7,0,0.1250365263793444,1.9480922090777526,0.5,0.0,False
2026-04-27 08:00:00,116,8,0,0.3908885790340221,3.5644622754264756,0.5,0.0,False
2026-04-27 09:00:00,116,9,0,0.6317932784604776,3.6486923523849244,0.5,0.0,False
2026-04-27 10:00:00,116,10,0,0.7185862987365039,3.3805791218972447,0.3,0.0,False
2026-04-27 11:00:00,116,11,0,0.6856217488633032,3.268284360708285,0.3,0.0,False
2026-04-27 12:00:00,116,12,0,0.7309724231098718,3.2569041926489835,0.3,0.0,False
2026-04-27 13:00:00,116,13,0,0.5873681524068223,3.5855201412938333,0.3,0.0,False
2026-04-27 14:00:00,116,14,0,0.6535558499546694,3.157351632170081,0.3,0.0,False
2026-04-27 15:00:00,116,15,0,0.562511181100797,3.4620627702133473,0.3,0.0,False
2026-04-27 16:00:00,116,16,0,0.44894282798246377,3.1267979004742603,0.5,0.0,False
2026-04-27 17:00:00,116,17,0,0.17357040167528384,3.398217162865712,0.5,0.0,False
2026-04-27 18:00:00,116,18,0,5.840184516475923e-17,1.606222883718596,0.5,0.0,False
2026-04-27 19:00:00,116,19,0,0.0,1.4234452267414432,0.5,0.0,False
2026-04-27 20:00:00,116,20,0,0.0,1.317378472070684,0.5,0.0,False
2026-04-27 21:00:00,116,21,0,0.0,1.2044350194294875,0.5,0.0,False
2026-04-27 22:00:00,116,22,0,0.0,1.4077329736611996,0.3,0.0,False
2026-04-27 23:00:00,116,23,0,0.0,1.5789327971928486,0.3,0.0,False
2026-04-28 00:00:00,117,0,1,0.0,1.3383557764350633,0.3,0.0,False
2026-04-28 01:00:00,117,1,1,0.0,1.5145422871385592,0.3,0.0,False
2026-04-28 02:00:00,117,2,1,0.0,1.2785355303133732,0.3,0.0,False
2026-04-28 03:00:00,117,3,1,0.0,1.4649167711844053,0.3,0.0,False
2026-04-28 04:00:00,117,4,1,0.0,1.3279434143701905,0.3,0.0,False
2026-04-28 05:00:00,117,5,1,0.0,1.488302924715836,0.3,0.0,False
2026-04-28 06:00:00,117,6,1,0.0,1.8248380795588701,0.5,0.0,False
2026-04-28 07:00:00,117,7,1,0.1819640285062506,1.7214450795643599,0.5,0.0,False
2026-04-28 08:00:00,117,8,1,0.289249732635628,3.6011689783166587,0.5,0.0,False
2026-04-28 09:00:00,117,9,1,0.5092715712053202,3.559876470663701,0.5,0.0,False
2026-04-28 10:00:00,117,10,1,0.5603981090393202,3.102911294964388,0.3,0.0,False
2026-04-28 11:00:00,117,11,1,0.83796829126665,3.4624118737934126,0.3,0.0,False
2026-04-28 12:00:00,117,12,1,0.58087863045173,3.2459737703323612,0.3,0.0,False
2026-04-28 13:00:00,117,13,1,0.7315870559743533,2.96966618263895,0.3,0.0,False
2026-04-28 14:00:00,117,14,1,0.41174426581842466,3.206507878860797,0.3,0.0,False
2026-04-28 15:00:00,117,15,1,0.62381645235292,3.4372067570727394,0.3,0.0,False
2026-04-28 16:00:00,117,16,1,0.44671984426594324,3.1857962050113935,0.5,0.0,False
2026-04-28 17:00:00,117,17,1,0.2030244715554044,3.524661581720044,0.5,0.0,False
2026-04-28 18:00:00,117,18,1,8.093668213256087e-17,1.3715006917557617,0.5,0.0,False
2026-04-28 19:00:00,117,19,1,0.0,1.5755112083724683,0.5,0.0,False
2026-04-28 20:00:00,117,20,1,0.0,1.6554957876886518,0.5,0.0,False
2026-04-28 21:00:00,117,21,1,0.0,1.567529095846715,0.5,0.0,False
2026-04-28 22:00:00,117,22,1,0.0,1.2938259038038455,0.3,0.0,False
2026-04-28 23:00:00,117,23,1,0.0,1.3586297134617653,0.3,0.0,False
2026-04-29 00:00:00,118,0,2,0.0,1.6755106485579871,0.3,0.0,False
2026-04-29 01:00:00,118,1,2,0.0,1.3793082815502034,0.3,0.0,False
2026-04-29 02:00:00,118,2,2,0.0,1.6463514770853307,0.3,0.0,False
2026-04-29 03:00:00,118,3,2,0.0,1.4354572917277584,0.3,0.0,False
2026-04-29 04:00:00,118,4,2,0.0,1.5212155978828727,0.3,0.0,False
2026-04-29 05:00:00,118,5,2,0.0,1.2920839084468572,0.3,0.0,False
2026-04-29 06:00:00,118,6,2,0.0,1.8087598637931253,0.5,0.0,False
2026-04-29 07:00:00,118,7,2,0.12253262549555675,1.7687040429340417,0.5,0.0,False
2026-04-29 08:00:00,118,8,2,0.4045240206639708,3.733839947583726,0.5,0.0,False
2026-04-29 09:00:00,118,9,2,0.45876968866955975,3.713979636957382,0.5,0.0,False
2026-04-29 10:00:00,118,10,2,0.5639304728397261,3.369397484436845,0.3,0.0,False
2026-04-29 11:00:00,118,11,2,0.544629864886218,3.226421624536099,0.3,0.0,False
2026-04-29 12:00:00,118,12,2,0.5475752690357253,3.160465489305813,0.3,0.0,False
2026-04-29 13:00:00,118,13,2,0.6943998816359942,3.327409362831646,0.3,0.0,False
2026-04-29 14:00:00,118,14,2,0.4832816488578162,3.1455616645489446,0.3,0.0,False
2026-04-29 15:00:00,118,15,2,0.34070298088558454,3.461763378963388,0.3,0.0,False
2026-04-29 16:00:00,118,16,2,0.40012465555617077,3.282821642011633,0.5,0.0,False
2026-04-29 17:00:00,118,17,2,0.16129721427387692,3.2510797335442563,0.5,0.0,False
2026-04-29 18:00:00,118,18,2,7.65293695815973e-17,1.5693263434125317,0.5,0.0,False
2026-04-29 19:00:00,118,19,2,0.0,1.4885453250852425,0.5,0.0,False
2026-04-29 20:00:00,118,20,2,0.0,1.2512922424747206,0.5,0.0,False
2026-04-29 21:00:00,118,21,2,0.0,1.340785515091585,0.5,0.0,False
2026-04-29 22:00:00,118,22,2,0.0,1.6586563055796923,0.3,0.0,False
2026-04-29 23:00:00,118,23,2,0.0,1.5125826521766874,0.3,0.0,False
2026-04-30 00:00:00,119,0,3,0.0,1.2477648296454837,0.3,0.0,False
2026-04-30 01:00:00,119,1,3,0.0,1.552816810007275,0.3,0.0,False
2026-04-30 02:00:00,119,2,3,0.0,1.4161111770195376,0.3,0.0,False
2026-04-30 03:00:00,119,3,3,0.0,1.3688250071236827,0.3,0.0,False
2026-04-30 04:00:00,119,4,3,0.0,1.328269091154923,0.3,0.0,False
2026-04-30 05:00:00,119,5,3,0.0,1.6499894206978032,0.3,0.0,False
2026-04-30 06:00:00,119,6,3,0.0,1.6051752441991973,0.5,0.0,False
2026-04-30 07:00:00,119,7,3,0.1298762672580171,1.7743701888340764,0.5,0.0,False
2026-04-30 08:00:00,119,8,3,0.32147491761681674,3.718019014886686,0.5,0.0,False
2026-04-30 09:00:00,119,9,3,0.361128767600985,3.936754460335524,0.5,0.0,False
2026-04-30 10:00:00,119,10,3,0.5550751386454391,3.3830787294525475,0.3,0.0,False
2026-04-30 11:00:00,119,11,3,0.6834078731293817,3.1730963076700793,0.3,0.0,False
2026-04-30 12:00:00,119,12,3,0.8773712239806046,3.529403018116022,0.3,0.0,False
2026-04-30 13:00:00,119,13,3,0.454844345459298,3.0967314900442537,0.3,0.0,False
2026-04-30 14:00:00,119,14,3,0.6381202387136824,3.339800424803273,0.3,0.0,False
2026-04-30 15:00:00,119,15,3,0.4684138347887799,3.373167696862832,0.3,0.0,False
2026-04-30 16:00:00,119,16,3,0.23181814130099884,3.167832662519934,0.5,0.0,False
2026-04-30 17:00:00,119,17,3,0.14696547073968122,3.404638957783238,0.5,0.0,False
2026-04-30 18:00:00,119,18,3,6.22453894426016e-17,1.4229164806588561,0.5,0.0,False
2026-04-30 19:00:00,119,19,3,0.0,1.6042713641276947,0.5,0.0,False
2026-04-30 20:00:00,119,20,3,0.0,1.2240606761120687,0.5,0.0,False
2026-04-30 21:00:00,119,21,3,0.0,1.5502464135343312,0.5,0.0,False
2026-04-30 22:00:00,119,22,3,0.0,1.4381839990959593,0.3,0.0,False
2026-04-30 23:00:00,119,23,3,0.0,1.6724555674451733,0.3,0.0,False
2026-05-01 00:00:00,120,0,4,0.0,1.4934028905343575,0.3,0.0,False
2026-05-01 01:00:00,120,1,4,0.0,1.6873844300580179,0.3,0.0,False
2026-05-01 02:00:00,120,2,4,0.0,1.5761419147549578,0.3,0.0,False
2026-05-01 03:00:00,120,3,4,0.0,1.4808737311427764,0.3,0.0,False
2026-05-01 04:00:00,120,4,4,0.0,1.6181503964421442,0.3,0.0,False
2026-05-01 05:00:00,120,5,4,0.0,1.6191087696790682,0.3,0.0,False
2026-05-01 06:00:00,120,6,4,0.0,1.970786500673682,0.5,0.0,False
2026-05-01 07:00:00,120,7,4,0.22916254514601653,1.5561547938062223,0.5,0.0,False
2026-05-01 08:00:00,120,8,4,0.25273786085658145,3.5526159263853403,0.5,0.0,False
2026-05-01 09:00:00,120,9,4,0.3634078197518465,3.907615876975888,0.5,0.0,False
2026-05-01 10:00:00,120,10,4,0.4528581767818671,3.11160812168471,0.3,0.0,False
2026-05-01 11:00:00,120,11,4,0.872827974652502,3.432369172509871,0.3,0.0,False
2026-05-01 12:00:00,120,12,4,0.7377803714993995,3.40596789851695,0.3,0.0,False
2026-05-01 13:00:00,120,13,4,0.7093942214164748,3.1911371457626956,0.3,0.0,False
2026-05-01 14:00:00,120,14,4,0.7846975845670253,3.000715255932491,0.3,0.0,False
2026-05-01 15:00:00,120,15,4,0.35101751731613073,3.2146631103078107,0.3,0.0,False
2026-05-01 16:00:00,120,16,4,0.4502638953012344,3.6117022565449517,0.5,0.0,False
2026-05-01 17:00:00,120,17,4,0.1421239420910368,3.1705084061685964,0.5,0.0,False
2026-05-01 18:00:00,120,18,4,9.065427521291029e-17,1.3808613983101095,0.5,0.0,False
2026-05-01 19:00:00,120,19,4,0.0,1.350362638453526,0.5,0.0,False
2026-05-01 20:00:00,120,20,4,0.0,1.682217671482428,0.5,0.0,False
2026-05-01 21:00:00,120,21,4,0.0,1.463562643256234,0.5,0.0,False
2026-05-01 22:00:00,120,22,4,0.0,1.4061140656576292,0.3,0.0,False
2026-05-01 23:00:00,120,23,4,0.0,1.7120211025793026,0.3,0.0,False
2026-05-02 00:00:00,121,0,5,0.0,1.5869241131903304,0.3,0.0,False
2026-05-02 01:00:00,121,1,5,0.0,1.362106463743461,0.3,0.0,False
2026-05-02 02:00:00,121,2,5,0.0,1.316462413340733,0.3,0.0,False
2026-05-02 03:00:00,121,3,5,0.0,1.673725494731996,0.3,0.0,False
2026-05-02 04:00:00,121,4,5,0.0,1.5025182245612574,0.3,0.0,False
2026-05-02 05:00:00,121,5,5,0.0,1.267640397021583,0.3,0.0,False
2026-05-02 06:00:00,121,6,5,0.0,1.2325326469659676,0.5,0.0,False
2026-05-02 07:00:00,121,7,5,0.13613534276943395,1.3325941927200362,0.5,0.0,False
2026-05-02 08:00:00,121,8,5,0.35091903124428087,1.3140773117845455,0.5,0.0,False
2026-05-02 09:00:00,121,9,5,0.5416257412404663,1.1930884543647846,0.5,0.0,False
2026-05-02 10:00:00,121,10,5,0.5772325135633466,1.3350739520027255,0.3,0.0,False
2026-05-02 11:00:00,121,11,5,0.5106286843712877,1.362137915753422,0.3,0.0,False
2026-05-02 12:00:00,121,12,5,0.5694386843186139,1.4305978067423144,0.3,0.0,False
2026-05-02 13:00:00,121,13,5,0.8198426864016957,1.7539365067691568,0.3,0.0,False
2026-05-02 14:00:00,121,14,5,0.41004731021436225,1.459973509185259,0.3,0.0,False
2026-05-02 15:00:00,121,15,5,0.5530660918815281,1.474863774338368,0.3,0.0,False
2026-05-02 16:00:00,121,16,5,0.4575647358168927,1.5763883045698415,0.5,0.0,False
2026-05-02 17:00:00,121,17,5,0.1193490520775696,1.464402289340016,0.5,0.0,False
2026-05-02 18:00:00,121,18,5,6.507964542112998e-17,1.5600229445830063,0.5,0.0,False
2026-05-02 19:00:00,121,19,5,0.0,1.54209223154276,0.5,0.0,False
2026-05-02 20:00:00,121,20,5,0.0,1.5183882848398864,0.5,0.0,False
2026-05-02 21:00:00,121,21,5,0.0,1.9149699126628437,0.5,0.0,False
2026-05-02 22:00:00,121,22,5,0.0,1.6366688766066528,0.3,0.0,False
2026-05-02 23:00:00,121,23,5,0.0,1.3377417022939904,0.3,0.0,False
2026-05-03 00:00:00,122,0,6,0.0,1.5555333279283745,0.3,0.0,False
2026-05-03 01:00:00,122,1,6,0.0,1.381239479001042,0.3,0.0,False
2026-05-03 02:00:00,122,2,6,0.0,1.566937614608978,0.3,0.0,False
2026-05-03 03:00:00,122,3,6,0.0,1.2937218874337595,0.3,0.0,False
2026-05-03 04:00:00,122,4,6,0.0,1.3338330827874032,0.3,0.0,False
2026-05-03 05:00:00,122,5,6,0.0,1.551586134373519,0.3,0.0,False
2026-05-03 06:00:00,122,6,6,0.0,1.6496503670397038,0.5,0.0,False
2026-05-03 07:00:00,122,7,6,0.17496215694728104,1.575396652312952,0.5,0.0,False
2026-05-03 08:00:00,122,8,6,0.30350539209623234,1.6281176001802826,0.5,0.0,False
2026-05-03 09:00:00,122,9,6,0.3526719513238856,1.556072783814577,0.5,0.0,False
2026-05-03 10:00:00,122,10,6,0.49507557087181037,1.5258744148548498,0.3,0.0,False
2026-05-03 11:00:00,122,11,6,0.4486180575091463,1.4244460088612345,0.3,0.0,False
2026-05-03 12:00:00,122,12,6,0.9124681157072189,1.6219502713075196,0.3,0.0,False
2026-05-03 13:00:00,122,13,6,0.5423603618374174,1.6537318849239961,0.3,0.0,False
2026-05-03 14:00:00,122,14,6,0.7219035482496059,1.4905326463005337,0.3,0.0,False
2026-05-03 15:00:00,122,15,6,0.37955014741765886,1.4824610937332012,0.3,0.0,False
2026-05-03 16:00:00,122,16,6,0.2947825033309271,1.7387108717583355,0.5,0.0,False
2026-05-03 17:00:00,122,17,6,0.16860055087625936,1.4969367330275665,0.5,0.0,False
2026-05-03 18:00:00,122,18,6,7.449609053092409e-17,1.5113528805548955,0.5,0.0,False
2026-05-03 19:00:00,122,19,6,0.0,1.5726338861629343,0.5,0.0,False
2026-05-03 20:00:00,122,20,6,0.0,1.485329061606877,0.5,0.0,False
2026-05-03 21:00:00,122,21,6,0.0,1.3769489515885358,0.5,0.0,False
2026-05-03 22:00:00,122,22,6,0.0,1.5566948363285282,0.3,0.0,False
2026-05-03 23:00:00,122,23,6,0.0,1.4941867484966518,0.3,0.0,False
2026-05-04 00:00:00,123,0,0,0.0,1.7763374634711744,0.3,0.0,False
2026-05-04 01:00:00,123,1,0,0.0,1.6182672825438564,0.3,0.0,False
2026-05-04 02:00:00,123,2,0,0.0,1.4106776570335497,0.3,0.0,False
2026-05-04 03:00:00,123,3,0,0.0,1.6093590328785563,0.3,0.0,False
2026-05-04 04:00:00,123,4,0,0.0,1.546179875209647,0.3,0.0,False
2026-05-04 05:00:00,123,5,0,0.0,1.696413945291827,0.3,0.0,False
2026-05-04 06:00:00,123,6,0,0.0,1.821331868075644,0.5,0.0,False
2026-05-04 07:00:00,123,7,0,0.2283137579891614,1.9283014222539285,0.5,0.0,False
2026-05-04 08:00:00,123,8,0,0.4141625337152368,3.685135952636126,0.5,0.0,False
2026-05-04 09:00:00,123,9,0,0.6419409994232909,3.7087719134587447,0.5,0.0,False
2026-05-04 10:00:00,123,10,0,0.43935263706992506,3.1672201576494072,0.3,0.0,False
2026-05-04 11:00:00,123,11,0,0.7088020512352484,3.3863867501869764,0.3,0.0,False
2026-05-04 12:00:00,123,12,0,0.5793975167614649,3.3626946413774244,0.3,0.0,False
2026-05-04 13:00:00,123,13,0,0.6868828330039826,3.492783542538269,0.3,0.0,False
2026-05-04 14:00:00,123,14,0,0.5270399854758384,3.298496122201983,0.3,0.0,False
2026-05-04 15:00:00,123,15,0,0.4182717991263134,3.2382240737627797,0.3,0.0,False
2026-05-04 16:00:00,123,16,0,0.36267816725073493,3.418394156691605,0.5,0.0,False
2026-05-04 17:00:00,123,17,0,0.1411520294986344,3.1808693427600474,0.5,0.0,False
2026-05-04 18:00:00,123,18,0,8.292041386235966e-17,1.6627476802625938,0.5,0.0,False
2026-05-04 19:00:00,123,19,0,0.0,1.6624262996120553,0.5,0.0,False
2026-05-04 20:00:00,123,20,0,0.0,1.6885918351701612,0.5,0.0,False
2026-05-04 21:00:00,123,21,0,0.0,1.556493447701924,0.5,0.0,False
2026-05-04 22:00:00,123,22,0,0.0,1.427025542610335,0.3,0.0,False
2026-05-04 23:00:00,123,23,0,0.0,1.5163781589458043,0.3,0.0,False
2026-05-05 00:00:00,124,0,1,0.0,1.5570103342618808,0.3,0.0,False
2026-05-05 01:00:00,124,1,1,0.0,1.4159787532218187,0.3,0.0,False
2026-05-05 02:00:00,124,2,1,0.0,1.6999674433387824,0.3,0.0,False
2026-05-05 03:00:00,124,3,1,0.0,1.5870126251352814,0.3,0.0,False
2026-05-05 04:00:00,124,4,1,0.0,1.3661665567016992,0.3,0.0,False
2026-05-05 05:00:00,124,5,1,0.0,1.7824310514698665,0.3,0.0,False
2026-05-05 06:00:00,124,6,1,0.0,1.9146083912755265,0.5,0.0,False
2026-05-05 07:00:00,124,7,1,0.19224616773519146,1.7358845435725019,0.5,0.0,False
2026-05-05 08:00:00,124,8,1,0.24655798496774664,3.5754618815879087,0.5,0.0,False
2026-05-05 09:00:00,124,9,1,0.40588931530095446,3.9231675395748016,0.5,0.0,False
2026-05-05 10:00:00,124,10,1,0.4247900100733989,3.573747737432523,0.3,0.0,False
2026-05-05 11:00:00,124,11,1,0.6918498171361829,3.4514227580221375,0.3,0.0,False
2026-05-05 12:00:00,124,12,1,0.5365778173144234,3.49789629728807,0.3,0.0,False
2026-05-05 13:00:00,124,13,1,0.7193291607297494,3.4824923188197916,0.3,0.0,False
2026-05-05 14:00:00,124,14,1,0.717202285440365,3.3835374229146096,0.3,0.0,False
2026-05-05 15:00:00,124,15,1,0.5957349708947457,3.349356268171639,0.3,0.0,False
2026-05-05 16:00:00,124,16,1,0.3027876022385107,3.380979479171491,0.5,0.0,False
2026-05-05 17:00:00,124,17,1,0.18538861202650242,3.410402316471494,0.5,0.0,False
2026-05-05 18:00:00,124,18,1,8.851583530525872e-17,1.3887602990210404,0.5,0.0,False
2026-05-05 19:00:00,124,19,1,0.0,1.6097938093968165,0.5,0.0,False
2026-05-05 20:00:00,124,20,1,0.0,1.7187925270945525,0.5,0.0,False
2026-05-05 21:00:00,124,21,1,0.0,1.4690441357506454,0.5,0.0,False
2026-05-05 22:00:00,124,22,1,0.0,1.4530128322017304,0.3,0.0,False
2026-05-05 23:00:00,124,23,1,0.0,1.5714819463857999,0.3,0.0,False
2026-05-06 00:00:00,125,0,2,0.0,1.4025513674387795,0.3,0.0,False
2026-05-06 01:00:00,125,1,2,0.0,1.3024772075058741,0.3,0.0,False
2026-05-06 02:00:00,125,2,2,0.0,1.6721578560157766,0.3,0.0,False
2026-05-06 03:00:00,125,3,2,0.0,1.4323573109964851,0.3,0.0,False
2026-05-06 04:00:00,125,4,2,0.0,1.5027672868080313,0.3,0.0,False
2026-05-06 05:00:00,125,5,2,0.0,1.4084812438487901,0.3,0.0,False
2026-05-06 06:00:00,125,6,2,0.0,2.0915132222369497,0.5,0.0,False
2026-05-06 07:00:00,125,7,2,0.13337992883264504,2.027976423742602,0.5,0.0,False
2026-05-06 08:00:00,125,8,2,0.2504221232526132,3.6638890688269448,0.5,0.0,False
2026-05-06 09:00:00,125,9,2,0.5743919663578156,3.523015395285587,0.5,0.0,False
2026-05-06 10:00:00,125,10,2,0.5194998573284514,3.24796052927127,0.3,0.0,False
2026-05-06 11:00:00,125,11,2,0.8466870795664936,3.385522904992457,0.3,0.0,False
2026-05-06 12:00:00,125,12,2,0.8175262496813382,3.3282953556119645,0.3,0.0,False
2026-05-06 13:00:00,125,13,2,0.7610407718938461,3.3163647066677977,0.3,0.0,False
2026-05-06 14:00:00,125,14,2,0.5137421418811844,3.3317548139204716,0.3,0.0,False
2026-05-06 15:00:00,125,15,2,0.5606486362723525,3.413819434724724,0.3,0.0,False
2026-05-06 16:00:00,125,16,2,0.45192845340077425,3.293721119390243,0.5,0.0,False
2026-05-06 17:00:00,125,17,2,0.1310755177051067,3.3675020175689254,0.5,0.0,False
2026-05-06 18:00:00,125,18,2,7.535037981444043e-17,1.3519621188382354,0.5,0.0,False
2026-05-06 19:00:00,125,19,2,0.0,1.8830776165462988,0.5,0.0,False
2026-05-06 20:00:00,125,20,2,0.0,1.4574211021025618,0.5,0.0,False
2026-05-06 21:00:00,125,21,2,0.0,1.5305389511825966,0.5,0.0,False
2026-05-06 22:00:00,125,22,2,0.0,1.5849698287179317,0.3,0.0,False
2026-05-06 23:00:00,125,23,2,0.0,1.4383814231399188,0.3,0.0,False
2026-05-07 00:00:00,126,0,3,0.0,1.5011737191374195,0.3,0.0,False
2026-05-07 01:00:00,126,1,3,0.0,1.4993512911985163,0.3,0.0,False
2026-05-07 02:00:00,126,2,3,0.0,1.3628942861139934,0.3,0.0,False
2026-05-07 03:00:00,126,3,3,0.0,1.5657884138309457,0.3,0.0,False
2026-05-07 04:00:00,126,4,3,0.0,1.2526167242611903,0.3,0.0,False
2026-05-07 05:00:00,126,5,3,0.0,1.7629062663624921,0.3,0.0,False
2026-05-07 06:00:00,126,6,3,0.0,2.018945632746759,0.5,0.0,False
2026-05-07 07:00:00,126,7,3,0.12823385555675382,1.9958683536480064,0.5,0.0,False
2026-05-07 08:00:00,126,8,3,0.2918152546384104,3.4395036831350136,0.5,0.0,False
2026-05-07 09:00:00,126,9,3,0.4048598456028489,3.5811206990060467,0.5,0.0,False
2026-05-07 10:00:00,126,10,3,0.8002930922395542,3.5084017681207578,0.3,0.0,False
2026-05-07 11:00:00,126,11,3,0.7670542333635385,3.92268620955594,0.3,0.0,False
2026-05-07 12:00:00,126,12,3,0.7530073696590263,3.4792038697585546,0.3,0.0,False
2026-05-07 13:00:00,126,13,3,0.45183671099163414,3.4555415115376427,0.3,0.0,False
2026-05-07 14:00:00,126,14,3,0.4773909698013524,3.378746134217128,0.3,0.0,False
2026-05-07 15:00:00,126,15,3,0.5383003800665799,3.172875420643474,0.3,0.0,False
2026-05-07 16:00:00,126,16,3,0.3210989777859441,3.4492761124800495,0.5,0.0,False
2026-05-07 17:00:00,126,17,3,0.23181565109870997,3.1348188994354604,0.5,0.0,False
2026-05-07 18:00:00,126,18,3,1.0059256183392312e-16,1.318412225229022,0.5,0.0,False
2026-05-07 19:00:00,126,19,3,0.0,1.3089706011842266,0.5,0.0,False
2026-05-07 20:00:00,126,20,3,0.0,1.646358396975239,0.5,0.0,False
2026-05-07 21:00:00,126,21,3,0.0,1.4913878917608747,0.5,0.0,False
2026-05-07 22:00:00,126,22,3,0.0,1.5151287149856572,0.3,0.0,False
2026-05-07 23:00:00,126,23,3,0.0,1.4976894094423974,0.3,0.0,False
2026-05-08 00:00:00,127,0,4,0.0,1.3311425188202664,0.3,0.0,False
2026-05-08 01:00:00,127,1,4,0.0,1.3993903640973895,0.3,0.0,False
2026-05-08 02:00:00,127,2,4,0.0,1.406936069061982,0.3,0.0,False
2026-05-08 03:00:00,127,3,4,0.0,1.2892092829161959,0.3,0.0,False
2026-05-08 04:00:00,127,4,4,0.0,1.4243684857049472,0.3,0.0,False
2026-05-08 05:00:00,127,5,4,0.0,1.3378040315405642,0.3,0.0,False
2026-05-08 06:00:00,127,6,4,0.0,1.9866513443300489,0.5,0.0,False
2026-05-08 07:00:00,127,7,4,0.18073483277077634,1.9991456595950234,0.5,0.0,False
2026-05-08 08:00:00,127,8,4,0.37759161806899005,3.505954131604016,0.5,0.0,False
2026-05-08 09:00:00,127,9,4,0.38024174150240936,3.6555052353627997,0.5,0.0,False
2026-05-08 10:00:00,127,10,4,0.49154124522593085,3.578408982197505,0.3,0.0,False
2026-05-08 11:00:00,127,11,4,0.5727461566084628,3.1528855653482557,0.3,0.0,False
2026-05-08 12:00:00,127,12,4,0.746046518491202,3.3639956726692595,0.3,0.0,False
2026-05-08 13:00:00,127,13,4,0.650321855923013,3.3158282901004323,0.3,0.0,False
2026-05-08 14:00:00,127,14,4,0.5032296353232331,3.463933133676136,0.3,0.0,False
2026-05-08 15:00:00,127,15,4,0.6216421459788746,3.3443200262036106,0.3,0.0,False
2026-05-08 16:00:00,127,16,4,0.320760689403332,3.235305678311437,0.5,0.0,False
2026-05-08 17:00:00,127,17,4,0.17475240310729379,3.3100146182209325,0.5,0.0,False
2026-05-08 18:00:00,127,18,4,8.060964150895045e-17,1.5122054915930603,0.5,0.0,False
2026-05-08 19:00:00,127,19,4,0.0,1.4862457226575765,0.5,0.0,False
2026-05-08 20:00:00,127,20,4,0.0,1.3021332817013973,0.5,0.0,False
2026-05-08 21:00:00,127,21,4,0.0,1.6864632911396837,0.5,0.0,False
2026-05-08 22:00:00,127,22,4,0.0,1.6599650381796487,0.3,0.0,False
2026-05-08 23:00:00,127,23,4,0.0,1.3433716459695213,0.3,0.0,False
2026-05-09 00:00:00,128,0,5,0.0,1.454891155172437,0.3,0.0,False
2026-05-09 01:00:00,128,1,5,0.0,1.4662371495968676,0.3,0.0,False
2026-05-09 02:00:00,128,2,5,0.0,1.3265221799250626,0.3,0.0,False
2026-05-09 03:00:00,128,3,5,0.0,1.21998055983566,0.3,0.0,False
2026-05-09 04:00:00,128,4,5,0.0,1.3994111022131497,0.3,0.0,False
2026-05-09 05:00:00,128,5,5,0.0,1.4465396489623212,0.3,0.0,False
2026-05-09 06:00:00,128,6,5,0.0,1.2838149999953972,0.5,0.0,False
2026-05-09 07:00:00,128,7,5,0.1536264598605202,1.5265466646128218,0.5,0.0,False
2026-05-09 08:00:00,128,8,5,0.28616381116688266,1.674428445497451,0.5,0.0,False
2026-05-09 09:00:00,128,9,5,0.3689134639154001,1.6263174219247902,0.5,0.0,False
2026-05-09 10:00:00,128,10,5,0.6730537236893048,1.4809971520261922,0.3,0.0,False
2026-05-09 11:00:00,128,11,5,0.8057093696483221,1.2239382455218206,0.3,0.0,False
2026-05-09 12:00:00,128,12,5,0.8247802077495372,1.6073553510988572,0.3,0.0,False
2026-05-09 13:00:00,128,13,5,0.5954989585581795,1.5219588253596836,0.3,0.0,False
2026-05-09 14:00:00,128,14,5,0.48887946138542143,1.563652666382703,0.3,0.0,False
2026-05-09 15:00:00,128,15,5,0.48142054865901707,1.790415420045377,0.3,0.0,False
2026-05-09 16:00:00,128,16,5,0.36224167877465735,1.376278255570402,0.5,0.0,False
2026-05-09 17:00:00,128,17,5,0.23263839555044108,1.0687776100316937,0.5,0.0,False
2026-05-09 18:00:00,128,18,5,1.0753791975771882e-16,1.3419818133285364,0.5,0.0,False
2026-05-09 19:00:00,128,19,5,0.0,1.5729067602401732,0.5,0.0,False
2026-05-09 20:00:00,128,20,5,0.0,1.504038885262206,0.5,0.0,False
2026-05-09 21:00:00,128,21,5,0.0,1.3176545805601978,0.5,0.0,False
2026-05-09 22:00:00,128,22,5,0.0,1.2870423925235355,0.3,0.0,False
2026-05-09 23:00:00,128,23,5,0.0,1.4468086476273907,0.3,0.0,False
2026-05-10 00:00:00,129,0,6,0.0,1.3130857995177292,0.3,0.0,False
2026-05-10 01:00:00,129,1,6,0.0,1.5780950127381788,0.3,0.0,False
2026-05-10 02:00:00,129,2,6,0.0,1.4382859667060597,0.3,0.0,False
2026-05-10 03:00:00,129,3,6,0.0,1.4059323173502432,0.3,0.0,False
2026-05-10 04:00:00,129,4,6,0.0,1.386258539561549,0.3,0.0,False
2026-05-10 05:00:00,129,5,6,0.0,1.5394684089870891,0.3,0.0,False
2026-05-10 06:00:00,129,6,6,0.0,1.5063913835640053,0.5,0.0,False
2026-05-10 07:00:00,129,7,6,0.21410064123396055,1.530293590479389,0.5,0.0,False
2026-05-10 08:00:00,129,8,6,0.38544847818412403,1.5270194165708717,0.5,0.0,False
2026-05-10 09:00:00,129,9,6,0.5567574764180421,1.489170669510494,0.5,0.0,False
2026-05-10 10:00:00,129,10,6,0.5417083821871183,1.3450304124812864,0.3,0.0,False
2026-05-10 11:00:00,129,11,6,0.7471166169784229,1.3904429809903107,0.3,0.0,False
2026-05-10 12:00:00,129,12,6,0.557493985126526,1.4407987642291595,0.3,0.0,False
2026-05-10 13:00:00,129,13,6,0.8792930958934759,1.8097792857132484,0.3,0.0,False
2026-05-10 14:00:00,129,14,6,0.5296327173580235,1.2976745519374784,0.3,0.0,False
2026-05-10 15:00:00,129,15,6,0.4169609602633905,1.4371535245024665,0.3,0.0,False
2026-05-10 16:00:00,129,16,6,0.4019420677315957,1.5147400590165734,0.5,0.0,False
2026-05-10 17:00:00,129,17,6,0.20140783164713033,1.454500087009126,0.5,0.0,False
2026-05-10 18:00:00,129,18,6,8.349680383536059e-17,1.6610954312156607,0.5,0.0,False
2026-05-10 19:00:00,129,19,6,0.0,1.45372531042457,0.5,0.0,False
2026-05-10 20:00:00,129,20,6,0.0,1.4648187901274086,0.5,0.0,False
2026-05-10 21:00:00,129,21,6,0.0,1.6221942770424476,0.5,0.0,False
2026-05-10 22:00:00,129,22,6,0.0,1.7716067494377565,0.3,0.0,False
2026-05-10 23:00:00,129,23,6,0.0,1.7111247560922491,0.3,0.0,False
2026-05-11 00:00:00,130,0,0,0.0,1.4795019173836284,0.3,0.0,False
2026-05-11 01:00:00,130,1,0,0.0,1.4925728682401396,0.3,0.0,False
2026-05-11 02:00:00,130,2,0,0.0,1.5070078867176306,0.3,0.0,False
2026-05-11 03:00:00,130,3,0,0.0,1.522049911269388,0.3,0.0,False
2026-05-11 04:00:00,130,4,0,0.0,1.3728977828478277,0.3,0.0,False
2026-05-11 05:00:00,130,5,0,0.0,1.6404890698283159,0.3,0.0,False
2026-05-11 06:00:00,130,6,0,0.0,1.930991369158418,0.5,0.0,False
2026-05-11 07:00:00,130,7,0,0.13766608389742283,1.8932715716777029,0.5,0.0,False
2026-05-11 08:00:00,130,8,0,0.3978845889370647,3.5093281935161387,0.5,0.0,False
2026-05-11 09:00:00,130,9,0,0.6476694286018088,3.7093429312735915,0.5,0.0,False
2026-05-11 10:00:00,130,10,0,0.5822055581163561,3.016018154516879,0.3,0.0,False
2026-05-11 11:00:00,130,11,0,0.8652346458917185,3.212752598395165,0.3,0.0,False
2026-05-11 12:00:00,130,12,0,0.5175013554003071,3.21553534402812,0.3,0.0,False
2026-05-11 13:00:00,130,13,0,0.4746728480322282,3.3430492789631425,0.3,0.0,False
2026-05-11 14:00:00,130,14,0,0.7024065064679694,3.5819775037417942,0.3,0.0,False
2026-05-11 15:00:00,130,15,0,0.5867236926118957,3.3857861198498154,0.3,0.0,False
2026-05-11 16:00:00,130,16,0,0.4342031912691832,3.5172603108953417,0.5,0.0,False
2026-05-11 17:00:00,130,17,0,0.12887843319121112,3.3967818259655362,0.5,0.0,False
2026-05-11 18:00:00,130,18,0,1.0253201937240663e-16,1.6687580234531423,0.5,0.0,False
2026-05-11 19:00:00,130,19,0,0.0,1.7785691029414659,0.5,0.0,False
2026-05-11 20:00:00,130,20,0,0.0,1.3902244751546617,0.5,0.0,False
2026-05-11 21:00:00,130,21,0,0.0,1.3804343348802746,0.5,0.0,False
2026-05-11 22:00:00,130,22,0,0.0,1.6003216350715983,0.3,0.0,False
2026-05-11 23:00:00,130,23,0,0.0,1.4994482318906632,0.3,0.0,False
2026-05-12 00:00:00,131,0,1,0.0,1.533053074921044,0.3,0.0,False
2026-05-12 01:00:00,131,1,1,0.0,1.462699966183896,0.3,0.0,False
2026-05-12 02:00:00,131,2,1,0.0,1.4105611924462924,0.3,0.0,False
2026-05-12 03:00:00,131,3,1,0.0,1.7431147003162537,0.3,0.0,False
2026-05-12 04:00:00,131,4,1,0.0,1.3350208329270128,0.3,0.0,False
2026-05-12 05:00:00,131,5,1,0.0,1.6029588388862317,0.3,0.0,False
2026-05-12 06:00:00,131,6,1,0.0,1.9786342428595673,0.5,0.0,False
2026-05-12 07:00:00,131,7,1,0.19550254437511347,1.6631480053644634,0.5,0.0,False
2026-05-12 08:00:00,131,8,1,0.3198741373231453,3.575382950500961,0.5,0.0,False
2026-05-12 09:00:00,131,9,1,0.3754956728546819,3.6005964158575194,0.5,0.0,False
2026-05-12 10:00:00,131,10,1,0.48540241191324746,3.3846876169974887,0.3,0.0,False
2026-05-12 11:00:00,131,11,1,0.6078578952914985,3.244944734110417,0.3,0.0,False
2026-05-12 12:00:00,131,12,1,0.5057248464550618,3.287161529008379,0.3,0.0,False
2026-05-12 13:00:00,131,13,1,0.48241288997944926,3.0813528964522905,0.3,0.0,False
2026-05-12 14:00:00,131,14,1,0.7840935659227622,3.648886757507297,0.3,0.0,False
2026-05-12 15:00:00,131,15,1,0.4384182763773201,3.3106793428109245,0.3,0.0,False
2026-05-12 16:00:00,131,16,1,0.4683386550952826,3.374850134594541,0.5,0.0,False
2026-05-12 17:00:00,131,17,1,0.24024516975920393,3.2189061767152163,0.5,0.0,False
2026-05-12 18:00:00,131,18,1,6.61195605661229e-17,1.4021059009398222,0.5,0.0,False
2026-05-12 19:00:00,131,19,1,0.0,1.7869026982430296,0.5,0.0,False
2026-05-12 20:00:00,131,20,1,0.0,1.2124917589490056,0.5,0.0,False
2026-05-12 21:00:00,131,21,1,0.0,1.5417970602646165,0.5,0.0,False
2026-05-12 22:00:00,131,22,1,0.0,1.318274416333816,0.3,0.0,False
2026-05-12 23:00:00,131,23,1,0.0,1.4392498268404492,0.3,0.0,False
2026-05-13 00:00:00,132,0,2,0.0,1.404285829848897,0.3,0.0,False
2026-05-13 01:00:00,132,1,2,0.0,1.352103347487113,0.3,0.0,False
2026-05-13 02:00:00,132,2,2,0.0,1.505316259455949,0.3,0.0,False
2026-05-13 03:00:00,132,3,2,0.0,1.11479562790409,0.3,0.0,False
2026-05-13 04:00:00,132,4,2,0.0,1.4526767277121955,0.3,0.0,False
2026-05-13 05:00:00,132,5,2,0.0,1.4864565036975037,0.3,0.0,False
2026-05-13 06:00:00,132,6,2,0.0,1.696108518039098,0.5,0.0,False
2026-05-13 07:00:00,132,7,2,0.1275742307170647,2.1269828082174076,0.5,0.0,False
2026-05-13 08:00:00,132,8,2,0.4423572983567434,3.6108312437804027,0.5,0.0,False
2026-05-13 09:00:00,132,9,2,0.4572701548962482,3.6643773636302743,0.5,0.0,False
2026-05-13 10:00:00,132,10,2,0.41217265670131487,3.2111671254127945,0.3,0.0,False
2026-05-13 11:00:00,132,11,2,0.6898935481250348,3.287765081935412,0.3,0.0,False
2026-05-13 12:00:00,132,12,2,0.9178898255805746,3.4962216140259073,0.3,0.0,False
2026-05-13 13:00:00,132,13,2,0.5755073377908672,3.670952370588521,0.3,0.0,False
2026-05-13 14:00:00,132,14,2,0.6120900178712716,3.4118458805550986,0.3,0.0,False
2026-05-13 15:00:00,132,15,2,0.393303786741495,3.4631990650457656,0.3,0.0,False
2026-05-13 16:00:00,132,16,2,0.25060346498983516,3.557464122221562,0.5,0.0,False
2026-05-13 17:00:00,132,17,2,0.1325246418121022,3.3373306615149683,0.5,0.0,False
2026-05-13 18:00:00,132,18,2,1.0022210120637294e-16,1.7355376310417805,0.5,0.0,False
2026-05-13 19:00:00,132,19,2,0.0,1.6188601698585605,0.5,0.0,False
2026-05-13 20:00:00,132,20,2,0.0,1.5215981038967359,0.5,0.0,False
2026-05-13 21:00:00,132,21,2,0.0,1.5525511551677202,0.5,0.0,False
2026-05-13 22:00:00,132,22,2,0.0,1.2267874554948264,0.3,0.0,False
2026-05-13 23:00:00,132,23,2,0.0,1.5438178890669225,0.3,0.0,False
2026-05-14 00:00:00,133,0,3,0.0,1.2684378719330556,0.3,0.0,False
2026-05-14 01:00:00,133,1,3,0.0,1.2562096272583338,0.3,0.0,False
2026-05-14 02:00:00,133,2,3,0.0,1.5289318033537838,0.3,0.0,False
2026-05-14 03:00:00,133,3,3,0.0,1.3328882107199918,0.3,0.0,False
2026-05-14 04:00:00,133,4,3,0.0,1.4989329373044933,0.3,0.0,False
2026-05-14 05:00:00,133,5,3,0.0,1.5207651779024798,0.3,0.0,False
2026-05-14 06:00:00,133,6,3,0.0,1.9274574401225701,0.5,0.0,False
2026-05-14 07:00:00,133,7,3,0.23757805391377276,1.7643817889436848,0.5,0.0,False
2026-05-14 08:00:00,133,8,3,0.4185079380675479,3.8348023573721797,0.5,0.0,False
2026-05-14 09:00:00,133,9,3,0.6460326940753184,3.686614714530088,0.5,0.0,False
2026-05-14 10:00:00,133,10,3,0.7887319709526324,3.366161352025674,0.3,0.0,False
2026-05-14 11:00:00,133,11,3,0.7570367492798364,3.12053405790795,0.3,0.0,False
2026-05-14 12:00:00,133,12,3,0.9162414207060159,3.273250866480602,0.3,0.0,False
2026-05-14 13:00:00,133,13,3,0.650237583074435,3.464594172490518,0.3,0.0,False
2026-05-14 14:00:00,133,14,3,0.4129975276685575,3.445526644771305,0.3,0.0,False
2026-05-14 15:00:00,133,15,3,0.3570196716274242,3.180406097561341,0.3,0.0,False
2026-05-14 16:00:00,133,16,3,0.2635976217338789,3.218166271413773,0.5,0.0,False
2026-05-14 17:00:00,133,17,3,0.13470994231008504,3.151696990490427,0.5,0.0,False
2026-05-14 18:00:00,133,18,3,7.865766890443481e-17,1.4015380622608677,0.5,0.0,False
2026-05-14 19:00:00,133,19,3,0.0,1.2901398688940207,0.5,0.0,False
2026-05-14 20:00:00,133,20,3,0.0,1.4792736191387288,0.5,0.0,False
2026-05-14 21:00:00,133,21,3,0.0,1.5949707597274265,0.5,0.0,False
2026-05-14 22:00:00,133,22,3,0.0,1.3822420704298382,0.3,0.0,False
2026-05-14 23:00:00,133,23,3,0.0,1.4864090576008235,0.3,0.0,False
2026-05-15 00:00:00,134,0,4,0.0,1.4669252388552965,0.3,0.0,False
2026-05-15 01:00:00,134,1,4,0.0,1.658267809739733,0.3,0.0,False
2026-05-15 02:00:00,134,2,4,0.0,1.4082612244793369,0.3,0.0,False
2026-05-15 03:00:00,134,3,4,0.0,1.4137175838523723,0.3,0.0,False
2026-05-15 04:00:00,134,4,4,0.0,1.3730968307561457,0.3,0.0,False
2026-05-15 05:00:00,134,5,4,0.0,1.329373571988227,0.3,0.0,False
2026-05-15 06:00:00,134,6,4,0.0,1.9793777487170454,0.5,0.0,False
2026-05-15 07:00:00,134,7,4,0.20908252653200385,1.8797333805504282,0.5,0.0,False
2026-05-15 08:00:00,134,8,4,0.27133514657232777,3.708221478973495,0.5,0.0,False
2026-05-15 09:00:00,134,9,4,0.6090513609805143,3.891196173429309,0.5,0.0,False
2026-05-15 10:00:00,134,10,4,0.6920215971840559,3.4998121088891807,0.3,0.0,False
2026-05-15 11:00:00,134,11,4,0.5498738642612575,3.0530648538247793,0.3,0.0,False
2026-05-15 12:00:00,134,12,4,0.7852217985226193,3.397175200964335,0.3,0.0,False
2026-05-15 13:00:00,134,13,4,0.682723928065486,3.3338470388566783,0.3,0.0,False
2026-05-15 14:00:00,134,14,4,0.5938919657093583,3.2307613501281094,0.3,0.0,False
2026-05-15 15:00:00,134,15,4,0.37466944427481214,3.349152553054191,0.3,0.0,False
2026-05-15 16:00:00,134,16,4,0.3616922531776084,3.041042514716882,0.5,0.0,False
2026-05-15 17:00:00,134,17,4,0.13563518990148046,3.51939635141646,0.5,0.0,False
2026-05-15 18:00:00,134,18,4,6.793111600610091e-17,1.5772416145607862,0.5,0.0,False
2026-05-15 19:00:00,134,19,4,0.0,1.370220338275101,0.5,0.0,False
2026-05-15 20:00:00,134,20,4,0.0,1.4121884667270714,0.5,0.0,False
2026-05-15 21:00:00,134,21,4,0.0,1.244528028667884,0.5,0.0,False
2026-05-15 22:00:00,134,22,4,0.0,1.4529064125245619,0.3,0.0,False
2026-05-15 23:00:00,134,23,4,0.0,1.4275902034139125,0.3,0.0,False
2026-05-16 00:00:00,135,0,5,0.0,1.3012334419314362,0.3,0.0,False
2026-05-16 01:00:00,135,1,5,0.0,1.6165053350564667,0.3,0.0,False
2026-05-16 02:00:00,135,2,5,0.0,1.6915195784541712,0.3,0.0,False
2026-05-16 03:00:00,135,3,5,0.0,1.4958959264933283,0.3,0.0,False
2026-05-16 04:00:00,135,4,5,0.0,1.454152967573045,0.3,0.0,False
2026-05-16 05:00:00,135,5,5,0.0,1.5652476903197692,0.3,0.0,False
2026-05-16 06:00:00,135,6,5,0.0,1.4970541556257435,0.5,0.0,False
2026-05-16 07:00:00,135,7,5,0.22277670448422862,1.337673117565322,0.5,0.0,False
2026-05-16 08:00:00,135,8,5,0.4488857806802249,1.4020983020119109,0.5,0.0,False
2026-05-16 09:00:00,135,9,5,0.4973970423093868,1.4555345989877955,0.5,0.0,False
2026-05-16 10:00:00,135,10,5,0.8155255451835582,1.5372279891715044,0.3,0.0,False
2026-05-16 11:00:00,135,11,5,0.7165724111859706,1.5014005076814703,0.3,0.0,False
2026-05-16 12:00:00,135,12,5,0.6070990605549592,1.5315554069980675,0.3,0.0,False
2026-05-16 13:00:00,135,13,5,0.6870250093646056,1.2712758025074118,0.3,0.0,False
2026-05-16 14:00:00,135,14,5,0.4291217537753389,1.5997826616127393,0.3,0.0,False
2026-05-16 15:00:00,135,15,5,0.6093446845209327,1.500512382601277,0.3,0.0,False
2026-05-16 16:00:00,135,16,5,0.26306926386410134,1.882906358122523,0.5,0.0,False
2026-05-16 17:00:00,135,17,5,0.16180563270443477,1.441854844473538,0.5,0.0,False
2026-05-16 18:00:00,135,18,5,9.15702163428473e-17,1.548518774266406,0.5,0.0,False
2026-05-16 19:00:00,135,19,5,0.0,1.9243828743312752,0.5,0.0,False
2026-05-16 20:00:00,135,20,5,0.0,1.5291137444254768,0.5,0.0,False
2026-05-16 21:00:00,135,21,5,0.0,1.4898554191085975,0.5,0.0,False
2026-05-16 22:00:00,135,22,5,0.0,1.3519617157874022,0.3,0.0,False
2026-05-16 23:00:00,135,23,5,0.0,1.7292399550813478,0.3,0.0,False
2026-05-17 00:00:00,136,0,6,0.0,1.3261347620735144,0.3,0.0,False
2026-05-17 01:00:00,136,1,6,0.0,1.5640681375272183,0.3,0.0,False
2026-05-17 02:00:00,136,2,6,0.0,1.4289667018037429,0.3,0.0,False
2026-05-17 03:00:00,136,3,6,0.0,1.4715995606132966,0.3,0.0,False
2026-05-17 04:00:00,136,4,6,0.0,1.2864101597084914,0.3,0.0,False
2026-05-17 05:00:00,136,5,6,0.0,1.7014690832600843,0.3,0.0,False
2026-05-17 06:00:00,136,6,6,0.0,1.4583304041122584,0.5,0.0,False
2026-05-17 07:00:00,136,7,6,0.19766681007796405,1.317736551166045,0.5,0.0,False
2026-05-17 08:00:00,136,8,6,0.39309257021846844,1.6879035895560137,0.5,0.0,False
2026-05-17 09:00:00,136,9,6,0.5790338078602424,1.4243794780444046,0.5,0.0,False
2026-05-17 10:00:00,136,10,6,0.7067601100417568,1.5501910937596082,0.3,0.0,False
2026-05-17 11:00:00,136,11,6,0.8418051862805269,1.6262124573201548,0.3,0.0,False
2026-05-17 12:00:00,136,12,6,0.7104276902722247,1.571105149586148,0.3,0.0,False
2026-05-17 13:00:00,136,13,6,0.7092984571813868,1.1705046674251447,0.3,0.0,False
2026-05-17 14:00:00,136,14,6,0.5490392268010209,1.604303505146668,0.3,0.0,False
2026-05-17 15:00:00,136,15,6,0.3742743087511587,1.4849079356002308,0.3,0.0,False
2026-05-17 16:00:00,136,16,6,0.39859503768403126,1.4506456954795002,0.5,0.0,False
2026-05-17 17:00:00,136,17,6,0.12811336172541177,1.4836387576537167,0.5,0.0,False
2026-05-17 18:00:00,136,18,6,7.481329848853485e-17,1.2584950809088378,0.5,0.0,False
2026-05-17 19:00:00,136,19,6,0.0,1.5288256371992703,0.5,0.0,False
2026-05-17 20:00:00,136,20,6,0.0,1.2953412939436035,0.5,0.0,False
2026-05-17 21:00:00,136,21,6,0.0,1.4571240435665054,0.5,0.0,False
2026-05-17 22:00:00,136,22,6,0.0,1.5234396647307316,0.3,0.0,False
2026-05-17 23:00:00,136,23,6,0.0,1.6611055631981422,0.3,0.0,False
2026-05-18 00:00:00,137,0,0,0.0,1.3770580260210428,0.3,0.0,False
2026-05-18 01:00:00,137,1,0,0.0,1.7177381057768983,0.3,0.0,False
2026-05-18 02:00:00,137,2,0,0.0,1.6420279880272721,0.3,0.0,False
2026-05-18 03:00:00,137,3,0,0.0,1.4355885386264196,0.3,0.0,False
2026-05-18 04:00:00,137,4,0,0.0,1.3336876100396096,0.3,0.0,False
2026-05-18 05:00:00,137,5,0,0.0,1.283427572665437,0.3,0.0,False
2026-05-18 06:00:00,137,6,0,0.0,1.940763077729971,0.5,0.0,False
2026-05-18 07:00:00,137,7,0,0.24431857921375455,1.789407377568878,0.5,0.0,False
2026-05-18 08:00:00,137,8,0,0.4215784945989845,3.879903520792257,0.5,0.0,False
2026-05-18 09:00:00,137,9,0,0.5081735359610595,3.598071425525759,0.5,0.0,False
2026-05-18 10:00:00,137,10,0,0.6150003187261671,3.164899352992204,0.3,0.0,False
2026-05-18 11:00:00,137,11,0,0.47599792742133207,3.3350439526866467,0.3,0.0,False
2026-05-18 12:00:00,137,12,0,0.9325546037276901,3.1970929714260863,0.3,0.0,False
2026-05-18 13:00:00,137,13,0,0.6117261186040082,3.3012824990053202,0.3,0.0,False
2026-05-18 14:00:00,137,14,0,0.5221681503021206,3.447898399508778,0.3,0.0,False
2026-05-18 15:00:00,137,15,0,0.6787311799594994,3.3175843997503085,0.3,0.0,False
2026-05-18 16:00:00,137,16,0,0.4125519491221344,3.3181446691054086,0.5,0.0,False
2026-05-18 17:00:00,137,17,0,0.13013824650303116,3.3307720063362627,0.5,0.0,False
2026-05-18 18:00:00,137,18,0,6.243091567546001e-17,1.246035151457191,0.5,0.0,False
2026-05-18 19:00:00,137,19,0,0.0,1.5587756624895734,0.5,0.0,False
2026-05-18 20:00:00,137,20,0,0.0,1.5239897365088844,0.5,0.0,False
2026-05-18 21:00:00,137,21,0,0.0,1.6339345990475131,0.5,0.0,False
2026-05-18 22:00:00,137,22,0,0.0,1.590871620170568,0.3,0.0,False
2026-05-18 23:00:00,137,23,0,0.0,1.469707705259173,0.3,0.0,False
2026-05-19 00:00:00,138,0,1,0.0,1.6548589337266035,0.3,0.0,False
2026-05-19 01:00:00,138,1,1,0.0,1.4561053953580918,0.3,0.0,False
2026-05-19 02:00:00,138,2,1,0.0,1.5370735656116556,0.3,0.0,False
2026-05-19 03:00:00,138,3,1,0.0,1.4533275854280965,0.3,0.0,False
2026-05-19 04:00:00,138,4,1,0.0,1.5692636707384817,0.3,0.0,False
2026-05-19 05:00:00,138,5,1,0.0,1.4435265326043356,0.3,0.0,False
2026-05-19 06:00:00,138,6,1,0.0,2.147132741341235,0.5,0.0,False
2026-05-19 07:00:00,138,7,1,0.16331381895588234,2.2026044105838456,0.5,0.0,False
2026-05-19 08:00:00,138,8,1,0.24361297511428587,3.8310907381279007,0.5,0.0,False
2026-05-19 09:00:00,138,9,1,0.4879721643785745,3.931194497412104,0.5,0.0,False
2026-05-19 10:00:00,138,10,1,0.7116844298575946,3.0691178278711426,0.3,0.0,False
2026-05-19 11:00:00,138,11,1,0.8373205183333376,3.0867933385087505,0.3,0.0,False
2026-05-19 12:00:00,138,12,1,0.7720362097784416,3.251765915005318,0.3,0.0,False
2026-05-19 13:00:00,138,13,1,0.8584820175995008,3.3061846447888312,0.3,0.0,False
2026-05-19 14:00:00,138,14,1,0.5861667206518741,3.27026888728505,0.3,0.0,False
2026-05-19 15:00:00,138,15,1,0.629098263583819,3.053679712555057,0.3,0.0,False
2026-05-19 16:00:00,138,16,1,0.36247791866791973,3.472738755948547,0.5,0.0,False
2026-05-19 17:00:00,138,17,1,0.15233006448890135,3.6231297350035403,0.5,0.0,False
2026-05-19 18:00:00,138,18,1,1.1457497157844088e-16,1.6921481518758934,0.5,0.0,False
2026-05-19 19:00:00,138,19,1,0.0,1.6628284903179706,0.5,0.0,False
2026-05-19 20:00:00,138,20,1,0.0,1.5339179407718404,0.5,0.0,False
2026-05-19 21:00:00,138,21,1,0.0,1.3735503943909295,0.5,0.0,False
2026-05-19 22:00:00,138,22,1,0.0,1.5108792078953952,0.3,0.0,False
2026-05-19 23:00:00,138,23,1,0.0,1.8158382055262257,0.3,0.0,False
2026-05-20 00:00:00,139,0,2,0.0,1.4472017831239417,0.3,0.0,False
2026-05-20 01:00:00,139,1,2,0.0,1.4317564128264086,0.3,0.0,False
2026-05-20 02:00:00,139,2,2,0.0,1.666095548865587,0.3,0.0,False
2026-05-20 03:00:00,139,3,2,0.0,1.6760529076118393,0.3,0.0,False
2026-05-20 04:00:00,139,4,2,0.0,1.3728147291337796,0.3,0.0,False
2026-05-20 05:00:00,139,5,2,0.0,1.4607773080143867,0.3,0.0,False
2026-05-20 06:00:00,139,6,2,0.0,1.8247141756147847,0.5,0.0,False
2026-05-20 07:00:00,139,7,2,0.13776244300576174,1.9104534068591634,0.5,0.0,False
2026-05-20 08:00:00,139,8,2,0.3624814945408044,3.8655530006427234,0.5,0.0,False
2026-05-20 09:00:00,139,9,2,0.5702303147389334,3.579395871830786,0.5,0.0,False
2026-05-20 10:00:00,139,10,2,0.7500329849449409,3.4634497218355405,0.3,0.0,False
2026-05-20 11:00:00,139,11,2,0.7406220684924839,3.315247687338196,0.3,0.0,False
2026-05-20 12:00:00,139,12,2,0.8556084407967368,3.6489288204471415,0.3,0.0,False
2026-05-20 13:00:00,139,13,2,0.6488775024475023,3.3478246326556307,0.3,0.0,False
2026-05-20 14:00:00,139,14,2,0.4314530485634355,3.28546221455561,0.3,0.0,False
2026-05-20 15:00:00,139,15,2,0.38066773450752805,3.3862072090673987,0.3,0.0,False
2026-05-20 16:00:00,139,16,2,0.25051158351680874,3.2494280643169184,0.5,0.0,False
2026-05-20 17:00:00,139,17,2,0.16590559160542084,3.030709031497226,0.5,0.0,False
2026-05-20 18:00:00,139,18,2,8.833910217708043e-17,1.4639218238593352,0.5,0.0,False
2026-05-20 19:00:00,139,19,2,0.0,1.4615559586396163,0.5,0.0,False
2026-05-20 20:00:00,139,20,2,0.0,1.2611523809175282,0.5,0.0,False
2026-05-20 21:00:00,139,21,2,0.0,1.489044721530826,0.5,0.0,False
2026-05-20 22:00:00,139,22,2,0.0,1.1899334663085903,0.3,0.0,False
2026-05-20 23:00:00,139,23,2,0.0,1.4478469747266782,0.3,0.0,False
2026-05-21 00:00:00,140,0,3,0.0,1.5365393988067009,0.3,0.0,False
2026-05-21 01:00:00,140,1,3,0.0,1.5145494265707349,0.3,0.0,False
2026-05-21 02:00:00,140,2,3,0.0,1.4383395790669773,0.3,0.0,False
2026-05-21 03:00:00,140,3,3,0.0,1.4871704397077892,0.3,0.0,False
2026-05-21 04:00:00,140,4,3,0.0,1.3823903343783255,0.3,0.0,False
2026-05-21 05:00:00,140,5,3,0.0,1.5016224779133802,0.3,0.0,False
2026-05-21 06:00:00,140,6,3,0.0,1.9087129609887656,0.5,0.0,False
2026-05-21 07:00:00,140,7,3,0.20612638162716895,1.7649625033147736,0.5,0.0,False
2026-05-21 08:00:00,140,8,3,0.27435996546873354,3.740154880076364,0.5,0.0,False
2026-05-21 09:00:00,140,9,3,0.49260298473150455,3.739217898262068,0.5,0.0,False
2026-05-21 10:00:00,140,10,3,0.7924087142562272,3.275068512962839,0.3,0.0,False
2026-05-21 11:00:00,140,11,3,0.48391277713269804,3.6631570554430226,0.3,0.0,False
2026-05-21 12:00:00,140,12,3,0.8968456992369512,3.2788946419973537,0.3,0.0,False
2026-05-21 13:00:00,140,13,3,0.5431570870101623,3.2581148631940473,0.3,0.0,False
2026-05-21 14:00:00,140,14,3,0.6310313916924192,3.23664103361884,0.3,0.0,False
2026-05-21 15:00:00,140,15,3,0.48689242557429113,3.15435911653854,0.3,0.0,False
2026-05-21 16:00:00,140,16,3,0.2441644453000013,3.4028846039765104,0.5,0.0,False
2026-05-21 17:00:00,140,17,3,0.23965718480152856,3.197062954797082,0.5,0.0,False
2026-05-21 18:00:00,140,18,3,8.61364482881318e-17,1.4148077779503372,0.5,0.0,False
2026-05-21 19:00:00,140,19,3,0.0,1.4192637660692102,0.5,0.0,False
2026-05-21 20:00:00,140,20,3,0.0,1.3522584726227234,0.5,0.0,False
2026-05-21 21:00:00,140,21,3,0.0,1.2373375001182916,0.5,0.0,False
2026-05-21 22:00:00,140,22,3,0.0,1.430559019926121,0.3,0.0,False
2026-05-21 23:00:00,140,23,3,0.0,1.6310002969068438,0.3,0.0,False
2026-05-22 00:00:00,141,0,4,0.0,1.5295469708197866,0.3,0.0,False
2026-05-22 01:00:00,141,1,4,0.0,1.7340862905282188,0.3,0.0,False
2026-05-22 02:00:00,141,2,4,0.0,1.6126434457483776,0.3,0.0,False
2026-05-22 03:00:00,141,3,4,0.0,1.5785947215411067,0.3,0.0,False
2026-05-22 04:00:00,141,4,4,0.0,1.7823973533979072,0.3,0.0,False
2026-05-22 05:00:00,141,5,4,0.0,1.4854281607495183,0.3,0.0,False
2026-05-22 06:00:00,141,6,4,0.0,1.9094613510257428,0.5,0.0,False
2026-05-22 07:00:00,141,7,4,0.2129990076543279,1.8982803367509793,0.5,0.0,False
2026-05-22 08:00:00,141,8,4,0.47821469357826873,3.931568009677532,0.5,0.0,False
2026-05-22 09:00:00,141,9,4,0.3522937762407525,3.7003772974688633,0.5,0.0,False
2026-05-22 10:00:00,141,10,4,0.7302518585586925,3.202758393888434,0.3,0.0,False
2026-05-22 11:00:00,141,11,4,0.9017609926171133,3.3881513306944275,0.3,0.0,False
2026-05-22 12:00:00,141,12,4,0.5207171041692482,3.1775610283414455,0.3,0.0,False
2026-05-22 13:00:00,141,13,4,0.5195351431999106,3.3800207268920888,0.3,0.0,False
2026-05-22 14:00:00,141,14,4,0.709907273073783,3.362076140121275,0.3,0.0,False
2026-05-22 15:00:00,141,15,4,0.5645653305977575,3.2715895998290256,0.3,0.0,False
2026-05-22 16:00:00,141,16,4,0.25891620707843727,3.384871735813024,0.5,0.0,False
2026-05-22 17:00:00,141,17,4,0.23002620048820532,3.076831510453747,0.5,0.0,False
2026-05-22 18:00:00,141,18,4,9.038851442290636e-17,1.524444318198748,0.5,0.0,False
2026-05-22 19:00:00,141,19,4,0.0,1.4305851922999901,0.5,0.0,False
2026-05-22 20:00:00,141,20,4,0.0,1.9293395365926782,0.5,0.0,False
2026-05-22 21:00:00,141,21,4,0.0,1.5233737604460311,0.5,0.0,False
2026-05-22 22:00:00,141,22,4,0.0,1.4105411925324844,0.3,0.0,False
2026-05-22 23:00:00,141,23,4,0.0,1.2932547395920377,0.3,0.0,False
2026-05-23 00:00:00,142,0,5,0.0,1.69581092951914,0.3,0.0,False
2026-05-23 01:00:00,142,1,5,0.0,1.4474950920714333,0.3,0.0,False
2026-05-23 02:00:00,142,2,5,0.0,1.381297189938687,0.3,0.0,False
2026-05-23 03:00:00,142,3,5,0.0,1.550444882101359,0.3,0.0,False
2026-05-23 04:00:00,142,4,5,0.0,1.597457824710848,0.3,0.0,False
2026-05-23 05:00:00,142,5,5,0.0,1.5950929399814293,0.3,0.0,False
2026-05-23 06:00:00,142,6,5,0.0,1.5029625634589043,0.5,0.0,False
2026-05-23 07:00:00,142,7,5,0.15482178977540625,1.523878520533008,0.5,0.0,False
2026-05-23 08:00:00,142,8,5,0.39326949250811394,1.5348055613521054,0.5,0.0,False
2026-05-23 09:00:00,142,9,5,0.6134151517151001,1.550459439844331,0.5,0.0,False
2026-05-23 10:00:00,142,10,5,0.44455639334659175,1.5637327793852223,0.3,0.0,False
2026-05-23 11:00:00,142,11,5,0.867718547195253,1.664167912695832,0.3,0.0,False
2026-05-23 12:00:00,142,12,5,0.9034184184406729,1.5084622293038776,0.3,0.0,False
2026-05-23 13:00:00,142,13,5,0.6294774041573573,1.3774795101254458,0.3,0.0,False
2026-05-23 14:00:00,142,14,5,0.6975492321740492,1.478356244534395,0.3,0.0,False
2026-05-23 15:00:00,142,15,5,0.48152590337212536,1.6130671228102496,0.3,0.0,False
2026-05-23 16:00:00,142,16,5,0.28018470661160094,1.2320208062422733,0.5,0.0,False
2026-05-23 17:00:00,142,17,5,0.1920899317530632,1.2328871706942057,0.5,0.0,False
2026-05-23 18:00:00,142,18,5,6.459237759898965e-17,1.6377414182088486,0.5,0.0,False
2026-05-23 19:00:00,142,19,5,0.0,1.728018422527699,0.5,0.0,False
2026-05-23 20:00:00,142,20,5,0.0,1.310219994747079,0.5,0.0,False
2026-05-23 21:00:00,142,21,5,0.0,1.5150688906249343,0.5,0.0,False
2026-05-23 22:00:00,142,22,5,0.0,1.4400682330624477,0.3,0.0,False
2026-05-23 23:00:00,142,23,5,0.0,1.4608754831637565,0.3,0.0,False
2026-05-24 00:00:00,143,0,6,0.0,1.5458296513134624,0.3,0.0,False
2026-05-24 01:00:00,143,1,6,0.0,1.3060694656483878,0.3,0.0,False
2026-05-24 02:00:00,143,2,6,0.0,1.33391737492614,0.3,0.0,False
2026-05-24 03:00:00,143,3,6,0.0,1.4548123240618163,0.3,0.0,False
2026-05-24 04:00:00,143,4,6,0.0,1.478193660315876,0.3,0.0,False
2026-05-24 05:00:00,143,5,6,0.0,1.3311067341473743,0.3,0.0,False
2026-05-24 06:00:00,143,6,6,0.0,1.6184471512183776,0.5,0.0,False
2026-05-24 07:00:00,143,7,6,0.20099026490185182,1.437365854033345,0.5,0.0,False
2026-05-24 08:00:00,143,8,6,0.30747472440955576,1.4367273590899732,0.5,0.0,False
2026-05-24 09:00:00,143,9,6,0.40863023050428526,1.542398818534485,0.5,0.0,False
2026-05-24 10:00:00,143,10,6,0.4383540942708558,1.4806637585898752,0.3,0.0,False
2026-05-24 11:00:00,143,11,6,0.6411416955625614,1.625621521935872,0.3,0.0,False
2026-05-24 12:00:00,143,12,6,0.914113975238278,1.3599866193299,0.3,0.0,False
2026-05-24 13:00:00,143,13,6,0.6281292311131548,1.290392010440479,0.3,0.0,False
2026-05-24 14:00:00,143,14,6,0.7074264374076635,1.453531865430209,0.3,0.0,False
2026-05-24 15:00:00,143,15,6,0.6042623438949181,1.5090354259402519,0.3,0.0,False
2026-05-24 16:00:00,143,16,6,0.32305897347413054,1.313886608385372,0.5,0.0,False
2026-05-24 17:00:00,143,17,6,0.22937164168235014,1.291836965744961,0.5,0.0,False
2026-05-24 18:00:00,143,18,6,1.0080012810830737e-16,1.5273446673506978,0.5,0.0,False
2026-05-24 19:00:00,143,19,6,0.0,1.3863329149027557,0.5,0.0,False
2026-05-24 20:00:00,143,20,6,0.0,1.2821232424489621,0.5,0.0,False
2026-05-24 21:00:00,143,21,6,0.0,1.6448011938471094,0.5,0.0,False
2026-05-24 22:00:00,143,22,6,0.0,1.405230799060936,0.3,0.0,False
2026-05-24 23:00:00,143,23,6,0.0,1.6724717405798037,0.3,0.0,False
2026-05-25 00:00:00,144,0,0,0.0,1.504270618666414,0.3,0.0,False
2026-05-25 01:00:00,144,1,0,0.0,1.5442138293082954,0.3,0.0,False
2026-05-25 02:00:00,144,2,0,0.0,1.468275038085472,0.3,0.0,False
2026-05-25 03:00:00,144,3,0,0.0,1.1017256633181454,0.3,0.0,False
2026-05-25 04:00:00,144,4,0,0.0,1.3294820263419445,0.3,0.0,False
2026-05-25 05:00:00,144,5,0,0.0,1.4811435810421913,0.3,0.0,False
2026-05-25 06:00:00,144,6,0,0.0,1.9547093705939056,0.5,0.0,False
2026-05-25 07:00:00,144,7,0,0.1625222411139235,1.6315488966417817,0.5,0.0,False
2026-05-25 08:00:00,144,8,0,0.4268447661769803,3.6919597438209304,0.5,0.0,False
2026-05-25 09:00:00,144,9,0,0.618021864164735,3.531660386917895,0.5,0.0,False
2026-05-25 10:00:00,144,10,0,0.6837583478341301,3.335193024763448,0.3,0.0,False
2026-05-25 11:00:00,144,11,0,0.6126890222279469,3.297089882145026,0.3,0.0,False
2026-05-25 12:00:00,144,12,0,0.6387413014279569,3.411525240364436,0.3,0.0,False
2026-05-25 13:00:00,144,13,0,0.9260395451796313,3.4600234395281277,0.3,0.0,False
2026-05-25 14:00:00,144,14,0,0.6075597152226578,3.368848484891104,0.3,0.0,False
2026-05-25 15:00:00,144,15,0,0.4987980261732707,3.429059038345586,0.3,0.0,False
2026-05-25 16:00:00,144,16,0,0.37834529455067484,3.247448628611424,0.5,0.0,False
2026-05-25 17:00:00,144,17,0,0.1778261162143322,3.723467611690072,0.5,0.0,False
2026-05-25 18:00:00,144,18,0,9.268809661023419e-17,1.3171771355257678,0.5,0.0,False
2026-05-25 19:00:00,144,19,0,0.0,1.4208366333136018,0.5,0.0,False
2026-05-25 20:00:00,144,20,0,0.0,1.635203787412034,0.5,0.0,False
2026-05-25 21:00:00,144,21,0,0.0,1.612908195729149,0.5,0.0,False
2026-05-25 22:00:00,144,22,0,0.0,1.5731083528713523,0.3,0.0,False
2026-05-25 23:00:00,144,23,0,0.0,1.6012977986989663,0.3,0.0,False
2026-05-26 00:00:00,145,0,1,0.0,1.187466426809094,0.3,0.0,False
2026-05-26 01:00:00,145,1,1,0.0,1.7383948041806752,0.3,0.0,False
2026-05-26 02:00:00,145,2,1,0.0,1.4694163561700078,0.3,0.0,False
2026-05-26 03:00:00,145,3,1,0.0,1.6868841273406279,0.3,0.0,False
2026-05-26 04:00:00,145,4,1,0.0,1.1949710131548066,0.3,0.0,False
2026-05-26 05:00:00,145,5,1,0.0,1.5384852755221787,0.3,0.0,False
2026-05-26 06:00:00,145,6,1,0.0,1.8154746581282726,0.5,0.0,False
2026-05-26 07:00:00,145,7,1,0.22071337336280858,1.9858180227371953,0.5,0.0,False
2026-05-26 08:00:00,145,8,1,0.29513712556723254,3.7475605678703268,0.5,0.0,False
2026-05-26 09:00:00,145,9,1,0.51744041774555,3.7549071696248766,0.5,0.0,False
2026-05-26 10:00:00,145,10,1,0.671752867413582,3.141158746765276,0.3,0.0,False
2026-05-26 11:00:00,145,11,1,0.47290462161226793,3.291454631877208,0.3,0.0,False
2026-05-26 12:00:00,145,12,1,0.9064088947473612,3.2729749428105985,0.3,0.0,False
2026-05-26 13:00:00,145,13,1,0.759506027530905,3.3742965062561145,0.3,0.0,False
2026-05-26 14:00:00,145,14,1,0.4775644309773027,3.4483945493150197,0.3,0.0,False
2026-05-26 15:00:00,145,15,1,0.6272507526751574,3.322571388301292,0.3,0.0,False
2026-05-26 16:00:00,145,16,1,0.41928533032826243,3.1085741567417102,0.5,0.0,False
2026-05-26 17:00:00,145,17,1,0.22225116878763385,3.316136821435015,0.5,0.0,False
2026-05-26 18:00:00,145,18,1,8.325652770250284e-17,1.8916614342613893,0.5,0.0,False
2026-05-26 19:00:00,145,19,1,0.0,1.7469007990481678,0.5,0.0,False
2026-05-26 20:00:00,145,20,1,0.0,1.0538400655863451,0.5,0.0,False
2026-05-26 21:00:00,145,21,1,0.0,1.5095014730542267,0.5,0.0,False
2026-05-26 22:00:00,145,22,1,0.0,1.6398179287883017,0.3,0.0,False
2026-05-26 23:00:00,145,23,1,0.0,1.4726509481148031,0.3,0.0,False
2026-05-27 00:00:00,146,0,2,0.0,1.4309863619784176,0.3,0.0,False
2026-05-27 01:00:00,146,1,2,0.0,1.4599553677374768,0.3,0.0,False
2026-05-27 02:00:00,146,2,2,0.0,1.5828284228151979,0.3,0.0,False
2026-05-27 03:00:00,146,3,2,0.0,1.3277295038437487,0.3,0.0,False
2026-05-27 04:00:00,146,4,2,0.0,1.6783032977414056,0.3,0.0,False
2026-05-27 05:00:00,146,5,2,0.0,1.4916010512452895,0.3,0.0,False
2026-05-27 06:00:00,146,6,2,0.0,1.7597463588832676,0.5,0.0,False
2026-05-27 07:00:00,146,7,2,0.21619356418984748,2.068652524209804,0.5,0.0,False
2026-05-27 08:00:00,146,8,2,0.4863154625287059,3.4682303642332535,0.5,0.0,False
2026-05-27 09:00:00,146,9,2,0.6819840807041666,3.6167184854497623,0.5,0.0,False
2026-05-27 10:00:00,146,10,2,0.8130742563992224,3.2142487402072253,0.3,0.0,False
2026-05-27 11:00:00,146,11,2,0.8295792235426046,3.6215912907354193,0.3,0.0,False
2026-05-27 12:00:00,146,12,2,0.7874390670301784,3.1972468847040836,0.3,0.0,False
2026-05-27 13:00:00,146,13,2,0.5539616008350724,2.976755216924984,0.3,0.0,False
2026-05-27 14:00:00,146,14,2,0.6539438990630922,3.2127277327081285,0.3,0.0,False
2026-05-27 15:00:00,146,15,2,0.610755496892022,3.3683325521107164,0.3,0.0,False
2026-05-27 16:00:00,146,16,2,0.37205184818259285,3.4176126819875403,0.5,0.0,False
2026-05-27 17:00:00,146,17,2,0.23657765890553412,3.6414809540164157,0.5,0.0,False
2026-05-27 18:00:00,146,18,2,6.648814456680186e-17,1.711034635647882,0.5,0.0,False
2026-05-27 19:00:00,146,19,2,0.0,1.5281883890872727,0.5,0.0,False
2026-05-27 20:00:00,146,20,2,0.0,1.3662876798637833,0.5,0.0,False
2026-05-27 21:00:00,146,21,2,0.0,1.7436041147021037,0.5,0.0,False
2026-05-27 22:00:00,146,22,2,0.0,1.4447154674510654,0.3,0.0,False
2026-05-27 23:00:00,146,23,2,0.0,1.4012764145678094,0.3,0.0,False
2026-05-28 00:00:00,147,0,3,0.0,1.4374389296768895,0.3,0.0,False
2026-05-28 01:00:00,147,1,3,0.0,1.3121567641654786,0.3,0.0,False
2026-05-28 02:00:00,147,2,3,0.0,1.4302469863243537,0.3,0.0,False
2026-05-28 03:00:00,147,3,3,0.0,1.4650337505032376,0.3,0.0,False
2026-05-28 04:00:00,147,4,3,0.0,1.6095984908718177,0.3,0.0,False
2026-05-28 05:00:00,147,5,3,0.0,1.441786749734847,0.3,0.0,False
2026-05-28 06:00:00,147,6,3,0.0,1.7098811137242227,0.5,0.0,False
2026-05-28 07:00:00,147,7,3,0.22774172836139284,1.6594341767114948,0.5,0.0,False
2026-05-28 08:00:00,147,8,3,0.3010072579160726,3.7314354621284673,0.5,0.0,False
2026-05-28 09:00:00,147,9,3,0.5517978553545073,3.7108938780203835,0.5,0.0,False
2026-05-28 10:00:00,147,10,3,0.49001279443391066,3.216853093318025,0.3,0.0,False
2026-05-28 11:00:00,147,11,3,0.6171433097739277,3.229881530926189,0.3,0.0,False
2026-05-28 12:00:00,147,12,3,0.925739112631744,3.3582730399198755,0.3,0.0,False
2026-05-28 13:00:00,147,13,3,0.7310083527327463,3.508581938053402,0.3,0.0,False
2026-05-28 14:00:00,147,14,3,0.8004797758937579,3.1829783123784017,0.3,0.0,False
2026-05-28 15:00:00,147,15,3,0.42463189333159895,3.3133354254323146,0.3,0.0,False
2026-05-28 16:00:00,147,16,3,0.32593670386513707,3.4437405606007983,0.5,0.0,False
2026-05-28 17:00:00,147,17,3,0.18659433207505602,3.1835828564704123,0.5,0.0,False
2026-05-28 18:00:00,147,18,3,8.883819765374692e-17,1.4976551828155042,0.5,0.0,False
2026-05-28 19:00:00,147,19,3,0.0,1.49430065953685,0.5,0.0,False
2026-05-28 20:00:00,147,20,3,0.0,1.3033057147434721,0.5,0.0,False
2026-05-28 21:00:00,147,21,3,0.0,1.5252748192148433,0.5,0.0,False
2026-05-28 22:00:00,147,22,3,0.0,1.5047317017906647,0.3,0.0,False
2026-05-28 23:00:00,147,23,3,0.0,1.5832626374394088,0.3,0.0,False
2026-05-29 00:00:00,148,0,4,0.0,1.3219670288008931,0.3,0.0,False
2026-05-29 01:00:00,148,1,4,0.0,1.5014955577891838,0.3,0.0,False
2026-05-29 02:00:00,148,2,4,0.0,1.7072601095483713,0.3,0.0,False
2026-05-29 03:00:00,148,3,4,0.0,1.811624974786843,0.3,0.0,False
2026-05-29 04:00:00,148,4,4,0.0,1.6920193903457414,0.3,0.0,False
2026-05-29 05:00:00,148,5,4,0.0,1.3234392741524637,0.3,0.0,False
2026-05-29 06:00:00,148,6,4,0.0,1.967657902306544,0.5,0.0,False
2026-05-29 07:00:00,148,7,4,0.19241747597183875,1.827528013755833,0.5,0.0,False
2026-05-29 08:00:00,148,8,4,0.4200185132026347,3.742585088969488,0.5,0.0,False
2026-05-29 09:00:00,148,9,4,0.5220887039504879,3.584167494133461,0.5,0.0,False
2026-05-29 10:00:00,148,10,4,0.8097367920617652,3.042978983722155,0.3,0.0,False
2026-05-29 11:00:00,148,11,4,0.5616811450118795,3.248322414195025,0.3,0.0,False
2026-05-29 12:00:00,148,12,4,0.9688011514560233,3.4083904044915023,0.3,0.0,False
2026-05-29 13:00:00,148,13,4,0.8593665711700055,3.3431999633210716,0.3,0.0,False
2026-05-29 14:00:00,148,14,4,0.7911258804607965,3.360442178987153,0.3,0.0,False
2026-05-29 15:00:00,148,15,4,0.5147898520689382,3.3324525484469065,0.3,0.0,False
2026-05-29 16:00:00,148,16,4,0.45098035413498094,3.3606791212268563,0.5,0.0,False
2026-05-29 17:00:00,148,17,4,0.16604567169472706,3.3794267638630053,0.5,0.0,False
2026-05-29 18:00:00,148,18,4,1.0593386034513127e-16,1.4587977856568073,0.5,0.0,False
2026-05-29 19:00:00,148,19,4,0.0,1.5124335842129424,0.5,0.0,False
2026-05-29 20:00:00,148,20,4,0.0,1.7614887562304535,0.5,0.0,False
2026-05-29 21:00:00,148,21,4,0.0,1.521304654350171,0.5,0.0,False
2026-05-29 22:00:00,148,22,4,0.0,1.5063845244680878,0.3,0.0,False
2026-05-29 23:00:00,148,23,4,0.0,1.5154326760839598,0.3,0.0,False
2026-05-30 00:00:00,149,0,5,0.0,1.467313722252567,0.3,0.0,False
2026-05-30 01:00:00,149,1,5,0.0,1.4346966054418795,0.3,0.0,False
2026-05-30 02:00:00,149,2,5,0.0,1.5313017786548146,0.3,0.0,False
2026-05-30 03:00:00,149,3,5,0.0,1.4241427197061274,0.3,0.0,False
2026-05-30 04:00:00,149,4,5,0.0,1.4781727605784176,0.3,0.0,False
2026-05-30 05:00:00,149,5,5,0.0,1.3814227940210568,0.3,0.0,False
2026-05-30 06:00:00,149,6,5,0.0,1.5162017706801476,0.5,0.0,False
2026-05-30 07:00:00,149,7,5,0.21921802903302906,1.5876292416264042,0.5,0.0,False
2026-05-30 08:00:00,149,8,5,0.4708651719375613,1.4682127710133628,0.5,0.0,False
2026-05-30 09:00:00,149,9,5,0.6261175753669884,1.1987432344666027,0.5,0.0,False
2026-05-30 10:00:00,149,10,5,0.5921221634403075,1.5885557316083208,0.3,0.0,False
2026-05-30 11:00:00,149,11,5,0.7049633818103826,1.5180275764139641,0.3,0.0,False
2026-05-30 12:00:00,149,12,5,0.8749628691331696,1.351015282497981,0.3,0.0,False
2026-05-30 13:00:00,149,13,5,0.613949303521769,1.615990536348491,0.3,0.0,False
2026-05-30 14:00:00,149,14,5,0.7681841356697587,1.290236219892623,0.3,0.0,False
2026-05-30 15:00:00,149,15,5,0.4617774714277325,1.6568111422986702,0.3,0.0,False
2026-05-30 16:00:00,149,16,5,0.44402956174323904,1.491395007052918,0.5,0.0,False
2026-05-30 17:00:00,149,17,5,0.13831600496629684,1.1596702386934004,0.5,0.0,False
2026-05-30 18:00:00,149,18,5,6.289309830403415e-17,1.5267494380894857,0.5,0.0,False
2026-05-30 19:00:00,149,19,5,0.0,1.4390711447863596,0.5,0.0,False
2026-05-30 20:00:00,149,20,5,0.0,1.4164726062265296,0.5,0.0,False
2026-05-30 21:00:00,149,21,5,0.0,1.3893411357815673,0.5,0.0,False
2026-05-30 22:00:00,149,22,5,0.0,1.480917631371019,0.3,0.0,False
2026-05-30 23:00:00,149,23,5,0.0,1.4272216978249288,0.3,0.0,False
2026-05-31 00:00:00,150,0,6,0.0,1.2214964635217422,0.3,0.0,False
2026-05-31 01:00:00,150,1,6,0.0,1.6908101830015807,0.3,0.0,False
2026-05-31 02:00:00,150,2,6,0.0,1.4633463516057292,0.3,0.0,False
2026-05-31 03:00:00,150,3,6,0.0,1.3902097476182604,0.3,0.0,False
2026-05-31 04:00:00,150,4,6,0.0,1.3307364476182004,0.3,0.0,False
2026-05-31 05:00:00,150,5,6,0.0,1.6156098101179381,0.3,0.0,False
2026-05-31 06:00:00,150,6,6,0.0,1.3052352046355213,0.5,0.0,False
2026-05-31 07:00:00,150,7,6,0.1588804526700841,1.520098095278695,0.5,0.0,False
2026-05-31 08:00:00,150,8,6,0.2952323039612839,1.412452649718963,0.5,0.0,False
2026-05-31 09:00:00,150,9,6,0.4268618551986277,1.4211870509156501,0.5,0.0,False
2026-05-31 10:00:00,150,10,6,0.7063074983707925,1.334466070353615,0.3,0.0,False
2026-05-31 11:00:00,150,11,6,0.6314989423476064,1.406952085121751,0.3,0.0,False
2026-05-31 12:00:00,150,12,6,0.7953704493457339,1.5013218587260286,0.3,0.0,False
2026-05-31 13:00:00,150,13,6,0.8991977589978821,1.535296833952349,0.3,0.0,False
2026-05-31 14:00:00,150,14,6,0.6834935521155096,1.3821611278075532,0.3,0.0,False
2026-05-31 15:00:00,150,15,6,0.5900996374203854,1.486359839634388,0.3,0.0,False
2026-05-31 16:00:00,150,16,6,0.3362429026023158,1.6332681646455633,0.5,0.0,False
2026-05-31 17:00:00,150,17,6,0.14782458260944215,1.2506057164576392,0.5,0.0,False
2026-05-31 18:00:00,150,18,6,7.964660559345088e-17,1.499059653961221,0.5,0.0,False
2026-05-31 19:00:00,150,19,6,0.0,1.357382408189674,0.5,0.0,False
2026-05-31 20:00:00,150,20,6,0.0,1.3420973741825204,0.5,0.0,False
2026-05-31 21:00:00,150,21,6,0.0,1.539151726949715,0.5,0.0,False
2026-05-31 22:00:00,150,22,6,0.0,1.4182122796998662,0.3,0.0,False
2026-05-31 23:00:00,150,23,6,0.0,1.317479531064735,0.3,0.0,False
2026-06-01 00:00:00,151,0,0,0.0,1.6986424788104981,0.3,0.0,False
2026-06-01 01:00:00,151,1,0,0.0,1.6380134271497744,0.3,0.0,False
2026-06-01 02:00:00,151,2,0,0.0,1.2101541065461245,0.3,0.0,False
2026-06-01 03:00:00,151,3,0,0.0,1.2788357807996897,0.3,0.0,False
2026-06-01 04:00:00,151,4,0,0.0,1.5890185606978022,0.3,0.0,False
2026-06-01 05:00:00,151,5,0,0.0,1.4572689250443795,0.3,0.0,False
2026-06-01 06:00:00,151,6,0,0.0,2.1250861966532435,0.5,0.0,False
2026-06-01 07:00:00,151,7,0,0.25084928323478606,1.9924504597811514,0.5,0.0,False
2026-06-01 08:00:00,151,8,0,0.394278113067225,3.7449198285780994,0.5,0.0,False
2026-06-01 09:00:00,151,9,0,0.49371214976680083,3.546720596226184,0.5,0.0,False
2026-06-01 10:00:00,151,10,0,0.6787078772962626,3.3737160442296705,0.3,0.0,False
2026-06-01 11:00:00,151,11,0,0.5058410399329379,3.10863540678743,0.3,0.0,False
2026-06-01 12:00:00,151,12,0,0.8986723486685639,3.49578668001151,0.3,0.0,False
2026-06-01 13:00:00,151,13,0,0.5796028538974647,3.3633207883527363,0.3,0.0,False
2026-06-01 14:00:00,151,14,0,0.7707637139266301,3.176275413486361,0.3,0.0,False
2026-06-01 15:00:00,151,15,0,0.5351064191931625,3.420701614219847,0.3,0.0,False
2026-06-01 16:00:00,151,16,0,0.3148023703359542,3.63622873337045,0.5,0.0,False
2026-06-01 17:00:00,151,17,0,0.13150571902903313,3.267357435028582,0.5,0.0,False
2026-06-01 18:00:00,151,18,0,1.0967547183650437e-16,1.582561978453694,0.5,0.0,False
2026-06-01 19:00:00,151,19,0,0.0,1.4352256020463499,0.5,0.0,False
2026-06-01 20:00:00,151,20,0,0.0,1.5128028326427518,0.5,0.0,False
2026-06-01 21:00:00,151,21,0,0.0,1.273914815995283,0.5,0.0,False
2026-06-01 22:00:00,151,22,0,0.0,1.4999205729741203,0.3,0.0,False
2026-06-01 23:00:00,151,23,0,0.0,1.5065365994745916,0.3,0.0,False
2026-06-02 00:00:00,152,0,1,0.0,1.7698496665267123,0.3,0.0,False
2026-06-02 01:00:00,152,1,1,0.0,1.2307495330944975,0.3,0.0,False
2026-06-02 02:00:00,152,2,1,0.0,1.457867481133833,0.3,0.0,False
2026-06-02 03:00:00,152,3,1,0.0,1.6932175826746554,0.3,0.0,False
2026-06-02 04:00:00,152,4,1,0.0,1.4637342756301865,0.3,0.0,False
2026-06-02 05:00:00,152,5,1,0.0,1.4742987700522503,0.3,0.0,False
2026-06-02 06:00:00,152,6,1,0.0,1.7750111462676739,0.5,0.0,False
2026-06-02 07:00:00,152,7,1,0.13842749695561493,1.7601091929605863,0.5,0.0,False
2026-06-02 08:00:00,152,8,1,0.28608860130475305,3.426121935125027,0.5,0.0,False
2026-06-02 09:00:00,152,9,1,0.49487363311328036,3.6056177128533764,0.5,0.0,False
2026-06-02 10:00:00,152,10,1,0.8038750654522705,3.151596741733181,0.3,0.0,False
2026-06-02 11:00:00,152,11,1,0.5043841891543546,3.3177058250485607,0.3,0.0,False
2026-06-02 12:00:00,152,12,1,0.5989182877863167,3.18184976963644,0.3,0.0,False
2026-06-02 13:00:00,152,13,1,0.910382871663487,3.2280613522427237,0.3,0.0,False
2026-06-02 14:00:00,152,14,1,0.8083865194947589,3.232169191041351,0.3,0.0,False
2026-06-02 15:00:00,152,15,1,0.5865101756233779,3.292775222656444,0.3,0.0,False
2026-06-02 16:00:00,152,16,1,0.30632381994998736,3.2207216615392738,0.5,0.0,False
2026-06-02 17:00:00,152,17,1,0.18148882451965512,3.14073208650943,0.5,0.0,False
2026-06-02 18:00:00,152,18,1,7.32584113680764e-17,1.5128649665921758,0.5,0.0,False
2026-06-02 19:00:00,152,19,1,0.0,1.6601224824396916,0.5,0.0,False
2026-06-02 20:00:00,152,20,1,0.0,1.5192699293686163,0.5,0.0,False
2026-06-02 21:00:00,152,21,1,0.0,1.4085269342642066,0.5,0.0,False
2026-06-02 22:00:00,152,22,1,0.0,1.4815280392359562,0.3,0.0,False
2026-06-02 23:00:00,152,23,1,0.0,1.1924050844465193,0.3,0.0,False
2026-06-03 00:00:00,153,0,2,0.0,1.4790895875691703,0.3,0.0,False
2026-06-03 01:00:00,153,1,2,0.0,1.439946844636429,0.3,0.0,False
2026-06-03 02:00:00,153,2,2,0.0,1.359980946299023,0.3,0.0,False
2026-06-03 03:00:00,153,3,2,0.0,1.3871852471502049,0.3,0.0,False
2026-06-03 04:00:00,153,4,2,0.0,1.438464824769053,0.3,0.0,False
2026-06-03 05:00:00,153,5,2,0.0,1.6488687414009737,0.3,0.0,False
2026-06-03 06:00:00,153,6,2,0.0,2.063809062517014,0.5,0.0,False
2026-06-03 07:00:00,153,7,2,0.13482010859947752,1.7607812257663282,0.5,0.0,False
2026-06-03 08:00:00,153,8,2,0.42971069403380563,3.622288394013491,0.5,0.0,False
2026-06-03 09:00:00,153,9,2,0.40948242239536325,3.626111506406713,0.5,0.0,False
2026-06-03 10:00:00,153,10,2,0.6105970067218452,3.4214318273325186,0.3,0.0,False
2026-06-03 11:00:00,153,11,2,0.7103299198025121,3.3218259828947425,0.3,0.0,False
2026-06-03 12:00:00,153,12,2,0.585755966554733,3.3139184793961562,0.3,0.0,False
2026-06-03 13:00:00,153,13,2,0.5228457487802629,3.3804393920131783,0.3,0.0,False
2026-06-03 14:00:00,153,14,2,0.5773202508013855,3.21053798873836,0.3,0.0,False
2026-06-03 15:00:00,153,15,2,0.682685213217951,3.5045829861531086,0.3,0.0,False
2026-06-03 16:00:00,153,16,2,0.39936597942376606,3.2997383013869697,0.5,0.0,False
2026-06-03 17:00:00,153,17,2,0.17681168893469165,3.171613133071213,0.5,0.0,False
2026-06-03 18:00:00,153,18,2,6.291891083676288e-17,1.465553963430324,0.5,0.0,False
2026-06-03 19:00:00,153,19,2,0.0,1.6847892486311808,0.5,0.0,False
2026-06-03 20:00:00,153,20,2,0.0,1.4362286796024342,0.5,0.0,False
2026-06-03 21:00:00,153,21,2,0.0,1.6424336698567248,0.5,0.0,False
2026-06-03 22:00:00,153,22,2,0.0,1.4061981310842717,0.3,0.0,False
2026-06-03 23:00:00,153,23,2,0.0,1.385150445483404,0.3,0.0,False
2026-06-04 00:00:00,154,0,3,0.0,1.5989396115891439,0.3,0.0,False
2026-06-04 01:00:00,154,1,3,0.0,1.3689041159031388,0.3,0.0,False
2026-06-04 02:00:00,154,2,3,0.0,1.6233810375242543,0.3,0.0,False
2026-06-04 03:00:00,154,3,3,0.0,1.5527438998535024,0.3,0.0,False
2026-06-04 04:00:00,154,4,3,0.0,1.3689609098298612,0.3,0.0,False
2026-06-04 05:00:00,154,5,3,0.0,1.48928358840085,0.3,0.0,False
2026-06-04 06:00:00,154,6,3,0.0,1.8176838564160693,0.5,0.0,False
2026-06-04 07:00:00,154,7,3,0.21584712323081393,1.9523464835003588,0.5,0.0,False
2026-06-04 08:00:00,154,8,3,0.2626302989863093,3.9831697367433128,0.5,0.0,False
2026-06-04 09:00:00,154,9,3,0.40372087037587834,3.6443943095668865,0.5,0.0,False
2026-06-04 10:00:00,154,10,3,0.570857982407499,3.380066441078776,0.3,0.0,False
2026-06-04 11:00:00,154,11,3,0.7987549529224759,3.303666096250127,0.3,0.0,False
2026-06-04 12:00:00,154,12,3,0.7125256053855917,3.303608655459477,0.3,0.0,False
2026-06-04 13:00:00,154,13,3,0.8294129462442963,3.2752192318902713,0.3,0.0,False
2026-06-04 14:00:00,154,14,3,0.8008350740879026,3.1713873830472665,0.3,0.0,False
2026-06-04 15:00:00,154,15,3,0.615637286093667,3.350270992392368,0.3,0.0,False
2026-06-04 16:00:00,154,16,3,0.4932218593578078,3.2566887375120914,0.5,0.0,False
2026-06-04 17:00:00,154,17,3,0.22482484200277875,3.164279987439191,0.5,0.0,False
2026-06-04 18:00:00,154,18,3,1.1231116658909803e-16,1.6521259893372449,0.5,0.0,False
2026-06-04 19:00:00,154,19,3,0.0,1.5148514434053515,0.5,0.0,False
2026-06-04 20:00:00,154,20,3,0.0,1.465785156398514,0.5,0.0,False
2026-06-04 21:00:00,154,21,3,0.0,1.7010084922119446,0.5,0.0,False
2026-06-04 22:00:00,154,22,3,0.0,1.2245877696700505,0.3,0.0,False
2026-06-04 23:00:00,154,23,3,0.0,1.6909231205593633,0.3,0.0,False
2026-06-05 00:00:00,155,0,4,0.0,1.3679718076295675,0.3,0.0,False
2026-06-05 01:00:00,155,1,4,0.0,1.5317298809123279,0.3,0.0,False
2026-06-05 02:00:00,155,2,4,0.0,1.4117904368818934,0.3,0.0,False
2026-06-05 03:00:00,155,3,4,0.0,1.3615498439321365,0.3,0.0,False
2026-06-05 04:00:00,155,4,4,0.0,1.6970829788952653,0.3,0.0,False
2026-06-05 05:00:00,155,5,4,0.0,1.7784324851092927,0.3,0.0,False
2026-06-05 06:00:00,155,6,4,0.0,1.8668161524023381,0.5,0.0,False
2026-06-05 07:00:00,155,7,4,0.16023793446429777,1.950321205329144,0.5,0.0,False
2026-06-05 08:00:00,155,8,4,0.42374414803428,3.7085486877493747,0.5,0.0,False
2026-06-05 09:00:00,155,9,4,0.6158445588102583,3.959576025602928,0.5,0.0,False
2026-06-05 10:00:00,155,10,4,0.8312519885150931,2.9830274328819697,0.3,0.0,False
2026-06-05 11:00:00,155,11,4,0.9130750831988066,3.3565685161905328,0.3,0.0,False
2026-06-05 12:00:00,155,12,4,0.7800242940887454,3.1909310528784096,0.3,0.0,False
2026-06-05 13:00:00,155,13,4,0.7561401217565735,2.946605396779323,0.3,0.0,False
2026-06-05 14:00:00,155,14,4,0.5011227250589143,3.245920485385614,0.3,0.0,False
2026-06-05 15:00:00,155,15,4,0.6922741968368317,3.577207318636583,0.3,0.0,False
2026-06-05 16:00:00,155,16,4,0.3110670546435776,3.2015926214399397,0.5,0.0,False
2026-06-05 17:00:00,155,17,4,0.22128560228421368,3.4186148259846916,0.5,0.0,False
2026-06-05 18:00:00,155,18,4,1.0901891485969952e-16,1.679800829559505,0.5,0.0,False
2026-06-05 19:00:00,155,19,4,0.0,1.4980954796070716,0.5,0.0,False
2026-06-05 20:00:00,155,20,4,0.0,1.5180683427616937,0.5,0.0,False
2026-06-05 21:00:00,155,21,4,0.0,1.2425553140188332,0.5,0.0,False
2026-06-05 22:00:00,155,22,4,0.0,1.392575420524103,0.3,0.0,False
2026-06-05 23:00:00,155,23,4,0.0,1.6360511436494993,0.3,0.0,False
2026-06-06 00:00:00,156,0,5,0.0,1.50910186455556,0.3,0.0,False
2026-06-06 01:00:00,156,1,5,0.0,1.5551012162165523,0.3,0.0,False
2026-06-06 02:00:00,156,2,5,0.0,1.5199736369524577,0.3,0.0,False
2026-06-06 03:00:00,156,3,5,0.0,1.8288005916444647,0.3,0.0,False
2026-06-06 04:00:00,156,4,5,0.0,1.4354220253217098,0.3,0.0,False
2026-06-06 05:00:00,156,5,5,0.0,1.7408115064479466,0.3,0.0,False
2026-06-06 06:00:00,156,6,5,0.0,1.5200254833310098,0.5,0.0,False
2026-06-06 07:00:00,156,7,5,0.19414259967606423,1.7541298461871198,0.5,0.0,False
2026-06-06 08:00:00,156,8,5,0.359970059841954,1.3162532866112775,0.5,0.0,False
2026-06-06 09:00:00,156,9,5,0.6145483739317872,1.5276978311446292,0.5,0.0,False
2026-06-06 10:00:00,156,10,5,0.6294452217267981,1.4409469824114796,0.3,0.0,False
2026-06-06 11:00:00,156,11,5,0.644156047051294,1.5209208503775058,0.3,0.0,False
2026-06-06 12:00:00,156,12,5,0.6261063327976198,1.6833564393999192,0.3,0.0,False
2026-06-06 13:00:00,156,13,5,0.6126776092506377,1.5568214408036918,0.3,0.0,False
2026-06-06 14:00:00,156,14,5,0.8285350993044598,1.6830574035040406,0.3,0.0,False
2026-06-06 15:00:00,156,15,5,0.4088346915324075,1.3994668360089082,0.3,0.0,False
2026-06-06 16:00:00,156,16,5,0.49332421833812906,1.3765748313714425,0.5,0.0,False
2026-06-06 17:00:00,156,17,5,0.1704308871630751,1.50241576097059,0.5,0.0,False
2026-06-06 18:00:00,156,18,5,6.614591080745247e-17,1.4942021732413373,0.5,0.0,False
2026-06-06 19:00:00,156,19,5,0.0,1.4721210946763712,0.5,0.0,False
2026-06-06 20:00:00,156,20,5,0.0,1.3562052411493972,0.5,0.0,False
2026-06-06 21:00:00,156,21,5,0.0,1.6797977384777831,0.5,0.0,False
2026-06-06 22:00:00,156,22,5,0.0,1.445574419904977,0.3,0.0,False
2026-06-06 23:00:00,156,23,5,0.0,1.7139117183319024,0.3,0.0,False
2026-06-07 00:00:00,157,0,6,0.0,1.5019115047806086,0.3,0.0,False
2026-06-07 01:00:00,157,1,6,0.0,1.5972643396221067,0.3,0.0,False
2026-06-07 02:00:00,157,2,6,0.0,1.5836564464445524,0.3,0.0,False
2026-06-07 03:00:00,157,3,6,0.0,1.376358788947372,0.3,0.0,False
2026-06-07 04:00:00,157,4,6,0.0,1.5550804382328733,0.3,0.0,False
2026-06-07 05:00:00,157,5,6,0.0,1.7892499416700658,0.3,0.0,False
2026-06-07 06:00:00,157,6,6,0.0,1.5377418379650536,0.5,0.0,False
2026-06-07 07:00:00,157,7,6,0.19173929712051221,1.6351915109339512,0.5,0.0,False
2026-06-07 08:00:00,157,8,6,0.4233555286435004,1.6039907766888277,0.5,0.0,False
2026-06-07 09:00:00,157,9,6,0.37875375820523965,1.546057448754748,0.5,0.0,False
2026-06-07 10:00:00,157,10,6,0.7563164814745753,1.5279718076587119,0.3,0.0,False
2026-06-07 11:00:00,157,11,6,0.9413576775917887,1.582097333868195,0.3,0.0,False
2026-06-07 12:00:00,157,12,6,0.5389748325309478,1.614492381971342,0.3,0.0,False
2026-06-07 13:00:00,157,13,6,0.8810340556185426,1.2971753914423392,0.3,0.0,False
2026-06-07 14:00:00,157,14,6,0.8315853925348032,1.5370954333644682,0.3,0.0,False
2026-06-07 15:00:00,157,15,6,0.4307162258535316,1.4723883178879025,0.3,0.0,False
2026-06-07 16:00:00,157,16,6,0.3787345521706085,1.4412709734522438,0.5,0.0,False
2026-06-07 17:00:00,157,17,6,0.2478678370921937,1.694394656854286,0.5,0.0,False
2026-06-07 18:00:00,157,18,6,1.1925204952818423e-16,1.390028062790422,0.5,0.0,False
2026-06-07 19:00:00,157,19,6,0.0,1.2907846409534998,0.5,0.0,False
2026-06-07 20:00:00,157,20,6,0.0,1.6193574338078782,0.5,0.0,False
2026-06-07 21:00:00,157,21,6,0.0,1.2869409215169165,0.5,0.0,False
2026-06-07 22:00:00,157,22,6,0.0,1.2108085383062155,0.3,0.0,False
2026-06-07 23:00:00,157,23,6,0.0,1.6362401534984947,0.3,0.0,False
2026-06-08 00:00:00,158,0,0,0.0,1.5238083375843732,0.3,0.0,False
2026-06-08 01:00:00,158,1,0,0.0,1.5709079441053164,0.3,0.0,False
2026-06-08 02:00:00,158,2,0,0.0,1.4336358637830566,0.3,0.0,False
2026-06-08 03:00:00,158,3,0,0.0,1.2923390802586472,0.3,0.0,False
2026-06-08 04:00:00,158,4,0,0.0,1.3221319179573499,0.3,0.0,False
2026-06-08 05:00:00,158,5,0,0.0,1.4591716650853075,0.3,0.0,False
2026-06-08 06:00:00,158,6,0,0.0,1.7091395713122937,0.5,0.0,False
2026-06-08 07:00:00,158,7,0,0.16388916712245583,1.946057936056848,0.5,0.0,False
2026-06-08 08:00:00,158,8,0,0.252489125208082,3.630631309294837,0.5,0.0,False
2026-06-08 09:00:00,158,9,0,0.4242455471434903,3.7277554071047954,0.5,0.0,False
2026-06-08 10:00:00,158,10,0,0.5651335030885611,3.3232722192339645,0.3,0.0,False
2026-06-08 11:00:00,158,11,0,0.5658789749399231,3.358019933163679,0.3,0.0,False
2026-06-08 12:00:00,158,12,0,0.5072474992548656,3.37492237909335,0.3,0.0,False
2026-06-08 13:00:00,158,13,0,0.5559085509777656,3.248414911383113,0.3,0.0,False
2026-06-08 14:00:00,158,14,0,0.7174469836184206,3.3275953899950745,0.3,0.0,False
2026-06-08 15:00:00,158,15,0,0.5729548049464954,3.335401219263026,0.3,0.0,False
2026-06-08 16:00:00,158,16,0,0.48124099716619606,2.935666453635995,0.5,0.0,False
2026-06-08 17:00:00,158,17,0,0.2314114267695287,3.396978861878923,0.5,0.0,False
2026-06-08 18:00:00,158,18,0,9.546575024696286e-17,1.5224913294330378,0.5,0.0,False
2026-06-08 19:00:00,158,19,0,0.0,1.5846073297865355,0.5,0.0,False
2026-06-08 20:00:00,158,20,0,0.0,1.3069734606829106,0.5,0.0,False
2026-06-08 21:00:00,158,21,0,0.0,1.452634023725641,0.5,0.0,False
2026-06-08 22:00:00,158,22,0,0.0,1.336270581515163,0.3,0.0,False
2026-06-08 23:00:00,158,23,0,0.0,1.6116902064319314,0.3,0.0,False
2026-06-09 00:00:00,159,0,1,0.0,1.289232518689726,0.3,0.0,False
2026-06-09 01:00:00,159,1,1,0.0,1.3607017827116519,0.3,0.0,False
2026-06-09 02:00:00,159,2,1,0.0,1.5801471192407972,0.3,0.0,False
2026-06-09 03:00:00,159,3,1,0.0,1.4055938201584128,0.3,0.0,False
2026-06-09 04:00:00,159,4,1,0.0,1.3607414014816412,0.3,0.0,False
2026-06-09 05:00:00,159,5,1,0.0,1.6360079144310273,0.3,0.0,False
2026-06-09 06:00:00,159,6,1,0.0,2.04215676348878,0.5,0.0,False
2026-06-09 07:00:00,159,7,1,0.13280853215949226,2.00831067888115,0.5,0.0,False
2026-06-09 08:00:00,159,8,1,0.4287205173026926,3.8273064510910437,0.5,0.0,False
2026-06-09 09:00:00,159,9,1,0.5436811965196989,3.6652631081592912,0.5,0.0,False
2026-06-09 10:00:00,159,10,1,0.5476755010165915,3.2693110538045076,0.3,0.0,False
2026-06-09 11:00:00,159,11,1,0.6383014263271035,3.2027878082199592,0.3,0.0,False
2026-06-09 12:00:00,159,12,1,0.9632804778592022,3.3251593751573965,0.3,0.0,False
2026-06-09 13:00:00,159,13,1,0.780840421971804,3.2208152509011225,0.3,0.0,False
2026-06-09 14:00:00,159,14,1,0.6361021245716264,3.235040069110953,0.3,0.0,False
2026-06-09 15:00:00,159,15,1,0.5704041438476247,3.389985065097435,0.3,0.0,False
2026-06-09 16:00:00,159,16,1,0.351783841610139,3.477680886827157,0.5,0.0,False
2026-06-09 17:00:00,159,17,1,0.18936644892512824,3.359739038140514,0.5,0.0,False
2026-06-09 18:00:00,159,18,1,7.863941739633605e-17,1.7691473797863853,0.5,0.0,False
2026-06-09 19:00:00,159,19,1,0.0,1.3941726641950878,0.5,0.0,False
2026-06-09 20:00:00,159,20,1,0.0,1.2243038041186112,0.5,0.0,False
2026-06-09 21:00:00,159,21,1,0.0,1.6071941834384331,0.5,0.0,False
2026-06-09 22:00:00,159,22,1,0.0,1.3842249671029903,0.3,0.0,False
2026-06-09 23:00:00,159,23,1,0.0,1.4589461637336956,0.3,0.0,False
2026-06-10 00:00:00,160,0,2,0.0,1.2345305234818316,0.3,0.0,False
2026-06-10 01:00:00,160,1,2,0.0,1.365118462898126,0.3,0.0,False
2026-06-10 02:00:00,160,2,2,0.0,1.2746658875131145,0.3,0.0,False
2026-06-10 03:00:00,160,3,2,0.0,1.4348545104869546,0.3,0.0,False
2026-06-10 04:00:00,160,4,2,0.0,1.4408172759175575,0.3,0.0,False
2026-06-10 05:00:00,160,5,2,0.0,1.5134940617322314,0.3,0.0,False
2026-06-10 06:00:00,160,6,2,0.0,2.085958444653276,0.5,0.0,False
2026-06-10 07:00:00,160,7,2,0.2198447211588719,2.001535939734673,0.5,0.0,False
2026-06-10 08:00:00,160,8,2,0.3078672370103156,3.4566745545684276,0.5,0.0,False
2026-06-10 09:00:00,160,9,2,0.451956006784497,3.7912023153419283,0.5,0.0,False
2026-06-10 10:00:00,160,10,2,0.6142240621730543,3.316763204616219,0.3,0.0,False
2026-06-10 11:00:00,160,11,2,0.6146854875517873,3.285326035194585,0.3,0.0,False
2026-06-10 12:00:00,160,12,2,0.6807190114891299,3.296595070509416,0.3,0.0,False
2026-06-10 13:00:00,160,13,2,0.6691748360489919,3.330682864212938,0.3,0.0,False
2026-06-10 14:00:00,160,14,2,0.6917980177836051,3.196216981347965,0.3,0.0,False
2026-06-10 15:00:00,160,15,2,0.4296221645652806,3.2726473713713036,0.3,0.0,False
2026-06-10 16:00:00,160,16,2,0.44932210608527734,3.477590868583775,0.5,0.0,False
2026-06-10 17:00:00,160,17,2,0.18530880614400558,3.1944141323361697,0.5,0.0,False
2026-06-10 18:00:00,160,18,2,1.0407178599490582e-16,1.3455168035737357,0.5,0.0,False
2026-06-10 19:00:00,160,19,2,0.0,1.4907438978189225,0.5,0.0,False
2026-06-10 20:00:00,160,20,2,0.0,1.330415031486548,0.5,0.0,False
2026-06-10 21:00:00,160,21,2,0.0,1.2415825317818492,0.5,0.0,False
2026-06-10 22:00:00,160,22,2,0.0,1.4483299234387776,0.3,0.0,False
2026-06-10 23:00:00,160,23,2,0.0,1.7172932826845886,0.3,0.0,False
2026-06-11 00:00:00,161,0,3,0.0,1.494209385618466,0.3,0.0,False
2026-06-11 01:00:00,161,1,3,0.0,1.526786564167232,0.3,0.0,False
2026-06-11 02:00:00,161,2,3,0.0,1.1804777462773313,0.3,0.0,False
2026-06-11 03:00:00,161,3,3,0.0,1.5657188238661421,0.3,0.0,False
2026-06-11 04:00:00,161,4,3,0.0,1.5140048791964689,0.3,0.0,False
2026-06-11 05:00:00,161,5,3,0.0,1.4002627757940969,0.3,0.0,False
2026-06-11 06:00:00,161,6,3,0.0,1.927007570710356,0.5,0.0,False
2026-06-11 07:00:00,161,7,3,0.1552762232178019,1.9255182425736939,0.5,0.0,False
2026-06-11 08:00:00,161,8,3,0.2770015006933498,3.5410768107463095,0.5,0.0,False
2026-06-11 09:00:00,161,9,3,0.3946848587031831,3.749778059016986,0.5,0.0,False
2026-06-11 10:00:00,161,10,3,0.8628721077665752,3.479570313379073,0.3,0.0,False
2026-06-11 11:00:00,161,11,3,0.6799364864879095,3.2658087786789722,0.3,0.0,False
2026-06-11 12:00:00,161,12,3,0.4993804827508413,3.1698608696344337,0.3,0.0,False
2026-06-11 13:00:00,161,13,3,0.9402092011396044,3.2733629895297405,0.3,0.0,False
2026-06-11 14:00:00,161,14,3,0.4402674380665946,3.428191979259664,0.3,0.0,False
2026-06-11 15:00:00,161,15,3,0.4999597256041461,3.116052174105409,0.3,0.0,False
2026-06-11 16:00:00,161,16,3,0.4280114559215165,3.386783738817627,0.5,0.0,False
2026-06-11 17:00:00,161,17,3,0.2469837752314461,3.198297831221928,0.5,0.0,False
2026-06-11 18:00:00,161,18,3,1.0455232532137493e-16,1.5363094622069606,0.5,0.0,False
2026-06-11 19:00:00,161,19,3,0.0,1.4153503087431656,0.5,0.0,False
2026-06-11 20:00:00,161,20,3,0.0,1.4149474567377658,0.5,0.0,False
2026-06-11 21:00:00,161,21,3,0.0,1.728464237435257,0.5,0.0,False
2026-06-11 22:00:00,161,22,3,0.0,1.2886370114199763,0.3,0.0,False
2026-06-11 23:00:00,161,23,3,0.0,1.5728049266318316,0.3,0.0,False
2026-06-12 00:00:00,162,0,4,0.0,1.7596986616381929,0.3,0.0,False
2026-06-12 01:00:00,162,1,4,0.0,1.6028282889709233,0.3,0.0,False
2026-06-12 02:00:00,162,2,4,0.0,1.3003354471441226,0.3,0.0,False
2026-06-12 03:00:00,162,3,4,0.0,1.307762923662689,0.3,0.0,False
2026-06-12 04:00:00,162,4,4,0.0,1.3872561935030399,0.3,0.0,False
2026-06-12 05:00:00,162,5,4,0.0,1.5236861867279812,0.3,0.0,False
2026-06-12 06:00:00,162,6,4,0.0,1.9338914041133577,0.5,0.0,False
2026-06-12 07:00:00,162,7,4,0.2091262237158562,1.709245516855046,0.5,0.0,False
2026-06-12 08:00:00,162,8,4,0.3269410124261031,3.569086381232955,0.5,0.0,False
2026-06-12 09:00:00,162,9,4,0.49375242867871405,3.5782776269529966,0.5,0.0,False
2026-06-12 10:00:00,162,10,4,0.4895827657432156,3.272887978782766,0.3,0.0,False
2026-06-12 11:00:00,162,11,4,0.5743941355533349,3.597704318593661,0.3,0.0,False
2026-06-12 12:00:00,162,12,4,0.5702361997986805,3.160021940156483,0.3,0.0,False
2026-06-12 13:00:00,162,13,4,0.8721030658955871,3.1534563250296315,0.3,0.0,False
2026-06-12 14:00:00,162,14,4,0.7363738285146683,3.1300289557284233,0.3,0.0,False
2026-06-12 15:00:00,162,15,4,0.5396968920498957,3.3953316856863345,0.3,0.0,False
2026-06-12 16:00:00,162,16,4,0.34272717997459085,3.2937987605467347,0.5,0.0,False
2026-06-12 17:00:00,162,17,4,0.2153756079675088,3.165566017774506,0.5,0.0,False
2026-06-12 18:00:00,162,18,4,1.1072904206553178e-16,1.4455806624332501,0.5,0.0,False
2026-06-12 19:00:00,162,19,4,0.0,1.3812734548563448,0.5,0.0,False
2026-06-12 20:00:00,162,20,4,0.0,1.544383692178387,0.5,0.0,False
2026-06-12 21:00:00,162,21,4,0.0,1.9026564910194503,0.5,0.0,False
2026-06-12 22:00:00,162,22,4,0.0,1.5826296608538355,0.3,0.0,False
2026-06-12 23:00:00,162,23,4,0.0,1.4860517227338954,0.3,0.0,False
2026-06-13 00:00:00,163,0,5,0.0,1.400253676876807,0.3,0.0,False
2026-06-13 01:00:00,163,1,5,0.0,1.2984899877172726,0.3,0.0,False
2026-06-13 02:00:00,163,2,5,0.0,1.6100534597104552,0.3,0.0,False
2026-06-13 03:00:00,163,3,5,0.0,1.601903126754948,0.3,0.0,False
2026-06-13 04:00:00,163,4,5,0.0,1.430084850496379,0.3,0.0,False
2026-06-13 05:00:00,163,5,5,0.0,1.6820000974413927,0.3,0.0,False
2026-06-13 06:00:00,163,6,5,0.0,1.5031660408327627,0.5,0.0,False
2026-06-13 07:00:00,163,7,5,0.1847606636041927,1.6162141103092702,0.5,0.0,False
2026-06-13 08:00:00,163,8,5,0.30386731775719333,1.5444295503049517,0.5,0.0,False
2026-06-13 09:00:00,163,9,5,0.6587449503151895,1.4734296180183541,0.5,0.0,False
2026-06-13 10:00:00,163,10,5,0.5817021792102199,1.356767308303877,0.3,0.0,False
2026-06-13 11:00:00,163,11,5,0.9269045271933082,1.4781695111455992,0.3,0.0,False
2026-06-13 12:00:00,163,12,5,0.6025028488403726,1.626307600334227,0.3,0.0,False
2026-06-13 13:00:00,163,13,5,0.7519848595052865,1.4237797332150859,0.3,0.0,False
2026-06-13 14:00:00,163,14,5,0.6640800687948872,1.5659612093404767,0.3,0.0,False
2026-06-13 15:00:00,163,15,5,0.6452675135083743,1.3375896176963995,0.3,0.0,False
2026-06-13 16:00:00,163,16,5,0.2841592374633171,1.6170087504195538,0.5,0.0,False
2026-06-13 17:00:00,163,17,5,0.2466834600801987,1.5469412004734941,0.5,0.0,False
2026-06-13 18:00:00,163,18,5,9.359059390488666e-17,1.3196833861745247,0.5,0.0,False
2026-06-13 19:00:00,163,19,5,0.0,1.4663978214717581,0.5,0.0,False
2026-06-13 20:00:00,163,20,5,0.0,1.6397161363977555,0.5,0.0,False
2026-06-13 21:00:00,163,21,5,0.0,1.3111451189020165,0.5,0.0,False
2026-06-13 22:00:00,163,22,5,0.0,1.3393574642062598,0.3,0.0,False
2026-06-13 23:00:00,163,23,5,0.0,1.489575456782026,0.3,0.0,False
2026-06-14 00:00:00,164,0,6,0.0,1.8199996095648292,0.3,0.0,False
2026-06-14 01:00:00,164,1,6,0.0,1.3991132873940753,0.3,0.0,False
2026-06-14 02:00:00,164,2,6,0.0,1.5742910999378243,0.3,0.0,False
2026-06-14 03:00:00,164,3,6,0.0,1.5390203111402028,0.3,0.0,False
2026-06-14 04:00:00,164,4,6,0.0,1.4115720149601685,0.3,0.0,False
2026-06-14 05:00:00,164,5,6,0.0,1.5241700027677312,0.3,0.0,False
2026-06-14 06:00:00,164,6,6,0.0,1.4328248006857567,0.5,0.0,False
2026-06-14 07:00:00,164,7,6,0.20782857713845274,1.4463292814825233,0.5,0.0,False
2026-06-14 08:00:00,164,8,6,0.2940279764555881,1.25080921458403,0.5,0.0,False
2026-06-14 09:00:00,164,9,6,0.6643265925464403,1.4963345647700517,0.5,0.0,False
2026-06-14 10:00:00,164,10,6,0.5230845068778891,1.6348640259933827,0.3,0.0,False
2026-06-14 11:00:00,164,11,6,0.5262142654014804,1.5086138662169528,0.3,0.0,False
2026-06-14 12:00:00,164,12,6,0.9365172909160872,1.6635761641233644,0.3,0.0,False
2026-06-14 13:00:00,164,13,6,0.6246908672246549,1.5870491168917527,0.3,0.0,False
2026-06-14 14:00:00,164,14,6,0.6163338895820074,1.491068804050467,0.3,0.0,False
2026-06-14 15:00:00,164,15,6,0.6916192213899063,1.4058111670489772,0.3,0.0,False
2026-06-14 16:00:00,164,16,6,0.48538964704833687,1.4270604426957894,0.5,0.0,False
2026-06-14 17:00:00,164,17,6,0.22160577582379107,1.2794234289094317,0.5,0.0,False
2026-06-14 18:00:00,164,18,6,6.535901853571257e-17,1.459938166485251,0.5,0.0,False
2026-06-14 19:00:00,164,19,6,0.0,1.5218998137846231,0.5,0.0,False
2026-06-14 20:00:00,164,20,6,0.0,1.757313164669885,0.5,0.0,False
2026-06-14 21:00:00,164,21,6,0.0,1.5792480484918314,0.5,0.0,False
2026-06-14 22:00:00,164,22,6,0.0,1.3702719029793036,0.3,0.0,False
2026-06-14 23:00:00,164,23,6,0.0,1.2840947586721791,0.3,0.0,False
2026-06-15 00:00:00,165,0,0,0.0,1.469017186919314,0.3,0.0,False
2026-06-15 01:00:00,165,1,0,0.0,1.6217646670241623,0.3,0.0,False
2026-06-15 02:00:00,165,2,0,0.0,1.466907549495842,0.3,0.0,False
2026-06-15 03:00:00,165,3,0,0.0,1.5812976262508394,0.3,0.0,False
2026-06-15 04:00:00,165,4,0,0.0,1.4728311826121718,0.3,0.0,False
2026-06-15 05:00:00,165,5,0,0.0,1.6075500652073398,0.3,0.0,False
2026-06-15 06:00:00,165,6,0,0.0,1.6604112965941507,0.5,0.0,False
2026-06-15 07:00:00,165,7,0,0.14972503714630023,2.140627318021915,0.5,0.0,False
2026-06-15 08:00:00,165,8,0,0.35765733298635877,3.533127482766443,0.5,0.0,False
2026-06-15 09:00:00,165,9,0,0.40382010061596374,3.8190598494594665,0.5,0.0,False
2026-06-15 10:00:00,165,10,0,0.8451786449574231,3.2591724007996565,0.3,0.0,False
2026-06-15 11:00:00,165,11,0,0.552419917172111,3.2826258149449647,0.3,0.0,False
2026-06-15 12:00:00,165,12,0,0.7601672235080137,3.2638347141044775,0.3,0.0,False
2026-06-15 13:00:00,165,13,0,0.5775070595295726,3.3383406877577237,0.3,0.0,False
2026-06-15 14:00:00,165,14,0,0.4656028158673543,3.368628681492134,0.3,0.0,False
2026-06-15 15:00:00,165,15,0,0.4246466001571224,3.45875422677346,0.3,0.0,False
2026-06-15 16:00:00,165,16,0,0.2634244932728518,3.5111923323896064,0.5,0.0,False
2026-06-15 17:00:00,165,17,0,0.1472984364928287,3.349773232016505,0.5,0.0,False
2026-06-15 18:00:00,165,18,0,9.135622819837065e-17,1.7570511358752456,0.5,0.0,False
2026-06-15 19:00:00,165,19,0,0.0,1.5139458814233717,0.5,0.0,False
2026-06-15 20:00:00,165,20,0,0.0,1.6616160543379386,0.5,0.0,False
2026-06-15 21:00:00,165,21,0,0.0,1.5643079509359221,0.5,0.0,False
2026-06-15 22:00:00,165,22,0,0.0,1.4176193052861952,0.3,0.0,False
2026-06-15 23:00:00,165,23,0,0.0,1.5271851231569766,0.3,0.0,False
2026-06-16 00:00:00,166,0,1,0.0,1.5754757816263687,0.3,0.0,False
2026-06-16 01:00:00,166,1,1,0.0,1.495170280289609,0.3,0.0,False
2026-06-16 02:00:00,166,2,1,0.0,1.5619284776996334,0.3,0.0,False
2026-06-16 03:00:00,166,3,1,0.0,1.6298044438990342,0.3,0.0,False
2026-06-16 04:00:00,166,4,1,0.0,1.496494028700616,0.3,0.0,False
2026-06-16 05:00:00,166,5,1,0.0,1.0584168496976278,0.3,0.0,False
2026-06-16 06:00:00,166,6,1,0.0,2.1517405227240056,0.5,0.0,False
2026-06-16 07:00:00,166,7,1,0.18403777094041313,1.8553612854669506,0.5,0.0,False
2026-06-16 08:00:00,166,8,1,0.269989416536557,3.576507966875155,0.5,0.0,False
2026-06-16 09:00:00,166,9,1,0.46764092913779143,3.531383455652077,0.5,0.0,False
2026-06-16 10:00:00,166,10,1,0.5355876283289207,3.249533114649953,0.3,0.0,False
2026-06-16 11:00:00,166,11,1,0.4894579775531555,3.2155878253024524,0.3,0.0,False
2026-06-16 12:00:00,166,12,1,0.547250582724141,3.189448580417296,0.3,0.0,False
2026-06-16 13:00:00,166,13,1,0.7013684515553669,3.197681059523314,0.3,0.0,False
2026-06-16 14:00:00,166,14,1,0.5797029234108761,3.3794614236089733,0.3,0.0,False
2026-06-16 15:00:00,166,15,1,0.41703897612476637,3.604554516150465,0.3,0.0,False
2026-06-16 16:00:00,166,16,1,0.42873807931652386,3.423085739702235,0.5,0.0,False
2026-06-16 17:00:00,166,17,1,0.1755062317942623,3.4683897277131854,0.5,0.0,False
2026-06-16 18:00:00,166,18,1,1.1331836896419524e-16,1.4433884952829892,0.5,0.0,False
2026-06-16 19:00:00,166,19,1,0.0,1.5156998048325867,0.5,0.0,False
2026-06-16 20:00:00,166,20,1,0.0,1.563972360634543,0.5,0.0,False
2026-06-16 21:00:00,166,21,1,0.0,1.4010663159535846,0.5,0.0,False
2026-06-16 22:00:00,166,22,1,0.0,1.4361404894176324,0.3,0.0,False
2026-06-16 23:00:00,166,23,1,0.0,1.6281827937499616,0.3,0.0,False
2026-06-17 00:00:00,167,0,2,0.0,1.6635439132650163,0.3,0.0,False
2026-06-17 01:00:00,167,1,2,0.0,1.5101115404272887,0.3,0.0,False
2026-06-17 02:00:00,167,2,2,0.0,1.320726422883191,0.3,0.0,False
2026-06-17 03:00:00,167,3,2,0.0,1.4556612025173512,0.3,0.0,False
2026-06-17 04:00:00,167,4,2,0.0,1.2838003298241192,0.3,0.0,False
2026-06-17 05:00:00,167,5,2,0.0,1.511280361475209,0.3,0.0,False
2026-06-17 06:00:00,167,6,2,0.0,1.9383104666907127,0.5,0.0,False
2026-06-17 07:00:00,167,7,2,0.20028171476763193,1.8593934368443334,0.5,0.0,False
2026-06-17 08:00:00,167,8,2,0.3125299263390428,3.7362566833574804,0.5,0.0,False
2026-06-17 09:00:00,167,9,2,0.5134314716553223,3.7625351858625757,0.5,0.0,False
2026-06-17 10:00:00,167,10,2,0.47082004557124,3.3385293064360684,0.3,0.0,False
2026-06-17 11:00:00,167,11,2,0.830984481613579,3.1197704561554604,0.3,0.0,False
2026-06-17 12:00:00,167,12,2,0.6106096439993294,3.2620103511730956,0.3,0.0,False
2026-06-17 13:00:00,167,13,2,0.5761354293799256,3.36147644673994,0.3,0.0,False
2026-06-17 14:00:00,167,14,2,0.5691363807450146,3.5368067656959,0.3,0.0,False
2026-06-17 15:00:00,167,15,2,0.6723262557103716,3.259211137464195,0.3,0.0,False
2026-06-17 16:00:00,167,16,2,0.44894099246384567,3.3826260300672164,0.5,0.0,False
2026-06-17 17:00:00,167,17,2,0.25184785435178103,3.4317227867885736,0.5,0.0,False
2026-06-17 18:00:00,167,18,2,1.0111395430472258e-16,1.470505845244116,0.5,0.0,False
2026-06-17 19:00:00,167,19,2,0.0,1.672261162123101,0.5,0.0,False
2026-06-17 20:00:00,167,20,2,0.0,1.6803260747146345,0.5,0.0,False
2026-06-17 21:00:00,167,21,2,0.0,1.7070577101091786,0.5,0.0,False
2026-06-17 22:00:00,167,22,2,0.0,1.5687648253478297,0.3,0.0,False
2026-06-17 23:00:00,167,23,2,0.0,1.8540205874486304,0.3,0.0,False
2026-06-18 00:00:00,168,0,3,0.0,1.4077075330853488,0.3,0.0,False
2026-06-18 01:00:00,168,1,3,0.0,1.8186116379268409,0.3,0.0,False
2026-06-18 02:00:00,168,2,3,0.0,1.615244923298765,0.3,0.0,False
2026-06-18 03:00:00,168,3,3,0.0,1.7010580999540077,0.3,0.0,False
2026-06-18 04:00:00,168,4,3,0.0,1.4519943368187433,0.3,0.0,False
2026-06-18 05:00:00,168,5,3,0.0,1.6266712054445644,0.3,0.0,False
2026-06-18 06:00:00,168,6,3,0.0,2.1140461245496542,0.5,0.0,False
2026-06-18 07:00:00,168,7,3,0.2356823948827428,1.736896203441419,0.5,0.0,False
2026-06-18 08:00:00,168,8,3,0.3605297874762724,3.6755010577276868,0.5,0.0,False
2026-06-18 09:00:00,168,9,3,0.6198398295923863,3.3788120967653215,0.5,0.0,False
2026-06-18 10:00:00,168,10,3,0.491499323250009,3.2732500534726263,0.3,0.0,False
2026-06-18 11:00:00,168,11,3,0.9293603917305241,3.1775987709809868,0.3,0.0,False
2026-06-18 12:00:00,168,12,3,0.7401411449898248,3.2673348468049896,0.3,0.0,False
2026-06-18 13:00:00,168,13,3,0.608321750673458,3.738546503640699,0.3,0.0,False
2026-06-18 14:00:00,168,14,3,0.537479973939538,3.55767052601958,0.3,0.0,False
2026-06-18 15:00:00,168,15,3,0.44718850242663827,3.084082869494905,0.3,0.0,False
2026-06-18 16:00:00,168,16,3,0.341616978993983,3.3833607452399104,0.5,0.0,False
2026-06-18 17:00:00,168,17,3,0.22222170893630264,3.4198396630588856,0.5,0.0,False
2026-06-18 18:00:00,168,18,3,1.1935637312345755e-16,1.4493154369943115,0.5,0.0,False
2026-06-18 19:00:00,168,19,3,0.0,1.5267461404737823,0.5,0.0,False
2026-06-18 20:00:00,168,20,3,0.0,1.5413973311122497,0.5,0.0,False
2026-06-18 21:00:00,168,21,3,0.0,1.298008294070721,0.5,0.0,False
2026-06-18 22:00:00,168,22,3,0.0,1.3453005968870777,0.3,0.0,False
2026-06-18 23:00:00,168,23,3,0.0,1.5258445077661484,0.3,0.0,False
2026-06-19 00:00:00,169,0,4,0.0,1.5149103791972651,0.3,0.0,False
2026-06-19 01:00:00,169,1,4,0.0,1.3937155926874096,0.3,0.0,False
2026-06-19 02:00:00,169,2,4,0.0,1.3808435790219233,0.3,0.0,False
2026-06-19 03:00:00,169,3,4,0.0,1.486533112549319,0.3,0.0,False
2026-06-19 04:00:00,169,4,4,0.0,1.632922642947491,0.3,0.0,False
2026-06-19 05:00:00,169,5,4,0.0,1.4885271343579696,0.3,0.0,False
2026-06-19 06:00:00,169,6,4,0.0,2.143409624595347,0.5,0.0,False
2026-06-19 07:00:00,169,7,4,0.20524934667810815,1.7956269178506157,0.5,0.0,False
2026-06-19 08:00:00,169,8,4,0.2796780936058358,3.7289664702182237,0.5,0.0,False
2026-06-19 09:00:00,169,9,4,0.63252062551178,3.646855685634399,0.5,0.0,False
2026-06-19 10:00:00,169,10,4,0.5547936351492366,3.3881941419619666,0.3,0.0,False
2026-06-19 11:00:00,169,11,4,0.8186785059952635,3.1827618176662202,0.3,0.0,False
2026-06-19 12:00:00,169,12,4,0.9549895643178755,3.5891096630990633,0.3,0.0,False
2026-06-19 13:00:00,169,13,4,0.570350947242817,3.046408139538599,0.3,0.0,False
2026-06-19 14:00:00,169,14,4,0.60309023047573,3.5573220359520366,0.3,0.0,False
2026-06-19 15:00:00,169,15,4,0.5823107293375225,3.313498270366325,0.3,0.0,False
2026-06-19 16:00:00,169,16,4,0.3548941076927836,3.382863687262037,0.5,0.0,False
2026-06-19 17:00:00,169,17,4,0.1520239594991959,3.5001787354637934,0.5,0.0,False
2026-06-19 18:00:00,169,18,4,6.300881610415886e-17,1.6286492242749104,0.5,0.0,False
2026-06-19 19:00:00,169,19,4,0.0,1.3904959668310408,0.5,0.0,False
2026-06-19 20:00:00,169,20,4,0.0,1.5900134332893903,0.5,0.0,False
2026-06-19 21:00:00,169,21,4,0.0,1.7801210958951925,0.5,0.0,False
2026-06-19 22:00:00,169,22,4,0.0,1.3669062431758767,0.3,0.0,False
2026-06-19 23:00:00,169,23,4,0.0,1.8177642766790967,0.3,0.0,False
2026-06-20 00:00:00,170,0,5,0.0,1.5578553728952846,0.3,0.0,False
2026-06-20 01:00:00,170,1,5,0.0,1.4350158342119614,0.3,0.0,False
2026-06-20 02:00:00,170,2,5,0.0,1.3660065923087619,0.3,0.0,False
2026-06-20 03:00:00,170,3,5,0.0,1.4665069388387588,0.3,0.0,False
2026-06-20 04:00:00,170,4,5,0.0,1.2067082503394257,0.3,0.0,False
2026-06-20 05:00:00,170,5,5,0.0,1.437713329641182,0.3,0.0,False
2026-06-20 06:00:00,170,6,5,0.0,1.4605609134216582,0.5,0.0,False
2026-06-20 07:00:00,170,7,5,0.20925767831187983,1.338837952633137,0.5,0.0,False
2026-06-20 08:00:00,170,8,5,0.2683108753830775,1.612176779235654,0.5,0.0,False
2026-06-20 09:00:00,170,9,5,0.4165323567914844,1.4671850568315918,0.5,0.0,False
2026-06-20 10:00:00,170,10,5,0.47672474980776325,1.4046308183078358,0.3,0.0,False
2026-06-20 11:00:00,170,11,5,0.8523372294716627,1.4511999097397186,0.3,0.0,False
2026-06-20 12:00:00,170,12,5,0.9179584153192283,1.553266120997377,0.3,0.0,False
2026-06-20 13:00:00,170,13,5,0.5730125781520244,1.5109831815700492,0.3,0.0,False
2026-06-20 14:00:00,170,14,5,0.5279589329454851,1.3948537367868634,0.3,0.0,False
2026-06-20 15:00:00,170,15,5,0.467823340613514,1.5188480211060666,0.3,0.0,False
2026-06-20 16:00:00,170,16,5,0.39776848337605414,1.4923986063650614,0.5,0.0,False
2026-06-20 17:00:00,170,17,5,0.2098753852386286,1.329080366527678,0.5,0.0,False
2026-06-20 18:00:00,170,18,5,1.032836527048248e-16,1.4567242959739108,0.5,0.0,False
2026-06-20 19:00:00,170,19,5,0.0,1.5869007405631332,0.5,0.0,False
2026-06-20 20:00:00,170,20,5,0.0,1.5858207389844763,0.5,0.0,False
2026-06-20 21:00:00,170,21,5,0.0,1.465505350139491,0.5,0.0,False
2026-06-20 22:00:00,170,22,5,0.0,1.6015159192178965,0.3,0.0,False
2026-06-20 23:00:00,170,23,5,0.0,1.3530066754523067,0.3,0.0,False
2026-06-21 00:00:00,171,0,6,0.0,1.3576518242710012,0.3,0.0,False
2026-06-21 01:00:00,171,1,6,0.0,1.462311755505948,0.3,0.0,False
2026-06-21 02:00:00,171,2,6,0.0,1.7246349204130702,0.3,0.0,False
2026-06-21 03:00:00,171,3,6,0.0,1.524487743980731,0.3,0.0,False
2026-06-21 04:00:00,171,4,6,0.0,1.4586951285501342,0.3,0.0,False
2026-06-21 05:00:00,171,5,6,0.0,1.7316207001809971,0.3,0.0,False
2026-06-21 06:00:00,171,6,6,0.0,1.4569592347194693,0.5,0.0,False
2026-06-21 07:00:00,171,7,6,0.23652211931352507,1.8352099855928992,0.5,0.0,False
2026-06-21 08:00:00,171,8,6,0.44269334660115484,1.4233075314568882,0.5,0.0,False
2026-06-21 09:00:00,171,9,6,0.5304306205073935,1.3482406906123048,0.5,0.0,False
2026-06-21 10:00:00,171,10,6,0.7654887492354342,1.4750457037722187,0.3,0.0,False
2026-06-21 11:00:00,171,11,6,0.6123241360389832,1.4626373608744474,0.3,0.0,False
2026-06-21 12:00:00,171,12,6,0.7947366062522491,1.3788420035476077,0.3,0.0,False
2026-06-21 13:00:00,171,13,6,0.9007956661016303,1.8902961117237655,0.3,0.0,False
2026-06-21 14:00:00,171,14,6,0.5706921405856435,1.5477939851707874,0.3,0.0,False
2026-06-21 15:00:00,171,15,6,0.5245031979747552,1.5696374360507375,0.3,0.0,False
2026-06-21 16:00:00,171,16,6,0.4877510508742964,1.430718109929462,0.5,0.0,False
2026-06-21 17:00:00,171,17,6,0.2327008874133148,1.4133495922882304,0.5,0.0,False
2026-06-21 18:00:00,171,18,6,1.1554540732811642e-16,1.653833753357655,0.5,0.0,False
2026-06-21 19:00:00,171,19,6,0.0,1.2486237341115358,0.5,0.0,False
2026-06-21 20:00:00,171,20,6,0.0,1.3285703290814448,0.5,0.0,False
2026-06-21 21:00:00,171,21,6,0.0,1.4629037241588667,0.5,0.0,False
2026-06-21 22:00:00,171,22,6,0.0,1.7026570958451468,0.3,0.0,False
2026-06-21 23:00:00,171,23,6,0.0,1.443822454054579,0.3,0.0,False
2026-06-22 00:00:00,172,0,0,0.0,1.5624227335911294,0.3,0.0,False
2026-06-22 01:00:00,172,1,0,0.0,1.5041593019082138,0.3,0.0,False
2026-06-22 02:00:00,172,2,0,0.0,1.6944387619405212,0.3,0.0,False
2026-06-22 03:00:00,172,3,0,0.0,1.2622915472680618,0.3,0.0,False
2026-06-22 04:00:00,172,4,0,0.0,1.6103944805584165,0.3,0.0,False
2026-06-22 05:00:00,172,5,0,0.0,1.4701651605386103,0.3,0.0,False
2026-06-22 06:00:00,172,6,0,0.0,2.038732629087911,0.5,0.0,False
2026-06-22 07:00:00,172,7,0,0.13203041911916183,1.7771076840849527,0.5,0.0,False
2026-06-22 08:00:00,172,8,0,0.37571882865007955,3.7036589604794257,0.5,0.0,False
2026-06-22 09:00:00,172,9,0,0.6561103383180562,3.6846239933630973,0.5,0.0,False
2026-06-22 10:00:00,172,10,0,0.7400534041855413,3.149634679301938,0.3,0.0,False
2026-06-22 11:00:00,172,11,0,0.8671622940717874,3.1079380480579553,0.3,0.0,False
2026-06-22 12:00:00,172,12,0,0.6951636336475358,3.2129382957205284,0.3,0.0,False
2026-06-22 13:00:00,172,13,0,0.7383536077956803,3.3194896693492497,0.3,0.0,False
2026-06-22 14:00:00,172,14,0,0.44746075141867736,3.1864631663543257,0.3,0.0,False
2026-06-22 15:00:00,172,15,0,0.4889081485790469,3.250488965545827,0.3,0.0,False
2026-06-22 16:00:00,172,16,0,0.3685622005335086,3.017130396827464,0.5,0.0,False
2026-06-22 17:00:00,172,17,0,0.16241755931341273,3.2444025119274404,0.5,0.0,False
2026-06-22 18:00:00,172,18,0,6.313813564319974e-17,1.653537996993751,0.5,0.0,False
2026-06-22 19:00:00,172,19,0,0.0,1.6057770488955125,0.5,0.0,False
2026-06-22 20:00:00,172,20,0,0.0,1.4869617094459284,0.5,0.0,False
2026-06-22 21:00:00,172,21,0,0.0,1.5365479087521245,0.5,0.0,False
2026-06-22 22:00:00,172,22,0,0.0,1.3757609406608764,0.3,0.0,False
2026-06-22 23:00:00,172,23,0,0.0,1.7436658024937102,0.3,0.0,False
2026-06-23 00:00:00,173,0,1,0.0,1.8101643759770858,0.3,0.0,False
2026-06-23 01:00:00,173,1,1,0.0,1.524723544605896,0.3,0.0,False
2026-06-23 02:00:00,173,2,1,0.0,1.888602875409224,0.3,0.0,False
2026-06-23 03:00:00,173,3,1,0.0,1.3979726442696987,0.3,0.0,False
2026-06-23 04:00:00,173,4,1,0.0,1.312338113989657,0.3,0.0,False
2026-06-23 05:00:00,173,5,1,0.0,1.3935564368858824,0.3,0.0,False
2026-06-23 06:00:00,173,6,1,0.0,1.8670764602387513,0.5,0.0,False
2026-06-23 07:00:00,173,7,1,0.15620178746317645,2.2468099826804444,0.5,0.0,False
2026-06-23 08:00:00,173,8,1,0.38083890048995594,3.657826130889106,0.5,0.0,False
2026-06-23 09:00:00,173,9,1,0.45250292720636154,3.5710516280793967,0.5,0.0,False
2026-06-23 10:00:00,173,10,1,0.805180868192768,3.1652311710633843,0.3,0.0,False
2026-06-23 11:00:00,173,11,1,0.6742011360531569,3.4710033168064918,0.3,0.0,False
2026-06-23 12:00:00,173,12,1,0.8191482938455852,3.4495952622463553,0.3,0.0,False
2026-06-23 13:00:00,173,13,1,0.6029936632606678,3.227178272046958,0.3,0.0,False
2026-06-23 14:00:00,173,14,1,0.44129218373741086,3.0186323825884265,0.3,0.0,False
2026-06-23 15:00:00,173,15,1,0.49630455747684504,3.130710968293607,0.3,0.0,False
2026-06-23 16:00:00,173,16,1,0.38401404102281883,3.5581865756249313,0.5,0.0,False
2026-06-23 17:00:00,173,17,1,0.18882640035181453,3.4033211826824203,0.5,0.0,False
2026-06-23 18:00:00,173,18,1,1.2010508313973416e-16,1.5098192063337457,0.5,0.0,False
2026-06-23 19:00:00,173,19,1,0.0,1.7803249759726587,0.5,0.0,False
2026-06-23 20:00:00,173,20,1,0.0,1.7937489409217275,0.5,0.0,False
2026-06-23 21:00:00,173,21,1,0.0,1.4946090597058053,0.5,0.0,False
2026-06-23 22:00:00,173,22,1,0.0,1.49736423592025,0.3,0.0,False
2026-06-23 23:00:00,173,23,1,0.0,1.4126929976831886,0.3,0.0,False
2026-06-24 00:00:00,174,0,2,0.0,1.4573095068772297,0.3,0.0,False
2026-06-24 01:00:00,174,1,2,0.0,1.2770512536299818,0.3,0.0,False
2026-06-24 02:00:00,174,2,2,0.0,1.276442043572391,0.3,0.0,False
2026-06-24 03:00:00,174,3,2,0.0,1.2416011696641147,0.3,0.0,False
2026-06-24 04:00:00,174,4,2,0.0,1.6626505510379168,0.3,0.0,False
2026-06-24 05:00:00,174,5,2,0.0,1.2657896665631156,0.3,0.0,False
2026-06-24 06:00:00,174,6,2,0.0,2.1924943448059233,0.5,0.0,False
2026-06-24 07:00:00,174,7,2,0.1919845513314359,1.790443316320089,0.5,0.0,False
2026-06-24 08:00:00,174,8,2,0.4794497140236362,3.9606024860173803,0.5,0.0,False
2026-06-24 09:00:00,174,9,2,0.6384798091548552,3.6452418485701785,0.5,0.0,False
2026-06-24 10:00:00,174,10,2,0.47785539072402494,3.065071984361928,0.3,0.0,False
2026-06-24 11:00:00,174,11,2,0.547354041428419,3.4925668347098204,0.3,0.0,False
2026-06-24 12:00:00,174,12,2,0.5345270224426336,3.5102798441449834,0.3,0.0,False
2026-06-24 13:00:00,174,13,2,0.7208063682764192,3.1640923499599483,0.3,0.0,False
2026-06-24 14:00:00,174,14,2,0.4677442137052393,3.2502521600103824,0.3,0.0,False
2026-06-24 15:00:00,174,15,2,0.6090949932307572,3.164130609515853,0.3,0.0,False
2026-06-24 16:00:00,174,16,2,0.3878875632873338,3.281920995831342,0.5,0.0,False
2026-06-24 17:00:00,174,17,2,0.2374572928275904,3.316174372116128,0.5,0.0,False
2026-06-24 18:00:00,174,18,2,7.8324085442591e-17,1.4472925411326858,0.5,0.0,False
2026-06-24 19:00:00,174,19,2,0.0,1.227166290691372,0.5,0.0,False
2026-06-24 20:00:00,174,20,2,0.0,1.4128681027364967,0.5,0.0,False
2026-06-24 21:00:00,174,21,2,0.0,1.6055278145331062,0.5,0.0,False
2026-06-24 22:00:00,174,22,2,0.0,1.4686650686106126,0.3,0.0,False
2026-06-24 23:00:00,174,23,2,0.0,1.4508839058657441,0.3,0.0,False
2026-06-25 00:00:00,175,0,3,0.0,1.3603835182453854,0.3,0.0,True
2026-06-25 01:00:00,175,1,3,0.0,1.4084922946203575,0.3,0.0,True
2026-06-25 02:00:00,175,2,3,0.0,1.711342215987294,0.3,0.0,True
2026-06-25 03:00:00,175,3,3,0.0,1.3290334114796838,0.3,0.0,True
2026-06-25 04:00:00,175,4,3,0.0,1.6081234645027844,0.3,0.0,True
2026-06-25 05:00:00,175,5,3,0.0,1.5070582831355286,0.3,0.0,True
2026-06-25 06:00:00,175,6,3,0.0,1.9367215994682103,0.5,0.0,True
2026-06-25 07:00:00,175,7,3,0.13726950118586181,1.7901465578478073,0.5,0.0,True
2026-06-25 08:00:00,175,8,3,0.3618990581638438,3.647233395092812,0.5,0.0,True
2026-06-25 09:00:00,175,9,3,0.4247876600083706,3.699141972974206,0.5,0.0,True
2026-06-25 10:00:00,175,10,3,0.7351912443538224,3.2218999553086203,0.3,0.0,True
2026-06-25 11:00:00,175,11,3,0.6546850078861111,3.3497148156054823,0.3,0.0,True
2026-06-25 12:00:00,175,12,3,0.7240716662778195,3.3686158524184604,0.3,0.0,True
2026-06-25 13:00:00,175,13,3,0.5373227398228325,3.625905993542988,0.3,0.0,True
2026-06-25 14:00:00,175,14,3,0.6782022262968818,3.3417285044043554,0.3,0.0,True
2026-06-25 15:00:00,175,15,3,0.4187959948024505,3.0131636016721743,0.3,0.0,True
2026-06-25 16:00:00,175,16,3,0.4193958117258307,3.4744528621258017,0.5,0.0,True
2026-06-25 17:00:00,175,17,3,0.13850366060083713,3.2694194037545707,0.5,0.0,True
2026-06-25 18:00:00,175,18,3,1.2088759065343005e-16,1.8017888044405281,0.5,0.0,True
2026-06-25 19:00:00,175,19,3,0.0,1.7206386678757961,0.5,0.0,True
2026-06-25 20:00:00,175,20,3,0.0,1.4242098924432651,0.5,0.0,True
2026-06-25 21:00:00,175,21,3,0.0,1.6082854175806762,0.5,0.0,True
2026-06-25 22:00:00,175,22,3,0.0,1.410906727837817,0.3,0.0,True
2026-06-25 23:00:00,175,23,3,0.0,1.500403623962204,0.3,0.0,True
2026-06-26 00:00:00,176,0,4,0.0,1.601397722153093,0.3,0.0,True
2026-06-26 01:00:00,176,1,4,0.0,1.6669500309069765,0.3,0.0,True
2026-06-26 02:00:00,176,2,4,0.0,1.634280874332936,0.3,0.0,True
2026-06-26 03:00:00,176,3,4,0.0,1.511248444786924,0.3,0.0,True
2026-06-26 04:00:00,176,4,4,0.0,1.8725135850121823,0.3,0.0,True
2026-06-26 05:00:00,176,5,4,0.0,1.4452469390209366,0.3,0.0,True
2026-06-26 06:00:00,176,6,4,0.0,1.6589199052451054,0.5,0.0,True
2026-06-26 07:00:00,176,7,4,0.133485077975509,1.6877951057186011,0.5,0.0,True
2026-06-26 08:00:00,176,8,4,0.43254965805751366,3.921101159518351,0.5,0.0,True
2026-06-26 09:00:00,176,9,4,0.6260820522765579,3.688502062022979,0.5,0.0,True
2026-06-26 10:00:00,176,10,4,0.4615295789244733,3.3238586247081137,0.3,0.0,True
2026-06-26 11:00:00,176,11,4,0.5652768808877631,3.2186214180113493,0.3,0.0,True
2026-06-26 12:00:00,176,12,4,0.6913063607472856,3.2320946281051213,0.3,0.0,True
2026-06-26 13:00:00,176,13,4,0.9011454395758828,3.1819356208576055,0.3,0.0,True
2026-06-26 14:00:00,176,14,4,0.6647260927231426,3.370672621999513,0.3,0.0,True
2026-06-26 15:00:00,176,15,4,0.5845232081557452,3.285393012369435,0.3,0.0,True
2026-06-26 16:00:00,176,16,4,0.4452077530433966,3.36525080667051,0.5,0.0,True
2026-06-26 17:00:00,176,17,4,0.23628700511516265,3.3509157577976225,0.5,0.0,True
2026-06-26 18:00:00,176,18,4,9.028574150460137e-17,1.4361181899550655,0.5,0.0,True
2026-06-26 19:00:00,176,19,4,0.0,1.2811904062045818,0.5,0.0,True
2026-06-26 20:00:00,176,20,4,0.0,1.2681300606000963,0.5,0.0,True
2026-06-26 21:00:00,176,21,4,0.0,1.9539977387542597,0.5,0.0,True
2026-06-26 22:00:00,176,22,4,0.0,1.7217260166634965,0.3,0.0,True
2026-06-26 23:00:00,176,23,4,0.0,1.7010273850336821,0.3,0.0,True
2026-06-27 00:00:00,177,0,5,0.0,1.3988089789519658,0.3,0.0,True
2026-06-27 01:00:00,177,1,5,0.0,1.501426460064468,0.3,0.0,True
2026-06-27 02:00:00,177,2,5,0.0,1.3776955811425244,0.3,0.0,True
2026-06-27 03:00:00,177,3,5,0.0,1.3031876857251163,0.3,0.0,True
2026-06-27 04:00:00,177,4,5,0.0,1.411683971943645,0.3,0.0,True
2026-06-27 05:00:00,177,5,5,0.0,1.6989277445144368,0.3,0.0,True
2026-06-27 06:00:00,177,6,5,0.0,1.6261118050385954,0.5,0.0,True
2026-06-27 07:00:00,177,7,5,0.13831882802117496,1.354492799756697,0.5,0.0,True
2026-06-27 08:00:00,177,8,5,0.25718593427508235,1.4527775924763786,0.5,0.0,True
2026-06-27 09:00:00,177,9,5,0.5171418986341981,1.612368475790487,0.5,0.0,True
2026-06-27 10:00:00,177,10,5,0.8456260448031424,1.4143542907218993,0.3,0.0,True
2026-06-27 11:00:00,177,11,5,0.616672965437654,1.5119379367249095,0.3,0.0,True
2026-06-27 12:00:00,177,12,5,0.9779338967515528,1.5602771170597218,0.3,0.0,True
2026-06-27 13:00:00,177,13,5,0.910143101218812,1.5586395827766197,0.3,0.0,True
2026-06-27 14:00:00,177,14,5,0.5546771394416722,1.5381218141535429,0.3,0.0,True
2026-06-27 15:00:00,177,15,5,0.6413052186208533,1.4019454239326234,0.3,0.0,True
2026-06-27 16:00:00,177,16,5,0.42075632205868224,1.4173538118721778,0.5,0.0,True
2026-06-27 17:00:00,177,17,5,0.1953143989250222,1.3299525222719062,0.5,0.0,True
2026-06-27 18:00:00,177,18,5,8.698160487476074e-17,1.2657995109746591,0.5,0.0,True
2026-06-27 19:00:00,177,19,5,0.0,1.4827876887464657,0.5,0.0,True
2026-06-27 20:00:00,177,20,5,0.0,1.6224389421880787,0.5,0.0,True
2026-06-27 21:00:00,177,21,5,0.0,1.292957640876908,0.5,0.0,True
2026-06-27 22:00:00,177,22,5,0.0,1.5409459866186386,0.3,0.0,True
2026-06-27 23:00:00,177,23,5,0.0,1.6176946820075093,0.3,0.0,True
2026-06-28 00:00:00,178,0,6,0.0,1.2244899346767981,0.3,0.0,True
2026-06-28 01:00:00,178,1,6,0.0,1.4594128349795672,0.3,0.0,True
2026-06-28 02:00:00,178,2,6,0.0,1.746931530068756,0.3,0.0,True
2026-06-28 03:00:00,178,3,6,0.0,1.582791152663606,0.3,0.0,True
2026-06-28 04:00:00,178,4,6,0.0,1.2194314276406568,0.3,0.0,True
2026-06-28 05:00:00,178,5,6,0.0,1.5987509193617415,0.3,0.0,True
2026-06-28 06:00:00,178,6,6,0.0,1.3878394808657506,0.5,0.0,True
2026-06-28 07:00:00,178,7,6,0.21950878143824468,1.603696039513914,0.5,0.0,True
2026-06-28 08:00:00,178,8,6,0.2512775828223133,1.3964877350098839,0.5,0.0,True
2026-06-28 09:00:00,178,9,6,0.47812916941913614,1.4920451333382052,0.5,0.0,True
2026-06-28 10:00:00,178,10,6,0.6979852336991574,1.4193685847155577,0.3,0.0,True
2026-06-28 11:00:00,178,11,6,0.5444187135177513,1.5004736584107758,0.3,0.0,True
2026-06-28 12:00:00,178,12,6,0.9461968151173527,1.4149079739133483,0.3,0.0,True
2026-06-28 13:00:00,178,13,6,0.5571968885241865,1.4664692637668284,0.3,0.0,True
2026-06-28 14:00:00,178,14,6,0.8251277737654775,1.3236592487533985,0.3,0.0,True
2026-06-28 15:00:00,178,15,6,0.42910319614576764,1.5735989393120988,0.3,0.0,True
2026-06-28 16:00:00,178,16,6,0.497462103936733,1.5262927812965887,0.5,0.0,True
2026-06-28 17:00:00,178,17,6,0.20720842974220008,1.2575201738843773,0.5,0.0,True
2026-06-28 18:00:00,178,18,6,6.62494753891026e-17,1.6489374990302892,0.5,0.0,True
2026-06-28 19:00:00,178,19,6,0.0,1.4735568060518256,0.5,0.0,True
2026-06-28 20:00:00,178,20,6,0.0,1.5242643594353864,0.5,0.0,True
2026-06-28 21:00:00,178,21,6,0.0,1.614684250804378,0.5,0.0,True
2026-06-28 22:00:00,178,22,6,0.0,1.5492363363539976,0.3,0.0,True
2026-06-28 23:00:00,178,23,6,0.0,1.674780473769135,0.3,0.0,True
2026-06-29 00:00:00,179,0,0,0.0,1.4560056716691883,0.3,0.0,True
2026-06-29 01:00:00,179,1,0,0.0,1.655164407934056,0.3,0.0,True
2026-06-29 02:00:00,179,2,0,0.0,1.5184386926710982,0.3,0.0,True
2026-06-29 03:00:00,179,3,0,0.0,1.5761450136760038,0.3,0.0,True
2026-06-29 04:00:00,179,4,0,0.0,1.5605443759196855,0.3,0.0,True
2026-06-29 05:00:00,179,5,0,0.0,1.6861095487964288,0.3,0.0,True
2026-06-29 06:00:00,179,6,0,0.0,2.0082118560338937,0.5,0.0,True
2026-06-29 07:00:00,179,7,0,0.1742467756365059,1.833558177953523,0.5,0.0,True
2026-06-29 08:00:00,179,8,0,0.2523375708385696,3.6038099434000226,0.5,0.0,True
2026-06-29 09:00:00,179,9,0,0.3968420606381216,3.692536877860775,0.5,0.0,True
2026-06-29 10:00:00,179,10,0,0.6707872528212965,3.1859847838381126,0.3,0.0,True
2026-06-29 11:00:00,179,11,0,0.6473889543362384,3.1421711698010477,0.3,0.0,True
2026-06-29 12:00:00,179,12,0,0.9672456371189893,2.9807921296052937,0.3,0.0,True
2026-06-29 13:00:00,179,13,0,0.7837712621707463,3.067610586325693,0.3,0.0,True
2026-06-29 14:00:00,179,14,0,0.6564696276107399,3.5978109541667287,0.3,0.0,True
2026-06-29 15:00:00,179,15,0,0.6339035397385215,3.201524962555533,0.3,0.0,True
2026-06-29 16:00:00,179,16,0,0.3137568258716835,3.5855190449731715,0.5,0.0,True
2026-06-29 17:00:00,179,17,0,0.23482491286338533,3.360473190173337,0.5,0.0,True
2026-06-29 18:00:00,179,18,0,6.124592359584586e-17,1.4925362967545843,0.5,0.0,True
2026-06-29 19:00:00,179,19,0,0.0,1.274909232476815,0.5,0.0,True
2026-06-29 20:00:00,179,20,0,0.0,1.5007003343364074,0.5,0.0,True
2026-06-29 21:00:00,179,21,0,0.0,1.7838275650452344,0.5,0.0,True
2026-06-29 22:00:00,179,22,0,0.0,1.7336455116025107,0.3,0.0,True
2026-06-29 23:00:00,179,23,0,0.0,1.5411357979046367,0.3,0.0,True
2026-06-30 00:00:00,180,0,1,0.0,1.3276997451142476,0.3,0.0,True
2026-06-30 01:00:00,180,1,1,0.0,1.3564251982126272,0.3,0.0,True
2026-06-30 02:00:00,180,2,1,0.0,1.372111223491131,0.3,0.0,True
2026-06-30 03:00:00,180,3,1,0.0,1.691723239104405,0.3,0.0,True
2026-06-30 04:00:00,180,4,1,0.0,1.744758065416314,0.3,0.0,True
2026-06-30 05:00:00,180,5,1,0.0,1.5293839252451378,0.3,0.0,True
2026-06-30 06:00:00,180,6,1,0.0,1.854537934671527,0.5,0.0,True
2026-06-30 07:00:00,180,7,1,0.22456811926122924,2.1323065744991476,0.5,0.0,True
2026-06-30 08:00:00,180,8,1,0.45839823930911583,3.5532139688702564,0.5,0.0,True
2026-06-30 09:00:00,180,9,1,0.6765654959158683,3.7077734991400546,0.5,0.0,True
2026-06-30 10:00:00,180,10,1,0.47540377413787377,3.3694448999319193,0.3,0.0,True
2026-06-30 11:00:00,180,11,1,0.9335219529284555,3.17057990892354,0.3,0.0,True
2026-06-30 12:00:00,180,12,1,0.5319347492842948,3.2046128667913036,0.3,0.0,True
2026-06-30 13:00:00,180,13,1,0.7094135552907259,3.192939363121859,0.3,0.0,True
2026-06-30 14:00:00,180,14,1,0.7940527551667373,3.5125090283982128,0.3,0.0,True
2026-06-30 15:00:00,180,15,1,0.377082784396425,3.587155091558563,0.3,0.0,True
2026-06-30 16:00:00,180,16,1,0.2536635163510078,3.317218879535484,0.5,0.0,True
2026-06-30 17:00:00,180,17,1,0.13217204261441043,3.259767211943582,0.5,0.0,True
2026-06-30 18:00:00,180,18,1,9.221352839025086e-17,1.4100238387510056,0.5,0.0,True
2026-06-30 19:00:00,180,19,1,0.0,1.5002619470175493,0.5,0.0,True
2026-06-30 20:00:00,180,20,1,0.0,1.4174667372844816,0.5,0.0,True
2026-06-30 21:00:00,180,21,1,0.0,1.485445463646717,0.5,0.0,True
2026-06-30 22:00:00,180,22,1,0.0,1.5619849234505885,0.3,0.0,True
2026-06-30 23:00:00,180,23,1,0.0,1.4392030585814448,0.3,0.0,True
2026-07-01 00:00:00,181,0,2,0.0,1.4715617906078853,0.3,0.0,True
2026-07-01 01:00:00,181,1,2,0.0,1.4721818272391543,0.3,0.0,True
2026-07-01 02:00:00,181,2,2,0.0,1.4523654847910792,0.3,0.0,True
2026-07-01 03:00:00,181,3,2,0.0,1.4337828184475683,0.3,0.0,True
2026-07-01 04:00:00,181,4,2,0.0,1.614329490440521,0.3,0.0,True
2026-07-01 05:00:00,181,5,2,0.0,1.2343895956535336,0.3,0.0,True
2026-07-01 06:00:00,181,6,2,0.0,2.1361419788501896,0.5,0.0,True
2026-07-01 07:00:00,181,7,2,0.13766427062767303,1.9203294194804494,0.5,0.0,True
2026-07-01 08:00:00,181,8,2,0.41222122569684017,3.791502636397977,0.5,0.0,True
2026-07-01 09:00:00,181,9,2,0.37033387938320667,3.8087616674723312,0.5,0.0,True
2026-07-01 10:00:00,181,10,2,0.8159707044044572,3.193791125995414,0.3,0.0,True
2026-07-01 11:00:00,181,11,2,0.8134708464891545,3.1628462165731137,0.3,0.0,True
2026-07-01 12:00:00,181,12,2,0.9719340130032172,3.1451596073019257,0.3,0.0,True
2026-07-01 13:00:00,181,13,2,0.6318500015678541,3.2629397955257113,0.3,0.0,True
2026-07-01 14:00:00,181,14,2,0.640778625434039,3.4048807037326543,0.3,0.0,True
2026-07-01 15:00:00,181,15,2,0.6131521596909103,3.2124356962168763,0.3,0.0,True
2026-07-01 16:00:00,181,16,2,0.3093685887146653,3.3911897460267455,0.5,0.0,True
2026-07-01 17:00:00,181,17,2,0.19867825372895015,2.94481181717082,0.5,0.0,True
2026-07-01 18:00:00,181,18,2,1.0117934298825834e-16,1.4421649197037125,0.5,0.0,True
2026-07-01 19:00:00,181,19,2,0.0,1.6750706051417343,0.5,0.0,True
2026-07-01 20:00:00,181,20,2,0.0,1.4743543066450597,0.5,0.0,True
2026-07-01 21:00:00,181,21,2,0.0,1.375628454575075,0.5,0.0,True
2026-07-01 22:00:00,181,22,2,0.0,1.4014735166793604,0.3,0.0,True
2026-07-01 23:00:00,181,23,2,0.0,1.045796615539768,0.3,0.0,True
2026-07-02 00:00:00,182,0,3,0.0,1.3482297044382119,0.3,0.0,False
2026-07-02 01:00:00,182,1,3,0.0,1.6585862058768872,0.3,0.0,False
2026-07-02 02:00:00,182,2,3,0.0,1.4126095849655653,0.3,0.0,False
2026-07-02 03:00:00,182,3,3,0.0,1.430318345699816,0.3,0.0,False
2026-07-02 04:00:00,182,4,3,0.0,1.1502281719445389,0.3,0.0,False
2026-07-02 05:00:00,182,5,3,0.0,1.2553743310331158,0.3,0.0,False
2026-07-02 06:00:00,182,6,3,0.0,2.078507376789963,0.5,0.0,False
2026-07-02 07:00:00,182,7,3,0.15059845305711106,1.992594112099234,0.5,0.0,False
2026-07-02 08:00:00,182,8,3,0.42870262230127804,3.505384145284085,0.5,0.0,False
2026-07-02 09:00:00,182,9,3,0.4204280080453096,3.6054141412640166,0.5,0.0,False
2026-07-02 10:00:00,182,10,3,0.8169306564220131,3.2956241485501825,0.3,0.0,False
2026-07-02 11:00:00,182,11,3,0.493095089394246,3.1205808401764865,0.3,0.0,False
2026-07-02 12:00:00,182,12,3,0.7571202050169838,2.99937841747296,0.3,0.0,False
2026-07-02 13:00:00,182,13,3,0.6343122613242681,3.2761184418840843,0.3,0.0,False
2026-07-02 14:00:00,182,14,3,0.52777009636294,3.385891284325986,0.3,0.0,False
2026-07-02 15:00:00,182,15,3,0.517638453311282,3.388778597959493,0.3,0.0,False
2026-07-02 16:00:00,182,16,3,0.45815788543965646,3.4312856078313216,0.5,0.0,False
2026-07-02 17:00:00,182,17,3,0.24659189605211176,3.066966410733026,0.5,0.0,False
2026-07-02 18:00:00,182,18,3,7.939425067859985e-17,1.5086852864740408,0.5,0.0,False
2026-07-02 19:00:00,182,19,3,0.0,1.4597322953656318,0.5,0.0,False
2026-07-02 20:00:00,182,20,3,0.0,1.4869168971754212,0.5,0.0,False
2026-07-02 21:00:00,182,21,3,0.0,1.4682327549548795,0.5,0.0,False
2026-07-02 22:00:00,182,22,3,0.0,1.4009327729088725,0.3,0.0,False
2026-07-02 23:00:00,182,23,3,0.0,1.0473314318676592,0.3,0.0,False
2026-07-03 00:00:00,183,0,4,0.0,1.674274353085601,0.3,0.0,False
2026-07-03 01:00:00,183,1,4,0.0,1.5494985248212634,0.3,0.0,False
2026-07-03 02:00:00,183,2,4,0.0,1.277356531869524,0.3,0.0,False
2026-07-03 03:00:00,183,3,4,0.0,1.5709697479489133,0.3,0.0,False
2026-07-03 04:00:00,183,4,4,0.0,1.4329042789497795,0.3,0.0,False
2026-07-03 05:00:00,183,5,4,0.0,1.4371541525373406,0.3,0.0,False
2026-07-03 06:00:00,183,6,4,0.0,1.784737809776645,0.5,0.0,False
2026-07-03 07:00:00,183,7,4,0.22874912100235517,1.9805395708978395,0.5,0.0,False
2026-07-03 08:00:00,183,8,4,0.44680613757131155,3.58002646427257,0.5,0.0,False
2026-07-03 09:00:00,183,9,4,0.6138132214959398,3.5354747970864095,0.5,0.0,False
2026-07-03 10:00:00,183,10,4,0.4387756420558373,3.469761721590899,0.3,0.0,False
2026-07-03 11:00:00,183,11,4,0.6111884902634764,3.273167788534991,0.3,0.0,False
2026-07-03 12:00:00,183,12,4,0.729765794653996,3.2778770415011684,0.3,0.0,False
2026-07-03 13:00:00,183,13,4,0.7659672611789525,3.4038696180414996,0.3,0.0,False
2026-07-03 14:00:00,183,14,4,0.8260634535176623,3.1998619948730735,0.3,0.0,False
2026-07-03 15:00:00,183,15,4,0.48343333745848377,3.229777024102967,0.3,0.0,False
2026-07-03 16:00:00,183,16,4,0.4659445311329349,3.345857290458425,0.5,0.0,False
2026-07-03 17:00:00,183,17,4,0.1496558728504541,3.068793359630435,0.5,0.0,False
2026-07-03 18:00:00,183,18,4,8.346313418558488e-17,1.533164857015232,0.5,0.0,False
2026-07-03 19:00:00,183,19,4,0.0,1.386643281122795,0.5,0.0,False
2026-07-03 20:00:00,183,20,4,0.0,1.6283208888682723,0.5,0.0,False
2026-07-03 21:00:00,183,21,4,0.0,1.5819994990274864,0.5,0.0,False
2026-07-03 22:00:00,183,22,4,0.0,1.5621822535462544,0.3,0.0,False
2026-07-03 23:00:00,183,23,4,0.0,1.2589562027168164,0.3,0.0,False
2026-07-04 00:00:00,184,0,5,0.0,1.484490690723927,0.3,0.0,False
2026-07-04 01:00:00,184,1,5,0.0,1.3234100159378583,0.3,0.0,False
2026-07-04 02:00:00,184,2,5,0.0,1.494470414553446,0.3,0.0,False
2026-07-04 03:00:00,184,3,5,0.0,1.1527080484665393,0.3,0.0,False
2026-07-04 04:00:00,184,4,5,0.0,1.2688751597437136,0.3,0.0,False
2026-07-04 05:00:00,184,5,5,0.0,1.6783550413260282,0.3,0.0,False
2026-07-04 06:00:00,184,6,5,0.0,1.5553579764009842,0.5,0.0,False
2026-07-04 07:00:00,184,7,5,0.1578632751187088,1.4469276228780499,0.5,0.0,False
2026-07-04 08:00:00,184,8,5,0.39527718700415454,1.3636885015970666,0.5,0.0,False
2026-07-04 09:00:00,184,9,5,0.4842450537598913,1.337361912361936,0.5,0.0,False
2026-07-04 10:00:00,184,10,5,0.5102942374785926,1.530023363263279,0.3,0.0,False
2026-07-04 11:00:00,184,11,5,0.545830985067134,1.448455153561148,0.3,0.0,False
2026-07-04 12:00:00,184,12,5,0.6141195635469372,1.7319970774975915,0.3,0.0,False
2026-07-04 13:00:00,184,13,5,0.4939038168166526,1.4722854419984475,0.3,0.0,False
2026-07-04 14:00:00,184,14,5,0.5624872788119766,1.50880807383668,0.3,0.0,False
2026-07-04 15:00:00,184,15,5,0.6677553018723282,1.2917244797916942,0.3,0.0,False
2026-07-04 16:00:00,184,16,5,0.4546491765523286,1.445895116223429,0.5,0.0,False
2026-07-04 17:00:00,184,17,5,0.17631274510120448,1.5265487107601978,0.5,0.0,False
2026-07-04 18:00:00,184,18,5,9.581938724699252e-17,1.444082143318022,0.5,0.0,False
2026-07-04 19:00:00,184,19,5,0.0,1.4271557199638651,0.5,0.0,False
2026-07-04 20:00:00,184,20,5,0.0,1.5490364438422985,0.5,0.0,False
2026-07-04 21:00:00,184,21,5,0.0,1.7272234922341485,0.5,0.0,False
2026-07-04 22:00:00,184,22,5,0.0,1.521745405546174,0.3,0.0,False
2026-07-04 23:00:00,184,23,5,0.0,1.6716279425209706,0.3,0.0,False
2026-07-05 00:00:00,185,0,6,0.0,1.5932403566278173,0.3,0.0,False
2026-07-05 01:00:00,185,1,6,0.0,1.6626530062001776,0.3,0.0,False
2026-07-05 02:00:00,185,2,6,0.0,1.4085420114980043,0.3,0.0,False
2026-07-05 03:00:00,185,3,6,0.0,1.4689608757523398,0.3,0.0,False
2026-07-05 04:00:00,185,4,6,0.0,1.4695839643853004,0.3,0.0,False
2026-07-05 05:00:00,185,5,6,0.0,1.5819415854845964,0.3,0.0,False
2026-07-05 06:00:00,185,6,6,0.0,1.6188619233317796,0.5,0.0,False
2026-07-05 07:00:00,185,7,6,0.1911923665596161,1.5187584286667837,0.5,0.0,False
2026-07-05 08:00:00,185,8,6,0.38556439634485096,1.6315059866063797,0.5,0.0,False
2026-07-05 09:00:00,185,9,6,0.35782460567186913,1.4155002784527941,0.5,0.0,False
2026-07-05 10:00:00,185,10,6,0.791320171123091,1.6328066329348687,0.3,0.0,False
2026-07-05 11:00:00,185,11,6,0.9455660715384633,1.6523714163278802,0.3,0.0,False
2026-07-05 12:00:00,185,12,6,0.8200759280228814,1.6016244518886995,0.3,0.0,False
2026-07-05 13:00:00,185,13,6,0.7955088819167712,1.520125467522182,0.3,0.0,False
2026-07-05 14:00:00,185,14,6,0.6563313179554101,1.606998499860745,0.3,0.0,False
2026-07-05 15:00:00,185,15,6,0.4679556560698913,1.3658993302142266,0.3,0.0,False
2026-07-05 16:00:00,185,16,6,0.28494203252616884,1.5297543396540312,0.5,0.0,False
2026-07-05 17:00:00,185,17,6,0.2033497493130117,1.5450765715237684,0.5,0.0,False
2026-07-05 18:00:00,185,18,6,6.347133837119225e-17,1.3005726505272772,0.5,0.0,False
2026-07-05 19:00:00,185,19,6,0.0,1.5711876379409282,0.5,0.0,False
2026-07-05 20:00:00,185,20,6,0.0,1.3126771911477277,0.5,0.0,False
2026-07-05 21:00:00,185,21,6,0.0,1.4358122553135853,0.5,0.0,False
2026-07-05 22:00:00,185,22,6,0.0,1.5059641438914448,0.3,0.0,False
2026-07-05 23:00:00,185,23,6,0.0,1.390389542305079,0.3,0.0,False
2026-07-06 00:00:00,186,0,0,0.0,1.5123831057930477,0.3,0.0,False
2026-07-06 01:00:00,186,1,0,0.0,1.509983548565433,0.3,0.0,False
2026-07-06 02:00:00,186,2,0,0.0,1.3769727540961738,0.3,0.0,False
2026-07-06 03:00:00,186,3,0,0.0,1.5851961688236496,0.3,0.0,False
2026-07-06 04:00:00,186,4,0,0.0,1.3853765245040652,0.3,0.0,False
2026-07-06 05:00:00,186,5,0,0.0,1.8431961562102042,0.3,0.0,False
2026-07-06 06:00:00,186,6,0,0.0,1.8835781765004092,0.5,0.0,False
2026-07-06 07:00:00,186,7,0,0.16395407058575392,1.724305878251495,0.5,0.0,False
2026-07-06 08:00:00,186,8,0,0.40821267502486497,3.552348735067934,0.5,0.0,False
2026-07-06 09:00:00,186,9,0,0.3645123923928068,3.872137069704745,0.5,0.0,False
2026-07-06 10:00:00,186,10,0,0.6417227110022186,3.2386272525422317,0.3,0.0,False
2026-07-06 11:00:00,186,11,0,0.7917982969153091,3.0954354288255046,0.3,0.0,False
2026-07-06 12:00:00,186,12,0,0.7611447737748154,3.428056912069165,0.3,0.0,False
2026-07-06 13:00:00,186,13,0,0.592368995924134,3.2376639168332875,0.3,0.0,False
2026-07-06 14:00:00,186,14,0,0.7845317424000184,3.3980129266679024,0.3,0.0,False
2026-07-06 15:00:00,186,15,0,0.6901873103451793,3.440334903848419,0.3,0.0,False
2026-07-06 16:00:00,186,16,0,0.36146754686595584,3.3411695308212814,0.5,0.0,False
2026-07-06 17:00:00,186,17,0,0.20977017757656422,3.6593861093527997,0.5,0.0,False
2026-07-06 18:00:00,186,18,0,1.0863000206805653e-16,1.2412886260600164,0.5,0.0,False
2026-07-06 19:00:00,186,19,0,0.0,1.3773074887092287,0.5,0.0,False
2026-07-06 20:00:00,186,20,0,0.0,1.4616074993094064,0.5,0.0,False
2026-07-06 21:00:00,186,21,0,0.0,1.8391760292912183,0.5,0.0,False
2026-07-06 22:00:00,186,22,0,0.0,1.7697003705153318,0.3,0.0,False
2026-07-06 23:00:00,186,23,0,0.0,1.6933036301090874,0.3,0.0,False
2026-07-07 00:00:00,187,0,1,0.0,1.3808814088881134,0.3,0.0,False
2026-07-07 01:00:00,187,1,1,0.0,1.3983727890344355,0.3,0.0,False
2026-07-07 02:00:00,187,2,1,0.0,1.375715994728932,0.3,0.0,False
2026-07-07 03:00:00,187,3,1,0.0,1.3824859667938856,0.3,0.0,False
2026-07-07 04:00:00,187,4,1,0.0,1.7239056910913961,0.3,0.0,False
2026-07-07 05:00:00,187,5,1,0.0,1.4634349314906234,0.3,0.0,False
2026-07-07 06:00:00,187,6,1,0.0,1.8832752753034085,0.5,0.0,False
2026-07-07 07:00:00,187,7,1,0.17387295939454844,2.0161580180385146,0.5,0.0,False
2026-07-07 08:00:00,187,8,1,0.36591379067924695,3.4504708038949037,0.5,0.0,False
2026-07-07 09:00:00,187,9,1,0.5227257815354643,3.7078968731903705,0.5,0.0,False
2026-07-07 10:00:00,187,10,1,0.7954608385525039,3.1354692406990616,0.3,0.0,False
2026-07-07 11:00:00,187,11,1,0.8462892306659162,3.255837761916252,0.3,0.0,False
2026-07-07 12:00:00,187,12,1,0.5041682373503983,3.212036895906118,0.3,0.0,False
2026-07-07 13:00:00,187,13,1,0.6954690782902117,3.2043028880953113,0.3,0.0,False
2026-07-07 14:00:00,187,14,1,0.69341547004567,3.3338372710059545,0.3,0.0,False
2026-07-07 15:00:00,187,15,1,0.5109990266227525,3.3331820103588767,0.3,0.0,False
2026-07-07 16:00:00,187,16,1,0.2797440949825694,3.267026911614902,0.5,0.0,False
2026-07-07 17:00:00,187,17,1,0.17898001984589537,3.3556026514486734,0.5,0.0,False
2026-07-07 18:00:00,187,18,1,8.554688396426353e-17,1.3697078188719676,0.5,0.0,False
2026-07-07 19:00:00,187,19,1,0.0,1.602237880355914,0.5,0.0,False
2026-07-07 20:00:00,187,20,1,0.0,1.4690701466763592,0.5,0.0,False
2026-07-07 21:00:00,187,21,1,0.0,1.4274504656793154,0.5,0.0,False
2026-07-07 22:00:00,187,22,1,0.0,1.3807861782445527,0.3,0.0,False
2026-07-07 23:00:00,187,23,1,0.0,1.4637903809299977,0.3,0.0,False
2026-07-08 00:00:00,188,0,2,0.0,1.7805958885268884,0.3,0.0,False
2026-07-08 01:00:00,188,1,2,0.0,1.4905029344846115,0.3,0.0,False
2026-07-08 02:00:00,188,2,2,0.0,1.3283394695784843,0.3,0.0,False
2026-07-08 03:00:00,188,3,2,0.0,1.637822860017757,0.3,0.0,False
2026-07-08 04:00:00,188,4,2,0.0,1.4292107346312368,0.3,0.0,False
2026-07-08 05:00:00,188,5,2,0.0,1.5425638506528705,0.3,0.0,False
2026-07-08 06:00:00,188,6,2,0.0,1.8091509174360132,0.5,0.0,False
2026-07-08 07:00:00,188,7,2,0.159283189947704,2.0921159974214754,0.5,0.0,False
2026-07-08 08:00:00,188,8,2,0.26805333038270646,3.611386036503105,0.5,0.0,False
2026-07-08 09:00:00,188,9,2,0.49406553491105815,3.90967869678663,0.5,0.0,False
2026-07-08 10:00:00,188,10,2,0.759003715497135,3.142610912320682,0.3,0.0,False
2026-07-08 11:00:00,188,11,2,0.8834033526382608,3.256064042142678,0.3,0.0,False
2026-07-08 12:00:00,188,12,2,0.8566365734476827,3.509999367886017,0.3,0.0,False
2026-07-08 13:00:00,188,13,2,0.7436888668258996,3.3252261337172007,0.3,0.0,False
2026-07-08 14:00:00,188,14,2,0.737951501187691,3.6407198912708445,0.3,0.0,False
2026-07-08 15:00:00,188,15,2,0.5875772611836962,3.259628932614297,0.3,0.0,False
2026-07-08 16:00:00,188,16,2,0.3050182436106524,3.3385564279441007,0.5,0.0,False
2026-07-08 17:00:00,188,17,2,0.19835910906632973,3.5857723908073225,0.5,0.0,False
2026-07-08 18:00:00,188,18,2,1.0716309276214518e-16,1.2729115174886598,0.5,0.0,False
2026-07-08 19:00:00,188,19,2,0.0,1.2543374950227693,0.5,0.0,False
2026-07-08 20:00:00,188,20,2,0.0,1.3806737734185888,0.5,0.0,False
2026-07-08 21:00:00,188,21,2,0.0,1.6220059034209988,0.5,0.0,False
2026-07-08 22:00:00,188,22,2,0.0,1.2585223225002091,0.3,0.0,False
2026-07-08 23:00:00,188,23,2,0.0,1.589557358484303,0.3,0.0,False
2026-07-09 00:00:00,189,0,3,0.0,1.579006004173334,0.3,0.0,False
2026-07-09 01:00:00,189,1,3,0.0,1.8021585349802935,0.3,0.0,False
2026-07-09 02:00:00,189,2,3,0.0,1.656822738826856,0.3,0.0,False
2026-07-09 03:00:00,189,3,3,0.0,1.5546075356246665,0.3,0.0,False
2026-07-09 04:00:00,189,4,3,0.0,1.703869940272944,0.3,0.0,False
2026-07-09 05:00:00,189,5,3,0.0,1.58083559116723,0.3,0.0,False
2026-07-09 06:00:00,189,6,3,0.0,1.8309894918059195,0.5,0.0,False
2026-07-09 07:00:00,189,7,3,0.19077440277214988,1.7283091334426706,0.5,0.0,False
2026-07-09 08:00:00,189,8,3,0.33450495088470056,3.6145951594460377,0.5,0.0,False
2026-07-09 09:00:00,189,9,3,0.4449182749437247,3.693988918817932,0.5,0.0,False
2026-07-09 10:00:00,189,10,3,0.8463023090614583,3.3262527608024404,0.3,0.0,False
2026-07-09 11:00:00,189,11,3,0.596983078483388,2.979720660286986,0.3,0.0,False
2026-07-09 12:00:00,189,12,3,0.8517150910044182,3.2670659497614007,0.3,0.0,False
2026-07-09 13:00:00,189,13,3,0.6120034971612546,3.3042872654324165,0.3,0.0,False
2026-07-09 14:00:00,189,14,3,0.4575514921697903,3.382130616731976,0.3,0.0,False
2026-07-09 15:00:00,189,15,3,0.5874452849737108,3.5440201323759526,0.3,0.0,False
2026-07-09 16:00:00,189,16,3,0.247175047258549,3.3278480303167903,0.5,0.0,False
2026-07-09 17:00:00,189,17,3,0.2140582660675057,3.1635655685628423,0.5,0.0,False
2026-07-09 18:00:00,189,18,3,7.557508063574707e-17,1.227288092459779,0.5,0.0,False
2026-07-09 19:00:00,189,19,3,0.0,1.6030516437168574,0.5,0.0,False
2026-07-09 20:00:00,189,20,3,0.0,1.369636896078388,0.5,0.0,False
2026-07-09 21:00:00,189,21,3,0.0,1.6300255465742022,0.5,0.0,False
2026-07-09 22:00:00,189,22,3,0.0,1.7096130228243853,0.3,0.0,False
2026-07-09 23:00:00,189,23,3,0.0,1.268388785103124,0.3,0.0,False
2026-07-10 00:00:00,190,0,4,0.0,1.5830838838138444,0.3,0.0,False
2026-07-10 01:00:00,190,1,4,0.0,1.6938933615509015,0.3,0.0,False
2026-07-10 02:00:00,190,2,4,0.0,1.6528558987920423,0.3,0.0,False
2026-07-10 03:00:00,190,3,4,0.0,1.1855430844634316,0.3,0.0,False
2026-07-10 04:00:00,190,4,4,0.0,1.3719521932809444,0.3,0.0,False
2026-07-10 05:00:00,190,5,4,0.0,1.3079729241374365,0.3,0.0,False
2026-07-10 06:00:00,190,6,4,0.0,1.9785209132720576,0.5,0.0,False
2026-07-10 07:00:00,190,7,4,0.13229783817177238,1.9619989935228246,0.5,0.0,False
2026-07-10 08:00:00,190,8,4,0.38288205070886605,3.2953162183089058,0.5,0.0,False
2026-07-10 09:00:00,190,9,4,0.5491839941134644,3.6548752568008234,0.5,0.0,False
2026-07-10 10:00:00,190,10,4,0.5563308231931254,3.4201079745511658,0.3,0.0,False
2026-07-10 11:00:00,190,11,4,0.893237354690449,3.322196398683618,0.3,0.0,False
2026-07-10 12:00:00,190,12,4,0.5730555515929491,3.321940037924979,0.3,0.0,False
2026-07-10 13:00:00,190,13,4,0.6494274178277647,3.245250946992193,0.3,0.0,False
2026-07-10 14:00:00,190,14,4,0.7890421395444424,3.141158858838798,0.3,0.0,False
2026-07-10 15:00:00,190,15,4,0.41493202664949524,3.2974416264164272,0.3,0.0,False
2026-07-10 16:00:00,190,16,4,0.4488276982680652,3.3078140176852684,0.5,0.0,False
2026-07-10 17:00:00,190,17,4,0.13764359241426555,3.392288178049943,0.5,0.0,False
2026-07-10 18:00:00,190,18,4,8.988409227153056e-17,1.6044749886443193,0.5,0.0,False
2026-07-10 19:00:00,190,19,4,0.0,1.5128792128744861,0.5,0.0,False
2026-07-10 20:00:00,190,20,4,0.0,1.6642362546877247,0.5,0.0,False
2026-07-10 21:00:00,190,21,4,0.0,1.4437612997796343,0.5,0.0,False
2026-07-10 22:00:00,190,22,4,0.0,1.28339631451804,0.3,0.0,False
2026-07-10 23:00:00,190,23,4,0.0,1.571558050412731,0.3,0.0,False
2026-07-11 00:00:00,191,0,5,0.0,1.5189569331583883,0.3,0.0,False
2026-07-11 01:00:00,191,1,5,0.0,1.5745397273519794,0.3,0.0,False
2026-07-11 02:00:00,191,2,5,0.0,1.3103322977575609,0.3,0.0,False
2026-07-11 03:00:00,191,3,5,0.0,1.7686194132916566,0.3,0.0,False
2026-07-11 04:00:00,191,4,5,0.0,1.6065753620495462,0.3,0.0,False
2026-07-11 05:00:00,191,5,5,0.0,1.456800466350131,0.3,0.0,False
2026-07-11 06:00:00,191,6,5,0.0,1.3596820281053033,0.5,0.0,False
2026-07-11 07:00:00,191,7,5,0.190635725100217,1.6615730115648373,0.5,0.0,False
2026-07-11 08:00:00,191,8,5,0.42563074017531116,1.3347345326904216,0.5,0.0,False
2026-07-11 09:00:00,191,9,5,0.4185164255156861,1.8392047237188105,0.5,0.0,False
2026-07-11 10:00:00,191,10,5,0.5162486806765632,1.4080192590151004,0.3,0.0,False
2026-07-11 11:00:00,191,11,5,0.9402466359017139,1.7580757821908417,0.3,0.0,False
2026-07-11 12:00:00,191,12,5,0.7059863460485583,1.4723289322390927,0.3,0.0,False
2026-07-11 13:00:00,191,13,5,0.5617664275749487,1.7371120063230463,0.3,0.0,False
2026-07-11 14:00:00,191,14,5,0.5674431536591896,1.3897697239760225,0.3,0.0,False
2026-07-11 15:00:00,191,15,5,0.48625117859099376,1.502825456782005,0.3,0.0,False
2026-07-11 16:00:00,191,16,5,0.39936837959885196,1.620712399525585,0.5,0.0,False
2026-07-11 17:00:00,191,17,5,0.24492953851277818,1.5993115705043734,0.5,0.0,False
2026-07-11 18:00:00,191,18,5,1.1972406446763415e-16,1.6651142750486825,0.5,0.0,False
2026-07-11 19:00:00,191,19,5,0.0,1.4268791827797653,0.5,0.0,False
2026-07-11 20:00:00,191,20,5,0.0,1.5127212559274716,0.5,0.0,False
2026-07-11 21:00:00,191,21,5,0.0,1.6872582863997108,0.5,0.0,False
2026-07-11 22:00:00,191,22,5,0.0,1.3942116747421573,0.3,0.0,False
2026-07-11 23:00:00,191,23,5,0.0,1.5858811591677602,0.3,0.0,False
2026-07-12 00:00:00,192,0,6,0.0,1.4671259640333374,0.3,0.0,False
2026-07-12 01:00:00,192,1,6,0.0,1.5308811159873907,0.3,0.0,False
2026-07-12 02:00:00,192,2,6,0.0,1.5126825324621673,0.3,0.0,False
2026-07-12 03:00:00,192,3,6,0.0,1.3817575273822553,0.3,0.0,False
2026-07-12 04:00:00,192,4,6,0.0,1.4608960211816329,0.3,0.0,False
2026-07-12 05:00:00,192,5,6,0.0,1.521739837811506,0.3,0.0,False
2026-07-12 06:00:00,192,6,6,0.0,1.4845914001931806,0.5,0.0,False
2026-07-12 07:00:00,192,7,6,0.1636368590119209,1.735910392469136,0.5,0.0,False
2026-07-12 08:00:00,192,8,6,0.2790881415778596,1.6514933335224542,0.5,0.0,False
2026-07-12 09:00:00,192,9,6,0.5382798808487944,1.5434970747740244,0.5,0.0,False
2026-07-12 10:00:00,192,10,6,0.6155462000115615,1.3855280725920747,0.3,0.0,False
2026-07-12 11:00:00,192,11,6,0.7176813616185461,1.376396536215307,0.3,0.0,False
2026-07-12 12:00:00,192,12,6,0.5971541878712286,1.7960716552920615,0.3,0.0,False
2026-07-12 13:00:00,192,13,6,0.9200616585174863,1.3485171845891708,0.3,0.0,False
2026-07-12 14:00:00,192,14,6,0.6972424250408951,1.5170789427225786,0.3,0.0,False
2026-07-12 15:00:00,192,15,6,0.659978623637174,1.554142307152302,0.3,0.0,False
2026-07-12 16:00:00,192,16,6,0.2725149198959597,1.453301452277504,0.5,0.0,False
2026-07-12 17:00:00,192,17,6,0.20637516082970053,1.349669435313396,0.5,0.0,False
2026-07-12 18:00:00,192,18,6,1.1128555023999502e-16,1.382265504149027,0.5,0.0,False
2026-07-12 19:00:00,192,19,6,0.0,1.4180242496543958,0.5,0.0,False
2026-07-12 20:00:00,192,20,6,0.0,1.3935760696353332,0.5,0.0,False
2026-07-12 21:00:00,192,21,6,0.0,1.6991580589771396,0.5,0.0,False
2026-07-12 22:00:00,192,22,6,0.0,1.4986311009791058,0.3,0.0,False
2026-07-12 23:00:00,192,23,6,0.0,1.4214298348278582,0.3,0.0,False
2026-07-13 00:00:00,193,0,0,0.0,1.516043706580081,0.3,0.0,False
2026-07-13 01:00:00,193,1,0,0.0,1.6001933857942372,0.3,0.0,False
2026-07-13 02:00:00,193,2,0,0.0,1.448307044091363,0.3,0.0,False
2026-07-13 03:00:00,193,3,0,0.0,1.6352971942763872,0.3,0.0,False
2026-07-13 04:00:00,193,4,0,0.0,1.3093279838465162,0.3,0.0,False
2026-07-13 05:00:00,193,5,0,0.0,1.675695544817462,0.3,0.0,False
2026-07-13 06:00:00,193,6,0,0.0,1.8986571490341668,0.5,0.0,False
2026-07-13 07:00:00,193,7,0,0.15500918108007353,1.8927981472372406,0.5,0.0,False
2026-07-13 08:00:00,193,8,0,0.2944853061596751,3.5960478513302716,0.5,0.0,False
2026-07-13 09:00:00,193,9,0,0.34718280346354863,3.5158224804229876,0.5,0.0,False
2026-07-13 10:00:00,193,10,0,0.6260814950447865,3.0499992096276913,0.3,0.0,False
2026-07-13 11:00:00,193,11,0,0.4922812404067447,3.185583499657532,0.3,0.0,False
2026-07-13 12:00:00,193,12,0,0.6244232366573079,3.3881509830903527,0.3,0.0,False
2026-07-13 13:00:00,193,13,0,0.9451811893112982,3.1558082366543005,0.3,0.0,False
2026-07-13 14:00:00,193,14,0,0.8149671931841511,3.0677327721413534,0.3,0.0,False
2026-07-13 15:00:00,193,15,0,0.42146310567724665,3.163640203374332,0.3,0.0,False
2026-07-13 16:00:00,193,16,0,0.3213018993506397,3.2422750023743525,0.5,0.0,False
2026-07-13 17:00:00,193,17,0,0.18583214918969027,3.2481748166006468,0.5,0.0,False
2026-07-13 18:00:00,193,18,0,1.1080014830022588e-16,1.4806660637635853,0.5,0.0,False
2026-07-13 19:00:00,193,19,0,0.0,1.6548909519077817,0.5,0.0,False
2026-07-13 20:00:00,193,20,0,0.0,1.6873881657137233,0.5,0.0,False
2026-07-13 21:00:00,193,21,0,0.0,1.8008193758083983,0.5,0.0,False
2026-07-13 22:00:00,193,22,0,0.0,1.2562639024952147,0.3,0.0,False
2026-07-13 23:00:00,193,23,0,0.0,1.37161741194955,0.3,0.0,False
2026-07-14 00:00:00,194,0,1,0.0,1.6047727735589632,0.3,0.0,False
2026-07-14 01:00:00,194,1,1,0.0,1.4318953176712463,0.3,0.0,False
2026-07-14 02:00:00,194,2,1,0.0,1.6291179704773848,0.3,0.0,False
2026-07-14 03:00:00,194,3,1,0.0,1.531067014517224,0.3,0.0,False
2026-07-14 04:00:00,194,4,1,0.0,1.7368806315055199,0.3,0.0,False
2026-07-14 05:00:00,194,5,1,0.0,1.6564074170899028,0.3,0.0,False
2026-07-14 06:00:00,194,6,1,0.0,2.0591524939838473,0.5,0.0,False
2026-07-14 07:00:00,194,7,1,0.13727332977851864,1.8382192586959456,0.5,0.0,False
2026-07-14 08:00:00,194,8,1,0.3866787737013791,3.685380873104759,0.5,0.0,False
2026-07-14 09:00:00,194,9,1,0.48772529754068544,3.654211981364896,0.5,0.0,False
2026-07-14 10:00:00,194,10,1,0.7679856231980935,3.0741161784525137,0.3,0.0,False
2026-07-14 11:00:00,194,11,1,0.6339988817135533,3.52076538832433,0.3,0.0,False
2026-07-14 12:00:00,194,12,1,0.9181333216395016,3.4118080963264816,0.3,0.0,False
2026-07-14 13:00:00,194,13,1,0.6024754500145421,3.248245931387859,0.3,0.0,False
2026-07-14 14:00:00,194,14,1,0.49089265858460196,3.495688876118996,0.3,0.0,False
2026-07-14 15:00:00,194,15,1,0.45239331863733767,3.2054448529879265,0.3,0.0,False
2026-07-14 16:00:00,194,16,1,0.2533980725246927,3.0242798297317086,0.5,0.0,False
2026-07-14 17:00:00,194,17,1,0.16238915828767786,3.451105462934042,0.5,0.0,False
2026-07-14 18:00:00,194,18,1,9.955842173356249e-17,1.3082159650326004,0.5,0.0,False
2026-07-14 19:00:00,194,19,1,0.0,1.4706336801564024,0.5,0.0,False
2026-07-14 20:00:00,194,20,1,0.0,1.530918456117564,0.5,0.0,False
2026-07-14 21:00:00,194,21,1,0.0,1.5578198017108142,0.5,0.0,False
2026-07-14 22:00:00,194,22,1,0.0,1.6272601584305695,0.3,0.0,False
2026-07-14 23:00:00,194,23,1,0.0,1.5871277139401267,0.3,0.0,False
2026-07-15 00:00:00,195,0,2,0.0,1.582483878984304,0.3,0.0,False
2026-07-15 01:00:00,195,1,2,0.0,1.3813872326915262,0.3,0.0,False
2026-07-15 02:00:00,195,2,2,0.0,1.5441365335901487,0.3,0.0,False
2026-07-15 03:00:00,195,3,2,0.0,1.274167504492484,0.3,0.0,False
2026-07-15 04:00:00,195,4,2,0.0,1.7343206547679244,0.3,0.0,False
2026-07-15 05:00:00,195,5,2,0.0,1.2896152764272664,0.3,0.0,False
2026-07-15 06:00:00,195,6,2,0.0,1.8480340241865483,0.5,0.0,False
2026-07-15 07:00:00,195,7,2,0.1838401276167671,1.7021688641459825,0.5,0.0,False
2026-07-15 08:00:00,195,8,2,0.45377071774235084,3.590475057120152,0.5,0.0,False
2026-07-15 09:00:00,195,9,2,0.597491644995691,3.7020142623148073,0.5,0.0,False
2026-07-15 10:00:00,195,10,2,0.6229904106496642,3.2206862852225995,0.3,0.0,False
2026-07-15 11:00:00,195,11,2,0.587644305632181,3.471636938721843,0.3,0.0,False
2026-07-15 12:00:00,195,12,2,0.8442094692562109,3.3340351523944194,0.3,0.0,False
2026-07-15 13:00:00,195,13,2,0.8756505623851046,3.230563540615711,0.3,0.0,False
2026-07-15 14:00:00,195,14,2,0.5926488713042113,3.279962710503893,0.3,0.0,False
2026-07-15 15:00:00,195,15,2,0.5767496988914734,3.48295506855839,0.3,0.0,False
2026-07-15 16:00:00,195,16,2,0.342229725820424,3.4363306324926697,0.5,0.0,False
2026-07-15 17:00:00,195,17,2,0.18705510064152556,3.129184365897688,0.5,0.0,False
2026-07-15 18:00:00,195,18,2,9.128703375417176e-17,1.3979022428790593,0.5,0.0,False
2026-07-15 19:00:00,195,19,2,0.0,1.5712184728026557,0.5,0.0,False
2026-07-15 20:00:00,195,20,2,0.0,1.553004987904056,0.5,0.0,False
2026-07-15 21:00:00,195,21,2,0.0,1.3424427687901856,0.5,0.0,False
2026-07-15 22:00:00,195,22,2,0.0,1.6123689883959935,0.3,0.0,False
2026-07-15 23:00:00,195,23,2,0.0,1.3663688789720405,0.3,0.0,False
2026-07-16 00:00:00,196,0,3,0.0,1.6955740160784512,0.3,0.0,False
2026-07-16 01:00:00,196,1,3,0.0,1.5794173734374433,0.3,0.0,False
2026-07-16 02:00:00,196,2,3,0.0,1.3302113324031417,0.3,0.0,False
2026-07-16 03:00:00,196,3,3,0.0,1.4206384947804882,0.3,0.0,False
2026-07-16 04:00:00,196,4,3,0.0,1.4180309078207065,0.3,0.0,False
2026-07-16 05:00:00,196,5,3,0.0,1.5239815081953496,0.3,0.0,False
2026-07-16 06:00:00,196,6,3,0.0,1.8694034652981264,0.5,0.0,False
2026-07-16 07:00:00,196,7,3,0.1573392979513201,1.7281766629927324,0.5,0.0,False
2026-07-16 08:00:00,196,8,3,0.39323738893446963,3.4908611280666135,0.5,0.0,False
2026-07-16 09:00:00,196,9,3,0.6559288251736268,3.782353500159679,0.5,0.0,False
2026-07-16 10:00:00,196,10,3,0.662106963097176,3.3429355296846244,0.3,0.0,False
2026-07-16 11:00:00,196,11,3,0.5626273223044393,3.3158306335807546,0.3,0.0,False
2026-07-16 12:00:00,196,12,3,0.6561376157483862,3.340609778844069,0.3,0.0,False
2026-07-16 13:00:00,196,13,3,0.7495315006476667,3.2071621278712446,0.3,0.0,False
2026-07-16 14:00:00,196,14,3,0.6366195323770949,3.3275988536662715,0.3,0.0,False
2026-07-16 15:00:00,196,15,3,0.3962866731981832,3.68077583474764,0.3,0.0,False
2026-07-16 16:00:00,196,16,3,0.35296005667687974,3.476185068112071,0.5,0.0,False
2026-07-16 17:00:00,196,17,3,0.1948628641112844,3.256738732356024,0.5,0.0,False
2026-07-16 18:00:00,196,18,3,7.572680795174856e-17,1.421494237934814,0.5,0.0,False
2026-07-16 19:00:00,196,19,3,0.0,1.070934090376265,0.5,0.0,False
2026-07-16 20:00:00,196,20,3,0.0,1.6603041229477047,0.5,0.0,False
2026-07-16 21:00:00,196,21,3,0.0,1.617990803066222,0.5,0.0,False
2026-07-16 22:00:00,196,22,3,0.0,1.418425804608526,0.3,0.0,False
2026-07-16 23:00:00,196,23,3,0.0,1.285243847568431,0.3,0.0,False
2026-07-17 00:00:00,197,0,4,0.0,1.3267098835215412,0.3,0.0,False
2026-07-17 01:00:00,197,1,4,0.0,1.5666596793719134,0.3,0.0,False
2026-07-17 02:00:00,197,2,4,0.0,1.4865988899506228,0.3,0.0,False
2026-07-17 03:00:00,197,3,4,0.0,1.6037388026410921,0.3,0.0,False
2026-07-17 04:00:00,197,4,4,0.0,1.5129664707552275,0.3,0.0,False
2026-07-17 05:00:00,197,5,4,0.0,1.6450138248174726,0.3,0.0,False
2026-07-17 06:00:00,197,6,4,0.0,1.9554362710588369,0.5,0.0,False
2026-07-17 07:00:00,197,7,4,0.22005826030346834,2.024319307024102,0.5,0.0,False
2026-07-17 08:00:00,197,8,4,0.4095013377357598,3.386547488361709,0.5,0.0,False
2026-07-17 09:00:00,197,9,4,0.3614039962820531,3.5148481644253806,0.5,0.0,False
2026-07-17 10:00:00,197,10,4,0.4770709575073523,3.245347249516856,0.3,0.0,False
2026-07-17 11:00:00,197,11,4,0.7706529575594312,3.461935317735036,0.3,0.0,False
2026-07-17 12:00:00,197,12,4,0.5889694955054969,3.5820794589101608,0.3,0.0,False
2026-07-17 13:00:00,197,13,4,0.576523529540755,3.2753646326419683,0.3,0.0,False
2026-07-17 14:00:00,197,14,4,0.7503284944190121,3.208262990416773,0.3,0.0,False
2026-07-17 15:00:00,197,15,4,0.4428041381006759,3.0067547183613295,0.3,0.0,False
2026-07-17 16:00:00,197,16,4,0.2609207446985034,3.4295345646109743,0.5,0.0,False
2026-07-17 17:00:00,197,17,4,0.13063154645939293,3.2174714137208285,0.5,0.0,False
2026-07-17 18:00:00,197,18,4,8.606801640461289e-17,1.9437502004037233,0.5,0.0,False
2026-07-17 19:00:00,197,19,4,0.0,1.389089411994823,0.5,0.0,False
2026-07-17 20:00:00,197,20,4,0.0,1.8157912645290997,0.5,0.0,False
2026-07-17 21:00:00,197,21,4,0.0,1.61225510753812,0.5,0.0,False
2026-07-17 22:00:00,197,22,4,0.0,1.345760340101795,0.3,0.0,False
2026-07-17 23:00:00,197,23,4,0.0,1.534821568296538,0.3,0.0,False
2026-07-18 00:00:00,198,0,5,0.0,1.6157070789825698,0.3,0.0,False
2026-07-18 01:00:00,198,1,5,0.0,1.4662121711225125,0.3,0.0,False
2026-07-18 02:00:00,198,2,5,0.0,1.625697406582845,0.3,0.0,False
2026-07-18 03:00:00,198,3,5,0.0,1.622393573902299,0.3,0.0,False
2026-07-18 04:00:00,198,4,5,0.0,1.5894507750891198,0.3,0.0,False
2026-07-18 05:00:00,198,5,5,0.0,1.4975289947928743,0.3,0.0,False
2026-07-18 06:00:00,198,6,5,0.0,1.323758986604081,0.5,0.0,False
2026-07-18 07:00:00,198,7,5,0.2430365134101121,1.488482193678715,0.5,0.0,False
2026-07-18 08:00:00,198,8,5,0.36490920757224965,1.5264096995573764,0.5,0.0,False
2026-07-18 09:00:00,198,9,5,0.5167793426028862,1.2185923693443264,0.5,0.0,False
2026-07-18 10:00:00,198,10,5,0.8089443166277842,1.5253852973987017,0.3,0.0,False
2026-07-18 11:00:00,198,11,5,0.707608528444849,1.4854798102784785,0.3,0.0,False
2026-07-18 12:00:00,198,12,5,0.6990761526572412,1.3055060893822568,0.3,0.0,False
2026-07-18 13:00:00,198,13,5,0.5973657901826753,1.4500490413962366,0.3,0.0,False
2026-07-18 14:00:00,198,14,5,0.6981869392493895,1.4532230479748551,0.3,0.0,False
2026-07-18 15:00:00,198,15,5,0.5394226031597811,1.7895141800240129,0.3,0.0,False
2026-07-18 16:00:00,198,16,5,0.2950902917704087,1.533017751926605,0.5,0.0,False
2026-07-18 17:00:00,198,17,5,0.2150234786704462,1.6554067876971899,0.5,0.0,False
2026-07-18 18:00:00,198,18,5,9.785393206327477e-17,1.4823277043264027,0.5,0.0,False
2026-07-18 19:00:00,198,19,5,0.0,1.2189125224747375,0.5,0.0,False
2026-07-18 20:00:00,198,20,5,0.0,1.6008512773232435,0.5,0.0,False
2026-07-18 21:00:00,198,21,5,0.0,1.4012719905618687,0.5,0.0,False
2026-07-18 22:00:00,198,22,5,0.0,1.4496599805018133,0.3,0.0,False
2026-07-18 23:00:00,198,23,5,0.0,1.3420543126326794,0.3,0.0,False
2026-07-19 00:00:00,199,0,6,0.0,1.5109151795882039,0.3,0.0,False
2026-07-19 01:00:00,199,1,6,0.0,1.659776754243368,0.3,0.0,False
2026-07-19 02:00:00,199,2,6,0.0,1.639910716271194,0.3,0.0,False
2026-07-19 03:00:00,199,3,6,0.0,1.7379284261677745,0.3,0.0,False
2026-07-19 04:00:00,199,4,6,0.0,1.7591939186931167,0.3,0.0,False
2026-07-19 05:00:00,199,5,6,0.0,1.1931188654612666,0.3,0.0,False
2026-07-19 06:00:00,199,6,6,0.0,1.3209569158606302,0.5,0.0,False
2026-07-19 07:00:00,199,7,6,0.19900019783685116,1.228771263251017,0.5,0.0,False
2026-07-19 08:00:00,199,8,6,0.4769861814046472,1.5947895615584384,0.5,0.0,False
2026-07-19 09:00:00,199,9,6,0.6406325476992981,1.3960377324301272,0.5,0.0,False
2026-07-19 10:00:00,199,10,6,0.5539685592515677,1.4266229502234105,0.3,0.0,False
2026-07-19 11:00:00,199,11,6,0.8196429748533757,1.4675103852108817,0.3,0.0,False
2026-07-19 12:00:00,199,12,6,0.5513651494750403,1.5573856032136126,0.3,0.0,False
2026-07-19 13:00:00,199,13,6,0.7891710695765153,1.2772018427990315,0.3,0.0,False
2026-07-19 14:00:00,199,14,6,0.6262896192161851,1.311170480604887,0.3,0.0,False
2026-07-19 15:00:00,199,15,6,0.34871828755105766,1.500194430979666,0.3,0.0,False
2026-07-19 16:00:00,199,16,6,0.3090017038463543,1.67981189042317,0.5,0.0,False
2026-07-19 17:00:00,199,17,6,0.24545449882358597,1.4961903895123374,0.5,0.0,False
2026-07-19 18:00:00,199,18,6,7.815454341983231e-17,1.381251044042695,0.5,0.0,False
2026-07-19 19:00:00,199,19,6,0.0,1.1777686979493547,0.5,0.0,False
2026-07-19 20:00:00,199,20,6,0.0,1.6429013377590418,0.5,0.0,False
2026-07-19 21:00:00,199,21,6,0.0,1.389610252591428,0.5,0.0,False
2026-07-19 22:00:00,199,22,6,0.0,1.327884462637242,0.3,0.0,False
2026-07-19 23:00:00,199,23,6,0.0,1.2427012160311828,0.3,0.0,False
2026-07-20 00:00:00,200,0,0,0.0,1.2841348783287052,0.3,0.0,False
2026-07-20 01:00:00,200,1,0,0.0,1.355817866931922,0.3,0.0,False
2026-07-20 02:00:00,200,2,0,0.0,1.4641726895708773,0.3,0.0,False
2026-07-20 03:00:00,200,3,0,0.0,1.3186887442859014,0.3,0.0,False
2026-07-20 04:00:00,200,4,0,0.0,1.5278562056321456,0.3,0.0,False
2026-07-20 05:00:00,200,5,0,0.0,1.4630328390122846,0.3,0.0,False
2026-07-20 06:00:00,200,6,0,0.0,2.233298843377679,0.5,0.0,False
2026-07-20 07:00:00,200,7,0,0.19975072888898637,1.6443335325411006,0.5,0.0,False
2026-07-20 08:00:00,200,8,0,0.3475452956482344,3.724221914546857,0.5,0.0,False
2026-07-20 09:00:00,200,9,0,0.5403609833298285,3.7261007483561435,0.5,0.0,False
2026-07-20 10:00:00,200,10,0,0.6360236321141446,3.1454163894115275,0.3,0.0,False
2026-07-20 11:00:00,200,11,0,0.785805895373003,3.314287859617119,0.3,0.0,False
2026-07-20 12:00:00,200,12,0,0.7296757320351399,3.4154391549610073,0.3,0.0,False
2026-07-20 13:00:00,200,13,0,0.907182547750927,3.3144737223836747,0.3,0.0,False
2026-07-20 14:00:00,200,14,0,0.59852160258854,3.5076694327229756,0.3,0.0,False
2026-07-20 15:00:00,200,15,0,0.3476605014272395,2.973346857285699,0.3,0.0,False
2026-07-20 16:00:00,200,16,0,0.2991797018329968,3.173664988079592,0.5,0.0,False
2026-07-20 17:00:00,200,17,0,0.18796438920001057,3.5212584070846416,0.5,0.0,False
2026-07-20 18:00:00,200,18,0,9.130724319792686e-17,1.6368039499895775,0.5,0.0,False
2026-07-20 19:00:00,200,19,0,0.0,1.581076756689943,0.5,0.0,False
2026-07-20 20:00:00,200,20,0,0.0,1.684982310977919,0.5,0.0,False
2026-07-20 21:00:00,200,21,0,0.0,1.2125163181947345,0.5,0.0,False
2026-07-20 22:00:00,200,22,0,0.0,1.619341599408423,0.3,0.0,False
2026-07-20 23:00:00,200,23,0,0.0,1.6596555243629134,0.3,0.0,False
2026-07-21 00:00:00,201,0,1,0.0,1.4011949750736394,0.3,0.0,False
2026-07-21 01:00:00,201,1,1,0.0,1.8943855676836838,0.3,0.0,False
2026-07-21 02:00:00,201,2,1,0.0,1.5294523446093087,0.3,0.0,False
2026-07-21 03:00:00,201,3,1,0.0,1.1710846436237188,0.3,0.0,False
2026-07-21 04:00:00,201,4,1,0.0,1.5571907996900631,0.3,0.0,False
2026-07-21 05:00:00,201,5,1,0.0,1.39202099550159,0.3,0.0,False
2026-07-21 06:00:00,201,6,1,0.0,2.0747492910894274,0.5,0.0,False
2026-07-21 07:00:00,201,7,1,0.16239770231100994,1.9821916050086945,0.5,0.0,False
2026-07-21 08:00:00,201,8,1,0.4061827677337276,3.610311689158571,0.5,0.0,False
2026-07-21 09:00:00,201,9,1,0.5941846679524317,3.925367787739434,0.5,0.0,False
2026-07-21 10:00:00,201,10,1,0.5571279238833784,3.4409176958968963,0.3,0.0,False
2026-07-21 11:00:00,201,11,1,0.8519724164117138,3.1758120018476848,0.3,0.0,False
2026-07-21 12:00:00,201,12,1,0.5184799502306534,3.277193237915873,0.3,0.0,False
2026-07-21 13:00:00,201,13,1,0.47145454293136513,3.377537518614612,0.3,0.0,False
2026-07-21 14:00:00,201,14,1,0.4696234603835871,3.2453605105841064,0.3,0.0,False
2026-07-21 15:00:00,201,15,1,0.39472685276190134,3.2498400894229116,0.3,0.0,False
2026-07-21 16:00:00,201,16,1,0.4536606189247763,3.3055087542396726,0.5,0.0,False
2026-07-21 17:00:00,201,17,1,0.17809684164298997,3.1401302123943915,0.5,0.0,False
2026-07-21 18:00:00,201,18,1,7.53960281751835e-17,1.1650851992134548,0.5,0.0,False
2026-07-21 19:00:00,201,19,1,0.0,1.5358702293498057,0.5,0.0,False
2026-07-21 20:00:00,201,20,1,0.0,1.201665007605722,0.5,0.0,False
2026-07-21 21:00:00,201,21,1,0.0,1.3510441945282918,0.5,0.0,False
2026-07-21 22:00:00,201,22,1,0.0,1.2342626461577142,0.3,0.0,False
2026-07-21 23:00:00,201,23,1,0.0,1.2527333328358046,0.3,0.0,False
2026-07-22 00:00:00,202,0,2,0.0,1.5639532761178938,0.3,0.0,False
2026-07-22 01:00:00,202,1,2,0.0,1.466653775240989,0.3,0.0,False
2026-07-22 02:00:00,202,2,2,0.0,1.4612399316797815,0.3,0.0,False
2026-07-22 03:00:00,202,3,2,0.0,1.3026147324563986,0.3,0.0,False
2026-07-22 04:00:00,202,4,2,0.0,1.4016226366742157,0.3,0.0,False
2026-07-22 05:00:00,202,5,2,0.0,1.556468273881528,0.3,0.0,False
2026-07-22 06:00:00,202,6,2,0.0,1.8921869102040247,0.5,0.0,False
2026-07-22 07:00:00,202,7,2,0.2431048969729014,2.0234011091562976,0.5,0.0,False
2026-07-22 08:00:00,202,8,2,0.3524408589155101,3.8447638018188868,0.5,0.0,False
2026-07-22 09:00:00,202,9,2,0.5553840114186536,3.662167021261268,0.5,0.0,False
2026-07-22 10:00:00,202,10,2,0.4269478610148021,3.022162607111926,0.3,0.0,False
2026-07-22 11:00:00,202,11,2,0.5950780442532317,3.1865032651400673,0.3,0.0,False
2026-07-22 12:00:00,202,12,2,0.7252859442822042,3.285346607869096,0.3,0.0,False
2026-07-22 13:00:00,202,13,2,0.8777963310482464,3.1835269421993826,0.3,0.0,False
2026-07-22 14:00:00,202,14,2,0.5304987063453941,3.1418063682999366,0.3,0.0,False
2026-07-22 15:00:00,202,15,2,0.6047671513096614,3.3104628426335228,0.3,0.0,False
2026-07-22 16:00:00,202,16,2,0.40041900876451825,3.664545465409992,0.5,0.0,False
2026-07-22 17:00:00,202,17,2,0.13907035899634557,3.2267717906945435,0.5,0.0,False
2026-07-22 18:00:00,202,18,2,7.631209877101005e-17,1.4995791221262338,0.5,0.0,False
2026-07-22 19:00:00,202,19,2,0.0,1.3031946184153518,0.5,0.0,False
2026-07-22 20:00:00,202,20,2,0.0,1.686510158256227,0.5,0.0,False
2026-07-22 21:00:00,202,21,2,0.0,1.6312114565027134,0.5,0.0,False
2026-07-22 22:00:00,202,22,2,0.0,1.6208601209198876,0.3,0.0,False
2026-07-22 23:00:00,202,23,2,0.0,1.7039693716957118,0.3,0.0,False
2026-07-23 00:00:00,203,0,3,0.0,1.4358987967957788,0.3,0.0,False
2026-07-23 01:00:00,203,1,3,0.0,1.4546373270231567,0.3,0.0,False
2026-07-23 02:00:00,203,2,3,0.0,1.7564817797829975,0.3,0.0,False
2026-07-23 03:00:00,203,3,3,0.0,1.5949092154416837,0.3,0.0,False
2026-07-23 04:00:00,203,4,3,0.0,1.1671167267983757,0.3,0.0,False
2026-07-23 05:00:00,203,5,3,0.0,1.5682231463455514,0.3,0.0,False
2026-07-23 06:00:00,203,6,3,0.0,1.8127452908845605,0.5,0.0,False
2026-07-23 07:00:00,203,7,3,0.16961943420808415,2.0347257736984985,0.5,0.0,False
2026-07-23 08:00:00,203,8,3,0.2763133987840231,3.7612285704130257,0.5,0.0,False
2026-07-23 09:00:00,203,9,3,0.5427254251757748,3.43891858539658,0.5,0.0,False
2026-07-23 10:00:00,203,10,3,0.6671257621648381,3.3403245255743212,0.3,0.0,False
2026-07-23 11:00:00,203,11,3,0.6222723322711525,3.331594159087741,0.3,0.0,False
2026-07-23 12:00:00,203,12,3,0.8939483347475295,3.3545193729697176,0.3,0.0,False
2026-07-23 13:00:00,203,13,3,0.8568058190290554,3.386329327786996,0.3,0.0,False
2026-07-23 14:00:00,203,14,3,0.4616554124652899,3.5243948939732594,0.3,0.0,False
2026-07-23 15:00:00,203,15,3,0.5761015288212725,3.3620833484421446,0.3,0.0,False
2026-07-23 16:00:00,203,16,3,0.33497761139539955,3.3034347690711696,0.5,0.0,False
2026-07-23 17:00:00,203,17,3,0.24877044892922714,3.4721951331282335,0.5,0.0,False
2026-07-23 18:00:00,203,18,3,7.210905515812059e-17,1.8364111085384651,0.5,0.0,False
2026-07-23 19:00:00,203,19,3,0.0,1.6372606131252134,0.5,0.0,False
2026-07-23 20:00:00,203,20,3,0.0,1.5309309190212135,0.5,0.0,False
2026-07-23 21:00:00,203,21,3,0.0,1.5648795824653379,0.5,0.0,False
2026-07-23 22:00:00,203,22,3,0.0,1.5384065639097386,0.3,0.0,False
2026-07-23 23:00:00,203,23,3,0.0,1.502777762290999,0.3,0.0,False
2026-07-24 00:00:00,204,0,4,0.0,1.824775624725957,0.3,0.0,False
2026-07-24 01:00:00,204,1,4,0.0,1.387641993852535,0.3,0.0,False
2026-07-24 02:00:00,204,2,4,0.0,1.6732358742364049,0.3,0.0,False
2026-07-24 03:00:00,204,3,4,0.0,1.481121458594914,0.3,0.0,False
2026-07-24 04:00:00,204,4,4,0.0,1.2779371244791915,0.3,0.0,False
2026-07-24 05:00:00,204,5,4,0.0,1.471752338462024,0.3,0.0,False
2026-07-24 06:00:00,204,6,4,0.0,1.8179836249369128,0.5,0.0,False
2026-07-24 07:00:00,204,7,4,0.23310979679421415,1.9866365977626488,0.5,0.0,False
2026-07-24 08:00:00,204,8,4,0.4100045588198978,3.7136950333987855,0.5,0.0,False
2026-07-24 09:00:00,204,9,4,0.5330437206236548,3.5466959704528045,0.5,0.0,False
2026-07-24 10:00:00,204,10,4,0.7804373304695694,3.520651187023457,0.3,0.0,False
2026-07-24 11:00:00,204,11,4,0.5195135890756142,3.4635201006713583,0.3,0.0,False
2026-07-24 12:00:00,204,12,4,0.8067379401280254,3.53790832981446,0.3,0.0,False
2026-07-24 13:00:00,204,13,4,0.5635232714495994,3.3355446996102174,0.3,0.0,False
2026-07-24 14:00:00,204,14,4,0.4653210307332482,3.2946400397578963,0.3,0.0,False
2026-07-24 15:00:00,204,15,4,0.49691619921910385,3.405534072392793,0.3,0.0,False
2026-07-24 16:00:00,204,16,4,0.3326209930780222,3.2133787468618644,0.5,0.0,False
2026-07-24 17:00:00,204,17,4,0.2409022096122218,3.3195089332079752,0.5,0.0,False
2026-07-24 18:00:00,204,18,4,7.774497035677722e-17,1.4736483151017952,0.5,0.0,False
2026-07-24 19:00:00,204,19,4,0.0,1.280844852421512,0.5,0.0,False
2026-07-24 20:00:00,204,20,4,0.0,1.519118325725861,0.5,0.0,False
2026-07-24 21:00:00,204,21,4,0.0,1.4338549662385047,0.5,0.0,False
2026-07-24 22:00:00,204,22,4,0.0,1.4636171753972544,0.3,0.0,False
2026-07-24 23:00:00,204,23,4,0.0,1.5545677418474932,0.3,0.0,False
2026-07-25 00:00:00,205,0,5,0.0,1.6908799700979937,0.3,0.0,False
2026-07-25 01:00:00,205,1,5,0.0,1.3726844864178032,0.3,0.0,False
2026-07-25 02:00:00,205,2,5,0.0,1.4495162677305964,0.3,0.0,False
2026-07-25 03:00:00,205,3,5,0.0,1.3852375955460283,0.3,0.0,False
2026-07-25 04:00:00,205,4,5,0.0,1.3754729118301512,0.3,0.0,False
2026-07-25 05:00:00,205,5,5,0.0,1.410814658452534,0.3,0.0,False
2026-07-25 06:00:00,205,6,5,0.0,1.4705324575777208,0.5,0.0,False
2026-07-25 07:00:00,205,7,5,0.18382570553731828,1.5878807485316255,0.5,0.0,False
2026-07-25 08:00:00,205,8,5,0.4105356092550553,1.5480668647177258,0.5,0.0,False
2026-07-25 09:00:00,205,9,5,0.4351658374894536,1.3414714501375127,0.5,0.0,False
2026-07-25 10:00:00,205,10,5,0.7280725354794219,1.694124048587573,0.3,0.0,False
2026-07-25 11:00:00,205,11,5,0.7529567245980429,1.6416618459715557,0.3,0.0,False
2026-07-25 12:00:00,205,12,5,0.8549809395819336,1.3648221524085444,0.3,0.0,False
2026-07-25 13:00:00,205,13,5,0.5779162364159846,1.6836166337879341,0.3,0.0,False
2026-07-25 14:00:00,205,14,5,0.6755963107322105,1.5490407618894415,0.3,0.0,False
2026-07-25 15:00:00,205,15,5,0.3901991845807394,1.476531704561213,0.3,0.0,False
2026-07-25 16:00:00,205,16,5,0.32614814430704087,1.5537120066718968,0.5,0.0,False
2026-07-25 17:00:00,205,17,5,0.2134614114976296,1.4961343806561718,0.5,0.0,False
2026-07-25 18:00:00,205,18,5,9.55735973716422e-17,1.581761798172211,0.5,0.0,False
2026-07-25 19:00:00,205,19,5,0.0,1.528097328469675,0.5,0.0,False
2026-07-25 20:00:00,205,20,5,0.0,1.4493860921591695,0.5,0.0,False
2026-07-25 21:00:00,205,21,5,0.0,1.1961259861257925,0.5,0.0,False
2026-07-25 22:00:00,205,22,5,0.0,1.579077381094789,0.3,0.0,False
2026-07-25 23:00:00,205,23,5,0.0,1.44395170824199,0.3,0.0,False
2026-07-26 00:00:00,206,0,6,0.0,1.616691991446787,0.3,0.0,False
2026-07-26 01:00:00,206,1,6,0.0,1.572251259341358,0.3,0.0,False
2026-07-26 02:00:00,206,2,6,0.0,1.4478503683265986,0.3,0.0,False
2026-07-26 03:00:00,206,3,6,0.0,1.6534482286616003,0.3,0.0,False
2026-07-26 04:00:00,206,4,6,0.0,1.5307262492754856,0.3,0.0,False
2026-07-26 05:00:00,206,5,6,0.0,1.524546427106713,0.3,0.0,False
2026-07-26 06:00:00,206,6,6,0.0,1.4792833969855286,0.5,0.0,False
2026-07-26 07:00:00,206,7,6,0.21506975531039288,1.7525333568359698,0.5,0.0,False
2026-07-26 08:00:00,206,8,6,0.29528313666971995,1.3930099906356512,0.5,0.0,False
2026-07-26 09:00:00,206,9,6,0.6681442231772474,1.4515988193811418,0.5,0.0,False
2026-07-26 10:00:00,206,10,6,0.5072631796767086,1.3143997282380004,0.3,0.0,False
2026-07-26 11:00:00,206,11,6,0.5698783144362688,1.609009661598676,0.3,0.0,False
2026-07-26 12:00:00,206,12,6,0.8867120861907984,1.412677649046349,0.3,0.0,False
2026-07-26 13:00:00,206,13,6,0.5727822837708019,1.4294946627410519,0.3,0.0,False
2026-07-26 14:00:00,206,14,6,0.5622602054651312,1.4224595051764228,0.3,0.0,False
2026-07-26 15:00:00,206,15,6,0.5784124118333385,1.5094082874093582,0.3,0.0,False
2026-07-26 16:00:00,206,16,6,0.2764005030232652,1.312386062301128,0.5,0.0,False
2026-07-26 17:00:00,206,17,6,0.14311533221093298,1.1635132100846608,0.5,0.0,False
2026-07-26 18:00:00,206,18,6,8.683883932198747e-17,1.5686556056089158,0.5,0.0,False
2026-07-26 19:00:00,206,19,6,0.0,1.1829663440694436,0.5,0.0,False
2026-07-26 20:00:00,206,20,6,0.0,1.628120667596607,0.5,0.0,False
2026-07-26 21:00:00,206,21,6,0.0,1.733779162430272,0.5,0.0,False
2026-07-26 22:00:00,206,22,6,0.0,1.475366429409745,0.3,0.0,False
2026-07-26 23:00:00,206,23,6,0.0,1.6949239420080735,0.3,0.0,False
2026-07-27 00:00:00,207,0,0,0.0,1.496361537068517,0.3,0.0,False
2026-07-27 01:00:00,207,1,0,0.0,1.7398861738616804,0.3,0.0,False
2026-07-27 02:00:00,207,2,0,0.0,1.4315673221830183,0.3,0.0,False
2026-07-27 03:00:00,207,3,0,0.0,1.1452677285853317,0.3,0.0,False
2026-07-27 04:00:00,207,4,0,0.0,1.4880132383840248,0.3,0.0,False
2026-07-27 05:00:00,207,5,0,0.0,1.7561944790116109,0.3,0.0,False
2026-07-27 06:00:00,207,6,0,0.0,1.9802452458910627,0.5,0.0,False
2026-07-27 07:00:00,207,7,0,0.1738828349116178,1.8227015157193234,0.5,0.0,False
2026-07-27 08:00:00,207,8,0,0.34855506937592023,3.7493351753927096,0.5,0.0,False
2026-07-27 09:00:00,207,9,0,0.40652395885693837,3.8456687257678825,0.5,0.0,False
2026-07-27 10:00:00,207,10,0,0.746610308075543,3.287157534162829,0.3,0.0,False
2026-07-27 11:00:00,207,11,0,0.879671128623032,3.693958512801357,0.3,0.0,False
2026-07-27 12:00:00,207,12,0,0.9091130451226631,3.222387306522077,0.3,0.0,False
2026-07-27 13:00:00,207,13,0,0.5625167715806804,3.450376608306712,0.3,0.0,False
2026-07-27 14:00:00,207,14,0,0.5401082768101791,3.4142905854722696,0.3,0.0,False
2026-07-27 15:00:00,207,15,0,0.3904897600952254,3.195025886295291,0.3,0.0,False
2026-07-27 16:00:00,207,16,0,0.31098968131121285,3.236333959897849,0.5,0.0,False
2026-07-27 17:00:00,207,17,0,0.1641332330876371,3.4527147971219043,0.5,0.0,False
2026-07-27 18:00:00,207,18,0,9.516093824719317e-17,1.5217181831406361,0.5,0.0,False
2026-07-27 19:00:00,207,19,0,0.0,1.550710759009091,0.5,0.0,False
2026-07-27 20:00:00,207,20,0,0.0,1.2546048969443464,0.5,0.0,False
2026-07-27 21:00:00,207,21,0,0.0,1.5983997982743152,0.5,0.0,False
2026-07-27 22:00:00,207,22,0,0.0,1.5430945266123852,0.3,0.0,False
2026-07-27 23:00:00,207,23,0,0.0,1.490413496603827,0.3,0.0,False
2026-07-28 00:00:00,208,0,1,0.0,1.5541337794588614,0.3,0.0,False
2026-07-28 01:00:00,208,1,1,0.0,1.4386173439313625,0.3,0.0,False
2026-07-28 02:00:00,208,2,1,0.0,1.4112146244174788,0.3,0.0,False
2026-07-28 03:00:00,208,3,1,0.0,1.4637171702541336,0.3,0.0,False
2026-07-28 04:00:00,208,4,1,0.0,1.4303695232522553,0.3,0.0,False
2026-07-28 05:00:00,208,5,1,0.0,1.82707943415648,0.3,0.0,False
2026-07-28 06:00:00,208,6,1,0.0,2.0367806093265384,0.5,0.0,False
2026-07-28 07:00:00,208,7,1,0.19837537184615675,1.7547296614042447,0.5,0.0,False
2026-07-28 08:00:00,208,8,1,0.28901981624758466,4.005444400339126,0.5,0.0,False
2026-07-28 09:00:00,208,9,1,0.5579759847219087,3.6350715082845526,0.5,0.0,False
2026-07-28 10:00:00,208,10,1,0.7260897093138224,3.3044183051196425,0.3,0.0,False
2026-07-28 11:00:00,208,11,1,0.5347322069990859,3.434612579239698,0.3,0.0,False
2026-07-28 12:00:00,208,12,1,0.49533461596607875,3.0045017184153577,0.3,0.0,False
2026-07-28 13:00:00,208,13,1,0.6598404643667187,3.2644461229588546,0.3,0.0,False
2026-07-28 14:00:00,208,14,1,0.7290331574447371,3.2139999223549247,0.3,0.0,False
2026-07-28 15:00:00,208,15,1,0.5538999103827703,3.33076201193162,0.3,0.0,False
2026-07-28 16:00:00,208,16,1,0.40379088895142173,3.355507452489816,0.5,0.0,False
2026-07-28 17:00:00,208,17,1,0.17229048928316812,3.2884110952001473,0.5,0.0,False
2026-07-28 18:00:00,208,18,1,7.176551355358579e-17,1.4814529052731518,0.5,0.0,False
2026-07-28 19:00:00,208,19,1,0.0,1.6597697058953167,0.5,0.0,False
2026-07-28 20:00:00,208,20,1,0.0,1.5452228895501057,0.5,0.0,False
2026-07-28 21:00:00,208,21,1,0.0,1.5062137515077914,0.5,0.0,False
2026-07-28 22:00:00,208,22,1,0.0,1.522180588719021,0.3,0.0,False
2026-07-28 23:00:00,208,23,1,0.0,1.7753833496295328,0.3,0.0,False
2026-07-29 00:00:00,209,0,2,0.0,1.5259010965476159,0.3,0.0,False
2026-07-29 01:00:00,209,1,2,0.0,1.4228327242551442,0.3,0.0,False
2026-07-29 02:00:00,209,2,2,0.0,1.2136501367083412,0.3,0.0,False
2026-07-29 03:00:00,209,3,2,0.0,1.284909393894757,0.3,0.0,False
2026-07-29 04:00:00,209,4,2,0.0,1.4299461157380358,0.3,0.0,False
2026-07-29 05:00:00,209,5,2,0.0,1.483743473406878,0.3,0.0,False
2026-07-29 06:00:00,209,6,2,0.0,1.8166567810584642,0.5,0.0,False
2026-07-29 07:00:00,209,7,2,0.19957469185552157,1.9526715965568713,0.5,0.0,False
2026-07-29 08:00:00,209,8,2,0.3868479674831883,3.6147237933237535,0.5,0.0,False
2026-07-29 09:00:00,209,9,2,0.5384496837927895,3.562826609479685,0.5,0.0,False
2026-07-29 10:00:00,209,10,2,0.5880278923729321,3.391896575303612,0.3,0.0,False
2026-07-29 11:00:00,209,11,2,0.6043110145445005,3.5054091745317018,0.3,0.0,False
2026-07-29 12:00:00,209,12,2,0.753345687519464,3.1339248603380176,0.3,0.0,False
2026-07-29 13:00:00,209,13,2,0.4687522667989864,3.3365573795561714,0.3,0.0,False
2026-07-29 14:00:00,209,14,2,0.41286432789868976,3.0142493012769274,0.3,0.0,False
2026-07-29 15:00:00,209,15,2,0.6195729377336343,3.078819280390926,0.3,0.0,False
2026-07-29 16:00:00,209,16,2,0.24758718959145545,3.211685125803424,0.5,0.0,False
2026-07-29 17:00:00,209,17,2,0.18674895831743238,3.4702365648565787,0.5,0.0,False
2026-07-29 18:00:00,209,18,2,9.359023615020374e-17,1.3831940955441788,0.5,0.0,False
2026-07-29 19:00:00,209,19,2,0.0,1.3775849287851676,0.5,0.0,False
2026-07-29 20:00:00,209,20,2,0.0,1.5054130922841675,0.5,0.0,False
2026-07-29 21:00:00,209,21,2,0.0,1.5055625416724776,0.5,0.0,False
2026-07-29 22:00:00,209,22,2,0.0,1.3822302790867995,0.3,0.0,False
2026-07-29 23:00:00,209,23,2,0.0,1.7979332350894857,0.3,0.0,False
2026-07-30 00:00:00,210,0,3,0.0,1.460195494032694,0.3,0.0,False
2026-07-30 01:00:00,210,1,3,0.0,1.517037747362712,0.3,0.0,False
2026-07-30 02:00:00,210,2,3,0.0,1.4397330693434338,0.3,0.0,False
2026-07-30 03:00:00,210,3,3,0.0,1.565995734322677,0.3,0.0,False
2026-07-30 04:00:00,210,4,3,0.0,1.6852436339556176,0.3,0.0,False
2026-07-30 05:00:00,210,5,3,0.0,1.7495495545431858,0.3,0.0,False
2026-07-30 06:00:00,210,6,3,0.0,1.7856601487104178,0.5,0.0,False
2026-07-30 07:00:00,210,7,3,0.22356899741518832,2.0651192764451816,0.5,0.0,False
2026-07-30 08:00:00,210,8,3,0.27347094284732143,3.7824521229326526,0.5,0.0,False
2026-07-30 09:00:00,210,9,3,0.6607200313343602,3.846180491419011,0.5,0.0,False
2026-07-30 10:00:00,210,10,3,0.5008018086974256,3.28621810909608,0.3,0.0,False
2026-07-30 11:00:00,210,11,3,0.6479804059532389,3.2719438840076727,0.3,0.0,False
2026-07-30 12:00:00,210,12,3,0.7354248278862856,3.4403571968570987,0.3,0.0,False
2026-07-30 13:00:00,210,13,3,0.5106063420486348,3.4432038759084427,0.3,0.0,False
2026-07-30 14:00:00,210,14,3,0.7424311380754836,3.534858084579283,0.3,0.0,False
2026-07-30 15:00:00,210,15,3,0.42530617396675,3.3297821333175732,0.3,0.0,False
2026-07-30 16:00:00,210,16,3,0.3655196392079003,3.2839628058547863,0.5,0.0,False
2026-07-30 17:00:00,210,17,3,0.18925133091036275,2.931021963000869,0.5,0.0,False
2026-07-30 18:00:00,210,18,3,9.261058655243715e-17,1.2583109193006998,0.5,0.0,False
2026-07-30 19:00:00,210,19,3,0.0,1.4408622592224911,0.5,0.0,False
2026-07-30 20:00:00,210,20,3,0.0,1.3348411603130677,0.5,0.0,False
2026-07-30 21:00:00,210,21,3,0.0,1.622119584814987,0.5,0.0,False
2026-07-30 22:00:00,210,22,3,0.0,1.303496855763157,0.3,0.0,False
2026-07-30 23:00:00,210,23,3,0.0,1.4248043507474568,0.3,0.0,False
2026-07-31 00:00:00,211,0,4,0.0,1.4306960260292267,0.3,0.0,False
2026-07-31 01:00:00,211,1,4,0.0,1.6807114625099169,0.3,0.0,False
2026-07-31 02:00:00,211,2,4,0.0,1.4087641876470534,0.3,0.0,False
2026-07-31 03:00:00,211,3,4,0.0,1.5678618177071981,0.3,0.0,False
2026-07-31 04:00:00,211,4,4,0.0,1.5293559191284076,0.3,0.0,False
2026-07-31 05:00:00,211,5,4,0.0,1.635493272817092,0.3,0.0,False
2026-07-31 06:00:00,211,6,4,0.0,2.027532257817472,0.5,0.0,False
2026-07-31 07:00:00,211,7,4,0.16361678162268065,1.8949839830695683,0.5,0.0,False
2026-07-31 08:00:00,211,8,4,0.341749529555599,3.445555823108923,0.5,0.0,False
2026-07-31 09:00:00,211,9,4,0.5009333482117627,3.6652388670031555,0.5,0.0,False
2026-07-31 10:00:00,211,10,4,0.8085144876209172,3.2970066533201767,0.3,0.0,False
2026-07-31 11:00:00,211,11,4,0.5559446414492405,3.3429013849729166,0.3,0.0,False
2026-07-31 12:00:00,211,12,4,0.7000720678881924,3.1893667282168785,0.3,0.0,False
2026-07-31 13:00:00,211,13,4,0.5224009578800448,3.471135167761292,0.3,0.0,False
2026-07-31 14:00:00,211,14,4,0.5500610948875968,3.3020429127472486,0.3,0.0,False
2026-07-31 15:00:00,211,15,4,0.5713216191969421,3.161925397828181,0.3,0.0,False
2026-07-31 16:00:00,211,16,4,0.27628404306587473,3.231265824188748,0.5,0.0,False
2026-07-31 17:00:00,211,17,4,0.1925623459287692,3.5892813980950242,0.5,0.0,False
2026-07-31 18:00:00,211,18,4,8.162737583802864e-17,1.5996566839419748,0.5,0.0,False
2026-07-31 19:00:00,211,19,4,0.0,1.6572684833346605,0.5,0.0,False
2026-07-31 20:00:00,211,20,4,0.0,1.343761954542988,0.5,0.0,False
2026-07-31 21:00:00,211,21,4,0.0,1.3966755461724298,0.5,0.0,False
2026-07-31 22:00:00,211,22,4,0.0,1.3977866541178132,0.3,0.0,False
2026-07-31 23:00:00,211,23,4,0.0,1.5276590606382934,0.3,0.0,False
2026-08-01 00:00:00,212,0,5,0.0,1.4738997253371662,0.3,0.0,False
2026-08-01 01:00:00,212,1,5,0.0,1.4265758383114469,0.3,0.0,False
2026-08-01 02:00:00,212,2,5,0.0,1.4453895611244818,0.3,0.0,False
2026-08-01 03:00:00,212,3,5,0.0,1.3808947219987395,0.3,0.0,False
2026-08-01 04:00:00,212,4,5,0.0,1.4730241069647885,0.3,0.0,False
2026-08-01 05:00:00,212,5,5,0.0,1.666982337575062,0.3,0.0,False
2026-08-01 06:00:00,212,6,5,0.0,1.2730290972675369,0.5,0.0,False
2026-08-01 07:00:00,212,7,5,0.18886359037954806,1.5519719150452844,0.5,0.0,False
2026-08-01 08:00:00,212,8,5,0.39623012422305864,1.7070139042319434,0.5,0.0,False
2026-08-01 09:00:00,212,9,5,0.5451233085034252,1.4725219352151648,0.5,0.0,False
2026-08-01 10:00:00,212,10,5,0.7425724335319214,1.4206685956281155,0.3,0.0,False
2026-08-01 11:00:00,212,11,5,0.8435924419914173,1.6386347228925884,0.3,0.0,False
2026-08-01 12:00:00,212,12,5,0.7332974289071642,1.3523667184696735,0.3,0.0,False
2026-08-01 13:00:00,212,13,5,0.586563002563013,1.4965962705091904,0.3,0.0,False
2026-08-01 14:00:00,212,14,5,0.41550042984017826,1.344023384942141,0.3,0.0,False
2026-08-01 15:00:00,212,15,5,0.5354846756987374,1.2194848544963581,0.3,0.0,False
2026-08-01 16:00:00,212,16,5,0.42814852095559053,1.4772023602807807,0.5,0.0,False
2026-08-01 17:00:00,212,17,5,0.1761067096849125,1.3104907405099524,0.5,0.0,False
2026-08-01 18:00:00,212,18,5,6.690787518810874e-17,1.4982494230006247,0.5,0.0,False
2026-08-01 19:00:00,212,19,5,0.0,1.667254443657106,0.5,0.0,False
2026-08-01 20:00:00,212,20,5,0.0,1.7781383110019435,0.5,0.0,False
2026-08-01 21:00:00,212,21,5,0.0,1.5140293925914812,0.5,0.0,False
2026-08-01 22:00:00,212,22,5,0.0,1.65288237479634,0.3,0.0,False
2026-08-01 23:00:00,212,23,5,0.0,1.559844397515995,0.3,0.0,False
2026-08-02 00:00:00,213,0,6,0.0,1.4425329579187411,0.3,0.0,False
2026-08-02 01:00:00,213,1,6,0.0,1.2112835469103658,0.3,0.0,False
2026-08-02 02:00:00,213,2,6,0.0,1.7439738490623178,0.3,0.0,False
2026-08-02 03:00:00,213,3,6,0.0,1.3426346716078317,0.3,0.0,False
2026-08-02 04:00:00,213,4,6,0.0,1.7074156367126654,0.3,0.0,False
2026-08-02 05:00:00,213,5,6,0.0,1.5805211443893377,0.3,0.0,False
2026-08-02 06:00:00,213,6,6,0.0,1.3535980822128961,0.5,0.0,False
2026-08-02 07:00:00,213,7,6,0.18230031482883563,1.5467997542728429,0.5,0.0,False
2026-08-02 08:00:00,213,8,6,0.37941361575794674,1.8199366591927995,0.5,0.0,False
2026-08-02 09:00:00,213,9,6,0.43214437836124103,1.7303478871295657,0.5,0.0,False
2026-08-02 10:00:00,213,10,6,0.5798171357378815,1.4230930415798326,0.3,0.0,False
2026-08-02 11:00:00,213,11,6,0.7021042434330895,1.3932028862722976,0.3,0.0,False
2026-08-02 12:00:00,213,12,6,0.7260533156470391,1.515031205597411,0.3,0.0,False
2026-08-02 13:00:00,213,13,6,0.47062746937300165,1.4751729406545244,0.3,0.0,False
2026-08-02 14:00:00,213,14,6,0.5829889103649333,1.6799606078464095,0.3,0.0,False
2026-08-02 15:00:00,213,15,6,0.4013859114616419,1.6109383704632707,0.3,0.0,False
2026-08-02 16:00:00,213,16,6,0.44817386338862986,1.2461637597707367,0.5,0.0,False
2026-08-02 17:00:00,213,17,6,0.23924017908490874,1.5688012883135867,0.5,0.0,False
2026-08-02 18:00:00,213,18,6,7.443200527846152e-17,1.4731363558698949,0.5,0.0,False
2026-08-02 19:00:00,213,19,6,0.0,1.50556622040421,0.5,0.0,False
2026-08-02 20:00:00,213,20,6,0.0,1.537341452139099,0.5,0.0,False
2026-08-02 21:00:00,213,21,6,0.0,1.6798093507914902,0.5,0.0,False
2026-08-02 22:00:00,213,22,6,0.0,1.6466689445319032,0.3,0.0,False
2026-08-02 23:00:00,213,23,6,0.0,1.3875385888969056,0.3,0.0,False
2026-08-03 00:00:00,214,0,0,0.0,1.4912082048465496,0.3,0.0,False
2026-08-03 01:00:00,214,1,0,0.0,1.4327217910714183,0.3,0.0,False
2026-08-03 02:00:00,214,2,0,0.0,1.2477231046640103,0.3,0.0,False
2026-08-03 03:00:00,214,3,0,0.0,1.4835944238598364,0.3,0.0,False
2026-08-03 04:00:00,214,4,0,0.0,1.7767131641338645,0.3,0.0,False
2026-08-03 05:00:00,214,5,0,0.0,1.243193490937538,0.3,0.0,False
2026-08-03 06:00:00,214,6,0,0.0,1.8963907309509898,0.5,0.0,False
2026-08-03 07:00:00,214,7,0,0.23280459594403755,1.8915792781885485,0.5,0.0,False
2026-08-03 08:00:00,214,8,0,0.31029411745838203,3.7431603207646478,0.5,0.0,False
2026-08-03 09:00:00,214,9,0,0.6048883790980382,3.55559125639091,0.5,0.0,False
2026-08-03 10:00:00,214,10,0,0.7654453527417225,3.086233411380007,0.3,0.0,False
2026-08-03 11:00:00,214,11,0,0.6679598411109331,3.093210351480806,0.3,0.0,False
2026-08-03 12:00:00,214,12,0,0.8831076068271098,3.499640063749722,0.3,0.0,False
2026-08-03 13:00:00,214,13,0,0.574956643898334,3.1525971038457214,0.3,0.0,False
2026-08-03 14:00:00,214,14,0,0.669570021294548,3.225065671252024,0.3,0.0,False
2026-08-03 15:00:00,214,15,0,0.3586466291972689,3.615694889791946,0.3,0.0,False
2026-08-03 16:00:00,214,16,0,0.3435701551496761,3.1898616514835316,0.5,0.0,False
2026-08-03 17:00:00,214,17,0,0.146883335105934,3.351359939692639,0.5,0.0,False
2026-08-03 18:00:00,214,18,0,6.0675689175976e-17,1.659571751493826,0.5,0.0,False
2026-08-03 19:00:00,214,19,0,0.0,1.6523580280468864,0.5,0.0,False
2026-08-03 20:00:00,214,20,0,0.0,1.300263546443448,0.5,0.0,False
2026-08-03 21:00:00,214,21,0,0.0,1.3929971328447752,0.5,0.0,False
2026-08-03 22:00:00,214,22,0,0.0,1.5453545964377977,0.3,0.0,False
2026-08-03 23:00:00,214,23,0,0.0,1.7893526186074937,0.3,0.0,False
2026-08-04 00:00:00,215,0,1,0.0,1.3857734012038208,0.3,0.0,False
2026-08-04 01:00:00,215,1,1,0.0,1.4259580523833384,0.3,0.0,False
2026-08-04 02:00:00,215,2,1,0.0,1.5629361632101506,0.3,0.0,False
2026-08-04 03:00:00,215,3,1,0.0,1.5929487341022566,0.3,0.0,False
2026-08-04 04:00:00,215,4,1,0.0,1.6020381006454105,0.3,0.0,False
2026-08-04 05:00:00,215,5,1,0.0,1.37304662027478,0.3,0.0,False
2026-08-04 06:00:00,215,6,1,0.0,1.8201927794598391,0.5,0.0,False
2026-08-04 07:00:00,215,7,1,0.2100352649786287,1.9323251799702952,0.5,0.0,False
2026-08-04 08:00:00,215,8,1,0.2612016594066602,3.889346696894242,0.5,0.0,False
2026-08-04 09:00:00,215,9,1,0.4376327223480299,3.6642273876822355,0.5,0.0,False
2026-08-04 10:00:00,215,10,1,0.6907791002171737,3.296654714987427,0.3,0.0,False
2026-08-04 11:00:00,215,11,1,0.7297283918863714,3.1461107344290884,0.3,0.0,False
2026-08-04 12:00:00,215,12,1,0.8537692501701035,3.579484024783836,0.3,0.0,False
2026-08-04 13:00:00,215,13,1,0.46990796498713333,3.3231394420712563,0.3,0.0,False
2026-08-04 14:00:00,215,14,1,0.4726343359001085,3.4616632169335113,0.3,0.0,False
2026-08-04 15:00:00,215,15,1,0.34453460622364424,3.30448458121014,0.3,0.0,False
2026-08-04 16:00:00,215,16,1,0.2769934706222513,3.3127900597865114,0.5,0.0,False
2026-08-04 17:00:00,215,17,1,0.1207908166405088,3.0749536663721906,0.5,0.0,False
2026-08-04 18:00:00,215,18,1,8.56053816695013e-17,1.177385719546115,0.5,0.0,False
2026-08-04 19:00:00,215,19,1,0.0,1.6877857817753938,0.5,0.0,False
2026-08-04 20:00:00,215,20,1,0.0,1.511708732139363,0.5,0.0,False
2026-08-04 21:00:00,215,21,1,0.0,1.5309642184479928,0.5,0.0,False
2026-08-04 22:00:00,215,22,1,0.0,1.3126419371699385,0.3,0.0,False
2026-08-04 23:00:00,215,23,1,0.0,1.3645403733309565,0.3,0.0,False
2026-08-05 00:00:00,216,0,2,0.0,1.6593453001702476,0.3,0.0,False
2026-08-05 01:00:00,216,1,2,0.0,1.7610215656262156,0.3,0.0,False
2026-08-05 02:00:00,216,2,2,0.0,1.4068088979341171,0.3,0.0,False
2026-08-05 03:00:00,216,3,2,0.0,1.6007224932544584,0.3,0.0,False
2026-08-05 04:00:00,216,4,2,0.0,1.5285037399022408,0.3,0.0,False
2026-08-05 05:00:00,216,5,2,0.0,1.4819206589883411,0.3,0.0,False
2026-08-05 06:00:00,216,6,2,0.0,2.1777938530267478,0.5,0.0,False
2026-08-05 07:00:00,216,7,2,0.2015989940875352,1.8320197530965872,0.5,0.0,False
2026-08-05 08:00:00,216,8,2,0.25994873937433133,3.8861068955526226,0.5,0.0,False
2026-08-05 09:00:00,216,9,2,0.5485895640182784,3.757213497556307,0.5,0.0,False
2026-08-05 10:00:00,216,10,2,0.7542878002109308,3.297466601645277,0.3,0.0,False
2026-08-05 11:00:00,216,11,2,0.883295745052892,3.5058025759549616,0.3,0.0,False
2026-08-05 12:00:00,216,12,2,0.6684187296693356,3.343520174763454,0.3,0.0,False
2026-08-05 13:00:00,216,13,2,0.6015514551045223,3.285535870513158,0.3,0.0,False
2026-08-05 14:00:00,216,14,2,0.703324710504198,3.5069163259473046,0.3,0.0,False
2026-08-05 15:00:00,216,15,2,0.5053382518150276,3.4873893380657837,0.3,0.0,False
2026-08-05 16:00:00,216,16,2,0.29119047002875187,3.4802944981730812,0.5,0.0,False
2026-08-05 17:00:00,216,17,2,0.140523505040003,2.71682934875705,0.5,0.0,False
2026-08-05 18:00:00,216,18,2,6.63817688318739e-17,1.5660264938607615,0.5,0.0,False
2026-08-05 19:00:00,216,19,2,0.0,1.5318175789604955,0.5,0.0,False
2026-08-05 20:00:00,216,20,2,0.0,1.494770511887177,0.5,0.0,False
2026-08-05 21:00:00,216,21,2,0.0,1.5914669450959018,0.5,0.0,False
2026-08-05 22:00:00,216,22,2,0.0,1.5390835308756792,0.3,0.0,False
2026-08-05 23:00:00,216,23,2,0.0,1.6016711125990772,0.3,0.0,False
2026-08-06 00:00:00,217,0,3,0.0,1.4598057288367512,0.3,0.0,False
2026-08-06 01:00:00,217,1,3,0.0,1.7247270945264739,0.3,0.0,False
2026-08-06 02:00:00,217,2,3,0.0,1.616841628765924,0.3,0.0,False
2026-08-06 03:00:00,217,3,3,0.0,1.581378988577226,0.3,0.0,False
2026-08-06 04:00:00,217,4,3,0.0,1.5740557850560295,0.3,0.0,False
2026-08-06 05:00:00,217,5,3,0.0,1.6735921961240345,0.3,0.0,False
2026-08-06 06:00:00,217,6,3,0.0,2.053253168040323,0.5,0.0,False
2026-08-06 07:00:00,217,7,3,0.17310377185014938,1.8830841919680568,0.5,0.0,False
2026-08-06 08:00:00,217,8,3,0.31741758998374847,3.8485465571234942,0.5,0.0,False
2026-08-06 09:00:00,217,9,3,0.3388041547087874,3.7261078360063062,0.5,0.0,False
2026-08-06 10:00:00,217,10,3,0.5168923458892641,3.587539018725049,0.3,0.0,False
2026-08-06 11:00:00,217,11,3,0.5006331797858519,3.4646591716570447,0.3,0.0,False
2026-08-06 12:00:00,217,12,3,0.5089204556152569,3.206158602215746,0.3,0.0,False
2026-08-06 13:00:00,217,13,3,0.6960341663144158,3.64960660341754,0.3,0.0,False
2026-08-06 14:00:00,217,14,3,0.43929654127603446,2.9846940246015254,0.3,0.0,False
2026-08-06 15:00:00,217,15,3,0.3600442377567162,3.3956032111003562,0.3,0.0,False
2026-08-06 16:00:00,217,16,3,0.3417470943181875,3.195562900583207,0.5,0.0,False
2026-08-06 17:00:00,217,17,3,0.1723331853622411,3.582327044050953,0.5,0.0,False
2026-08-06 18:00:00,217,18,3,6.431852941645996e-17,1.537920909794293,0.5,0.0,False
2026-08-06 19:00:00,217,19,3,0.0,1.3809306802369319,0.5,0.0,False
2026-08-06 20:00:00,217,20,3,0.0,1.4600257931670626,0.5,0.0,False
2026-08-06 21:00:00,217,21,3,0.0,1.3929102812001612,0.5,0.0,False
2026-08-06 22:00:00,217,22,3,0.0,1.4541334532144883,0.3,0.0,False
2026-08-06 23:00:00,217,23,3,0.0,1.4507028576165744,0.3,0.0,False
2026-08-07 00:00:00,218,0,4,0.0,1.3873266196948417,0.3,0.0,False
2026-08-07 01:00:00,218,1,4,0.0,1.5405095717373936,0.3,0.0,False
2026-08-07 02:00:00,218,2,4,0.0,1.5586836245110098,0.3,0.0,False
2026-08-07 03:00:00,218,3,4,0.0,1.350554041308605,0.3,0.0,False
2026-08-07 04:00:00,218,4,4,0.0,1.2512596855434004,0.3,0.0,False
2026-08-07 05:00:00,218,5,4,0.0,1.5466434678224357,0.3,0.0,False
2026-08-07 06:00:00,218,6,4,0.0,1.97978808266793,0.5,0.0,False
2026-08-07 07:00:00,218,7,4,0.18634255061194385,2.009532514294185,0.5,0.0,False
2026-08-07 08:00:00,218,8,4,0.2619577916797657,3.782676157239119,0.5,0.0,False
2026-08-07 09:00:00,218,9,4,0.4207503389491088,3.9359075163605484,0.5,0.0,False
2026-08-07 10:00:00,218,10,4,0.5203600517824928,3.449560183039689,0.3,0.0,False
2026-08-07 11:00:00,218,11,4,0.560545215808015,3.701974229462336,0.3,0.0,False
2026-08-07 12:00:00,218,12,4,0.6720914033200999,3.7650970795249417,0.3,0.0,False
2026-08-07 13:00:00,218,13,4,0.7346532983750179,3.0362846118532927,0.3,0.0,False
2026-08-07 14:00:00,218,14,4,0.6014245645829326,2.970429205314623,0.3,0.0,False
2026-08-07 15:00:00,218,15,4,0.39087884996847205,3.2988913053229925,0.3,0.0,False
2026-08-07 16:00:00,218,16,4,0.2537292947903743,3.375634864482048,0.5,0.0,False
2026-08-07 17:00:00,218,17,4,0.2169515819964693,3.2886172486491416,0.5,0.0,False
2026-08-07 18:00:00,218,18,4,8.335229836058178e-17,1.605537066908664,0.5,0.0,False
2026-08-07 19:00:00,218,19,4,0.0,1.4594636886902437,0.5,0.0,False
2026-08-07 20:00:00,218,20,4,0.0,1.3959073854878814,0.5,0.0,False
2026-08-07 21:00:00,218,21,4,0.0,1.4185663710223433,0.5,0.0,False
2026-08-07 22:00:00,218,22,4,0.0,1.4699747446403695,0.3,0.0,False
2026-08-07 23:00:00,218,23,4,0.0,1.6265268516090223,0.3,0.0,False
2026-08-08 00:00:00,219,0,5,0.0,1.4269888955001255,0.3,0.0,False
2026-08-08 01:00:00,219,1,5,0.0,1.4566546945624943,0.3,0.0,False
2026-08-08 02:00:00,219,2,5,0.0,1.5855325266066531,0.3,0.0,False
2026-08-08 03:00:00,219,3,5,0.0,1.4701805403682215,0.3,0.0,False
2026-08-08 04:00:00,219,4,5,0.0,1.6675065825968085,0.3,0.0,False
2026-08-08 05:00:00,219,5,5,0.0,1.362074065164741,0.3,0.0,False
2026-08-08 06:00:00,219,6,5,0.0,1.3295454365301769,0.5,0.0,False
2026-08-08 07:00:00,219,7,5,0.22377274698716984,1.5456943551027513,0.5,0.0,False
2026-08-08 08:00:00,219,8,5,0.31372679786805124,1.5606432693397194,0.5,0.0,False
2026-08-08 09:00:00,219,9,5,0.3403401133251295,1.370256075887488,0.5,0.0,False
2026-08-08 10:00:00,219,10,5,0.527274373268193,1.7015393101991139,0.3,0.0,False
2026-08-08 11:00:00,219,11,5,0.8281309345605906,1.7887405214655339,0.3,0.0,False
2026-08-08 12:00:00,219,12,5,0.87893989773322,1.4058218680738928,0.3,0.0,False
2026-08-08 13:00:00,219,13,5,0.6600746594335849,1.7230951009096787,0.3,0.0,False
2026-08-08 14:00:00,219,14,5,0.7768226048432055,1.1426801741998918,0.3,0.0,False
2026-08-08 15:00:00,219,15,5,0.607979843006394,1.6614168400077038,0.3,0.0,False
2026-08-08 16:00:00,219,16,5,0.4184414273277639,1.3713355843307373,0.5,0.0,False
2026-08-08 17:00:00,219,17,5,0.22069290611262118,1.6464109022958209,0.5,0.0,False
2026-08-08 18:00:00,219,18,5,7.75937323952986e-17,1.3558086021065001,0.5,0.0,False
2026-08-08 19:00:00,219,19,5,0.0,1.4897268698059807,0.5,0.0,False
2026-08-08 20:00:00,219,20,5,0.0,1.3784826605187241,0.5,0.0,False
2026-08-08 21:00:00,219,21,5,0.0,1.467917895332688,0.5,0.0,False
2026-08-08 22:00:00,219,22,5,0.0,1.7744886043395667,0.3,0.0,False
2026-08-08 23:00:00,219,23,5,0.0,1.4838093305109892,0.3,0.0,False
2026-08-09 00:00:00,220,0,6,0.0,1.8165452435888754,0.3,0.0,False
2026-08-09 01:00:00,220,1,6,0.0,1.4421281158360746,0.3,0.0,False
2026-08-09 02:00:00,220,2,6,0.0,1.7237647055710204,0.3,0.0,False
2026-08-09 03:00:00,220,3,6,0.0,1.2561461090230797,0.3,0.0,False
2026-08-09 04:00:00,220,4,6,0.0,1.4570236416932714,0.3,0.0,False
2026-08-09 05:00:00,220,5,6,0.0,1.4195835022011964,0.3,0.0,False
2026-08-09 06:00:00,220,6,6,0.0,1.7306558401195713,0.5,0.0,False
2026-08-09 07:00:00,220,7,6,0.18386278324451702,1.5277873179054111,0.5,0.0,False
2026-08-09 08:00:00,220,8,6,0.2986105786084813,1.1867875245528756,0.5,0.0,False
2026-08-09 09:00:00,220,9,6,0.5196472575667407,1.3034805517914656,0.5,0.0,False
2026-08-09 10:00:00,220,10,6,0.52708883855041,1.3481006625930898,0.3,0.0,False
2026-08-09 11:00:00,220,11,6,0.6391982840408845,1.6401075441168254,0.3,0.0,False
2026-08-09 12:00:00,220,12,6,0.8510410775739643,1.6207511225484414,0.3,0.0,False
2026-08-09 13:00:00,220,13,6,0.7362056398756822,1.454940085055832,0.3,0.0,False
2026-08-09 14:00:00,220,14,6,0.697351182649002,1.4177235309573641,0.3,0.0,False
2026-08-09 15:00:00,220,15,6,0.5115843776400103,1.6074582361275078,0.3,0.0,False
2026-08-09 16:00:00,220,16,6,0.45492945238237786,1.330571536135206,0.5,0.0,False
2026-08-09 17:00:00,220,17,6,0.146800476684214,1.568650346692553,0.5,0.0,False
2026-08-09 18:00:00,220,18,6,7.062953798187186e-17,1.555877699530535,0.5,0.0,False
2026-08-09 19:00:00,220,19,6,0.0,1.4588115610399852,0.5,0.0,False
2026-08-09 20:00:00,220,20,6,0.0,1.5596516947568573,0.5,0.0,False
2026-08-09 21:00:00,220,21,6,0.0,1.5153141529612026,0.5,0.0,False
2026-08-09 22:00:00,220,22,6,0.0,1.574612924213481,0.3,0.0,False
2026-08-09 23:00:00,220,23,6,0.0,1.299884653727986,0.3,0.0,False
2026-08-10 00:00:00,221,0,0,0.0,1.5921752970793053,0.3,0.0,False
2026-08-10 01:00:00,221,1,0,0.0,1.6539901994253408,0.3,0.0,False
2026-08-10 02:00:00,221,2,0,0.0,1.5481427130846668,0.3,0.0,False
2026-08-10 03:00:00,221,3,0,0.0,1.590182377648725,0.3,0.0,False
2026-08-10 04:00:00,221,4,0,0.0,1.4835121023885356,0.3,0.0,False
2026-08-10 05:00:00,221,5,0,0.0,1.6336998849394564,0.3,0.0,False
2026-08-10 06:00:00,221,6,0,0.0,1.909787069196978,0.5,0.0,False
2026-08-10 07:00:00,221,7,0,0.1473939951166868,1.7278088076318083,0.5,0.0,False
2026-08-10 08:00:00,221,8,0,0.3066063818081909,3.8230324232324886,0.5,0.0,False
2026-08-10 09:00:00,221,9,0,0.527363646856755,3.454878062873834,0.5,0.0,False
2026-08-10 10:00:00,221,10,0,0.5302960980029338,3.342416961643257,0.3,0.0,False
2026-08-10 11:00:00,221,11,0,0.613909017228541,3.242366572492953,0.3,0.0,False
2026-08-10 12:00:00,221,12,0,0.4734813453239294,3.232781137544293,0.3,0.0,False
2026-08-10 13:00:00,221,13,0,0.8434043567226395,3.3257983124889305,0.3,0.0,False
2026-08-10 14:00:00,221,14,0,0.5546844691531746,3.1936067713773006,0.3,0.0,False
2026-08-10 15:00:00,221,15,0,0.4275495831329904,3.3768309021191745,0.3,0.0,False
2026-08-10 16:00:00,221,16,0,0.24731468048703384,3.3085194948933,0.5,0.0,False
2026-08-10 17:00:00,221,17,0,0.1925544035038616,3.20740590728817,0.5,0.0,False
2026-08-10 18:00:00,221,18,0,1.0391361454493413e-16,1.7007269355069479,0.5,0.0,False
2026-08-10 19:00:00,221,19,0,0.0,1.5307173915449248,0.5,0.0,False
2026-08-10 20:00:00,221,20,0,0.0,1.5946201400136721,0.5,0.0,False
2026-08-10 21:00:00,221,21,0,0.0,1.7124883094241632,0.5,0.0,False
2026-08-10 22:00:00,221,22,0,0.0,1.7100267803691558,0.3,0.0,False
2026-08-10 23:00:00,221,23,0,0.0,1.5869678180784281,0.3,0.0,False
2026-08-11 00:00:00,222,0,1,0.0,1.4546012698485293,0.3,0.0,False
2026-08-11 01:00:00,222,1,1,0.0,1.2855444318694182,0.3,0.0,False
2026-08-11 02:00:00,222,2,1,0.0,1.531003605071962,0.3,0.0,False
2026-08-11 03:00:00,222,3,1,0.0,1.6641876473726078,0.3,0.0,False
2026-08-11 04:00:00,222,4,1,0.0,1.5531472229089929,0.3,0.0,False
2026-08-11 05:00:00,222,5,1,0.0,0.9833123925348154,0.3,0.0,False
2026-08-11 06:00:00,222,6,1,0.0,2.03050932322397,0.5,0.0,False
2026-08-11 07:00:00,222,7,1,0.20845426829822325,2.039724873216361,0.5,0.0,False
2026-08-11 08:00:00,222,8,1,0.3844364373566395,3.654816670941053,0.5,0.0,False
2026-08-11 09:00:00,222,9,1,0.5343064994757903,3.848254251288028,0.5,0.0,False
2026-08-11 10:00:00,222,10,1,0.718645452915197,3.3941948121590064,0.3,0.0,False
2026-08-11 11:00:00,222,11,1,0.5595611917997911,3.1971739811576954,0.3,0.0,False
2026-08-11 12:00:00,222,12,1,0.6076743107878716,3.4906951674326523,0.3,0.0,False
2026-08-11 13:00:00,222,13,1,0.45669004925074463,3.1098784615340826,0.3,0.0,False
2026-08-11 14:00:00,222,14,1,0.7340902419911305,3.2914132993441596,0.3,0.0,False
2026-08-11 15:00:00,222,15,1,0.5075490657472418,3.276449653084187,0.3,0.0,False
2026-08-11 16:00:00,222,16,1,0.2944111188490916,3.1761842771716826,0.5,0.0,False
2026-08-11 17:00:00,222,17,1,0.12554855523775005,3.3455690801473446,0.5,0.0,False
2026-08-11 18:00:00,222,18,1,9.573438035144265e-17,1.6965553349359586,0.5,0.0,False
2026-08-11 19:00:00,222,19,1,0.0,1.6871612807792082,0.5,0.0,False
2026-08-11 20:00:00,222,20,1,0.0,1.6085496322112873,0.5,0.0,False
2026-08-11 21:00:00,222,21,1,0.0,1.2456116239679558,0.5,0.0,False
2026-08-11 22:00:00,222,22,1,0.0,1.299607154868432,0.3,0.0,False
2026-08-11 23:00:00,222,23,1,0.0,1.5249253679638153,0.3,0.0,False
2026-08-12 00:00:00,223,0,2,0.0,1.494864743837469,0.3,0.0,False
2026-08-12 01:00:00,223,1,2,0.0,1.4252880258752527,0.3,0.0,False
2026-08-12 02:00:00,223,2,2,0.0,1.785798479618225,0.3,0.0,False
2026-08-12 03:00:00,223,3,2,0.0,1.5158790229756711,0.3,0.0,False
2026-08-12 04:00:00,223,4,2,0.0,1.5813619111786228,0.3,0.0,False
2026-08-12 05:00:00,223,5,2,0.0,1.6481840821422669,0.3,0.0,False
2026-08-12 06:00:00,223,6,2,0.0,1.9082437674508688,0.5,0.0,False
2026-08-12 07:00:00,223,7,2,0.21276503398635954,2.288659325186855,0.5,0.0,False
2026-08-12 08:00:00,223,8,2,0.3716072723825325,3.558944154634644,0.5,0.0,False
2026-08-12 09:00:00,223,9,2,0.3442393172485527,3.6090892615158814,0.5,0.0,False
2026-08-12 10:00:00,223,10,2,0.44701281478385546,3.158576142257624,0.3,0.0,False
2026-08-12 11:00:00,223,11,2,0.8294541270280799,3.5343987429640955,0.3,0.0,False
2026-08-12 12:00:00,223,12,2,0.8516246416877016,3.420312881132797,0.3,0.0,False
2026-08-12 13:00:00,223,13,2,0.8519984723653102,3.218377213092211,0.3,0.0,False
2026-08-12 14:00:00,223,14,2,0.5588123762017103,3.170418543756783,0.3,0.0,False
2026-08-12 15:00:00,223,15,2,0.5700949361890338,3.5077335750903904,0.3,0.0,False
2026-08-12 16:00:00,223,16,2,0.41309711165731255,3.3542531573008287,0.5,0.0,False
2026-08-12 17:00:00,223,17,2,0.15388794073383943,3.5115626952924504,0.5,0.0,False
2026-08-12 18:00:00,223,18,2,6.338652106563117e-17,1.4909775973827666,0.5,0.0,False
2026-08-12 19:00:00,223,19,2,0.0,1.57673029836504,0.5,0.0,False
2026-08-12 20:00:00,223,20,2,0.0,1.5450341482866004,0.5,0.0,False
2026-08-12 21:00:00,223,21,2,0.0,1.4063832998438897,0.5,0.0,False
2026-08-12 22:00:00,223,22,2,0.0,1.4783783761786486,0.3,0.0,False
2026-08-12 23:00:00,223,23,2,0.0,1.3223544983552484,0.3,0.0,False
2026-08-13 00:00:00,224,0,3,0.0,1.5741160235590865,0.3,0.0,False
2026-08-13 01:00:00,224,1,3,0.0,1.614187311952029,0.3,0.0,False
2026-08-13 02:00:00,224,2,3,0.0,1.648524180015798,0.3,0.0,False
2026-08-13 03:00:00,224,3,3,0.0,1.5999817339756508,0.3,0.0,False
2026-08-13 04:00:00,224,4,3,0.0,1.4807684795245464,0.3,0.0,False
2026-08-13 05:00:00,224,5,3,0.0,1.7327955967615478,0.3,0.0,False
2026-08-13 06:00:00,224,6,3,0.0,2.0338462731594316,0.5,0.0,False
2026-08-13 07:00:00,224,7,3,0.13853728167413062,2.1082819452485655,0.5,0.0,False
2026-08-13 08:00:00,224,8,3,0.27867262023780526,3.9176930056705523,0.5,0.0,False
2026-08-13 09:00:00,224,9,3,0.5663627303968557,3.681160051703966,0.5,0.0,False
2026-08-13 10:00:00,224,10,3,0.4234171435444193,3.3581819185339854,0.3,0.0,False
2026-08-13 11:00:00,224,11,3,0.5178175376175684,3.4161847775246215,0.3,0.0,False
2026-08-13 12:00:00,224,12,3,0.6552843920626469,3.127628731869836,0.3,0.0,False
2026-08-13 13:00:00,224,13,3,0.839364148972232,3.13095402414318,0.3,0.0,False
2026-08-13 14:00:00,224,14,3,0.6089562409254641,3.1051032531007383,0.3,0.0,False
2026-08-13 15:00:00,224,15,3,0.44175558620406513,3.2837849867220164,0.3,0.0,False
2026-08-13 16:00:00,224,16,3,0.4453341123952567,3.25000244111826,0.5,0.0,False
2026-08-13 17:00:00,224,17,3,0.17055326993747252,3.084649405755714,0.5,0.0,False
2026-08-13 18:00:00,224,18,3,7.904749709809444e-17,1.5224037341548016,0.5,0.0,False
2026-08-13 19:00:00,224,19,3,0.0,1.4856571624925112,0.5,0.0,False
2026-08-13 20:00:00,224,20,3,0.0,1.6773360255115488,0.5,0.0,False
2026-08-13 21:00:00,224,21,3,0.0,1.8019468618698686,0.5,0.0,False
2026-08-13 22:00:00,224,22,3,0.0,1.5684675510621349,0.3,0.0,False
2026-08-13 23:00:00,224,23,3,0.0,1.3955054217950646,0.3,0.0,False
2026-08-14 00:00:00,225,0,4,0.0,1.5970086566020603,0.3,0.0,False
2026-08-14 01:00:00,225,1,4,0.0,1.501395438498071,0.3,0.0,False
2026-08-14 02:00:00,225,2,4,0.0,1.4639812119327753,0.3,0.0,False
2026-08-14 03:00:00,225,3,4,0.0,1.3707598318230283,0.3,0.0,False
2026-08-14 04:00:00,225,4,4,0.0,1.430366994116699,0.3,0.0,False
2026-08-14 05:00:00,225,5,4,0.0,1.4733313483089259,0.3,0.0,False
2026-08-14 06:00:00,225,6,4,0.0,2.0206144588248174,0.5,0.0,False
2026-08-14 07:00:00,225,7,4,0.13504171094093334,1.97665383706118,0.5,0.0,False
2026-08-14 08:00:00,225,8,4,0.27502741491919186,3.973836421439274,0.5,0.0,False
2026-08-14 09:00:00,225,9,4,0.5765570782271631,3.8011507110769704,0.5,0.0,False
2026-08-14 10:00:00,225,10,4,0.49234101024134735,3.363644238684354,0.3,0.0,False
2026-08-14 11:00:00,225,11,4,0.7687866183553989,3.254065445179114,0.3,0.0,False
2026-08-14 12:00:00,225,12,4,0.5970071999499766,3.144380552722993,0.3,0.0,False
2026-08-14 13:00:00,225,13,4,0.5149492000412714,3.2145159837220283,0.3,0.0,False
2026-08-14 14:00:00,225,14,4,0.6708678971744826,3.195024200585711,0.3,0.0,False
2026-08-14 15:00:00,225,15,4,0.46570266500602897,2.915863977310229,0.3,0.0,False
2026-08-14 16:00:00,225,16,4,0.23125008207177936,3.148705232613874,0.5,0.0,False
2026-08-14 17:00:00,225,17,4,0.2274971689105233,3.540331464204896,0.5,0.0,False
2026-08-14 18:00:00,225,18,4,6.303705423758729e-17,1.555290031943849,0.5,0.0,False
2026-08-14 19:00:00,225,19,4,0.0,1.4435214216982355,0.5,0.0,False
2026-08-14 20:00:00,225,20,4,0.0,1.5597719733210031,0.5,0.0,False
2026-08-14 21:00:00,225,21,4,0.0,1.2069893211405938,0.5,0.0,False
2026-08-14 22:00:00,225,22,4,0.0,1.5423146574693636,0.3,0.0,False
2026-08-14 23:00:00,225,23,4,0.0,1.6916238394721224,0.3,0.0,False
2026-08-15 00:00:00,226,0,5,0.0,1.4818326079365929,0.3,0.0,False
2026-08-15 01:00:00,226,1,5,0.0,1.2342015710627148,0.3,0.0,False
2026-08-15 02:00:00,226,2,5,0.0,1.4379089197834953,0.3,0.0,False
2026-08-15 03:00:00,226,3,5,0.0,1.691889299247468,0.3,0.0,False
2026-08-15 04:00:00,226,4,5,0.0,1.5387944485346503,0.3,0.0,False
2026-08-15 05:00:00,226,5,5,0.0,1.287253485780965,0.3,0.0,False
2026-08-15 06:00:00,226,6,5,0.0,1.8551443768775806,0.5,0.0,False
2026-08-15 07:00:00,226,7,5,0.16682978273858357,1.3119287225632301,0.5,0.0,False
2026-08-15 08:00:00,226,8,5,0.37033936813375484,1.4635613127580178,0.5,0.0,False
2026-08-15 09:00:00,226,9,5,0.45073898705094645,1.3443920999021695,0.5,0.0,False
2026-08-15 10:00:00,226,10,5,0.6699360532177738,1.34459969776296,0.3,0.0,False
2026-08-15 11:00:00,226,11,5,0.47113227301911087,1.4321773326397265,0.3,0.0,False
2026-08-15 12:00:00,226,12,5,0.8174944420971701,1.5954225239769115,0.3,0.0,False
2026-08-15 13:00:00,226,13,5,0.5196072370724026,1.6935797167829403,0.3,0.0,False
2026-08-15 14:00:00,226,14,5,0.7520592814187077,1.442074774195131,0.3,0.0,False
2026-08-15 15:00:00,226,15,5,0.365013605793335,1.3484784668722614,0.3,0.0,False
2026-08-15 16:00:00,226,16,5,0.2522109806213268,1.5717958974989712,0.5,0.0,False
2026-08-15 17:00:00,226,17,5,0.2094891896931537,1.5761945368393782,0.5,0.0,False
2026-08-15 18:00:00,226,18,5,9.949682958630181e-17,1.5360564503330176,0.5,0.0,False
2026-08-15 19:00:00,226,19,5,0.0,1.54136097193601,0.5,0.0,False
2026-08-15 20:00:00,226,20,5,0.0,1.4831150330484477,0.5,0.0,False
2026-08-15 21:00:00,226,21,5,0.0,1.514722628183382,0.5,0.0,False
2026-08-15 22:00:00,226,22,5,0.0,1.4727523307064643,0.3,0.0,False
2026-08-15 23:00:00,226,23,5,0.0,1.6605365590555683,0.3,0.0,False
2026-08-16 00:00:00,227,0,6,0.0,1.8342689251058815,0.3,0.0,False
2026-08-16 01:00:00,227,1,6,0.0,1.5269479727560789,0.3,0.0,False
2026-08-16 02:00:00,227,2,6,0.0,1.499014162804296,0.3,0.0,False
2026-08-16 03:00:00,227,3,6,0.0,1.53837920485351,0.3,0.0,False
2026-08-16 04:00:00,227,4,6,0.0,1.4013117298525062,0.3,0.0,False
2026-08-16 05:00:00,227,5,6,0.0,1.6147467556657231,0.3,0.0,False
2026-08-16 06:00:00,227,6,6,0.0,1.5661764613621694,0.5,0.0,False
2026-08-16 07:00:00,227,7,6,0.17624262713319447,1.4369294687935965,0.5,0.0,False
2026-08-16 08:00:00,227,8,6,0.2621294888308962,1.6353100228563717,0.5,0.0,False
2026-08-16 09:00:00,227,9,6,0.517858251381641,1.5028484652518082,0.5,0.0,False
2026-08-16 10:00:00,227,10,6,0.459291731258007,1.3544915042288437,0.3,0.0,False
2026-08-16 11:00:00,227,11,6,0.4570932325164253,1.552740666813444,0.3,0.0,False
2026-08-16 12:00:00,227,12,6,0.7498787550864673,1.535548875509899,0.3,0.0,False
2026-08-16 13:00:00,227,13,6,0.47736266602575755,1.6440627219165938,0.3,0.0,False
2026-08-16 14:00:00,227,14,6,0.42626633705593786,1.6247320425112273,0.3,0.0,False
2026-08-16 15:00:00,227,15,6,0.5474318544849781,1.4836160504056857,0.3,0.0,False
2026-08-16 16:00:00,227,16,6,0.234755408687418,1.4291869595379705,0.5,0.0,False
2026-08-16 17:00:00,227,17,6,0.20841516636975016,1.50026156250867,0.5,0.0,False
2026-08-16 18:00:00,227,18,6,9.787303487354764e-17,1.5544963319502985,0.5,0.0,False
2026-08-16 19:00:00,227,19,6,0.0,1.5725631566647573,0.5,0.0,False
2026-08-16 20:00:00,227,20,6,0.0,1.5452118312204177,0.5,0.0,False
2026-08-16 21:00:00,227,21,6,0.0,1.4863857084792347,0.5,0.0,False
2026-08-16 22:00:00,227,22,6,0.0,1.6495225530034836,0.3,0.0,False
2026-08-16 23:00:00,227,23,6,0.0,1.3988547158860085,0.3,0.0,False
2026-08-17 00:00:00,228,0,0,0.0,1.8719105178232234,0.3,0.0,False
2026-08-17 01:00:00,228,1,0,0.0,1.614460557023064,0.3,0.0,False
2026-08-17 02:00:00,228,2,0,0.0,1.3308771895244984,0.3,0.0,False
2026-08-17 03:00:00,228,3,0,0.0,1.5277843996404623,0.3,0.0,False
2026-08-17 04:00:00,228,4,0,0.0,1.6159025277048198,0.3,0.0,False
2026-08-17 05:00:00,228,5,0,0.0,1.4475946341720436,0.3,0.0,False
2026-08-17 06:00:00,228,6,0,0.0,1.6757283928634938,0.5,0.0,False
2026-08-17 07:00:00,228,7,0,0.2292635533599278,1.7441404087601655,0.5,0.0,False
2026-08-17 08:00:00,228,8,0,0.22732219692421837,3.7813139416518324,0.5,0.0,False
2026-08-17 09:00:00,228,9,0,0.31345647027195134,3.436807529114744,0.5,0.0,False
2026-08-17 10:00:00,228,10,0,0.5182486575456279,3.0825983142230964,0.3,0.0,False
2026-08-17 11:00:00,228,11,0,0.584789944479411,3.3805252120400886,0.3,0.0,False
2026-08-17 12:00:00,228,12,0,0.83483199363069,3.2666176174729755,0.3,0.0,False
2026-08-17 13:00:00,228,13,0,0.8186903551013955,3.19563294155928,0.3,0.0,False
2026-08-17 14:00:00,228,14,0,0.7217145236236424,3.22579017790162,0.3,0.0,False
2026-08-17 15:00:00,228,15,0,0.3582241433096136,3.079377928073352,0.3,0.0,False
2026-08-17 16:00:00,228,16,0,0.31289069782142015,3.3726680145682417,0.5,0.0,False
2026-08-17 17:00:00,228,17,0,0.2002477348013554,3.179018466747383,0.5,0.0,False
2026-08-17 18:00:00,228,18,0,7.12365077895054e-17,1.4196371723124193,0.5,0.0,False
2026-08-17 19:00:00,228,19,0,0.0,1.5520177704880767,0.5,0.0,False
2026-08-17 20:00:00,228,20,0,0.0,1.4615058696818675,0.5,0.0,False
2026-08-17 21:00:00,228,21,0,0.0,1.3943020035548497,0.5,0.0,False
2026-08-17 22:00:00,228,22,0,0.0,1.2015842362914106,0.3,0.0,False
2026-08-17 23:00:00,228,23,0,0.0,1.5551138768801722,0.3,0.0,False
2026-08-18 00:00:00,229,0,1,0.0,1.5118489451412602,0.3,0.0,False
2026-08-18 01:00:00,229,1,1,0.0,1.422391881347494,0.3,0.0,False
2026-08-18 02:00:00,229,2,1,0.0,1.344390134179973,0.3,0.0,False
2026-08-18 03:00:00,229,3,1,0.0,1.5019143717980288,0.3,0.0,False
2026-08-18 04:00:00,229,4,1,0.0,1.5720707640788654,0.3,0.0,False
2026-08-18 05:00:00,229,5,1,0.0,1.5146638321986456,0.3,0.0,False
2026-08-18 06:00:00,229,6,1,0.0,2.145709828073823,0.5,0.0,False
2026-08-18 07:00:00,229,7,1,0.18573953462629206,2.005716175390754,0.5,0.0,False
2026-08-18 08:00:00,229,8,1,0.4137351553552934,3.6839075365488934,0.5,0.0,False
2026-08-18 09:00:00,229,9,1,0.42520861816478084,3.8107418134144844,0.5,0.0,False
2026-08-18 10:00:00,229,10,1,0.4466128032750395,3.307299341758662,0.3,0.0,False
2026-08-18 11:00:00,229,11,1,0.5968347401313479,3.306778913178398,0.3,0.0,False
2026-08-18 12:00:00,229,12,1,0.7882208401894985,3.494454569596653,0.3,0.0,False
2026-08-18 13:00:00,229,13,1,0.6784558384611906,3.165291318278922,0.3,0.0,False
2026-08-18 14:00:00,229,14,1,0.42087096409454805,3.3034964472082438,0.3,0.0,False
2026-08-18 15:00:00,229,15,1,0.47971828829760116,3.4784565003974404,0.3,0.0,False
2026-08-18 16:00:00,229,16,1,0.3239633230982835,3.3463485837262334,0.5,0.0,False
2026-08-18 17:00:00,229,17,1,0.15159274501501782,3.244642052194683,0.5,0.0,False
2026-08-18 18:00:00,229,18,1,6.000275438379247e-17,1.2440760351938747,0.5,0.0,False
2026-08-18 19:00:00,229,19,1,0.0,1.1594479586709436,0.5,0.0,False
2026-08-18 20:00:00,229,20,1,0.0,1.8114271784641123,0.5,0.0,False
2026-08-18 21:00:00,229,21,1,0.0,1.5462767731876217,0.5,0.0,False
2026-08-18 22:00:00,229,22,1,0.0,1.4123890291370607,0.3,0.0,False
2026-08-18 23:00:00,229,23,1,0.0,1.5524185333694762,0.3,0.0,False
2026-08-19 00:00:00,230,0,2,0.0,1.3578488792544976,0.3,0.0,False
2026-08-19 01:00:00,230,1,2,0.0,1.4503198083905602,0.3,0.0,False
2026-08-19 02:00:00,230,2,2,0.0,1.3588589410510552,0.3,0.0,False
2026-08-19 03:00:00,230,3,2,0.0,1.2880089623153244,0.3,0.0,False
2026-08-19 04:00:00,230,4,2,0.0,1.1842522581243116,0.3,0.0,False
2026-08-19 05:00:00,230,5,2,0.0,1.260351391165675,0.3,0.0,False
2026-08-19 06:00:00,230,6,2,0.0,2.0531931645906187,0.5,0.0,False
2026-08-19 07:00:00,230,7,2,0.13629644589809098,1.7519677058184953,0.5,0.0,False
2026-08-19 08:00:00,230,8,2,0.42952390606739593,3.7802338167704317,0.5,0.0,False
2026-08-19 09:00:00,230,9,2,0.5626841162172869,3.843497108476782,0.5,0.0,False
2026-08-19 10:00:00,230,10,2,0.5112316496469175,3.3024869527811185,0.3,0.0,False
2026-08-19 11:00:00,230,11,2,0.7817466247099683,3.255214918151839,0.3,0.0,False
2026-08-19 12:00:00,230,12,2,0.6675307075485822,3.3199534380791493,0.3,0.0,False
2026-08-19 13:00:00,230,13,2,0.5717394424242767,3.2375069450213827,0.3,0.0,False
2026-08-19 14:00:00,230,14,2,0.7002020122393091,3.4805863893084945,0.3,0.0,False
2026-08-19 15:00:00,230,15,2,0.5445360108939231,3.581480081121674,0.3,0.0,False
2026-08-19 16:00:00,230,16,2,0.2852130576539401,3.517471774555643,0.5,0.0,False
2026-08-19 17:00:00,230,17,2,0.18276448318419947,2.977265514783965,0.5,0.0,False
2026-08-19 18:00:00,230,18,2,7.370630849581963e-17,1.4344459861709828,0.5,0.0,False
2026-08-19 19:00:00,230,19,2,0.0,1.5006238708171735,0.5,0.0,False
2026-08-19 20:00:00,230,20,2,0.0,1.5694586940633815,0.5,0.0,False
2026-08-19 21:00:00,230,21,2,0.0,1.2409028193446927,0.5,0.0,False
2026-08-19 22:00:00,230,22,2,0.0,1.2384834509446552,0.3,0.0,False
2026-08-19 23:00:00,230,23,2,0.0,1.6960184624438088,0.3,0.0,False
2026-08-20 00:00:00,231,0,3,0.0,1.4161321022085331,0.3,0.0,False
2026-08-20 01:00:00,231,1,3,0.0,1.276889049232015,0.3,0.0,False
2026-08-20 02:00:00,231,2,3,0.0,1.3344538788415559,0.3,0.0,False
2026-08-20 03:00:00,231,3,3,0.0,1.5585711964968323,0.3,0.0,False
2026-08-20 04:00:00,231,4,3,0.0,1.3766178470304755,0.3,0.0,False
2026-08-20 05:00:00,231,5,3,0.0,1.5362438463276076,0.3,0.0,False
2026-08-20 06:00:00,231,6,3,0.0,1.7531908955880244,0.5,0.0,False
2026-08-20 07:00:00,231,7,3,0.12056254279139678,1.6383699808923968,0.5,0.0,False
2026-08-20 08:00:00,231,8,3,0.295467651375037,3.9136570244831983,0.5,0.0,False
2026-08-20 09:00:00,231,9,3,0.36396567017880055,3.759728486693346,0.5,0.0,False
2026-08-20 10:00:00,231,10,3,0.6299656002831755,3.2499373708142825,0.3,0.0,False
2026-08-20 11:00:00,231,11,3,0.7943347743319548,3.2217957417477585,0.3,0.0,False
2026-08-20 12:00:00,231,12,3,0.5701574727949128,3.519735055361285,0.3,0.0,False
2026-08-20 13:00:00,231,13,3,0.5634661152286073,3.3887295068293084,0.3,0.0,False
2026-08-20 14:00:00,231,14,3,0.6331024635952952,3.4720219547453635,0.3,0.0,False
2026-08-20 15:00:00,231,15,3,0.3556638568976122,3.2124460983766197,0.3,0.0,False
2026-08-20 16:00:00,231,16,3,0.4222141871694486,3.3075999810269368,0.5,0.0,False
2026-08-20 17:00:00,231,17,3,0.15448770906164055,3.3603298373994797,0.5,0.0,False
2026-08-20 18:00:00,231,18,3,5.902132504517737e-17,1.417489633602924,0.5,0.0,False
2026-08-20 19:00:00,231,19,3,0.0,1.485670183649454,0.5,0.0,False
2026-08-20 20:00:00,231,20,3,0.0,1.4124584490175125,0.5,0.0,False
2026-08-20 21:00:00,231,21,3,0.0,1.5598588796253325,0.5,0.0,False
2026-08-20 22:00:00,231,22,3,0.0,1.301790875422413,0.3,0.0,False
2026-08-20 23:00:00,231,23,3,0.0,1.5857955028870587,0.3,0.0,False
2026-08-21 00:00:00,232,0,4,0.0,1.5466069802614366,0.3,0.0,False
2026-08-21 01:00:00,232,1,4,0.0,1.4695037207239017,0.3,0.0,False
2026-08-21 02:00:00,232,2,4,0.0,1.5674275718478126,0.3,0.0,False
2026-08-21 03:00:00,232,3,4,0.0,1.4452589304400534,0.3,0.0,False
2026-08-21 04:00:00,232,4,4,0.0,1.399480388800907,0.3,0.0,False
2026-08-21 05:00:00,232,5,4,0.0,1.5815589232183016,0.3,0.0,False
2026-08-21 06:00:00,232,6,4,0.0,1.9880521007731558,0.5,0.0,False
2026-08-21 07:00:00,232,7,4,0.12724454437576269,1.8239094641786449,0.5,0.0,False
2026-08-21 08:00:00,232,8,4,0.4319123275190062,3.611042156163541,0.5,0.0,False
2026-08-21 09:00:00,232,9,4,0.5166801072759056,3.672553977435931,0.5,0.0,False
2026-08-21 10:00:00,232,10,4,0.6984508131128413,3.2171991520778973,0.3,0.0,False
2026-08-21 11:00:00,232,11,4,0.7375365087943598,3.5287678664823403,0.3,0.0,False
2026-08-21 12:00:00,232,12,4,0.7400669612333388,3.347471357129131,0.3,0.0,False
2026-08-21 13:00:00,232,13,4,0.5828116218913104,3.302190035032082,0.3,0.0,False
2026-08-21 14:00:00,232,14,4,0.49980603409508617,3.1600912539466455,0.3,0.0,False
2026-08-21 15:00:00,232,15,4,0.5290737243795613,3.410848417055496,0.3,0.0,False
2026-08-21 16:00:00,232,16,4,0.3740581066466709,3.2082592650083375,0.5,0.0,False
2026-08-21 17:00:00,232,17,4,0.220005345552748,3.2020879033378438,0.5,0.0,False
2026-08-21 18:00:00,232,18,4,8.37164864133945e-17,1.6158921994614879,0.5,0.0,False
2026-08-21 19:00:00,232,19,4,0.0,1.5580984081487845,0.5,0.0,False
2026-08-21 20:00:00,232,20,4,0.0,1.1244828586296665,0.5,0.0,False
2026-08-21 21:00:00,232,21,4,0.0,1.4763343854353537,0.5,0.0,False
2026-08-21 22:00:00,232,22,4,0.0,1.518827943082143,0.3,0.0,False
2026-08-21 23:00:00,232,23,4,0.0,1.449060576632826,0.3,0.0,False
2026-08-22 00:00:00,233,0,5,0.0,1.5240545498534708,0.3,0.0,False
2026-08-22 01:00:00,233,1,5,0.0,1.2285467995636483,0.3,0.0,False
2026-08-22 02:00:00,233,2,5,0.0,1.0753469100988913,0.3,0.0,False
2026-08-22 03:00:00,233,3,5,0.0,1.3536797642444593,0.3,0.0,False
2026-08-22 04:00:00,233,4,5,0.0,1.5423370682650726,0.3,0.0,False
2026-08-22 05:00:00,233,5,5,0.0,1.0162565657218665,0.3,0.0,False
2026-08-22 06:00:00,233,6,5,0.0,1.3734680899140739,0.5,0.0,False
2026-08-22 07:00:00,233,7,5,0.16564261734360922,1.211585854620092,0.5,0.0,False
2026-08-22 08:00:00,233,8,5,0.33228898588559774,1.4636063741202978,0.5,0.0,False
2026-08-22 09:00:00,233,9,5,0.3274596188167792,1.7936848886933774,0.5,0.0,False
2026-08-22 10:00:00,233,10,5,0.7129309745706577,1.4674236008003847,0.3,0.0,False
2026-08-22 11:00:00,233,11,5,0.8006735403635576,1.4838745732003698,0.3,0.0,False
2026-08-22 12:00:00,233,12,5,0.6716952291438933,1.6258846411182348,0.3,0.0,False
2026-08-22 13:00:00,233,13,5,0.6523684911156693,1.503195983671586,0.3,0.0,False
2026-08-22 14:00:00,233,14,5,0.3973915278303795,1.467751234471599,0.3,0.0,False
2026-08-22 15:00:00,233,15,5,0.4902672821122899,1.6389968886217505,0.3,0.0,False
2026-08-22 16:00:00,233,16,5,0.3100508639592609,1.5707830725767709,0.5,0.0,False
2026-08-22 17:00:00,233,17,5,0.191926067349709,1.5432938642349678,0.5,0.0,False
2026-08-22 18:00:00,233,18,5,5.564087224726994e-17,1.4791829771148801,0.5,0.0,False
2026-08-22 19:00:00,233,19,5,0.0,1.4480902942909404,0.5,0.0,False
2026-08-22 20:00:00,233,20,5,0.0,1.6375756327847493,0.5,0.0,False
2026-08-22 21:00:00,233,21,5,0.0,1.449530607018124,0.5,0.0,False
2026-08-22 22:00:00,233,22,5,0.0,1.6846879319034018,0.3,0.0,False
2026-08-22 23:00:00,233,23,5,0.0,1.3429280450566077,0.3,0.0,False
2026-08-23 00:00:00,234,0,6,0.0,1.7150675931758668,0.3,0.0,False
2026-08-23 01:00:00,234,1,6,0.0,1.5708060124632628,0.3,0.0,False
2026-08-23 02:00:00,234,2,6,0.0,1.354719761542199,0.3,0.0,False
2026-08-23 03:00:00,234,3,6,0.0,1.576346795182846,0.3,0.0,False
2026-08-23 04:00:00,234,4,6,0.0,1.402454565252408,0.3,0.0,False
2026-08-23 05:00:00,234,5,6,0.0,1.5050142081521214,0.3,0.0,False
2026-08-23 06:00:00,234,6,6,0.0,1.4270059294282122,0.5,0.0,False
2026-08-23 07:00:00,234,7,6,0.1805192418751861,1.4800631753800382,0.5,0.0,False
2026-08-23 08:00:00,234,8,6,0.21824009763232086,1.64121461907148,0.5,0.0,False
2026-08-23 09:00:00,234,9,6,0.49108969641752137,1.577776747822003,0.5,0.0,False
2026-08-23 10:00:00,234,10,6,0.6490295895086233,1.3311951912346383,0.3,0.0,False
2026-08-23 11:00:00,234,11,6,0.7380356654642617,1.3397855337512343,0.3,0.0,False
2026-08-23 12:00:00,234,12,6,0.45746518164424294,1.5406163415398,0.3,0.0,False
2026-08-23 13:00:00,234,13,6,0.5439758413008735,1.5514780690343666,0.3,0.0,False
2026-08-23 14:00:00,234,14,6,0.5317167360672193,1.3988332530919354,0.3,0.0,False
2026-08-23 15:00:00,234,15,6,0.3603752865071792,1.7386973224473057,0.3,0.0,False
2026-08-23 16:00:00,234,16,6,0.3068702309408338,1.6220242405904393,0.5,0.0,False
2026-08-23 17:00:00,234,17,6,0.11975957520904142,1.406163545192281,0.5,0.0,False
2026-08-23 18:00:00,234,18,6,5.889288278235651e-17,1.391661702627601,0.5,0.0,False
2026-08-23 19:00:00,234,19,6,0.0,1.465828017943013,0.5,0.0,False
2026-08-23 20:00:00,234,20,6,0.0,1.450221838338876,0.5,0.0,False
2026-08-23 21:00:00,234,21,6,0.0,1.6884236240597665,0.5,0.0,False
2026-08-23 22:00:00,234,22,6,0.0,1.647678445949233,0.3,0.0,False
2026-08-23 23:00:00,234,23,6,0.0,1.5052604270252086,0.3,0.0,False
2026-08-24 00:00:00,235,0,0,0.0,1.6016858341333822,0.3,0.0,False
2026-08-24 01:00:00,235,1,0,0.0,1.6234462839516823,0.3,0.0,False
2026-08-24 02:00:00,235,2,0,0.0,1.5087391092399802,0.3,0.0,False
2026-08-24 03:00:00,235,3,0,0.0,1.5603928019053634,0.3,0.0,False
2026-08-24 04:00:00,235,4,0,0.0,1.5891281331138423,0.3,0.0,False
2026-08-24 05:00:00,235,5,0,0.0,1.5731408585473325,0.3,0.0,False
2026-08-24 06:00:00,235,6,0,0.0,1.7831794257286313,0.5,0.0,False
2026-08-24 07:00:00,235,7,0,0.12035446295192996,1.7983435363980906,0.5,0.0,False
2026-08-24 08:00:00,235,8,0,0.30848643672623577,3.656710800747092,0.5,0.0,False
2026-08-24 09:00:00,235,9,0,0.3596695818588861,3.5940003581429663,0.5,0.0,False
2026-08-24 10:00:00,235,10,0,0.7014598287289755,3.079034914104652,0.3,0.0,False
2026-08-24 11:00:00,235,11,0,0.6002273233709887,3.401392794142356,0.3,0.0,False
2026-08-24 12:00:00,235,12,0,0.6841358704798864,3.35196121903035,0.3,0.0,False
2026-08-24 13:00:00,235,13,0,0.5651172403219391,3.0990950135561177,0.3,0.0,False
2026-08-24 14:00:00,235,14,0,0.47998784019462765,3.2638624932408695,0.3,0.0,False
2026-08-24 15:00:00,235,15,0,0.3658100356802912,3.2723571274121057,0.3,0.0,False
2026-08-24 16:00:00,235,16,0,0.4111143808394869,3.327291664276491,0.5,0.0,False
2026-08-24 17:00:00,235,17,0,0.2002966887355721,3.137711632702851,0.5,0.0,False
2026-08-24 18:00:00,235,18,0,5.968631912535502e-17,1.2969008646008382,0.5,0.0,False
2026-08-24 19:00:00,235,19,0,0.0,1.5779586744050864,0.5,0.0,False
2026-08-24 20:00:00,235,20,0,0.0,1.2699056981597066,0.5,0.0,False
2026-08-24 21:00:00,235,21,0,0.0,1.4651004760418005,0.5,0.0,False
2026-08-24 22:00:00,235,22,0,0.0,1.4510884221362659,0.3,0.0,False
2026-08-24 23:00:00,235,23,0,0.0,1.4815073522659823,0.3,0.0,False
2026-08-25 00:00:00,236,0,1,0.0,1.5379076431766778,0.3,0.0,False
2026-08-25 01:00:00,236,1,1,0.0,1.739785592671711,0.3,0.0,False
2026-08-25 02:00:00,236,2,1,0.0,1.260076169911365,0.3,0.0,False
2026-08-25 03:00:00,236,3,1,0.0,1.6314872374099123,0.3,0.0,False
2026-08-25 04:00:00,236,4,1,0.0,1.1231763140802935,0.3,0.0,False
2026-08-25 05:00:00,236,5,1,0.0,1.7090566723225977,0.3,0.0,False
2026-08-25 06:00:00,236,6,1,0.0,1.5935695989194265,0.5,0.0,False
2026-08-25 07:00:00,236,7,1,0.20708145718837342,2.2654591957052186,0.5,0.0,False
2026-08-25 08:00:00,236,8,1,0.2914856546801372,3.6415348255784266,0.5,0.0,False
2026-08-25 09:00:00,236,9,1,0.4689715138912992,3.893557459115955,0.5,0.0,False
2026-08-25 10:00:00,236,10,1,0.5620423828854644,3.4626234035116297,0.3,0.0,False
2026-08-25 11:00:00,236,11,1,0.7872879654942775,3.234526636304339,0.3,0.0,False
2026-08-25 12:00:00,236,12,1,0.49872945881503417,3.2460376172718597,0.3,0.0,False
2026-08-25 13:00:00,236,13,1,0.6525865697337543,3.1744261555301585,0.3,0.0,False
2026-08-25 14:00:00,236,14,1,0.6504854762078384,3.418105524966643,0.3,0.0,False
2026-08-25 15:00:00,236,15,1,0.4147553294327911,3.2364797843672295,0.3,0.0,False
2026-08-25 16:00:00,236,16,1,0.399779209795661,3.1771524707923895,0.5,0.0,False
2026-08-25 17:00:00,236,17,1,0.15213953015455012,3.3805914017934224,0.5,0.0,False
2026-08-25 18:00:00,236,18,1,6.151680859337985e-17,1.3654235337891376,0.5,0.0,False
2026-08-25 19:00:00,236,19,1,0.0,1.4506526562371995,0.5,0.0,False
2026-08-25 20:00:00,236,20,1,0.0,1.516065879730829,0.5,0.0,False
2026-08-25 21:00:00,236,21,1,0.0,1.4036355766108097,0.5,0.0,False
2026-08-25 22:00:00,236,22,1,0.0,1.4262676978620097,0.3,0.0,False
2026-08-25 23:00:00,236,23,1,0.0,1.7302474801709187,0.3,0.0,False
2026-08-26 00:00:00,237,0,2,0.0,1.469364719957228,0.3,0.0,False
2026-08-26 01:00:00,237,1,2,0.0,1.4460559560324582,0.3,0.0,False
2026-08-26 02:00:00,237,2,2,0.0,1.4737312292896918,0.3,0.0,False
2026-08-26 03:00:00,237,3,2,0.0,1.56816824827486,0.3,0.0,False
2026-08-26 04:00:00,237,4,2,0.0,1.3449204475989205,0.3,0.0,False
2026-08-26 05:00:00,237,5,2,0.0,1.564082310068758,0.3,0.0,False
2026-08-26 06:00:00,237,6,2,0.0,1.938373028508886,0.5,0.0,False
2026-08-26 07:00:00,237,7,2,0.14240913671939912,1.6317016923888823,0.5,0.0,False
2026-08-26 08:00:00,237,8,2,0.23948394661463634,3.969138340511314,0.5,0.0,False
2026-08-26 09:00:00,237,9,2,0.5727653739247126,3.919122034114481,0.5,0.0,False
2026-08-26 10:00:00,237,10,2,0.6842952248658426,3.1799155600882743,0.3,0.0,False
2026-08-26 11:00:00,237,11,2,0.43375995060931866,3.1316360193454074,0.3,0.0,False
2026-08-26 12:00:00,237,12,2,0.777194436102927,3.334207724553786,0.3,0.0,False
2026-08-26 13:00:00,237,13,2,0.45166552117983216,3.086120506825307,0.3,0.0,False
2026-08-26 14:00:00,237,14,2,0.3924299278212212,3.5046424430553382,0.3,0.0,False
2026-08-26 15:00:00,237,15,2,0.5299497020275998,3.229731939637141,0.3,0.0,False
2026-08-26 16:00:00,237,16,2,0.32736436084072423,3.5432710392463225,0.5,0.0,False
2026-08-26 17:00:00,237,17,2,0.15602575282265804,3.1763394944420598,0.5,0.0,False
2026-08-26 18:00:00,237,18,2,9.936392122843736e-17,1.483169687164992,0.5,0.0,False
2026-08-26 19:00:00,237,19,2,0.0,1.6900818909866049,0.5,0.0,False
2026-08-26 20:00:00,237,20,2,0.0,1.4515140780541755,0.5,0.0,False
2026-08-26 21:00:00,237,21,2,0.0,1.540813761476361,0.5,0.0,False
2026-08-26 22:00:00,237,22,2,0.0,1.663898813345702,0.3,0.0,False
2026-08-26 23:00:00,237,23,2,0.0,1.416592882374875,0.3,0.0,False
2026-08-27 00:00:00,238,0,3,0.0,1.3107391364178465,0.3,0.0,False
2026-08-27 01:00:00,238,1,3,0.0,1.2811934105538634,0.3,0.0,False
2026-08-27 02:00:00,238,2,3,0.0,1.587514912415681,0.3,0.0,False
2026-08-27 03:00:00,238,3,3,0.0,1.5583167580496429,0.3,0.0,False
2026-08-27 04:00:00,238,4,3,0.0,1.6592494759621637,0.3,0.0,False
2026-08-27 05:00:00,238,5,3,0.0,1.4588932921526114,0.3,0.0,False
2026-08-27 06:00:00,238,6,3,0.0,1.6853894113599186,0.5,0.0,False
2026-08-27 07:00:00,238,7,3,0.12080595283984832,1.5470871540577635,0.5,0.0,False
2026-08-27 08:00:00,238,8,3,0.3740133225576585,4.130194380152755,0.5,0.0,False
2026-08-27 09:00:00,238,9,3,0.3192571508869129,3.7790384527806253,0.5,0.0,False
2026-08-27 10:00:00,238,10,3,0.3925536426299776,3.320518763412344,0.3,0.0,False
2026-08-27 11:00:00,238,11,3,0.7739322816003362,3.3417959640470722,0.3,0.0,False
2026-08-27 12:00:00,238,12,3,0.763748622086482,3.0852991577651343,0.3,0.0,False
2026-08-27 13:00:00,238,13,3,0.7709602882784782,3.1807692013555426,0.3,0.0,False
2026-08-27 14:00:00,238,14,3,0.6063440310713316,3.5614995191986862,0.3,0.0,False
2026-08-27 15:00:00,238,15,3,0.3966998745299554,3.3987520928778325,0.3,0.0,False
2026-08-27 16:00:00,238,16,3,0.404327869185958,3.1854603513558093,0.5,0.0,False
2026-08-27 17:00:00,238,17,3,0.14258779654924833,3.115977700787514,0.5,0.0,False
2026-08-27 18:00:00,238,18,3,6.626198246394843e-17,1.4226458836583151,0.5,0.0,False
2026-08-27 19:00:00,238,19,3,0.0,1.4526854029165683,0.5,0.0,False
2026-08-27 20:00:00,238,20,3,0.0,1.8073719053770054,0.5,0.0,False
2026-08-27 21:00:00,238,21,3,0.0,1.4717598936051068,0.5,0.0,False
2026-08-27 22:00:00,238,22,3,0.0,1.321567232380048,0.3,0.0,False
2026-08-27 23:00:00,238,23,3,0.0,1.4912096454584873,0.3,0.0,False
2026-08-28 00:00:00,239,0,4,0.0,1.5396507702567002,0.3,0.0,False
2026-08-28 01:00:00,239,1,4,0.0,1.3079180133618942,0.3,0.0,False
2026-08-28 02:00:00,239,2,4,0.0,1.5603248301678923,0.3,0.0,False
2026-08-28 03:00:00,239,3,4,0.0,1.6813373928407356,0.3,0.0,False
2026-08-28 04:00:00,239,4,4,0.0,1.5208006924876145,0.3,0.0,False
2026-08-28 05:00:00,239,5,4,0.0,1.380440227222548,0.3,0.0,False
2026-08-28 06:00:00,239,6,4,0.0,1.8206694343644774,0.5,0.0,False
2026-08-28 07:00:00,239,7,4,0.20729201595787564,1.6511746035007207,0.5,0.0,False
2026-08-28 08:00:00,239,8,4,0.35467218333835104,3.6799247148846193,0.5,0.0,False
2026-08-28 09:00:00,239,9,4,0.3187438166305428,3.7466169935244866,0.5,0.0,False
2026-08-28 10:00:00,239,10,4,0.4326124433678086,3.165505112270178,0.3,0.0,False
2026-08-28 11:00:00,239,11,4,0.7968849031501891,3.590955022654144,0.3,0.0,False
2026-08-28 12:00:00,239,12,4,0.8311907980786015,3.418841924317672,0.3,0.0,False
2026-08-28 13:00:00,239,13,4,0.802364111416989,3.0310833991577333,0.3,0.0,False
2026-08-28 14:00:00,239,14,4,0.3791032259720799,3.034160616223866,0.3,0.0,False
2026-08-28 15:00:00,239,15,4,0.41272993632312505,3.152396429594427,0.3,0.0,False
2026-08-28 16:00:00,239,16,4,0.37147878177576577,3.5359778110138906,0.5,0.0,False
2026-08-28 17:00:00,239,17,4,0.1915499157636711,3.4336382565828543,0.5,0.0,False
2026-08-28 18:00:00,239,18,4,5.614826710958914e-17,1.7435568293337431,0.5,0.0,False
2026-08-28 19:00:00,239,19,4,0.0,1.5015313929844132,0.5,0.0,False
2026-08-28 20:00:00,239,20,4,0.0,1.4685766008056582,0.5,0.0,False
2026-08-28 21:00:00,239,21,4,0.0,1.3128735770909064,0.5,0.0,False
2026-08-28 22:00:00,239,22,4,0.0,1.5524525887375193,0.3,0.0,False
2026-08-28 23:00:00,239,23,4,0.0,1.470574774962447,0.3,0.0,False
2026-08-29 00:00:00,240,0,5,0.0,1.4647991714277206,0.3,0.0,False
2026-08-29 01:00:00,240,1,5,0.0,1.7427076261579257,0.3,0.0,False
2026-08-29 02:00:00,240,2,5,0.0,1.481048159570316,0.3,0.0,False
2026-08-29 03:00:00,240,3,5,0.0,1.6996472166071528,0.3,0.0,False
2026-08-29 04:00:00,240,4,5,0.0,1.261788800828608,0.3,0.0,False
2026-08-29 05:00:00,240,5,5,0.0,1.9032168349294383,0.3,0.0,False
2026-08-29 06:00:00,240,6,5,0.0,1.4440094307366946,0.5,0.0,False
2026-08-29 07:00:00,240,7,5,0.17578865820982403,1.606077603491104,0.5,0.0,False
2026-08-29 08:00:00,240,8,5,0.28397223431738994,1.6299409367919768,0.5,0.0,False
2026-08-29 09:00:00,240,9,5,0.5188812058230045,1.4253964904436847,0.5,0.0,False
2026-08-29 10:00:00,240,10,5,0.6555285318218599,1.6228545135088581,0.3,0.0,False
2026-08-29 11:00:00,240,11,5,0.7613973746537929,1.6306504764871859,0.3,0.0,False
2026-08-29 12:00:00,240,12,5,0.5222426189711595,1.3930283248431348,0.3,0.0,False
2026-08-29 13:00:00,240,13,5,0.619811781552809,1.394804966372716,0.3,0.0,False
2026-08-29 14:00:00,240,14,5,0.4452312991709718,1.5067960235227114,0.3,0.0,False
2026-08-29 15:00:00,240,15,5,0.3082955211638858,1.4826759078471996,0.3,0.0,False
2026-08-29 16:00:00,240,16,5,0.3588262359197178,1.7089695143774302,0.5,0.0,False
2026-08-29 17:00:00,240,17,5,0.16846633934992283,1.6054002277417618,0.5,0.0,False
2026-08-29 18:00:00,240,18,5,8.871571044176904e-17,1.4894364645805362,0.5,0.0,False
2026-08-29 19:00:00,240,19,5,0.0,1.590911693806151,0.5,0.0,False
2026-08-29 20:00:00,240,20,5,0.0,1.1930020383304962,0.5,0.0,False
2026-08-29 21:00:00,240,21,5,0.0,1.4077033539552388,0.5,0.0,False
2026-08-29 22:00:00,240,22,5,0.0,1.5431731512478333,0.3,0.0,False
2026-08-29 23:00:00,240,23,5,0.0,1.6673048252838676,0.3,0.0,False
2026-08-30 00:00:00,241,0,6,0.0,1.5299654001983691,0.3,0.0,False
2026-08-30 01:00:00,241,1,6,0.0,1.7187358499966485,0.3,0.0,False
2026-08-30 02:00:00,241,2,6,0.0,1.6301909787037896,0.3,0.0,False
2026-08-30 03:00:00,241,3,6,0.0,1.4267505863892984,0.3,0.0,False
2026-08-30 04:00:00,241,4,6,0.0,1.4789954031069346,0.3,0.0,False
2026-08-30 05:00:00,241,5,6,0.0,1.5612632529357857,0.3,0.0,False
2026-08-30 06:00:00,241,6,6,0.0,1.4327046670715455,0.5,0.0,False
2026-08-30 07:00:00,241,7,6,0.18299939180070365,1.7296935266874889,0.5,0.0,False
2026-08-30 08:00:00,241,8,6,0.23679645882077727,1.3336910798561565,0.5,0.0,False
2026-08-30 09:00:00,241,9,6,0.3294789733320831,1.5474159675636578,0.5,0.0,False
2026-08-30 10:00:00,241,10,6,0.641742633483741,1.6103170220407586,0.3,0.0,False
2026-08-30 11:00:00,241,11,6,0.6566089286252937,1.4529829515808346,0.3,0.0,False
2026-08-30 12:00:00,241,12,6,0.6354054306566654,1.4191801001026128,0.3,0.0,False
2026-08-30 13:00:00,241,13,6,0.7704415801905528,1.4885878055325001,0.3,0.0,False
2026-08-30 14:00:00,241,14,6,0.6010590784571828,1.621799776917776,0.3,0.0,False
2026-08-30 15:00:00,241,15,6,0.4128589437390698,1.4250228003708219,0.3,0.0,False
2026-08-30 16:00:00,241,16,6,0.29565422916943956,1.339661821963606,0.5,0.0,False
2026-08-30 17:00:00,241,17,6,0.17374927867874163,1.672587716548954,0.5,0.0,False
2026-08-30 18:00:00,241,18,6,9.015235370033853e-17,1.5598944709403382,0.5,0.0,False
2026-08-30 19:00:00,241,19,6,0.0,1.6511786145734275,0.5,0.0,False
2026-08-30 20:00:00,241,20,6,0.0,1.6138997596901161,0.5,0.0,False
2026-08-30 21:00:00,241,21,6,0.0,1.8269833962422948,0.5,0.0,False
2026-08-30 22:00:00,241,22,6,0.0,1.6672458053409818,0.3,0.0,False
2026-08-30 23:00:00,241,23,6,0.0,1.391388065718777,0.3,0.0,False
2026-08-31 00:00:00,242,0,0,0.0,1.5705401950847375,0.3,0.0,False
2026-08-31 01:00:00,242,1,0,0.0,1.4163766918434681,0.3,0.0,False
2026-08-31 02:00:00,242,2,0,0.0,1.431881075424325,0.3,0.0,False
2026-08-31 03:00:00,242,3,0,0.0,1.2881249399077053,0.3,0.0,False
2026-08-31 04:00:00,242,4,0,0.0,1.457083022720019,0.3,0.0,False
2026-08-31 05:00:00,242,5,0,0.0,1.581755143280205,0.3,0.0,False
2026-08-31 06:00:00,242,6,0,0.0,1.8900967442299388,0.5,0.0,False
2026-08-31 07:00:00,242,7,0,0.19321778420532904,1.735094739512696,0.5,0.0,False
2026-08-31 08:00:00,242,8,0,0.2705660676166749,3.4715471001297526,0.5,0.0,False
2026-08-31 09:00:00,242,9,0,0.3536983552815192,4.016776890322085,0.5,0.0,False
2026-08-31 10:00:00,242,10,0,0.48683023505762857,3.348774112956225,0.3,0.0,False
2026-08-31 11:00:00,242,11,0,0.5668335450199736,3.176389624560017,0.3,0.0,False
2026-08-31 12:00:00,242,12,0,0.7058069651409231,3.3692675189554313,0.3,0.0,False
2026-08-31 13:00:00,242,13,0,0.7418901655851349,3.628377911670913,0.3,0.0,False
2026-08-31 14:00:00,242,14,0,0.6202516831013832,3.393069353946884,0.3,0.0,False
2026-08-31 15:00:00,242,15,0,0.3454821323656298,2.8819398196457198,0.3,0.0,False
2026-08-31 16:00:00,242,16,0,0.2842934219183779,3.6978437531980415,0.5,0.0,False
2026-08-31 17:00:00,242,17,0,0.12477771126768292,3.022613027956443,0.5,0.0,False
2026-08-31 18:00:00,242,18,0,8.596704964836565e-17,1.4690982081934751,0.5,0.0,False
2026-08-31 19:00:00,242,19,0,0.0,1.3299893549950725,0.5,0.0,False
2026-08-31 20:00:00,242,20,0,0.0,1.388999683504018,0.5,0.0,False
2026-08-31 21:00:00,242,21,0,0.0,1.5426614527473956,0.5,0.0,False
2026-08-31 22:00:00,242,22,0,0.0,1.1893464736802086,0.3,0.0,False
2026-08-31 23:00:00,242,23,0,0.0,1.4864631621765616,0.3,0.0,False
2026-09-01 00:00:00,243,0,1,0.0,1.672101363411204,0.3,0.0,False
2026-09-01 01:00:00,243,1,1,0.0,1.3735139513118675,0.3,0.0,False
2026-09-01 02:00:00,243,2,1,0.0,1.2914572410086766,0.3,0.0,False
2026-09-01 03:00:00,243,3,1,0.0,1.4791042346766388,0.3,0.0,False
2026-09-01 04:00:00,243,4,1,0.0,1.4492487764922937,0.3,0.0,False
2026-09-01 05:00:00,243,5,1,0.0,1.4107158494498298,0.3,0.0,False
2026-09-01 06:00:00,243,6,1,0.0,1.721748088582358,0.5,0.0,False
2026-09-01 07:00:00,243,7,1,0.1284569974301577,1.9778776871779182,0.5,0.0,False
2026-09-01 08:00:00,243,8,1,0.285132994809775,3.789289526716259,0.5,0.0,False
2026-09-01 09:00:00,243,9,1,0.39030450855850946,3.5401529898315265,0.5,0.0,False
2026-09-01 10:00:00,243,10,1,0.4557548903393474,3.160911953309436,0.3,0.0,False
2026-09-01 11:00:00,243,11,1,0.627004882457348,3.3204737991008586,0.3,0.0,False
2026-09-01 12:00:00,243,12,1,0.6055843489914469,3.1552542512868498,0.3,0.0,False
2026-09-01 13:00:00,243,13,1,0.7557300012515011,3.326799297404518,0.3,0.0,False
2026-09-01 14:00:00,243,14,1,0.6962714774799054,3.5202069792924093,0.3,0.0,False
2026-09-01 15:00:00,243,15,1,0.3571106684401758,3.291026597815753,0.3,0.0,False
2026-09-01 16:00:00,243,16,1,0.22779794011377322,3.1179575448841135,0.5,0.0,False
2026-09-01 17:00:00,243,17,1,0.19136479774428344,3.358815524598262,0.5,0.0,False
2026-09-01 18:00:00,243,18,1,1.0117403246547004e-16,1.4733517905720577,0.5,0.0,False
2026-09-01 19:00:00,243,19,1,0.0,1.4774764443763029,0.5,0.0,False
2026-09-01 20:00:00,243,20,1,0.0,1.5712984309318183,0.5,0.0,False
2026-09-01 21:00:00,243,21,1,0.0,1.603655610416749,0.5,0.0,False
2026-09-01 22:00:00,243,22,1,0.0,1.5053253248209957,0.3,0.0,False
2026-09-01 23:00:00,243,23,1,0.0,1.4908979524936075,0.3,0.0,False
2026-09-02 00:00:00,244,0,2,0.0,1.8095312235710086,0.3,0.0,False
2026-09-02 01:00:00,244,1,2,0.0,1.6800830998360947,0.3,0.0,False
2026-09-02 02:00:00,244,2,2,0.0,1.6250319177097752,0.3,0.0,False
2026-09-02 03:00:00,244,3,2,0.0,1.5196808918820295,0.3,0.0,False
2026-09-02 04:00:00,244,4,2,0.0,1.349138514615754,0.3,0.0,False
2026-09-02 05:00:00,244,5,2,0.0,1.6691079578900991,0.3,0.0,False
2026-09-02 06:00:00,244,6,2,0.0,1.9216441220077032,0.5,0.0,False
2026-09-02 07:00:00,244,7,2,0.18498865565393424,1.81342464792653,0.5,0.0,False
2026-09-02 08:00:00,244,8,2,0.34471794566000075,3.6635289319618454,0.5,0.0,False
2026-09-02 09:00:00,244,9,2,0.3881670541355001,3.5550726150642777,0.5,0.0,False
2026-09-02 10:00:00,244,10,2,0.6517560358241676,3.458599356447879,0.3,0.0,False
2026-09-02 11:00:00,244,11,2,0.6828680107713658,3.4024555624682677,0.3,0.0,False
2026-09-02 12:00:00,244,12,2,0.46495903105455355,3.3272448692292524,0.3,0.0,False
2026-09-02 13:00:00,244,13,2,0.4757241771911284,3.2935821639562093,0.3,0.0,False
2026-09-02 14:00:00,244,14,2,0.584250646908047,3.1978996684125236,0.3,0.0,False
2026-09-02 15:00:00,244,15,2,0.37572425498267537,2.9804891034362218,0.3,0.0,False
2026-09-02 16:00:00,244,16,2,0.2306530580239275,3.08806096550099,0.5,0.0,False
2026-09-02 17:00:00,244,17,2,0.12318495963766317,3.1886031990721064,0.5,0.0,False
2026-09-02 18:00:00,244,18,2,5.882445628201968e-17,1.366055042697922,0.5,0.0,False
2026-09-02 19:00:00,244,19,2,0.0,1.5434040936924098,0.5,0.0,False
2026-09-02 20:00:00,244,20,2,0.0,1.6217240612959982,0.5,0.0,False
2026-09-02 21:00:00,244,21,2,0.0,1.4807341171648447,0.5,0.0,False
2026-09-02 22:00:00,244,22,2,0.0,1.7113375402682152,0.3,0.0,False
2026-09-02 23:00:00,244,23,2,0.0,1.3825653420620054,0.3,0.0,False
2026-09-03 00:00:00,245,0,3,0.0,1.4796694309877583,0.3,0.0,False
2026-09-03 01:00:00,245,1,3,0.0,1.4923519231083606,0.3,0.0,False
2026-09-03 02:00:00,245,2,3,0.0,1.6638279493251629,0.3,0.0,False
2026-09-03 03:00:00,245,3,3,0.0,1.5158830623123267,0.3,0.0,False
2026-09-03 04:00:00,245,4,3,0.0,1.5200353371837192,0.3,0.0,False
2026-09-03 05:00:00,245,5,3,0.0,1.2517735327488118,0.3,0.0,False
2026-09-03 06:00:00,245,6,3,0.0,1.7650139936183866,0.5,0.0,False
2026-09-03 07:00:00,245,7,3,0.12289608532058915,2.0643928410546373,0.5,0.0,False
2026-09-03 08:00:00,245,8,3,0.37779283586698653,3.388698660460422,0.5,0.0,False
2026-09-03 09:00:00,245,9,3,0.3145362396432535,3.901448897864594,0.5,0.0,False
2026-09-03 10:00:00,245,10,3,0.6982866414666319,3.3749496733431346,0.3,0.0,False
2026-09-03 11:00:00,245,11,3,0.629142700839095,3.1878718007454365,0.3,0.0,False
2026-09-03 12:00:00,245,12,3,0.6223170758163746,3.1751926535389066,0.3,0.0,False
2026-09-03 13:00:00,245,13,3,0.7316569595356021,3.5843932949772457,0.3,0.0,False
2026-09-03 14:00:00,245,14,3,0.36487742011439805,3.511710870971913,0.3,0.0,False
2026-09-03 15:00:00,245,15,3,0.515257306093984,3.282083884268475,0.3,0.0,False
2026-09-03 16:00:00,245,16,3,0.22891992764533695,3.3201887594178565,0.5,0.0,False
2026-09-03 17:00:00,245,17,3,0.19534939375136254,3.203072795863459,0.5,0.0,False
2026-09-03 18:00:00,245,18,3,7.678613107136531e-17,1.5202175966739158,0.5,0.0,False
2026-09-03 19:00:00,245,19,3,0.0,1.3989144467146057,0.5,0.0,False
2026-09-03 20:00:00,245,20,3,0.0,1.488218546373873,0.5,0.0,False
2026-09-03 21:00:00,245,21,3,0.0,1.7715494069647113,0.5,0.0,False
2026-09-03 22:00:00,245,22,3,0.0,1.485657893017436,0.3,0.0,False
2026-09-03 23:00:00,245,23,3,0.0,1.342796717808956,0.3,0.0,False
2026-09-04 00:00:00,246,0,4,0.0,1.2950441928022538,0.3,0.0,False
2026-09-04 01:00:00,246,1,4,0.0,1.519067663604672,0.3,0.0,False
2026-09-04 02:00:00,246,2,4,0.0,1.3858657268260814,0.3,0.0,False
2026-09-04 03:00:00,246,3,4,0.0,1.5369904712973805,0.3,0.0,False
2026-09-04 04:00:00,246,4,4,0.0,1.257074536030718,0.3,0.0,False
2026-09-04 05:00:00,246,5,4,0.0,1.6035375201863824,0.3,0.0,False
2026-09-04 06:00:00,246,6,4,0.0,1.7409752692310492,0.5,0.0,False
2026-09-04 07:00:00,246,7,4,0.11665265839935866,1.9069445888916008,0.5,0.0,False
2026-09-04 08:00:00,246,8,4,0.31188619584221533,3.649254517384004,0.5,0.0,False
2026-09-04 09:00:00,246,9,4,0.36709786162597974,3.9577583443418303,0.5,0.0,False
2026-09-04 10:00:00,246,10,4,0.4466236184790381,3.325723376014429,0.3,0.0,False
2026-09-04 11:00:00,246,11,4,0.6283584174921291,3.591820792217189,0.3,0.0,False
2026-09-04 12:00:00,246,12,4,0.7334819420543834,3.3841113600093626,0.3,0.0,False
2026-09-04 13:00:00,246,13,4,0.7003106347674257,3.5138108883468715,0.3,0.0,False
2026-09-04 14:00:00,246,14,4,0.6602516608260209,3.2686802690365617,0.3,0.0,False
2026-09-04 15:00:00,246,15,4,0.37296365303709234,3.351825457423548,0.3,0.0,False
2026-09-04 16:00:00,246,16,4,0.29898263783886764,3.482796538352843,0.5,0.0,False
2026-09-04 17:00:00,246,17,4,0.10657296112900913,3.435743992287607,0.5,0.0,False
2026-09-04 18:00:00,246,18,4,8.727382567299665e-17,1.5796489917276852,0.5,0.0,False
2026-09-04 19:00:00,246,19,4,0.0,1.4508097750818407,0.5,0.0,False
2026-09-04 20:00:00,246,20,4,0.0,1.476183525928992,0.5,0.0,False
2026-09-04 21:00:00,246,21,4,0.0,1.6706492927405034,0.5,0.0,False
2026-09-04 22:00:00,246,22,4,0.0,1.701886687309821,0.3,0.0,False
2026-09-04 23:00:00,246,23,4,0.0,1.411070590608049,0.3,0.0,False
2026-09-05 00:00:00,247,0,5,0.0,1.3884361538467545,0.3,0.0,False
2026-09-05 01:00:00,247,1,5,0.0,1.3643799317594676,0.3,0.0,False
2026-09-05 02:00:00,247,2,5,0.0,1.6244550923595233,0.3,0.0,False
2026-09-05 03:00:00,247,3,5,0.0,1.360578746690622,0.3,0.0,False
2026-09-05 04:00:00,247,4,5,0.0,1.622640510903262,0.3,0.0,False
2026-09-05 05:00:00,247,5,5,0.0,1.581853551468152,0.3,0.0,False
2026-09-05 06:00:00,247,6,5,0.0,1.4182362233451329,0.5,0.0,False
2026-09-05 07:00:00,247,7,5,0.16310536368424117,1.7345788970776899,0.5,0.0,False
2026-09-05 08:00:00,247,8,5,0.2516057710592821,1.280661163784816,0.5,0.0,False
2026-09-05 09:00:00,247,9,5,0.40001086850003437,1.748929889963784,0.5,0.0,False
2026-09-05 10:00:00,247,10,5,0.5819464784013253,1.5478328796368244,0.3,0.0,False
2026-09-05 11:00:00,247,11,5,0.7198100757760636,1.1889800465011962,0.3,0.0,False
2026-09-05 12:00:00,247,12,5,0.6870461496483916,1.738781945373242,0.3,0.0,False
2026-09-05 13:00:00,247,13,5,0.6250508001909838,1.6458318756329984,0.3,0.0,False
2026-09-05 14:00:00,247,14,5,0.4034271198328596,1.4357682474880442,0.3,0.0,False
2026-09-05 15:00:00,247,15,5,0.5212232258813445,1.3552919152137906,0.3,0.0,False
2026-09-05 16:00:00,247,16,5,0.21050341053557964,1.2646399884242423,0.5,0.0,False
2026-09-05 17:00:00,247,17,5,0.1328019404798115,1.8623169242715587,0.5,0.0,False
2026-09-05 18:00:00,247,18,5,5.25418444234863e-17,1.3614927188757235,0.5,0.0,False
2026-09-05 19:00:00,247,19,5,0.0,1.3104617156998613,0.5,0.0,False
2026-09-05 20:00:00,247,20,5,0.0,1.5401878686525226,0.5,0.0,False
2026-09-05 21:00:00,247,21,5,0.0,1.2543159799858328,0.5,0.0,False
2026-09-05 22:00:00,247,22,5,0.0,1.3527677402333165,0.3,0.0,False
2026-09-05 23:00:00,247,23,5,0.0,1.6492453791240702,0.3,0.0,False
2026-09-06 00:00:00,248,0,6,0.0,1.569631589222907,0.3,0.0,False
2026-09-06 01:00:00,248,1,6,0.0,1.4420445060390927,0.3,0.0,False
2026-09-06 02:00:00,248,2,6,0.0,1.502746000939707,0.3,0.0,False
2026-09-06 03:00:00,248,3,6,0.0,1.4336294204699995,0.3,0.0,False
2026-09-06 04:00:00,248,4,6,0.0,1.490700328594644,0.3,0.0,False
2026-09-06 05:00:00,248,5,6,0.0,1.3857282926160521,0.3,0.0,False
2026-09-06 06:00:00,248,6,6,0.0,1.4129641020708859,0.5,0.0,False
2026-09-06 07:00:00,248,7,6,0.13678673169320316,1.408398279368185,0.5,0.0,False
2026-09-06 08:00:00,248,8,6,0.2048084059685217,1.3911208722216368,0.5,0.0,False
2026-09-06 09:00:00,248,9,6,0.329947238863147,1.6565866494624721,0.5,0.0,False
2026-09-06 10:00:00,248,10,6,0.5236829043277706,1.6155176088019578,0.3,0.0,False
2026-09-06 11:00:00,248,11,6,0.5110952504200015,1.3601455097413577,0.3,0.0,False
2026-09-06 12:00:00,248,12,6,0.6841718821088162,1.3208409311186144,0.3,0.0,False
2026-09-06 13:00:00,248,13,6,0.48389140414250625,1.4764085035304075,0.3,0.0,False
2026-09-06 14:00:00,248,14,6,0.6199305929165901,1.823293139743432,0.3,0.0,False
2026-09-06 15:00:00,248,15,6,0.3673167409300128,1.3458442194455178,0.3,0.0,False
2026-09-06 16:00:00,248,16,6,0.3272428265800594,1.475816341544394,0.5,0.0,False
2026-09-06 17:00:00,248,17,6,0.18803264692131022,1.5133080620576493,0.5,0.0,False
2026-09-06 18:00:00,248,18,6,6.851546477862607e-17,1.4837036738932274,0.5,0.0,False
2026-09-06 19:00:00,248,19,6,0.0,1.4312685188670766,0.5,0.0,False
2026-09-06 20:00:00,248,20,6,0.0,1.6732619958297832,0.5,0.0,False
2026-09-06 21:00:00,248,21,6,0.0,1.568168793441518,0.5,0.0,False
2026-09-06 22:00:00,248,22,6,0.0,1.6268707985617614,0.3,0.0,False
2026-09-06 23:00:00,248,23,6,0.0,1.5884069924499495,0.3,0.0,False
2026-09-07 00:00:00,249,0,0,0.0,1.634092248270898,0.3,0.0,False
2026-09-07 01:00:00,249,1,0,0.0,1.7376608749461093,0.3,0.0,False
2026-09-07 02:00:00,249,2,0,0.0,1.6996565950182503,0.3,0.0,False
2026-09-07 03:00:00,249,3,0,0.0,1.8487205939393871,0.3,0.0,False
2026-09-07 04:00:00,249,4,0,0.0,1.6826011922110788,0.3,0.0,False
2026-09-07 05:00:00,249,5,0,0.0,1.399582983520874,0.3,0.0,False
2026-09-07 06:00:00,249,6,0,0.0,2.0270968062708743,0.5,0.0,False
2026-09-07 07:00:00,249,7,0,0.13895383255525698,2.0065652768476894,0.5,0.0,False
2026-09-07 08:00:00,249,8,0,0.33482774236576246,3.988044235784828,0.5,0.0,False
2026-09-07 09:00:00,249,9,0,0.3880500239133558,3.5549262224985565,0.5,0.0,False
2026-09-07 10:00:00,249,10,0,0.3627363696601076,3.3836926622089405,0.3,0.0,False
2026-09-07 11:00:00,249,11,0,0.5346737968344939,3.1978394482849564,0.3,0.0,False
2026-09-07 12:00:00,249,12,0,0.7833095666668627,3.37688176561502,0.3,0.0,False
2026-09-07 13:00:00,249,13,0,0.5755100787924796,3.267788000310042,0.3,0.0,False
2026-09-07 14:00:00,249,14,0,0.38552438159647895,3.3719203206286332,0.3,0.0,False
2026-09-07 15:00:00,249,15,0,0.4794066258935034,3.0884492720877863,0.3,0.0,False
2026-09-07 16:00:00,249,16,0,0.3943350378289408,3.4189839722333843,0.5,0.0,False
2026-09-07 17:00:00,249,17,0,0.19835962647227412,3.330908927277915,0.5,0.0,False
2026-09-07 18:00:00,249,18,0,7.732923572576775e-17,1.5228289322657858,0.5,0.0,False
2026-09-07 19:00:00,249,19,0,0.0,1.7925342449770993,0.5,0.0,False
2026-09-07 20:00:00,249,20,0,0.0,1.4426274902598264,0.5,0.0,False
2026-09-07 21:00:00,249,21,0,0.0,1.5513398137157972,0.5,0.0,False
2026-09-07 22:00:00,249,22,0,0.0,1.5150406048558882,0.3,0.0,False
2026-09-07 23:00:00,249,23,0,0.0,1.5297058740361098,0.3,0.0,False
2026-09-08 00:00:00,250,0,1,0.0,1.8332705856964169,0.3,0.0,False
2026-09-08 01:00:00,250,1,1,0.0,1.5095710638620623,0.3,0.0,False
2026-09-08 02:00:00,250,2,1,0.0,1.4149080300767605,0.3,0.0,False
2026-09-08 03:00:00,250,3,1,0.0,1.7806354193170832,0.3,0.0,False
2026-09-08 04:00:00,250,4,1,0.0,1.4538466851841556,0.3,0.0,False
2026-09-08 05:00:00,250,5,1,0.0,1.2592232779186419,0.3,0.0,False
2026-09-08 06:00:00,250,6,1,0.0,1.7888734440356722,0.5,0.0,False
2026-09-08 07:00:00,250,7,1,0.19175587383233897,1.7130118758935715,0.5,0.0,False
2026-09-08 08:00:00,250,8,1,0.3561963801428647,3.430005180052832,0.5,0.0,False
2026-09-08 09:00:00,250,9,1,0.5247607711908024,3.6455477493447797,0.5,0.0,False
2026-09-08 10:00:00,250,10,1,0.6090717827750238,3.289467605208985,0.3,0.0,False
2026-09-08 11:00:00,250,11,1,0.6573969473007578,3.477079187269336,0.3,0.0,False
2026-09-08 12:00:00,250,12,1,0.40363492277925744,3.3944102418093096,0.3,0.0,False
2026-09-08 13:00:00,250,13,1,0.6276244535699811,3.3875751462193,0.3,0.0,False
2026-09-08 14:00:00,250,14,1,0.3877427185391701,3.1660184992203417,0.3,0.0,False
2026-09-08 15:00:00,250,15,1,0.29912495284341356,3.432739989294617,0.3,0.0,False
2026-09-08 16:00:00,250,16,1,0.23104196100399962,3.5086849254598103,0.5,0.0,False
2026-09-08 17:00:00,250,17,1,0.18856483541566346,3.359185633731924,0.5,0.0,False
2026-09-08 18:00:00,250,18,1,8.533516590881252e-17,1.5633776304446887,0.5,0.0,False
2026-09-08 19:00:00,250,19,1,0.0,1.3102961550450032,0.5,0.0,False
2026-09-08 20:00:00,250,20,1,0.0,1.658165371140799,0.5,0.0,False
2026-09-08 21:00:00,250,21,1,0.0,1.7671245823142128,0.5,0.0,False
2026-09-08 22:00:00,250,22,1,0.0,1.5484428598570257,0.3,0.0,False
2026-09-08 23:00:00,250,23,1,0.0,1.4108464082448773,0.3,0.0,False
2026-09-09 00:00:00,251,0,2,0.0,1.4757007716018236,0.3,0.0,False
2026-09-09 01:00:00,251,1,2,0.0,1.4369368927481119,0.3,0.0,False
2026-09-09 02:00:00,251,2,2,0.0,1.4459325520259558,0.3,0.0,False
2026-09-09 03:00:00,251,3,2,0.0,1.597197459554109,0.3,0.0,False
2026-09-09 04:00:00,251,4,2,0.0,1.5419196167505513,0.3,0.0,False
2026-09-09 05:00:00,251,5,2,0.0,1.6505904908957052,0.3,0.0,False
2026-09-09 06:00:00,251,6,2,0.0,1.9556353817167331,0.5,0.0,False
2026-09-09 07:00:00,251,7,2,0.1497815569703993,1.7703868039032724,0.5,0.0,False
2026-09-09 08:00:00,251,8,2,0.22346654859757717,3.624896196422591,0.5,0.0,False
2026-09-09 09:00:00,251,9,2,0.28685367009614204,3.6155738390818213,0.5,0.0,False
2026-09-09 10:00:00,251,10,2,0.6864054828426761,3.272029488507232,0.3,0.0,False
2026-09-09 11:00:00,251,11,2,0.72050001160346,3.569207053712188,0.3,0.0,False
2026-09-09 12:00:00,251,12,2,0.760098531045596,3.593234938747144,0.3,0.0,False
2026-09-09 13:00:00,251,13,2,0.49317887369322544,3.4254901800669875,0.3,0.0,False
2026-09-09 14:00:00,251,14,2,0.41998315615802984,3.3178145695250425,0.3,0.0,False
2026-09-09 15:00:00,251,15,2,0.4007459479618543,3.0957521670743406,0.3,0.0,False
2026-09-09 16:00:00,251,16,2,0.28882602299150156,3.333001245859512,0.5,0.0,False
2026-09-09 17:00:00,251,17,2,0.10344905010102609,3.181498905534442,0.5,0.0,False
2026-09-09 18:00:00,251,18,2,8.660716851472439e-17,1.744578284484888,0.5,0.0,False
2026-09-09 19:00:00,251,19,2,0.0,1.2590841465314266,0.5,0.0,False
2026-09-09 20:00:00,251,20,2,0.0,1.5576726499995175,0.5,0.0,False
2026-09-09 21:00:00,251,21,2,0.0,1.3688640933524447,0.5,0.0,False
2026-09-09 22:00:00,251,22,2,0.0,1.4985727221774792,0.3,0.0,False
2026-09-09 23:00:00,251,23,2,0.0,1.5999102285466584,0.3,0.0,False
2026-09-10 00:00:00,252,0,3,0.0,1.6532953033173146,0.3,0.0,False
2026-09-10 01:00:00,252,1,3,0.0,1.490896469860263,0.3,0.0,False
2026-09-10 02:00:00,252,2,3,0.0,1.6141824825272293,0.3,0.0,False
2026-09-10 03:00:00,252,3,3,0.0,1.4006294852081846,0.3,0.0,False
2026-09-10 04:00:00,252,4,3,0.0,1.536830757715983,0.3,0.0,False
2026-09-10 05:00:00,252,5,3,0.0,1.6503311121656796,0.3,0.0,False
2026-09-10 06:00:00,252,6,3,0.0,1.9498149217209981,0.5,0.0,False
2026-09-10 07:00:00,252,7,3,0.10623572968740971,1.820598445544004,0.5,0.0,False
2026-09-10 08:00:00,252,8,3,0.22419731570503945,3.658143644865485,0.5,0.0,False
2026-09-10 09:00:00,252,9,3,0.43903681966754815,3.8523484093821905,0.5,0.0,False
2026-09-10 10:00:00,252,10,3,0.6190933718087642,3.136223307460776,0.3,0.0,False
2026-09-10 11:00:00,252,11,3,0.7205327392018961,3.158352729898882,0.3,0.0,False
2026-09-10 12:00:00,252,12,3,0.6464434377693492,3.3902383139717602,0.3,0.0,False
2026-09-10 13:00:00,252,13,3,0.5358318150972964,3.2341284608187304,0.3,0.0,False
2026-09-10 14:00:00,252,14,3,0.39528725134031484,3.0820412705475464,0.3,0.0,False
2026-09-10 15:00:00,252,15,3,0.3917739044142981,3.5026228000562862,0.3,0.0,False
2026-09-10 16:00:00,252,16,3,0.26338574560430944,3.1350599568180137,0.5,0.0,False
2026-09-10 17:00:00,252,17,3,0.19134915724695725,3.270085498002054,0.5,0.0,False
2026-09-10 18:00:00,252,18,3,7.198177632835044e-17,1.4070719034469352,0.5,0.0,False
2026-09-10 19:00:00,252,19,3,0.0,1.455347477168967,0.5,0.0,False
2026-09-10 20:00:00,252,20,3,0.0,1.367307081352299,0.5,0.0,False
2026-09-10 21:00:00,252,21,3,0.0,1.6071418856540194,0.5,0.0,False
2026-09-10 22:00:00,252,22,3,0.0,1.5166235286460368,0.3,0.0,False
2026-09-10 23:00:00,252,23,3,0.0,1.6475480392816337,0.3,0.0,False
2026-09-11 00:00:00,253,0,4,0.0,1.4086247682687416,0.3,0.0,False
2026-09-11 01:00:00,253,1,4,0.0,1.8199532654923816,0.3,0.0,False
2026-09-11 02:00:00,253,2,4,0.0,1.2143026821744083,0.3,0.0,False
2026-09-11 03:00:00,253,3,4,0.0,1.262229763811656,0.3,0.0,False
2026-09-11 04:00:00,253,4,4,0.0,1.7629627271574644,0.3,0.0,False
2026-09-11 05:00:00,253,5,4,0.0,1.5711062501169577,0.3,0.0,False
2026-09-11 06:00:00,253,6,4,0.0,1.9512079124584112,0.5,0.0,False
2026-09-11 07:00:00,253,7,4,0.18890881350580185,1.9646912960977017,0.5,0.0,False
2026-09-11 08:00:00,253,8,4,0.23434125275409412,3.785681090522567,0.5,0.0,False
2026-09-11 09:00:00,253,9,4,0.28724416964933575,3.7449651580650922,0.5,0.0,False
2026-09-11 10:00:00,253,10,4,0.5355729952671798,3.155114326256234,0.3,0.0,False
2026-09-11 11:00:00,253,11,4,0.411461504669214,3.4227286357609183,0.3,0.0,False
2026-09-11 12:00:00,253,12,4,0.4308808441995127,3.3991017317307346,0.3,0.0,False
2026-09-11 13:00:00,253,13,4,0.6838301613328073,3.5142646720109743,0.3,0.0,False
2026-09-11 14:00:00,253,14,4,0.5079568351527637,3.5646361615351747,0.3,0.0,False
2026-09-11 15:00:00,253,15,4,0.34520389953468966,3.349571411946489,0.3,0.0,False
2026-09-11 16:00:00,253,16,4,0.2651567449718311,3.1158676473551723,0.5,0.0,False
2026-09-11 17:00:00,253,17,4,0.175991932250145,3.5658784396803203,0.5,0.0,False
2026-09-11 18:00:00,253,18,4,5.135152237468049e-17,1.3472775097495588,0.5,0.0,False
2026-09-11 19:00:00,253,19,4,0.0,1.5506946290508572,0.5,0.0,False
2026-09-11 20:00:00,253,20,4,0.0,1.4614899110368718,0.5,0.0,False
2026-09-11 21:00:00,253,21,4,0.0,1.4354061974722812,0.5,0.0,False
2026-09-11 22:00:00,253,22,4,0.0,1.6146450182297276,0.3,0.0,False
2026-09-11 23:00:00,253,23,4,0.0,1.536668939890195,0.3,0.0,False
2026-09-12 00:00:00,254,0,5,0.0,1.5769862236902197,0.3,0.0,False
2026-09-12 01:00:00,254,1,5,0.0,1.3776470564754946,0.3,0.0,False
2026-09-12 02:00:00,254,2,5,0.0,1.473888755193801,0.3,0.0,False
2026-09-12 03:00:00,254,3,5,0.0,1.384569753023895,0.3,0.0,False
2026-09-12 04:00:00,254,4,5,0.0,1.4701392618033802,0.3,0.0,False
2026-09-12 05:00:00,254,5,5,0.0,1.4821856662698887,0.3,0.0,False
2026-09-12 06:00:00,254,6,5,0.0,1.7766456259807195,0.5,0.0,False
2026-09-12 07:00:00,254,7,5,0.1857595463399776,1.461091722829689,0.5,0.0,False
2026-09-12 08:00:00,254,8,5,0.2795593392836441,1.1811602513204031,0.5,0.0,False
2026-09-12 09:00:00,254,9,5,0.5438927627829894,1.709263730598118,0.5,0.0,False
2026-09-12 10:00:00,254,10,5,0.6705433243916125,1.5673889061039035,0.3,0.0,False
2026-09-12 11:00:00,254,11,5,0.42659417280223905,1.4803484348169915,0.3,0.0,False
2026-09-12 12:00:00,254,12,5,0.5349040092682897,1.4344176949708358,0.3,0.0,False
2026-09-12 13:00:00,254,13,5,0.6045491745936037,1.3579611515914671,0.3,0.0,False
2026-09-12 14:00:00,254,14,5,0.367431230733176,1.7907072145629739,0.3,0.0,False
2026-09-12 15:00:00,254,15,5,0.38236630261345833,1.5077767332990055,0.3,0.0,False
2026-09-12 16:00:00,254,16,5,0.24661811620756136,1.2393373284777787,0.5,0.0,False
2026-09-12 17:00:00,254,17,5,0.19759130970909478,1.5491610049927862,0.5,0.0,False
2026-09-12 18:00:00,254,18,5,6.760810485637966e-17,1.6809257553052261,0.5,0.0,False
2026-09-12 19:00:00,254,19,5,0.0,1.5234652002530247,0.5,0.0,False
2026-09-12 20:00:00,254,20,5,0.0,1.364760979170703,0.5,0.0,False
2026-09-12 21:00:00,254,21,5,0.0,1.3513388570963014,0.5,0.0,False
2026-09-12 22:00:00,254,22,5,0.0,1.3624021608421146,0.3,0.0,False
2026-09-12 23:00:00,254,23,5,0.0,1.7282486995570427,0.3,0.0,False
2026-09-13 00:00:00,255,0,6,0.0,1.4892503917144764,0.3,0.0,False
2026-09-13 01:00:00,255,1,6,0.0,1.2481913377982055,0.3,0.0,False
2026-09-13 02:00:00,255,2,6,0.0,1.5576200888766696,0.3,0.0,False
2026-09-13 03:00:00,255,3,6,0.0,1.5211555178360328,0.3,0.0,False
2026-09-13 04:00:00,255,4,6,0.0,1.4326656799675004,0.3,0.0,False
2026-09-13 05:00:00,255,5,6,0.0,1.3469389865866783,0.3,0.0,False
2026-09-13 06:00:00,255,6,6,0.0,1.3404157650340687,0.5,0.0,False
2026-09-13 07:00:00,255,7,6,0.10121518556651471,1.6629950723199507,0.5,0.0,False
2026-09-13 08:00:00,255,8,6,0.2984862623309629,1.5371269283707647,0.5,0.0,False
2026-09-13 09:00:00,255,9,6,0.30711603703517615,1.5717965496992676,0.5,0.0,False
2026-09-13 10:00:00,255,10,6,0.4336892218493626,1.536713821437018,0.3,0.0,False
2026-09-13 11:00:00,255,11,6,0.6166015424484652,1.5491533057367732,0.3,0.0,False
2026-09-13 12:00:00,255,12,6,0.6709964714316206,1.429740800485764,0.3,0.0,False
2026-09-13 13:00:00,255,13,6,0.4746853008643364,1.4691255968278836,0.3,0.0,False
2026-09-13 14:00:00,255,14,6,0.4477348586613431,1.6747367708137564,0.3,0.0,False
2026-09-13 15:00:00,255,15,6,0.3429429317743822,1.7121885251728668,0.3,0.0,False
2026-09-13 16:00:00,255,16,6,0.38057312744422783,1.3166862018360375,0.5,0.0,False
2026-09-13 17:00:00,255,17,6,0.11984911686582596,1.4687611750338325,0.5,0.0,False
2026-09-13 18:00:00,255,18,6,5.635908124798962e-17,1.6258928038490497,0.5,0.0,False
2026-09-13 19:00:00,255,19,6,0.0,1.7823119598323596,0.5,0.0,False
2026-09-13 20:00:00,255,20,6,0.0,1.7672939371996126,0.5,0.0,False
2026-09-13 21:00:00,255,21,6,0.0,1.3806363277580251,0.5,0.0,False
2026-09-13 22:00:00,255,22,6,0.0,1.6912569177308738,0.3,0.0,False
2026-09-13 23:00:00,255,23,6,0.0,1.5087954453160524,0.3,0.0,False
2026-09-14 00:00:00,256,0,0,0.0,1.6566624958313607,0.3,0.0,False
2026-09-14 01:00:00,256,1,0,0.0,1.618241802123193,0.3,0.0,False
2026-09-14 02:00:00,256,2,0,0.0,1.3104053936152855,0.3,0.0,False
2026-09-14 03:00:00,256,3,0,0.0,1.5824960934940764,0.3,0.0,False
2026-09-14 04:00:00,256,4,0,0.0,1.6508544886753933,0.3,0.0,False
2026-09-14 05:00:00,256,5,0,0.0,1.4969767117458253,0.3,0.0,False
2026-09-14 06:00:00,256,6,0,0.0,1.8630525359040069,0.5,0.0,False
2026-09-14 07:00:00,256,7,0,0.17229521266227518,1.6642504132340368,0.5,0.0,False
2026-09-14 08:00:00,256,8,0,0.26273693236173157,3.80254262748264,0.5,0.0,False
2026-09-14 09:00:00,256,9,0,0.35093631640549205,3.7313122551720865,0.5,0.0,False
2026-09-14 10:00:00,256,10,0,0.47653387206708814,3.1616724127934868,0.3,0.0,False
2026-09-14 11:00:00,256,11,0,0.4098907169136954,3.2511240004685398,0.3,0.0,False
2026-09-14 12:00:00,256,12,0,0.5613801057986201,3.323175487369166,0.3,0.0,False
2026-09-14 13:00:00,256,13,0,0.38975567202632877,3.2162046316420994,0.3,0.0,False
2026-09-14 14:00:00,256,14,0,0.33631530046908553,3.3004015691264836,0.3,0.0,False
2026-09-14 15:00:00,256,15,0,0.5283055022120942,3.0375101029194824,0.3,0.0,False
2026-09-14 16:00:00,256,16,0,0.32673218736937804,3.5024132545277933,0.5,0.0,False
2026-09-14 17:00:00,256,17,0,0.15636529236197255,3.3023863927449426,0.5,0.0,False
2026-09-14 18:00:00,256,18,0,6.352992348736596e-17,1.3350969740264533,0.5,0.0,False
2026-09-14 19:00:00,256,19,0,0.0,1.1310436727418476,0.5,0.0,False
2026-09-14 20:00:00,256,20,0,0.0,1.6543702411550087,0.5,0.0,False
2026-09-14 21:00:00,256,21,0,0.0,1.5837137329085462,0.5,0.0,False
2026-09-14 22:00:00,256,22,0,0.0,1.5316028570203577,0.3,0.0,False
2026-09-14 23:00:00,256,23,0,0.0,1.6295472001896907,0.3,0.0,False
2026-09-15 00:00:00,257,0,1,0.0,1.6291347594445067,0.3,0.0,False
2026-09-15 01:00:00,257,1,1,0.0,1.5291657105080299,0.3,0.0,False
2026-09-15 02:00:00,257,2,1,0.0,1.4618678674113275,0.3,0.0,False
2026-09-15 03:00:00,257,3,1,0.0,1.4374287602077114,0.3,0.0,False
2026-09-15 04:00:00,257,4,1,0.0,1.56314130358578,0.3,0.0,False
2026-09-15 05:00:00,257,5,1,0.0,1.7095547062319023,0.3,0.0,False
2026-09-15 06:00:00,257,6,1,0.0,1.8845645243026043,0.5,0.0,False
2026-09-15 07:00:00,257,7,1,0.19818815262730202,2.1214716108875082,0.5,0.0,False
2026-09-15 08:00:00,257,8,1,0.32827602079430585,3.7559728710178617,0.5,0.0,False
2026-09-15 09:00:00,257,9,1,0.36970511014672114,3.757103645277499,0.5,0.0,False
2026-09-15 10:00:00,257,10,1,0.45689799228974637,3.6607664200985957,0.3,0.0,False
2026-09-15 11:00:00,257,11,1,0.5316353251979654,3.5479017324327646,0.3,0.0,False
2026-09-15 12:00:00,257,12,1,0.3987955086145777,3.5517913866582322,0.3,0.0,False
2026-09-15 13:00:00,257,13,1,0.5676844531075913,3.180357951244971,0.3,0.0,False
2026-09-15 14:00:00,257,14,1,0.6034377598001911,3.6288273753234432,0.3,0.0,False
2026-09-15 15:00:00,257,15,1,0.4516829185696193,3.287667480882006,0.3,0.0,False
2026-09-15 16:00:00,257,16,1,0.23050025689096784,3.265876323036974,0.5,0.0,False
2026-09-15 17:00:00,257,17,1,0.17204443477108444,2.976112737988014,0.5,0.0,False
2026-09-15 18:00:00,257,18,1,8.100179282615928e-17,1.5489436236830734,0.5,0.0,False
2026-09-15 19:00:00,257,19,1,0.0,1.337496906284604,0.5,0.0,False
2026-09-15 20:00:00,257,20,1,0.0,1.5612380742820486,0.5,0.0,False
2026-09-15 21:00:00,257,21,1,0.0,1.3257652300143463,0.5,0.0,False
2026-09-15 22:00:00,257,22,1,0.0,1.7696549756692206,0.3,0.0,False
2026-09-15 23:00:00,257,23,1,0.0,1.5827360944315094,0.3,0.0,False
2026-09-16 00:00:00,258,0,2,0.0,1.8419807363624365,0.3,0.0,False
2026-09-16 01:00:00,258,1,2,0.0,1.3465463952761232,0.3,0.0,False
2026-09-16 02:00:00,258,2,2,0.0,1.7323768867061964,0.3,0.0,False
2026-09-16 03:00:00,258,3,2,0.0,1.229593137445076,0.3,0.0,False
2026-09-16 04:00:00,258,4,2,0.0,1.531211321471144,0.3,0.0,False
2026-09-16 05:00:00,258,5,2,0.0,1.4052565320087074,0.3,0.0,False
2026-09-16 06:00:00,258,6,2,0.0,1.8328065197124463,0.5,0.0,False
2026-09-16 07:00:00,258,7,2,0.1969974706250325,1.8225255373136755,0.5,0.0,False
2026-09-16 08:00:00,258,8,2,0.28802727623335267,3.5627925721973,0.5,0.0,False
2026-09-16 09:00:00,258,9,2,0.40527740844510574,3.511046754002396,0.5,0.0,False
2026-09-16 10:00:00,258,10,2,0.5163937167078034,3.2336359789602795,0.3,0.0,False
2026-09-16 11:00:00,258,11,2,0.43821957727121424,3.3174042595930304,0.3,0.0,False
2026-09-16 12:00:00,258,12,2,0.4388207681387527,3.4745541534939024,0.3,0.0,False
2026-09-16 13:00:00,258,13,2,0.6197697537139043,3.344302559493158,0.3,0.0,False
2026-09-16 14:00:00,258,14,2,0.46238656493737257,3.474981030194158,0.3,0.0,False
2026-09-16 15:00:00,258,15,2,0.34890322572668026,3.078273469206435,0.3,0.0,False
2026-09-16 16:00:00,258,16,2,0.19726739559016773,3.2350545891436884,0.5,0.0,False
2026-09-16 17:00:00,258,17,2,0.18276857059049031,3.4066507378704634,0.5,0.0,False
2026-09-16 18:00:00,258,18,2,4.836048314435196e-17,1.5514786133687037,0.5,0.0,False
2026-09-16 19:00:00,258,19,2,0.0,1.3708237328011235,0.5,0.0,False
2026-09-16 20:00:00,258,20,2,0.0,1.6401103338248852,0.5,0.0,False
2026-09-16 21:00:00,258,21,2,0.0,1.4203090227071278,0.5,0.0,False
2026-09-16 22:00:00,258,22,2,0.0,1.383395465790942,0.3,0.0,False
2026-09-16 23:00:00,258,23,2,0.0,1.5730421640745211,0.3,0.0,False
2026-09-17 00:00:00,259,0,3,0.0,1.5009254048001355,0.3,0.0,False
2026-09-17 01:00:00,259,1,3,0.0,1.4215631497457084,0.3,0.0,False
2026-09-17 02:00:00,259,2,3,0.0,1.4164697212129342,0.3,0.0,False
2026-09-17 03:00:00,259,3,3,0.0,1.3395304800289953,0.3,0.0,False
2026-09-17 04:00:00,259,4,3,0.0,1.4406377630911702,0.3,0.0,False
2026-09-17 05:00:00,259,5,3,0.0,1.6650014153231154,0.3,0.0,False
2026-09-17 06:00:00,259,6,3,0.0,1.9366825694482246,0.5,0.0,False
2026-09-17 07:00:00,259,7,3,0.11281623798003393,2.0437891121166016,0.5,0.0,False
2026-09-17 08:00:00,259,8,3,0.28713751879179056,3.777410280651205,0.5,0.0,False
2026-09-17 09:00:00,259,9,3,0.2994771205496955,3.608163068954227,0.5,0.0,False
2026-09-17 10:00:00,259,10,3,0.48936265594046996,3.052628808782363,0.3,0.0,False
2026-09-17 11:00:00,259,11,3,0.4819034234895037,3.1609718452944304,0.3,0.0,False
2026-09-17 12:00:00,259,12,3,0.5524022193253129,3.199314628335372,0.3,0.0,False
2026-09-17 13:00:00,259,13,3,0.5267834878145008,3.187712569456251,0.3,0.0,False
2026-09-17 14:00:00,259,14,3,0.6285052616295578,3.447152989028958,0.3,0.0,False
2026-09-17 15:00:00,259,15,3,0.4007445619461834,3.445588270027455,0.3,0.0,False
2026-09-17 16:00:00,259,16,3,0.34585828719948103,3.6317819460414964,0.5,0.0,False
2026-09-17 17:00:00,259,17,3,0.12066426906370291,3.185441824321142,0.5,0.0,False
2026-09-17 18:00:00,259,18,3,6.298386050122279e-17,1.7396172459096622,0.5,0.0,False
2026-09-17 19:00:00,259,19,3,0.0,1.7386900808496195,0.5,0.0,False
2026-09-17 20:00:00,259,20,3,0.0,1.4651604362941704,0.5,0.0,False
2026-09-17 21:00:00,259,21,3,0.0,1.5710333095410352,0.5,0.0,False
2026-09-17 22:00:00,259,22,3,0.0,1.6861099873711816,0.3,0.0,False
2026-09-17 23:00:00,259,23,3,0.0,1.4911613066006608,0.3,0.0,False
2026-09-18 00:00:00,260,0,4,0.0,1.4795412334178035,0.3,0.0,False
2026-09-18 01:00:00,260,1,4,0.0,1.4058993868323821,0.3,0.0,False
2026-09-18 02:00:00,260,2,4,0.0,1.1459942222005455,0.3,0.0,False
2026-09-18 03:00:00,260,3,4,0.0,1.510570742473272,0.3,0.0,False
2026-09-18 04:00:00,260,4,4,0.0,1.3935196008819861,0.3,0.0,False
2026-09-18 05:00:00,260,5,4,0.0,1.3386977064574759,0.3,0.0,False
2026-09-18 06:00:00,260,6,4,0.0,1.963328747521647,0.5,0.0,False
2026-09-18 07:00:00,260,7,4,0.19221387752591315,1.6823031638768353,0.5,0.0,False
2026-09-18 08:00:00,260,8,4,0.3056563198176494,3.8209119836920924,0.5,0.0,False
2026-09-18 09:00:00,260,9,4,0.3687125298001081,3.772539897289078,0.5,0.0,False
2026-09-18 10:00:00,260,10,4,0.6004857779174119,3.239971018245412,0.3,0.0,False
2026-09-18 11:00:00,260,11,4,0.44013181424965847,3.290503462073331,0.3,0.0,False
2026-09-18 12:00:00,260,12,4,0.540635207831989,3.1214668358768636,0.3,0.0,False
2026-09-18 13:00:00,260,13,4,0.49577205154531523,3.412550790504806,0.3,0.0,False
2026-09-18 14:00:00,260,14,4,0.6265134022033769,3.32810463615769,0.3,0.0,False
2026-09-18 15:00:00,260,15,4,0.5134388874396062,3.3392774931884315,0.3,0.0,False
2026-09-18 16:00:00,260,16,4,0.31220506741135007,3.3752835569509694,0.5,0.0,False
2026-09-18 17:00:00,260,17,4,0.10873305134002942,3.2036376879162414,0.5,0.0,False
2026-09-18 18:00:00,260,18,4,6.865440794060561e-17,1.27214125876186,0.5,0.0,False
2026-09-18 19:00:00,260,19,4,0.0,1.6435977562368946,0.5,0.0,False
2026-09-18 20:00:00,260,20,4,0.0,1.6033077620418612,0.5,0.0,False
2026-09-18 21:00:00,260,21,4,0.0,1.41969617950936,0.5,0.0,False
2026-09-18 22:00:00,260,22,4,0.0,1.561366529869506,0.3,0.0,False
2026-09-18 23:00:00,260,23,4,0.0,1.6886960158076925,0.3,0.0,False
2026-09-19 00:00:00,261,0,5,0.0,1.6708051204625909,0.3,0.0,False
2026-09-19 01:00:00,261,1,5,0.0,1.4153161745352008,0.3,0.0,False
2026-09-19 02:00:00,261,2,5,0.0,1.2766858431848622,0.3,0.0,False
2026-09-19 03:00:00,261,3,5,0.0,1.302417729060487,0.3,0.0,False
2026-09-19 04:00:00,261,4,5,0.0,1.4532410980567334,0.3,0.0,False
2026-09-19 05:00:00,261,5,5,0.0,1.7193475699930738,0.3,0.0,False
2026-09-19 06:00:00,261,6,5,0.0,1.3907331881787948,0.5,0.0,False
2026-09-19 07:00:00,261,7,5,0.11887511893281241,1.4105508220485967,0.5,0.0,False
2026-09-19 08:00:00,261,8,5,0.2996795783107651,1.4074633352822523,0.5,0.0,False
2026-09-19 09:00:00,261,9,5,0.2727912060478579,1.4202403805566999,0.5,0.0,False
2026-09-19 10:00:00,261,10,5,0.3372173258478547,1.498315973387006,0.3,0.0,False
2026-09-19 11:00:00,261,11,5,0.6274063806083088,1.3079924738172366,0.3,0.0,False
2026-09-19 12:00:00,261,12,5,0.4551139219081632,1.6626539934490427,0.3,0.0,False
2026-09-19 13:00:00,261,13,5,0.6017124032108397,1.478276838298553,0.3,0.0,False
2026-09-19 14:00:00,261,14,5,0.5699343557174056,1.8718701862088003,0.3,0.0,False
2026-09-19 15:00:00,261,15,5,0.28170348895840697,1.3239643502174978,0.3,0.0,False
2026-09-19 16:00:00,261,16,5,0.33278088313578347,1.7384799257737362,0.5,0.0,False
2026-09-19 17:00:00,261,17,5,0.12346253872119103,1.708701809697973,0.5,0.0,False
2026-09-19 18:00:00,261,18,5,6.399694478055923e-17,1.4382473986731528,0.5,0.0,False
2026-09-19 19:00:00,261,19,5,0.0,1.4407409079732199,0.5,0.0,False
2026-09-19 20:00:00,261,20,5,0.0,1.3618053275805155,0.5,0.0,False
2026-09-19 21:00:00,261,21,5,0.0,1.3635267862140668,0.5,0.0,False
2026-09-19 22:00:00,261,22,5,0.0,1.4999091075337712,0.3,0.0,False
2026-09-19 23:00:00,261,23,5,0.0,1.5031043976369542,0.3,0.0,False
2026-09-20 00:00:00,262,0,6,0.0,1.2596467099588253,0.3,0.0,False
2026-09-20 01:00:00,262,1,6,0.0,1.8440257984988795,0.3,0.0,False
2026-09-20 02:00:00,262,2,6,0.0,1.4610724714255408,0.3,0.0,False
2026-09-20 03:00:00,262,3,6,0.0,1.5098418415825783,0.3,0.0,False
2026-09-20 04:00:00,262,4,6,0.0,1.4060643849879837,0.3,0.0,False
2026-09-20 05:00:00,262,5,6,0.0,1.4599485691362248,0.3,0.0,False
2026-09-20 06:00:00,262,6,6,0.0,1.4463182833133688,0.5,0.0,False
2026-09-20 07:00:00,262,7,6,0.17381610479789147,1.499560436126211,0.5,0.0,False
2026-09-20 08:00:00,262,8,6,0.33737198672148877,1.4978115134357828,0.5,0.0,False
2026-09-20 09:00:00,262,9,6,0.4347794065169694,1.6207299522811605,0.5,0.0,False
2026-09-20 10:00:00,262,10,6,0.41413071996523865,1.5340829905648163,0.3,0.0,False
2026-09-20 11:00:00,262,11,6,0.709778088815958,1.6056424530599256,0.3,0.0,False
2026-09-20 12:00:00,262,12,6,0.4503624945096426,1.4985283767291848,0.3,0.0,False
2026-09-20 13:00:00,262,13,6,0.5416210885730216,1.5346878832658837,0.3,0.0,False
2026-09-20 14:00:00,262,14,6,0.49269981180571776,1.4638041475975092,0.3,0.0,False
2026-09-20 15:00:00,262,15,6,0.30719265687849395,1.6504667601506473,0.3,0.0,False
2026-09-20 16:00:00,262,16,6,0.3220475416740765,1.5483933644273886,0.5,0.0,False
2026-09-20 17:00:00,262,17,6,0.10537913236956883,1.4762887718230648,0.5,0.0,False
2026-09-20 18:00:00,262,18,6,7.753117720723369e-17,1.471813479817302,0.5,0.0,False
2026-09-20 19:00:00,262,19,6,0.0,1.4836140988129505,0.5,0.0,False
2026-09-20 20:00:00,262,20,6,0.0,1.5045665885515547,0.5,0.0,False
2026-09-20 21:00:00,262,21,6,0.0,1.491545834817162,0.5,0.0,False
2026-09-20 22:00:00,262,22,6,0.0,1.416173751718296,0.3,0.0,False
2026-09-20 23:00:00,262,23,6,0.0,1.6147350832902392,0.3,0.0,False
2026-09-21 00:00:00,263,0,0,0.0,1.6242113988822255,0.3,0.0,False
2026-09-21 01:00:00,263,1,0,0.0,1.767578525685112,0.3,0.0,False
2026-09-21 02:00:00,263,2,0,0.0,1.4094555434032858,0.3,0.0,False
2026-09-21 03:00:00,263,3,0,0.0,1.599965808772816,0.3,0.0,False
2026-09-21 04:00:00,263,4,0,0.0,1.2136294025575975,0.3,0.0,False
2026-09-21 05:00:00,263,5,0,0.0,1.6243564597532831,0.3,0.0,False
2026-09-21 06:00:00,263,6,0,0.0,1.6815126827489222,0.5,0.0,False
2026-09-21 07:00:00,263,7,0,0.15398637229743328,1.7523503344641571,0.5,0.0,False
2026-09-21 08:00:00,263,8,0,0.2288076946149339,3.7498337993523725,0.5,0.0,False
2026-09-21 09:00:00,263,9,0,0.36238594088486986,3.6067751446866527,0.5,0.0,False
2026-09-21 10:00:00,263,10,0,0.6005413600042095,3.1862469734995633,0.3,0.0,False
2026-09-21 11:00:00,263,11,0,0.39857137227655526,3.227277596625248,0.3,0.0,False
2026-09-21 12:00:00,263,12,0,0.5939348601772699,3.4094438987877784,0.3,0.0,False
2026-09-21 13:00:00,263,13,0,0.4252832249773898,3.160066440537338,0.3,0.0,False
2026-09-21 14:00:00,263,14,0,0.5945203798513252,3.2918767703666196,0.3,0.0,False
2026-09-21 15:00:00,263,15,0,0.41510380173251743,3.2432015573190993,0.3,0.0,False
2026-09-21 16:00:00,263,16,0,0.2608076135549806,3.422983615699352,0.5,0.0,False
2026-09-21 17:00:00,263,17,0,0.12026044715841719,3.427188263112426,0.5,0.0,False
2026-09-21 18:00:00,263,18,0,6.541813692405199e-17,1.224707730384583,0.5,0.0,False
2026-09-21 19:00:00,263,19,0,0.0,1.6567664128146473,0.5,0.0,False
2026-09-21 20:00:00,263,20,0,0.0,1.4083866140311783,0.5,0.0,False
2026-09-21 21:00:00,263,21,0,0.0,1.535443829789501,0.5,0.0,False
2026-09-21 22:00:00,263,22,0,0.0,1.3591636889425056,0.3,0.0,False
2026-09-21 23:00:00,263,23,0,0.0,1.5556701904064676,0.3,0.0,False
2026-09-22 00:00:00,264,0,1,0.0,1.8827023430431653,0.3,0.0,False
2026-09-22 01:00:00,264,1,1,0.0,1.519074834192755,0.3,0.0,False
2026-09-22 02:00:00,264,2,1,0.0,1.4310228423530464,0.3,0.0,False
2026-09-22 03:00:00,264,3,1,0.0,1.4651758147986689,0.3,0.0,False
2026-09-22 04:00:00,264,4,1,0.0,1.279645506414297,0.3,0.0,False
2026-09-22 05:00:00,264,5,1,0.0,1.7173444929246686,0.3,0.0,False
2026-09-22 06:00:00,264,6,1,0.0,1.9469324661394916,0.5,0.0,False
2026-09-22 07:00:00,264,7,1,0.138885289812634,1.742665314055323,0.5,0.0,False
2026-09-22 08:00:00,264,8,1,0.23730969885596137,3.547552256480687,0.5,0.0,False
2026-09-22 09:00:00,264,9,1,0.4280916475829392,3.7022923568723236,0.5,0.0,False
2026-09-22 10:00:00,264,10,1,0.6257054073145084,3.439799309000773,0.3,0.0,False
2026-09-22 11:00:00,264,11,1,0.6166048328146126,3.127351513689454,0.3,0.0,False
2026-09-22 12:00:00,264,12,1,0.5525292452059063,3.4670114012800757,0.3,0.0,False
2026-09-22 13:00:00,264,13,1,0.6029513551603082,3.2862549672064643,0.3,0.0,False
2026-09-22 14:00:00,264,14,1,0.5673933439964691,3.1604634922489354,0.3,0.0,False
2026-09-22 15:00:00,264,15,1,0.5016247798088657,3.229846436014053,0.3,0.0,False
2026-09-22 16:00:00,264,16,1,0.3258618614319883,3.5622830815694564,0.5,0.0,False
2026-09-22 17:00:00,264,17,1,0.13710656183238723,3.0917679995181993,0.5,0.0,False
2026-09-22 18:00:00,264,18,1,5.765064851410191e-17,1.390216056608078,0.5,0.0,False
2026-09-22 19:00:00,264,19,1,0.0,1.642887537695238,0.5,0.0,False
2026-09-22 20:00:00,264,20,1,0.0,1.5324685565180451,0.5,0.0,False
2026-09-22 21:00:00,264,21,1,0.0,1.381313877261292,0.5,0.0,False
2026-09-22 22:00:00,264,22,1,0.0,1.6447189854547235,0.3,0.0,False
2026-09-22 23:00:00,264,23,1,0.0,1.6518443599753772,0.3,0.0,False
2026-09-23 00:00:00,265,0,2,0.0,1.5497086002777123,0.3,0.0,False
2026-09-23 01:00:00,265,1,2,0.0,1.4081405118624728,0.3,0.0,False
2026-09-23 02:00:00,265,2,2,0.0,1.4312543070248462,0.3,0.0,False
2026-09-23 03:00:00,265,3,2,0.0,1.5427014097947598,0.3,0.0,False
2026-09-23 04:00:00,265,4,2,0.0,1.303210640817993,0.3,0.0,False
2026-09-23 05:00:00,265,5,2,0.0,1.6991677321699667,0.3,0.0,False
2026-09-23 06:00:00,265,6,2,0.0,2.155031363301376,0.5,0.0,False
2026-09-23 07:00:00,265,7,2,0.11466990750709623,1.8646067725239592,0.5,0.0,False
2026-09-23 08:00:00,265,8,2,0.28541621410742785,3.753415673864621,0.5,0.0,False
2026-09-23 09:00:00,265,9,2,0.4422669078108996,3.8778703064273987,0.5,0.0,False
2026-09-23 10:00:00,265,10,2,0.5986643992149615,3.593334125785153,0.3,0.0,False
2026-09-23 11:00:00,265,11,2,0.37327023327258985,3.5335472003236044,0.3,0.0,False
2026-09-23 12:00:00,265,12,2,0.7251468684355796,3.039669372996181,0.3,0.0,False
2026-09-23 13:00:00,265,13,2,0.6047734979515298,3.252666946750872,0.3,0.0,False
2026-09-23 14:00:00,265,14,2,0.4087168160531232,3.3751032377224828,0.3,0.0,False
2026-09-23 15:00:00,265,15,2,0.31297420230120754,3.2258674054647103,0.3,0.0,False
2026-09-23 16:00:00,265,16,2,0.23813887841421194,3.5674150117560544,0.5,0.0,False
2026-09-23 17:00:00,265,17,2,0.17839858629585723,3.5444062759203945,0.5,0.0,False
2026-09-23 18:00:00,265,18,2,5.811579272700663e-17,1.3776104788111905,0.5,0.0,False
2026-09-23 19:00:00,265,19,2,0.0,1.4756399970141414,0.5,0.0,False
2026-09-23 20:00:00,265,20,2,0.0,1.3875668795715546,0.5,0.0,False
2026-09-23 21:00:00,265,21,2,0.0,1.4707307333840745,0.5,0.0,False
2026-09-23 22:00:00,265,22,2,0.0,1.4661851475999925,0.3,0.0,False
2026-09-23 23:00:00,265,23,2,0.0,1.6431386872120288,0.3,0.0,False
2026-09-24 00:00:00,266,0,3,0.0,1.366730300439925,0.3,0.0,True
2026-09-24 01:00:00,266,1,3,0.0,1.1074875592566356,0.3,0.0,True
2026-09-24 02:00:00,266,2,3,0.0,1.259318537664777,0.3,0.0,True
2026-09-24 03:00:00,266,3,3,0.0,1.3457547580939906,0.3,0.0,True
2026-09-24 04:00:00,266,4,3,0.0,1.4016462616504393,0.3,0.0,True
2026-09-24 05:00:00,266,5,3,0.0,1.528076160092282,0.3,0.0,True
2026-09-24 06:00:00,266,6,3,0.0,1.738030914170671,0.5,0.0,True
2026-09-24 07:00:00,266,7,3,0.15374597543969037,1.7183349114610103,0.5,0.0,True
2026-09-24 08:00:00,266,8,3,0.24090795454737662,3.5605828873521834,0.5,0.0,True
2026-09-24 09:00:00,266,9,3,0.29277241066514587,3.5326518998260323,0.5,0.0,True
2026-09-24 10:00:00,266,10,3,0.5065662124103703,3.216825938355653,0.3,0.0,True
2026-09-24 11:00:00,266,11,3,0.6207080421129715,3.21040689061574,0.3,0.0,True
2026-09-24 12:00:00,266,12,3,0.655103226734301,3.4033585225460716,0.3,0.0,True
2026-09-24 13:00:00,266,13,3,0.4077555360392898,3.1515705922395565,0.3,0.0,True
2026-09-24 14:00:00,266,14,3,0.4925650191936367,3.246360505750534,0.3,0.0,True
2026-09-24 15:00:00,266,15,3,0.46851842867890026,3.2182465980124846,0.3,0.0,True
2026-09-24 16:00:00,266,16,3,0.21208803739842086,3.421332746405635,0.5,0.0,True
2026-09-24 17:00:00,266,17,3,0.11419058992910933,3.2768581085973443,0.5,0.0,True
2026-09-24 18:00:00,266,18,3,4.4847501162413037e-17,1.6576045085098792,0.5,0.0,True
2026-09-24 19:00:00,266,19,3,0.0,1.3271444735992786,0.5,0.0,True
2026-09-24 20:00:00,266,20,3,0.0,1.492595008734777,0.5,0.0,True
2026-09-24 21:00:00,266,21,3,0.0,1.4136163474455101,0.5,0.0,True
2026-09-24 22:00:00,266,22,3,0.0,1.3160930853171595,0.3,0.0,True
2026-09-24 23:00:00,266,23,3,0.0,1.4898733438522413,0.3,0.0,True
2026-09-25 00:00:00,267,0,4,0.0,1.7599391637352835,0.3,0.0,True
2026-09-25 01:00:00,267,1,4,0.0,1.37206367956108,0.3,0.0,True
2026-09-25 02:00:00,267,2,4,0.0,1.480881752724335,0.3,0.0,True
2026-09-25 03:00:00,267,3,4,0.0,1.3031652570611174,0.3,0.0,True
2026-09-25 04:00:00,267,4,4,0.0,1.2811158342143987,0.3,0.0,True
2026-09-25 05:00:00,267,5,4,0.0,1.3819121505985648,0.3,0.0,True
2026-09-25 06:00:00,267,6,4,0.0,1.8325025482556228,0.5,0.0,True
2026-09-25 07:00:00,267,7,4,0.10880183055324498,1.8391625438603274,0.5,0.0,True
2026-09-25 08:00:00,267,8,4,0.26326664760601715,3.666096247738116,0.5,0.0,True
2026-09-25 09:00:00,267,9,4,0.3089135542133627,3.4527501038944943,0.5,0.0,True
2026-09-25 10:00:00,267,10,4,0.5906883271026739,3.206108068273954,0.3,0.0,True
2026-09-25 11:00:00,267,11,4,0.5931819383862229,3.375263771010551,0.3,0.0,True
2026-09-25 12:00:00,267,12,4,0.48711500708041866,3.096263239065819,0.3,0.0,True
2026-09-25 13:00:00,267,13,4,0.5359712080693565,3.2467281457732393,0.3,0.0,True
2026-09-25 14:00:00,267,14,4,0.5250942963715929,3.34392656399071,0.3,0.0,True
2026-09-25 15:00:00,267,15,4,0.4578540782169645,3.1826599616964493,0.3,0.0,True
2026-09-25 16:00:00,267,16,4,0.1961455014416467,3.3512286594241267,0.5,0.0,True
2026-09-25 17:00:00,267,17,4,0.09611539381375016,3.071831058092245,0.5,0.0,True
2026-09-25 18:00:00,267,18,4,4.9567599948571413e-17,1.633267435939831,0.5,0.0,True
2026-09-25 19:00:00,267,19,4,0.0,1.5548701099640543,0.5,0.0,True
2026-09-25 20:00:00,267,20,4,0.0,1.5083498105264201,0.5,0.0,True
2026-09-25 21:00:00,267,21,4,0.0,1.668722703945876,0.5,0.0,True
2026-09-25 22:00:00,267,22,4,0.0,1.4505976411145078,0.3,0.0,True
2026-09-25 23:00:00,267,23,4,0.0,1.407321583130713,0.3,0.0,True
2026-09-26 00:00:00,268,0,5,0.0,1.7058816426145869,0.3,0.0,True
2026-09-26 01:00:00,268,1,5,0.0,1.7761148703352192,0.3,0.0,True
2026-09-26 02:00:00,268,2,5,0.0,1.3959843440823356,0.3,0.0,True
2026-09-26 03:00:00,268,3,5,0.0,1.4829385144338276,0.3,0.0,True
2026-09-26 04:00:00,268,4,5,0.0,1.656756381489218,0.3,0.0,True
2026-09-26 05:00:00,268,5,5,0.0,1.4882782497283842,0.3,0.0,True
2026-09-26 06:00:00,268,6,5,0.0,1.5891882763106975,0.5,0.0,True
2026-09-26 07:00:00,268,7,5,0.14717681941607572,1.6170605396232574,0.5,0.0,True
2026-09-26 08:00:00,268,8,5,0.26986055379969187,1.4156543136665185,0.5,0.0,True
2026-09-26 09:00:00,268,9,5,0.48784080330062196,1.562891199510039,0.5,0.0,True
2026-09-26 10:00:00,268,10,5,0.5746849431995279,1.4990710958235094,0.3,0.0,True
2026-09-26 11:00:00,268,11,5,0.632197247706716,1.3174697109909357,0.3,0.0,True
2026-09-26 12:00:00,268,12,5,0.4424971632289744,1.35155210303574,0.3,0.0,True
2026-09-26 13:00:00,268,13,5,0.4021406093988063,1.4021374613405446,0.3,0.0,True
2026-09-26 14:00:00,268,14,5,0.5284460015342063,1.6392779776203907,0.3,0.0,True
2026-09-26 15:00:00,268,15,5,0.3749380349727761,1.6442037243469991,0.3,0.0,True
2026-09-26 16:00:00,268,16,5,0.3039460280664747,1.6124869377482427,0.5,0.0,True
2026-09-26 17:00:00,268,17,5,0.16452129621656886,1.5660166054898428,0.5,0.0,True
2026-09-26 18:00:00,268,18,5,5.727224708700375e-17,1.561923946073466,0.5,0.0,True
2026-09-26 19:00:00,268,19,5,0.0,1.5416340674332245,0.5,0.0,True
2026-09-26 20:00:00,268,20,5,0.0,1.561139558313245,0.5,0.0,True
2026-09-26 21:00:00,268,21,5,0.0,1.5713043875496304,0.5,0.0,True
2026-09-26 22:00:00,268,22,5,0.0,1.2893366751408928,0.3,0.0,True
2026-09-26 23:00:00,268,23,5,0.0,1.3814629281083641,0.3,0.0,True
2026-09-27 00:00:00,269,0,6,0.0,1.3456617563276936,0.3,0.0,True
2026-09-27 01:00:00,269,1,6,0.0,1.6660717511481014,0.3,0.0,True
2026-09-27 02:00:00,269,2,6,0.0,1.7481150155375418,0.3,0.0,True
2026-09-27 03:00:00,269,3,6,0.0,1.1746428119381738,0.3,0.0,True
2026-09-27 04:00:00,269,4,6,0.0,1.7347221917807492,0.3,0.0,True
2026-09-27 05:00:00,269,5,6,0.0,1.5130082060297294,0.3,0.0,True
2026-09-27 06:00:00,269,6,6,0.0,1.6519079728738053,0.5,0.0,True
2026-09-27 07:00:00,269,7,6,0.11765732438488896,1.5759700731877344,0.5,0.0,True
2026-09-27 08:00:00,269,8,6,0.27922403399093854,1.716059258039988,0.5,0.0,True
2026-09-27 09:00:00,269,9,6,0.4708506506293576,1.5314613650036244,0.5,0.0,True
2026-09-27 10:00:00,269,10,6,0.38837928733340815,1.2954818311780625,0.3,0.0,True
2026-09-27 11:00:00,269,11,6,0.6018243263337749,1.4841487674340186,0.3,0.0,True
2026-09-27 12:00:00,269,12,6,0.7012913122256247,1.5773484069160209,0.3,0.0,True
2026-09-27 13:00:00,269,13,6,0.646983217475332,1.4676058347698462,0.3,0.0,True
2026-09-27 14:00:00,269,14,6,0.43562345365544314,1.5986597583229005,0.3,0.0,True
2026-09-27 15:00:00,269,15,6,0.40788554283227296,1.4901453917039333,0.3,0.0,True
2026-09-27 16:00:00,269,16,6,0.3574296017542871,1.4106736021327695,0.5,0.0,True
2026-09-27 17:00:00,269,17,6,0.14569502431624817,1.337103242503269,0.5,0.0,True
2026-09-27 18:00:00,269,18,6,4.9009217341524956e-17,1.4412276926199983,0.5,0.0,True
2026-09-27 19:00:00,269,19,6,0.0,1.530685747455049,0.5,0.0,True
2026-09-27 20:00:00,269,20,6,0.0,1.2060912293616073,0.5,0.0,True
2026-09-27 21:00:00,269,21,6,0.0,1.3829885383927465,0.5,0.0,True
2026-09-27 22:00:00,269,22,6,0.0,1.2004961932838403,0.3,0.0,True
2026-09-27 23:00:00,269,23,6,0.0,1.4074387719032941,0.3,0.0,True
2026-09-28 00:00:00,270,0,0,0.0,1.6795972101430836,0.3,0.0,True
2026-09-28 01:00:00,270,1,0,0.0,1.3220825427406746,0.3,0.0,True
2026-09-28 02:00:00,270,2,0,0.0,1.6054739618791993,0.3,0.0,True
2026-09-28 03:00:00,270,3,0,0.0,1.9273237690968479,0.3,0.0,True
2026-09-28 04:00:00,270,4,0,0.0,1.7180307196886024,0.3,0.0,True
2026-09-28 05:00:00,270,5,0,0.0,1.5200270070586819,0.3,0.0,True
2026-09-28 06:00:00,270,6,0,0.0,2.028765168369472,0.5,0.0,True
2026-09-28 07:00:00,270,7,0,0.15319784610218082,1.694547579634481,0.5,0.0,True
2026-09-28 08:00:00,270,8,0,0.1820521717955035,3.4639878019884165,0.5,0.0,True
2026-09-28 09:00:00,270,9,0,0.5023126070815034,3.704304716361909,0.5,0.0,True
2026-09-28 10:00:00,270,10,0,0.3896210022432674,3.3597915845202615,0.3,0.0,True
2026-09-28 11:00:00,270,11,0,0.5737188277747909,3.464160642637386,0.3,0.0,True
2026-09-28 12:00:00,270,12,0,0.6597319688307902,3.2146856787898024,0.3,0.0,True
2026-09-28 13:00:00,270,13,0,0.3999173402927478,3.3290093226542465,0.3,0.0,True
2026-09-28 14:00:00,270,14,0,0.570950922873885,3.323866733482946,0.3,0.0,True
2026-09-28 15:00:00,270,15,0,0.25536740605202984,3.28029088416353,0.3,0.0,True
2026-09-28 16:00:00,270,16,0,0.2572307690966594,3.2891287685798996,0.5,0.0,True
2026-09-28 17:00:00,270,17,0,0.13592823492636824,3.1717943246040656,0.5,0.0,True
2026-09-28 18:00:00,270,18,0,6.00372502733643e-17,1.5419561112577445,0.5,0.0,True
2026-09-28 19:00:00,270,19,0,0.0,1.5292574970292618,0.5,0.0,True
2026-09-28 20:00:00,270,20,0,0.0,1.4339982351065947,0.5,0.0,True
2026-09-28 21:00:00,270,21,0,0.0,1.599866139903535,0.5,0.0,True
2026-09-28 22:00:00,270,22,0,0.0,1.6541747382648444,0.3,0.0,True
2026-09-28 23:00:00,270,23,0,0.0,1.6016064443963194,0.3,0.0,True
2026-09-29 00:00:00,271,0,1,0.0,1.3436335019908914,0.3,0.0,True
2026-09-29 01:00:00,271,1,1,0.0,1.5149468650292988,0.3,0.0,True
2026-09-29 02:00:00,271,2,1,0.0,1.3632852655704821,0.3,0.0,True
2026-09-29 03:00:00,271,3,1,0.0,1.514483211944975,0.3,0.0,True
2026-09-29 04:00:00,271,4,1,0.0,1.363869495447013,0.3,0.0,True
2026-09-29 05:00:00,271,5,1,0.0,1.691574500603218,0.3,0.0,True
2026-09-29 06:00:00,271,6,1,0.0,2.0174997203529763,0.5,0.0,True
2026-09-29 07:00:00,271,7,1,0.10541552739042478,2.072948395801358,0.5,0.0,True
2026-09-29 08:00:00,271,8,1,0.2091313378442659,3.8577583135293243,0.5,0.0,True
2026-09-29 09:00:00,271,9,1,0.439384265786339,3.65941004326395,0.5,0.0,True
2026-09-29 10:00:00,271,10,1,0.35305331487869945,3.236158538470886,0.3,0.0,True
2026-09-29 11:00:00,271,11,1,0.5033800989861085,3.5612585743050227,0.3,0.0,True
2026-09-29 12:00:00,271,12,1,0.6141274772006085,3.2752320524741374,0.3,0.0,True
2026-09-29 13:00:00,271,13,1,0.5656572744709978,3.0968129036292,0.3,0.0,True
2026-09-29 14:00:00,271,14,1,0.3718190986305799,3.4511200100498733,0.3,0.0,True
2026-09-29 15:00:00,271,15,1,0.3270003731917809,3.321566350239558,0.3,0.0,True
2026-09-29 16:00:00,271,16,1,0.34914761169847147,3.525891618596847,0.5,0.0,True
2026-09-29 17:00:00,271,17,1,0.1329734001113735,3.336445451697127,0.5,0.0,True
2026-09-29 18:00:00,271,18,1,4.5362868110334645e-17,1.496999776897993,0.5,0.0,True
2026-09-29 19:00:00,271,19,1,0.0,1.7289181213162035,0.5,0.0,True
2026-09-29 20:00:00,271,20,1,0.0,1.2692300482444518,0.5,0.0,True
2026-09-29 21:00:00,271,21,1,0.0,1.4121956543095489,0.5,0.0,True
2026-09-29 22:00:00,271,22,1,0.0,1.3668955542217187,0.3,0.0,True
2026-09-29 23:00:00,271,23,1,0.0,1.1707380332140074,0.3,0.0,True
2026-09-30 00:00:00,272,0,2,0.0,1.6309764642024904,0.3,0.0,True
2026-09-30 01:00:00,272,1,2,0.0,1.416387237902559,0.3,0.0,True
2026-09-30 02:00:00,272,2,2,0.0,1.635805206246986,0.3,0.0,True
2026-09-30 03:00:00,272,3,2,0.0,1.5583629736851905,0.3,0.0,True
2026-09-30 04:00:00,272,4,2,0.0,1.5910713699941526,0.3,0.0,True
2026-09-30 05:00:00,272,5,2,0.0,1.4316900778739028,0.3,0.0,True
2026-09-30 06:00:00,272,6,2,0.0,1.7853627784022428,0.5,0.0,True
2026-09-30 07:00:00,272,7,2,0.10690168866368292,1.9134641312829581,0.5,0.0,True
2026-09-30 08:00:00,272,8,2,0.19793537764788685,3.837875227496225,0.5,0.0,True
2026-09-30 09:00:00,272,9,2,0.39561695528634216,3.6924426991774384,0.5,0.0,True
2026-09-30 10:00:00,272,10,2,0.45967557271630244,3.194709551605156,0.3,0.0,True
2026-09-30 11:00:00,272,11,2,0.593475764090549,3.120147286290246,0.3,0.0,True
2026-09-30 12:00:00,272,12,2,0.6670931568623901,3.330624452298574,0.3,0.0,True
2026-09-30 13:00:00,272,13,2,0.4245164113968359,3.216889869760719,0.3,0.0,True
2026-09-30 14:00:00,272,14,2,0.5870879587273456,3.289238911891539,0.3,0.0,True
2026-09-30 15:00:00,272,15,2,0.3783985701889799,3.264183182662701,0.3,0.0,True
2026-09-30 16:00:00,272,16,2,0.2218880187075684,3.233335353797318,0.5,0.0,True
2026-09-30 17:00:00,272,17,2,0.16841183461423243,3.3440705341139267,0.5,0.0,True
2026-09-30 18:00:00,272,18,2,4.470628366203736e-17,1.583175612621616,0.5,0.0,True
2026-09-30 19:00:00,272,19,2,0.0,1.7947918416976174,0.5,0.0,True
2026-09-30 20:00:00,272,20,2,0.0,1.6136951572026768,0.5,0.0,True
2026-09-30 21:00:00,272,21,2,0.0,1.739052349421121,0.5,0.0,True
2026-09-30 22:00:00,272,22,2,0.0,1.3772099442897394,0.3,0.0,True
2026-09-30 23:00:00,272,23,2,0.0,1.2598582843909465,0.3,0.0,True
2026-10-01 00:00:00,273,0,3,0.0,1.4978354616419762,0.3,0.0,False
2026-10-01 01:00:00,273,1,3,0.0,1.6287040866223648,0.3,0.0,False
2026-10-01 02:00:00,273,2,3,0.0,1.6051742577239145,0.3,0.0,False
2026-10-01 03:00:00,273,3,3,0.0,1.6817072358489862,0.3,0.0,False
2026-10-01 04:00:00,273,4,3,0.0,1.1195181961522191,0.3,0.0,False
2026-10-01 05:00:00,273,5,3,0.0,1.6879465342326312,0.3,0.0,False
2026-10-01 06:00:00,273,6,3,0.0,1.9503193939644459,0.5,0.0,False
2026-10-01 07:00:00,273,7,3,0.11152964703023904,1.668397998231248,0.5,0.0,False
2026-10-01 08:00:00,273,8,3,0.25449101072391,3.8085293270093206,0.5,0.0,False
2026-10-01 09:00:00,273,9,3,0.33518249376075326,3.725422386524944,0.5,0.0,False
2026-10-01 10:00:00,273,10,3,0.3393167167070089,3.3571843947867075,0.3,0.0,False
2026-10-01 11:00:00,273,11,3,0.6581017107523648,3.449866372547304,0.3,0.0,False
2026-10-01 12:00:00,273,12,3,0.5039605239720021,3.3645413052646074,0.3,0.0,False
2026-10-01 13:00:00,273,13,3,0.572136153117163,3.079076235229547,0.3,0.0,False
2026-10-01 14:00:00,273,14,3,0.4780450035580753,3.2785460595325633,0.3,0.0,False
2026-10-01 15:00:00,273,15,3,0.3720973491510814,3.057353224372366,0.3,0.0,False
2026-10-01 16:00:00,273,16,3,0.2832372423668743,3.397359282083834,0.5,0.0,False
2026-10-01 17:00:00,273,17,3,0.17216883748316875,3.5096955362376057,0.5,0.0,False
2026-10-01 18:00:00,273,18,3,7.292356000159458e-17,1.313782205617151,0.5,0.0,False
2026-10-01 19:00:00,273,19,3,0.0,1.3992804359201385,0.5,0.0,False
2026-10-01 20:00:00,273,20,3,0.0,1.3676446018316748,0.5,0.0,False
2026-10-01 21:00:00,273,21,3,0.0,1.4319142092092494,0.5,0.0,False
2026-10-01 22:00:00,273,22,3,0.0,1.5618634737298303,0.3,0.0,False
2026-10-01 23:00:00,273,23,3,0.0,1.4335396316848261,0.3,0.0,False
2026-10-02 00:00:00,274,0,4,0.0,1.5978795259048537,0.3,0.0,False
2026-10-02 01:00:00,274,1,4,0.0,1.6598069655113963,0.3,0.0,False
2026-10-02 02:00:00,274,2,4,0.0,1.6652638891993916,0.3,0.0,False
2026-10-02 03:00:00,274,3,4,0.0,1.3322728356945528,0.3,0.0,False
2026-10-02 04:00:00,274,4,4,0.0,1.7078893416709084,0.3,0.0,False
2026-10-02 05:00:00,274,5,4,0.0,1.7199108427314358,0.3,0.0,False
2026-10-02 06:00:00,274,6,4,0.0,2.132901989685575,0.5,0.0,False
2026-10-02 07:00:00,274,7,4,0.10620014905635362,1.8763277770423457,0.5,0.0,False
2026-10-02 08:00:00,274,8,4,0.257578374811484,3.587223629003458,0.5,0.0,False
2026-10-02 09:00:00,274,9,4,0.3096644597905897,3.552363821277987,0.5,0.0,False
2026-10-02 10:00:00,274,10,4,0.3026994536010966,3.134733017013777,0.3,0.0,False
2026-10-02 11:00:00,274,11,4,0.6616921673103225,3.30175356099973,0.3,0.0,False
2026-10-02 12:00:00,274,12,4,0.6491968792984715,3.4271777784735638,0.3,0.0,False
2026-10-02 13:00:00,274,13,4,0.5092710549738743,3.4959837661481012,0.3,0.0,False
2026-10-02 14:00:00,274,14,4,0.3783090294348185,3.2271664325456473,0.3,0.0,False
2026-10-02 15:00:00,274,15,4,0.4169667279586008,3.2941967599379565,0.3,0.0,False
2026-10-02 16:00:00,274,16,4,0.24987770078766683,3.284371866989783,0.5,0.0,False
2026-10-02 17:00:00,274,17,4,0.162570575434962,3.204707962520229,0.5,0.0,False
2026-10-02 18:00:00,274,18,4,8.52907619673154e-17,1.6103624294640928,0.5,0.0,False
2026-10-02 19:00:00,274,19,4,0.0,1.5544272369934837,0.5,0.0,False
2026-10-02 20:00:00,274,20,4,0.0,1.521273476267941,0.5,0.0,False
2026-10-02 21:00:00,274,21,4,0.0,1.5537458158793886,0.5,0.0,False
2026-10-02 22:00:00,274,22,4,0.0,1.5923176871936227,0.3,0.0,False
2026-10-02 23:00:00,274,23,4,0.0,1.5908155528695582,0.3,0.0,False
2026-10-03 00:00:00,275,0,5,0.0,1.3742265065817214,0.3,0.0,False
2026-10-03 01:00:00,275,1,5,0.0,1.6344492823114418,0.3,0.0,False
2026-10-03 02:00:00,275,2,5,0.0,1.538304917652084,0.3,0.0,False
2026-10-03 03:00:00,275,3,5,0.0,1.4348075707529602,0.3,0.0,False
2026-10-03 04:00:00,275,4,5,0.0,1.5351344537169256,0.3,0.0,False
2026-10-03 05:00:00,275,5,5,0.0,1.551671621508758,0.3,0.0,False
2026-10-03 06:00:00,275,6,5,0.0,1.6622675500746187,0.5,0.0,False
2026-10-03 07:00:00,275,7,5,0.10941943680088656,1.343076655727223,0.5,0.0,False
2026-10-03 08:00:00,275,8,5,0.19190357161635613,1.698747653048129,0.5,0.0,False
2026-10-03 09:00:00,275,9,5,0.2472828998373691,1.5034749534464742,0.5,0.0,False
2026-10-03 10:00:00,275,10,5,0.5142668398608249,1.4240770123877102,0.3,0.0,False
2026-10-03 11:00:00,275,11,5,0.4202313766337937,1.4194862850214298,0.3,0.0,False
2026-10-03 12:00:00,275,12,5,0.522606215930612,1.3497948362486132,0.3,0.0,False
2026-10-03 13:00:00,275,13,5,0.37174098076526974,1.2388627674364885,0.3,0.0,False
2026-10-03 14:00:00,275,14,5,0.5952477156133158,1.6016099820538805,0.3,0.0,False
2026-10-03 15:00:00,275,15,5,0.275503980935231,1.7971329600632946,0.3,0.0,False
2026-10-03 16:00:00,275,16,5,0.2444127020671499,1.2573576976746277,0.5,0.0,False
2026-10-03 17:00:00,275,17,5,0.16591928527780211,1.3574358126104462,0.5,0.0,False
2026-10-03 18:00:00,275,18,5,5.278160842299259e-17,1.6127374783718,0.5,0.0,False
2026-10-03 19:00:00,275,19,5,0.0,1.4931544636992866,0.5,0.0,False
2026-10-03 20:00:00,275,20,5,0.0,1.6251628863412724,0.5,0.0,False
2026-10-03 21:00:00,275,21,5,0.0,1.4847419215276745,0.5,0.0,False
2026-10-03 22:00:00,275,22,5,0.0,1.4129058751100434,0.3,0.0,False
2026-10-03 23:00:00,275,23,5,0.0,1.4661236833990303,0.3,0.0,False
2026-10-04 00:00:00,276,0,6,0.0,1.1426865866616056,0.3,0.0,False
2026-10-04 01:00:00,276,1,6,0.0,1.3284773481527303,0.3,0.0,False
2026-10-04 02:00:00,276,2,6,0.0,1.6422419061328053,0.3,0.0,False
2026-10-04 03:00:00,276,3,6,0.0,1.6787849766268268,0.3,0.0,False
2026-10-04 04:00:00,276,4,6,0.0,1.7109249082638474,0.3,0.0,False
2026-10-04 05:00:00,276,5,6,0.0,1.5661304019672049,0.3,0.0,False
2026-10-04 06:00:00,276,6,6,0.0,1.1615896688570595,0.5,0.0,False
2026-10-04 07:00:00,276,7,6,0.09445059787355892,1.4047490206219289,0.5,0.0,False
2026-10-04 08:00:00,276,8,6,0.32362054882755537,1.6986983514822949,0.5,0.0,False
2026-10-04 09:00:00,276,9,6,0.3843204866368924,1.743458135802533,0.5,0.0,False
2026-10-04 10:00:00,276,10,6,0.5341884542472037,1.7043971614510864,0.3,0.0,False
2026-10-04 11:00:00,276,11,6,0.4197882765872223,1.46456213028453,0.3,0.0,False
2026-10-04 12:00:00,276,12,6,0.38612158814517855,1.3040136200138153,0.3,0.0,False
2026-10-04 13:00:00,276,13,6,0.5658883593719439,1.4939052615062278,0.3,0.0,False
2026-10-04 14:00:00,276,14,6,0.5346103905229284,1.5022210527345394,0.3,0.0,False
2026-10-04 15:00:00,276,15,6,0.337265148338049,1.734834723013718,0.3,0.0,False
2026-10-04 16:00:00,276,16,6,0.1761376329974255,1.5341686950183318,0.5,0.0,False
2026-10-04 17:00:00,276,17,6,0.16194349710558667,1.5025021768321156,0.5,0.0,False
2026-10-04 18:00:00,276,18,6,5.082819651000871e-17,1.5110242722215188,0.5,0.0,False
2026-10-04 19:00:00,276,19,6,0.0,1.559978824464403,0.5,0.0,False
2026-10-04 20:00:00,276,20,6,0.0,1.5939660129092352,0.5,0.0,False
2026-10-04 21:00:00,276,21,6,0.0,1.3913193848973007,0.5,0.0,False
2026-10-04 22:00:00,276,22,6,0.0,1.3413569408061647,0.3,0.0,False
2026-10-04 23:00:00,276,23,6,0.0,1.7055837782107048,0.3,0.0,False
2026-10-05 00:00:00,277,0,0,0.0,1.2538438058346475,0.3,0.0,False
2026-10-05 01:00:00,277,1,0,0.0,1.7456621188807158,0.3,0.0,False
2026-10-05 02:00:00,277,2,0,0.0,1.213398195411945,0.3,0.0,False
2026-10-05 03:00:00,277,3,0,0.0,1.4123188300753469,0.3,0.0,False
2026-10-05 04:00:00,277,4,0,0.0,1.645778095587517,0.3,0.0,False
2026-10-05 05:00:00,277,5,0,0.0,1.500051283361741,0.3,0.0,False
2026-10-05 06:00:00,277,6,0,0.0,1.7025284794357238,0.5,0.0,False
2026-10-05 07:00:00,277,7,0,0.12189425563375034,1.9639642231188994,0.5,0.0,False
2026-10-05 08:00:00,277,8,0,0.27359576728885093,3.710050651270072,0.5,0.0,False
2026-10-05 09:00:00,277,9,0,0.4737534533651932,3.667592756733703,0.5,0.0,False
2026-10-05 10:00:00,277,10,0,0.5296488599544077,3.2064116563825635,0.3,0.0,False
2026-10-05 11:00:00,277,11,0,0.47054598957589233,3.2948091000704096,0.3,0.0,False
2026-10-05 12:00:00,277,12,0,0.4557518455897314,3.2127117582071465,0.3,0.0,False
2026-10-05 13:00:00,277,13,0,0.6222943714885104,3.6651799003273737,0.3,0.0,False
2026-10-05 14:00:00,277,14,0,0.33643895584117445,3.263997427227484,0.3,0.0,False
2026-10-05 15:00:00,277,15,0,0.44734084877890506,3.243936456927133,0.3,0.0,False
2026-10-05 16:00:00,277,16,0,0.21464436570851242,3.2187545781768314,0.5,0.0,False
2026-10-05 17:00:00,277,17,0,0.15187939875175172,3.5665426264257287,0.5,0.0,False
2026-10-05 18:00:00,277,18,0,7.565904209762244e-17,1.254139968315665,0.5,0.0,False
2026-10-05 19:00:00,277,19,0,0.0,1.5539148632849127,0.5,0.0,False
2026-10-05 20:00:00,277,20,0,0.0,1.4641065042185393,0.5,0.0,False
2026-10-05 21:00:00,277,21,0,0.0,1.286489984303698,0.5,0.0,False
2026-10-05 22:00:00,277,22,0,0.0,1.3771385508205325,0.3,0.0,False
2026-10-05 23:00:00,277,23,0,0.0,1.547543099085875,0.3,0.0,False
2026-10-06 00:00:00,278,0,1,0.0,1.3703410170515868,0.3,0.0,False
2026-10-06 01:00:00,278,1,1,0.0,1.5389345892330064,0.3,0.0,False
2026-10-06 02:00:00,278,2,1,0.0,1.7593729843029529,0.3,0.0,False
2026-10-06 03:00:00,278,3,1,0.0,1.5255901015826003,0.3,0.0,False
2026-10-06 04:00:00,278,4,1,0.0,1.2819731282213256,0.3,0.0,False
2026-10-06 05:00:00,278,5,1,0.0,1.3729805607229666,0.3,0.0,False
2026-10-06 06:00:00,278,6,1,0.0,1.8571891391882105,0.5,0.0,False
2026-10-06 07:00:00,278,7,1,0.1282326754061673,1.8471647321508011,0.5,0.0,False
2026-10-06 08:00:00,278,8,1,0.2822664940641013,3.7228020767673873,0.5,0.0,False
2026-10-06 09:00:00,278,9,1,0.45379803705247024,3.7468664413117097,0.5,0.0,False
2026-10-06 10:00:00,278,10,1,0.46924838369642363,3.5595791932678287,0.3,0.0,False
2026-10-06 11:00:00,278,11,1,0.5991367869263485,3.2994420502368156,0.3,0.0,False
2026-10-06 12:00:00,278,12,1,0.4156796908843601,3.127170832968613,0.3,0.0,False
2026-10-06 13:00:00,278,13,1,0.4442449363483081,3.473070919537285,0.3,0.0,False
2026-10-06 14:00:00,278,14,1,0.5718097038766824,3.4894536865171535,0.3,0.0,False
2026-10-06 15:00:00,278,15,1,0.4533807160037284,3.3348664641008954,0.3,0.0,False
2026-10-06 16:00:00,278,16,1,0.264829545737414,3.2630408407186557,0.5,0.0,False
2026-10-06 17:00:00,278,17,1,0.12982971269042,3.393381960382359,0.5,0.0,False
2026-10-06 18:00:00,278,18,1,6.041440723119923e-17,1.4683380279480704,0.5,0.0,False
2026-10-06 19:00:00,278,19,1,0.0,1.1916436606833773,0.5,0.0,False
2026-10-06 20:00:00,278,20,1,0.0,1.58452114244587,0.5,0.0,False
2026-10-06 21:00:00,278,21,1,0.0,1.6338377215461866,0.5,0.0,False
2026-10-06 22:00:00,278,22,1,0.0,1.7161630845568994,0.3,0.0,False
2026-10-06 23:00:00,278,23,1,0.0,1.3903862335571153,0.3,0.0,False
2026-10-07 00:00:00,279,0,2,0.0,1.533924797379191,0.3,0.0,False
2026-10-07 01:00:00,279,1,2,0.0,1.5371699336779474,0.3,0.0,False
2026-10-07 02:00:00,279,2,2,0.0,1.5128073839555722,0.3,0.0,False
2026-10-07 03:00:00,279,3,2,0.0,1.5172284057429324,0.3,0.0,False
2026-10-07 04:00:00,279,4,2,0.0,1.5055704023065448,0.3,0.0,False
2026-10-07 05:00:00,279,5,2,0.0,1.5317624102374225,0.3,0.0,False
2026-10-07 06:00:00,279,6,2,0.0,2.011102155099303,0.5,0.0,False
2026-10-07 07:00:00,279,7,2,0.09816218216708504,2.083043128687647,0.5,0.0,False
2026-10-07 08:00:00,279,8,2,0.24641898953157595,3.586550136895954,0.5,0.0,False
2026-10-07 09:00:00,279,9,2,0.3570129446883553,3.6741547967817723,0.5,0.0,False
2026-10-07 10:00:00,279,10,2,0.3414508616953342,3.236608782016851,0.3,0.0,False
2026-10-07 11:00:00,279,11,2,0.4999029762526061,3.215149146419991,0.3,0.0,False
2026-10-07 12:00:00,279,12,2,0.5426772169464195,3.0575952877040957,0.3,0.0,False
2026-10-07 13:00:00,279,13,2,0.3777536268429104,3.303633368377944,0.3,0.0,False
2026-10-07 14:00:00,279,14,2,0.33791773383195367,3.371898055431793,0.3,0.0,False
2026-10-07 15:00:00,279,15,2,0.4435542674960352,3.276735037215169,0.3,0.0,False
2026-10-07 16:00:00,279,16,2,0.2215660529072456,3.298656315540437,0.5,0.0,False
2026-10-07 17:00:00,279,17,2,0.14258533191842224,3.3627655391863693,0.5,0.0,False
2026-10-07 18:00:00,279,18,2,6.731936729228393e-17,1.7116679542745448,0.5,0.0,False
2026-10-07 19:00:00,279,19,2,0.0,1.4370353205715447,0.5,0.0,False
2026-10-07 20:00:00,279,20,2,0.0,1.3242581828499165,0.5,0.0,False
2026-10-07 21:00:00,279,21,2,0.0,1.4864339779509579,0.5,0.0,False
2026-10-07 22:00:00,279,22,2,0.0,1.7825341895054918,0.3,0.0,False
2026-10-07 23:00:00,279,23,2,0.0,1.3258649162357419,0.3,0.0,False
2026-10-08 00:00:00,280,0,3,0.0,1.5975203543370426,0.3,0.0,False
2026-10-08 01:00:00,280,1,3,0.0,1.673686984392767,0.3,0.0,False
2026-10-08 02:00:00,280,2,3,0.0,1.145169867090861,0.3,0.0,False
2026-10-08 03:00:00,280,3,3,0.0,1.5615333785412728,0.3,0.0,False
2026-10-08 04:00:00,280,4,3,0.0,1.5905115955609643,0.3,0.0,False
2026-10-08 05:00:00,280,5,3,0.0,1.459899719793022,0.3,0.0,False
2026-10-08 06:00:00,280,6,3,0.0,1.8030342158365422,0.5,0.0,False
2026-10-08 07:00:00,280,7,3,0.11084378049293399,1.8114006471214028,0.5,0.0,False
2026-10-08 08:00:00,280,8,3,0.29419915721030654,3.6507147256186565,0.5,0.0,False
2026-10-08 09:00:00,280,9,3,0.37474633945071795,3.6546855952468333,0.5,0.0,False
2026-10-08 10:00:00,280,10,3,0.5253503580175024,3.2263834435864847,0.3,0.0,False
2026-10-08 11:00:00,280,11,3,0.5004748639678527,3.248328712097633,0.3,0.0,False
2026-10-08 12:00:00,280,12,3,0.6227155768713357,3.478618773576994,0.3,0.0,False
2026-10-08 13:00:00,280,13,3,0.582675441496092,3.1178356831627294,0.3,0.0,False
2026-10-08 14:00:00,280,14,3,0.31945220649005235,3.0376412365092613,0.3,0.0,False
2026-10-08 15:00:00,280,15,3,0.46951929959339844,3.481017766085147,0.3,0.0,False
2026-10-08 16:00:00,280,16,3,0.17040736064422035,3.2711973360989126,0.5,0.0,False
2026-10-08 17:00:00,280,17,3,0.13880895290125703,3.2417651561276193,0.5,0.0,False
2026-10-08 18:00:00,280,18,3,7.372812389285e-17,1.4833174314400996,0.5,0.0,False
2026-10-08 19:00:00,280,19,3,0.0,1.531391505116869,0.5,0.0,False
2026-10-08 20:00:00,280,20,3,0.0,1.4213923159322452,0.5,0.0,False
2026-10-08 21:00:00,280,21,3,0.0,1.5758896691470954,0.5,0.0,False
2026-10-08 22:00:00,280,22,3,0.0,1.3556606139286655,0.3,0.0,False
2026-10-08 23:00:00,280,23,3,0.0,1.4547260733226222,0.3,0.0,False
2026-10-09 00:00:00,281,0,4,0.0,1.1677955617072873,0.3,0.0,False
2026-10-09 01:00:00,281,1,4,0.0,1.6758355702295662,0.3,0.0,False
2026-10-09 02:00:00,281,2,4,0.0,1.4735868455160557,0.3,0.0,False
2026-10-09 03:00:00,281,3,4,0.0,1.6005156137605738,0.3,0.0,False
2026-10-09 04:00:00,281,4,4,0.0,1.5714861876399375,0.3,0.0,False
2026-10-09 05:00:00,281,5,4,0.0,1.5824720670556982,0.3,0.0,False
2026-10-09 06:00:00,281,6,4,0.0,1.898833670713848,0.5,0.0,False
2026-10-09 07:00:00,281,7,4,0.1098129642929551,1.9582341089108761,0.5,0.0,False
2026-10-09 08:00:00,281,8,4,0.2966681219957821,3.5558073381082083,0.5,0.0,False
2026-10-09 09:00:00,281,9,4,0.45084851357692934,3.52432321656554,0.5,0.0,False
2026-10-09 10:00:00,281,10,4,0.4158231275064706,3.2848341099742115,0.3,0.0,False
2026-10-09 11:00:00,281,11,4,0.34872360615210407,3.198033542940635,0.3,0.0,False
2026-10-09 12:00:00,281,12,4,0.6004587142203206,3.5138196259874137,0.3,0.0,False
2026-10-09 13:00:00,281,13,4,0.6078716317351482,3.356271664396066,0.3,0.0,False
2026-10-09 14:00:00,281,14,4,0.4086892014909209,3.192527791481919,0.3,0.0,False
2026-10-09 15:00:00,281,15,4,0.29349297756779075,3.259268934224163,0.3,0.0,False
2026-10-09 16:00:00,281,16,4,0.17425136762213153,3.3199509872982147,0.5,0.0,False
2026-10-09 17:00:00,281,17,4,0.1374695451692687,3.289799556577662,0.5,0.0,False
2026-10-09 18:00:00,281,18,4,7.807860063842015e-17,1.5407619049401398,0.5,0.0,False
2026-10-09 19:00:00,281,19,4,0.0,1.5102981816693462,0.5,0.0,False
2026-10-09 20:00:00,281,20,4,0.0,1.291401487729488,0.5,0.0,False
2026-10-09 21:00:00,281,21,4,0.0,1.1773643148744135,0.5,0.0,False
2026-10-09 22:00:00,281,22,4,0.0,1.4439586432662013,0.3,0.0,False
2026-10-09 23:00:00,281,23,4,0.0,1.5840739057647535,0.3,0.0,False
2026-10-10 00:00:00,282,0,5,0.0,1.4456446448154632,0.3,0.0,False
2026-10-10 01:00:00,282,1,5,0.0,1.6854846170107838,0.3,0.0,False
2026-10-10 02:00:00,282,2,5,0.0,1.4929669951051652,0.3,0.0,False
2026-10-10 03:00:00,282,3,5,0.0,1.7035794096377967,0.3,0.0,False
2026-10-10 04:00:00,282,4,5,0.0,1.6727855158896459,0.3,0.0,False
2026-10-10 05:00:00,282,5,5,0.0,1.65769302977617,0.3,0.0,False
2026-10-10 06:00:00,282,6,5,0.0,1.3194732548689498,0.5,0.0,False
2026-10-10 07:00:00,282,7,5,0.11895270185086304,1.5025711001959803,0.5,0.0,False
2026-10-10 08:00:00,282,8,5,0.23141840134518593,1.6834160231223472,0.5,0.0,False
2026-10-10 09:00:00,282,9,5,0.3631729371497628,1.5408517087137057,0.5,0.0,False
2026-10-10 10:00:00,282,10,5,0.3893284136845542,1.5831539857498451,0.3,0.0,False
2026-10-10 11:00:00,282,11,5,0.5521789930565337,1.2918169042326568,0.3,0.0,False
2026-10-10 12:00:00,282,12,5,0.45810183445540165,1.78781848959121,0.3,0.0,False
2026-10-10 13:00:00,282,13,5,0.4436081751179667,1.3812938396151875,0.3,0.0,False
2026-10-10 14:00:00,282,14,5,0.46463062729569066,1.2008362287374705,0.3,0.0,False
2026-10-10 15:00:00,282,15,5,0.24889264888508772,1.44733113932624,0.3,0.0,False
2026-10-10 16:00:00,282,16,5,0.2746221070502993,1.13287742227184,0.5,0.0,False
2026-10-10 17:00:00,282,17,5,0.12924063416267786,1.337231228281325,0.5,0.0,False
2026-10-10 18:00:00,282,18,5,5.904167074704758e-17,1.8837767749656669,0.5,0.0,False
2026-10-10 19:00:00,282,19,5,0.0,1.442993883374517,0.5,0.0,False
2026-10-10 20:00:00,282,20,5,0.0,1.2858319248030314,0.5,0.0,False
2026-10-10 21:00:00,282,21,5,0.0,1.5037946829849176,0.5,0.0,False
2026-10-10 22:00:00,282,22,5,0.0,1.3653294382452037,0.3,0.0,False
2026-10-10 23:00:00,282,23,5,0.0,1.6296778799510896,0.3,0.0,False
2026-10-11 00:00:00,283,0,6,0.0,1.366568283092094,0.3,0.0,False
2026-10-11 01:00:00,283,1,6,0.0,1.5406100565202738,0.3,0.0,False
2026-10-11 02:00:00,283,2,6,0.0,1.3279411444691311,0.3,0.0,False
2026-10-11 03:00:00,283,3,6,0.0,1.889854221718583,0.3,0.0,False
2026-10-11 04:00:00,283,4,6,0.0,1.575543558004097,0.3,0.0,False
2026-10-11 05:00:00,283,5,6,0.0,1.47817413037763,0.3,0.0,False
2026-10-11 06:00:00,283,6,6,0.0,1.4560562624053073,0.5,0.0,False
2026-10-11 07:00:00,283,7,6,0.09884959476927573,1.4169600025125955,0.5,0.0,False
2026-10-11 08:00:00,283,8,6,0.23204584180220814,1.3858629780288723,0.5,0.0,False
2026-10-11 09:00:00,283,9,6,0.3880329828953126,1.3817404910728222,0.5,0.0,False
2026-10-11 10:00:00,283,10,6,0.4264255311577934,1.7517493275692928,0.3,0.0,False
2026-10-11 11:00:00,283,11,6,0.4394669602755051,1.4171079063418142,0.3,0.0,False
2026-10-11 12:00:00,283,12,6,0.6216363090901356,1.180587164004237,0.3,0.0,False
2026-10-11 13:00:00,283,13,6,0.5647311592877556,1.3251048418680158,0.3,0.0,False
2026-10-11 14:00:00,283,14,6,0.43591302324066383,1.6391586929998707,0.3,0.0,False
2026-10-11 15:00:00,283,15,6,0.4547402353019258,1.4621513915112996,0.3,0.0,False
2026-10-11 16:00:00,283,16,6,0.23486771159634154,1.4798877599795444,0.5,0.0,False
2026-10-11 17:00:00,283,17,6,0.15262068153026595,1.675472167712864,0.5,0.0,False
2026-10-11 18:00:00,283,18,6,4.716956989930299e-17,1.3834250116241544,0.5,0.0,False
2026-10-11 19:00:00,283,19,6,0.0,1.5948626583196357,0.5,0.0,False
2026-10-11 20:00:00,283,20,6,0.0,1.3998175275318612,0.5,0.0,False
2026-10-11 21:00:00,283,21,6,0.0,1.5863814955128501,0.5,0.0,False
2026-10-11 22:00:00,283,22,6,0.0,1.4413297123845512,0.3,0.0,False
2026-10-11 23:00:00,283,23,6,0.0,1.4637676237716464,0.3,0.0,False
2026-10-12 00:00:00,284,0,0,0.0,1.6230200486266917,0.3,0.0,False
2026-10-12 01:00:00,284,1,0,0.0,1.612203721152375,0.3,0.0,False
2026-10-12 02:00:00,284,2,0,0.0,1.4751858021893123,0.3,0.0,False
2026-10-12 03:00:00,284,3,0,0.0,1.4292564495007822,0.3,0.0,False
2026-10-12 04:00:00,284,4,0,0.0,1.7398721376722481,0.3,0.0,False
2026-10-12 05:00:00,284,5,0,0.0,1.5883996217246954,0.3,0.0,False
2026-10-12 06:00:00,284,6,0,0.0,1.8413287287013171,0.5,0.0,False
2026-10-12 07:00:00,284,7,0,0.08767116784087814,1.8020373455065366,0.5,0.0,False
2026-10-12 08:00:00,284,8,0,0.25802881125218036,3.8537346260413208,0.5,0.0,False
2026-10-12 09:00:00,284,9,0,0.3611895629013726,3.7173100129079737,0.5,0.0,False
2026-10-12 10:00:00,284,10,0,0.2881225866032335,3.275467050731087,0.3,0.0,False
2026-10-12 11:00:00,284,11,0,0.5893017100433421,3.317246276334389,0.3,0.0,False
2026-10-12 12:00:00,284,12,0,0.5310045265479453,3.3506695311955483,0.3,0.0,False
2026-10-12 13:00:00,284,13,0,0.5523996691904244,3.291496627885384,0.3,0.0,False
2026-10-12 14:00:00,284,14,0,0.4240815353291912,3.480553030026449,0.3,0.0,False
2026-10-12 15:00:00,284,15,0,0.37511341417380106,3.4889007714317977,0.3,0.0,False
2026-10-12 16:00:00,284,16,0,0.20609083031306122,3.3797832178802696,0.5,0.0,False
2026-10-12 17:00:00,284,17,0,0.1674484576147854,3.506207848574344,0.5,0.0,False
2026-10-12 18:00:00,284,18,0,5.622807980664687e-17,1.5012745152207334,0.5,0.0,False
2026-10-12 19:00:00,284,19,0,0.0,1.6035496507506923,0.5,0.0,False
2026-10-12 20:00:00,284,20,0,0.0,1.6506684478307911,0.5,0.0,False
2026-10-12 21:00:00,284,21,0,0.0,1.6528557420024914,0.5,0.0,False
2026-10-12 22:00:00,284,22,0,0.0,1.6373998721607517,0.3,0.0,False
2026-10-12 23:00:00,284,23,0,0.0,1.5946783791122527,0.3,0.0,False
2026-10-13 00:00:00,285,0,1,0.0,1.793569217345713,0.3,0.0,False
2026-10-13 01:00:00,285,1,1,0.0,1.4190456322101763,0.3,0.0,False
2026-10-13 02:00:00,285,2,1,0.0,1.4767168818659684,0.3,0.0,False
2026-10-13 03:00:00,285,3,1,0.0,1.4678234285024798,0.3,0.0,False
2026-10-13 04:00:00,285,4,1,0.0,1.4447899282854286,0.3,0.0,False
2026-10-13 05:00:00,285,5,1,0.0,1.2016841934877596,0.3,0.0,False
2026-10-13 06:00:00,285,6,1,0.0,2.106229720856237,0.5,0.0,False
2026-10-13 07:00:00,285,7,1,0.11953203838219117,1.7460939311430583,0.5,0.0,False
2026-10-13 08:00:00,285,8,1,0.19577696295729993,3.7254722363119144,0.5,0.0,False
2026-10-13 09:00:00,285,9,1,0.4500402357075492,3.4867208233487665,0.5,0.0,False
2026-10-13 10:00:00,285,10,1,0.5630620910691072,3.3931073596079604,0.3,0.0,False
2026-10-13 11:00:00,285,11,1,0.4314332711285112,3.1821905946089704,0.3,0.0,False
2026-10-13 12:00:00,285,12,1,0.5568688810915274,3.129605711383641,0.3,0.0,False
2026-10-13 13:00:00,285,13,1,0.44302517894134347,3.329151519672256,0.3,0.0,False
2026-10-13 14:00:00,285,14,1,0.32151494818739124,3.1948898129276055,0.3,0.0,False
2026-10-13 15:00:00,285,15,1,0.30799619201453576,3.2138761355870438,0.3,0.0,False
2026-10-13 16:00:00,285,16,1,0.20091699925182718,3.325768442279943,0.5,0.0,False
2026-10-13 17:00:00,285,17,1,0.11198828279629873,3.4199984180451626,0.5,0.0,False
2026-10-13 18:00:00,285,18,1,4.847832234626855e-17,1.3772399268192432,0.5,0.0,False
2026-10-13 19:00:00,285,19,1,0.0,1.351321128901275,0.5,0.0,False
2026-10-13 20:00:00,285,20,1,0.0,1.5035225500023413,0.5,0.0,False
2026-10-13 21:00:00,285,21,1,0.0,1.5808878870387124,0.5,0.0,False
2026-10-13 22:00:00,285,22,1,0.0,1.7194132787790937,0.3,0.0,False
2026-10-13 23:00:00,285,23,1,0.0,1.339300560255945,0.3,0.0,False
2026-10-14 00:00:00,286,0,2,0.0,1.452304934809443,0.3,0.0,False
2026-10-14 01:00:00,286,1,2,0.0,1.6763679037612882,0.3,0.0,False
2026-10-14 02:00:00,286,2,2,0.0,1.7959641804208077,0.3,0.0,False
2026-10-14 03:00:00,286,3,2,0.0,1.3510363501036868,0.3,0.0,False
2026-10-14 04:00:00,286,4,2,0.0,1.3891782120290026,0.3,0.0,False
2026-10-14 05:00:00,286,5,2,0.0,1.557165014191479,0.3,0.0,False
2026-10-14 06:00:00,286,6,2,0.0,1.8133385286710368,0.5,0.0,False
2026-10-14 07:00:00,286,7,2,0.1313573662654803,1.786115236823507,0.5,0.0,False
2026-10-14 08:00:00,286,8,2,0.23281852172554468,3.736670590955336,0.5,0.0,False
2026-10-14 09:00:00,286,9,2,0.3091591180392814,3.932412993060966,0.5,0.0,False
2026-10-14 10:00:00,286,10,2,0.343948161398457,3.103577655735092,0.3,0.0,False
2026-10-14 11:00:00,286,11,2,0.46921555708511625,3.524750116166927,0.3,0.0,False
2026-10-14 12:00:00,286,12,2,0.3322670839618009,3.213784617212567,0.3,0.0,False
2026-10-14 13:00:00,286,13,2,0.41546874781885607,3.3518687881887295,0.3,0.0,False
2026-10-14 14:00:00,286,14,2,0.47055164030802327,3.538627608165279,0.3,0.0,False
2026-10-14 15:00:00,286,15,2,0.2538770724454141,3.3487985388453168,0.3,0.0,False
2026-10-14 16:00:00,286,16,2,0.17209830395888423,3.2553763427701217,0.5,0.0,False
2026-10-14 17:00:00,286,17,2,0.13847487503305064,3.4077263434042107,0.5,0.0,False
2026-10-14 18:00:00,286,18,2,5.5432669161405e-17,1.474025069650134,0.5,0.0,False
2026-10-14 19:00:00,286,19,2,0.0,1.578202657439192,0.5,0.0,False
2026-10-14 20:00:00,286,20,2,0.0,1.4692978502433272,0.5,0.0,False
2026-10-14 21:00:00,286,21,2,0.0,1.6291729345483557,0.5,0.0,False
2026-10-14 22:00:00,286,22,2,0.0,1.2908652461174674,0.3,0.0,False
2026-10-14 23:00:00,286,23,2,0.0,1.3479717563859486,0.3,0.0,False
2026-10-15 00:00:00,287,0,3,0.0,1.2886607362698081,0.3,0.0,False
2026-10-15 01:00:00,287,1,3,0.0,1.491535585620549,0.3,0.0,False
2026-10-15 02:00:00,287,2,3,0.0,1.2705692671785345,0.3,0.0,False
2026-10-15 03:00:00,287,3,3,0.0,1.396225263739977,0.3,0.0,False
2026-10-15 04:00:00,287,4,3,0.0,1.3338737093146789,0.3,0.0,False
2026-10-15 05:00:00,287,5,3,0.0,1.7219514344308235,0.3,0.0,False
2026-10-15 06:00:00,287,6,3,0.0,1.751397947173624,0.5,0.0,False
2026-10-15 07:00:00,287,7,3,0.09362918098673309,1.7070181445614985,0.5,0.0,False
2026-10-15 08:00:00,287,8,3,0.3100111810551011,3.737250780064865,0.5,0.0,False
2026-10-15 09:00:00,287,9,3,0.2307516888860892,3.9530231731842487,0.5,0.0,False
2026-10-15 10:00:00,287,10,3,0.44652087238785854,3.282589938113147,0.3,0.0,False
2026-10-15 11:00:00,287,11,3,0.605483886430511,3.2941921040284403,0.3,0.0,False
2026-10-15 12:00:00,287,12,3,0.4377670426150905,3.493613619161771,0.3,0.0,False
2026-10-15 13:00:00,287,13,3,0.4747859961018591,3.431734400732467,0.3,0.0,False
2026-10-15 14:00:00,287,14,3,0.4727029012932198,3.3638122476917838,0.3,0.0,False
2026-10-15 15:00:00,287,15,3,0.2997877765943614,3.212648890739971,0.3,0.0,False
2026-10-15 16:00:00,287,16,3,0.2378095853743424,3.368393685942992,0.5,0.0,False
2026-10-15 17:00:00,287,17,3,0.15137805792446662,3.095882385697097,0.5,0.0,False
2026-10-15 18:00:00,287,18,3,6.879897703308014e-17,1.4064486675911103,0.5,0.0,False
2026-10-15 19:00:00,287,19,3,0.0,1.7147193976432875,0.5,0.0,False
2026-10-15 20:00:00,287,20,3,0.0,1.6952989027111682,0.5,0.0,False
2026-10-15 21:00:00,287,21,3,0.0,1.5656227049003064,0.5,0.0,False
2026-10-15 22:00:00,287,22,3,0.0,1.2105969417935012,0.3,0.0,False
2026-10-15 23:00:00,287,23,3,0.0,1.3187667708025275,0.3,0.0,False
2026-10-16 00:00:00,288,0,4,0.0,1.3980791357078897,0.3,0.0,False
2026-10-16 01:00:00,288,1,4,0.0,1.4742451452991925,0.3,0.0,False
2026-10-16 02:00:00,288,2,4,0.0,1.3124383274241056,0.3,0.0,False
2026-10-16 03:00:00,288,3,4,0.0,1.4630529414626652,0.3,0.0,False
2026-10-16 04:00:00,288,4,4,0.0,1.7650942857233034,0.3,0.0,False
2026-10-16 05:00:00,288,5,4,0.0,1.560125381528801,0.3,0.0,False
2026-10-16 06:00:00,288,6,4,0.0,1.9328239943441554,0.5,0.0,False
2026-10-16 07:00:00,288,7,4,0.1320387567791123,1.7473666871472266,0.5,0.0,False
2026-10-16 08:00:00,288,8,4,0.2801312422864023,3.4541522819931236,0.5,0.0,False
2026-10-16 09:00:00,288,9,4,0.4051751587598291,3.515770536168544,0.5,0.0,False
2026-10-16 10:00:00,288,10,4,0.393476692492287,3.0480916277938483,0.3,0.0,False
2026-10-16 11:00:00,288,11,4,0.4662452812138514,3.311255289336226,0.3,0.0,False
2026-10-16 12:00:00,288,12,4,0.4267454548208681,3.3575828706611035,0.3,0.0,False
2026-10-16 13:00:00,288,13,4,0.3612715411111964,3.155206507077098,0.3,0.0,False
2026-10-16 14:00:00,288,14,4,0.3492540396142412,3.3221879009863717,0.3,0.0,False
2026-10-16 15:00:00,288,15,4,0.43257953360108037,3.5203490724348425,0.3,0.0,False
2026-10-16 16:00:00,288,16,4,0.20939268472837322,3.5936546013520854,0.5,0.0,False
2026-10-16 17:00:00,288,17,4,0.1635205598244719,3.4155615526123824,0.5,0.0,False
2026-10-16 18:00:00,288,18,4,4.8642049908593856e-17,1.4737739244062484,0.5,0.0,False
2026-10-16 19:00:00,288,19,4,0.0,1.6107156365814383,0.5,0.0,False
2026-10-16 20:00:00,288,20,4,0.0,1.702771497551694,0.5,0.0,False
2026-10-16 21:00:00,288,21,4,0.0,1.1989157793314162,0.5,0.0,False
2026-10-16 22:00:00,288,22,4,0.0,1.7223103556694623,0.3,0.0,False
2026-10-16 23:00:00,288,23,4,0.0,1.4183119769110406,0.3,0.0,False
2026-10-17 00:00:00,289,0,5,0.0,1.4197555567593765,0.3,0.0,False
2026-10-17 01:00:00,289,1,5,0.0,1.4467608041121123,0.3,0.0,False
2026-10-17 02:00:00,289,2,5,0.0,1.5480126208163634,0.3,0.0,False
2026-10-17 03:00:00,289,3,5,0.0,1.3333118619451851,0.3,0.0,False
2026-10-17 04:00:00,289,4,5,0.0,1.4572778947963574,0.3,0.0,False
2026-10-17 05:00:00,289,5,5,0.0,1.5787915809746835,0.3,0.0,False
2026-10-17 06:00:00,289,6,5,0.0,1.532785687391099,0.5,0.0,False
2026-10-17 07:00:00,289,7,5,0.13141050596417134,1.5571221771542203,0.5,0.0,False
2026-10-17 08:00:00,289,8,5,0.21984611742245683,1.4514046931428155,0.5,0.0,False
2026-10-17 09:00:00,289,9,5,0.3988927001430416,1.6040564928693988,0.5,0.0,False
2026-10-17 10:00:00,289,10,5,0.4746721569668268,1.6584624183004284,0.3,0.0,False
2026-10-17 11:00:00,289,11,5,0.5265910853560007,1.6494658968244067,0.3,0.0,False
2026-10-17 12:00:00,289,12,5,0.5454886415398928,1.5641415349264705,0.3,0.0,False
2026-10-17 13:00:00,289,13,5,0.5806720020565318,1.6408338913085518,0.3,0.0,False
2026-10-17 14:00:00,289,14,5,0.43938102959399955,1.6306590876172096,0.3,0.0,False
2026-10-17 15:00:00,289,15,5,0.4423319918994623,1.901476186002622,0.3,0.0,False
2026-10-17 16:00:00,289,16,5,0.17795816356453256,1.6827100605073062,0.5,0.0,False
2026-10-17 17:00:00,289,17,5,0.13432242271554645,1.486688379504708,0.5,0.0,False
2026-10-17 18:00:00,289,18,5,6.686604180469396e-17,1.3632481068979696,0.5,0.0,False
2026-10-17 19:00:00,289,19,5,0.0,1.4608289617861334,0.5,0.0,False
2026-10-17 20:00:00,289,20,5,0.0,1.4502322716600031,0.5,0.0,False
2026-10-17 21:00:00,289,21,5,0.0,1.5767133851588802,0.5,0.0,False
2026-10-17 22:00:00,289,22,5,0.0,1.394961563221605,0.3,0.0,False
2026-10-17 23:00:00,289,23,5,0.0,1.6788265757280605,0.3,0.0,False
2026-10-18 00:00:00,290,0,6,0.0,1.2915655491157056,0.3,0.0,False
2026-10-18 01:00:00,290,1,6,0.0,1.2551212295525376,0.3,0.0,False
2026-10-18 02:00:00,290,2,6,0.0,1.4797325988111976,0.3,0.0,False
2026-10-18 03:00:00,290,3,6,0.0,1.3736161426206732,0.3,0.0,False
2026-10-18 04:00:00,290,4,6,0.0,1.3112649219023556,0.3,0.0,False
2026-10-18 05:00:00,290,5,6,0.0,1.4044395067492736,0.3,0.0,False
2026-10-18 06:00:00,290,6,6,0.0,1.3857771256381617,0.5,0.0,False
2026-10-18 07:00:00,290,7,6,0.09598395838901894,1.501520149685133,0.5,0.0,False
2026-10-18 08:00:00,290,8,6,0.2525107558594647,1.4069293817528608,0.5,0.0,False
2026-10-18 09:00:00,290,9,6,0.35033612890567534,1.419129846262489,0.5,0.0,False
2026-10-18 10:00:00,290,10,6,0.48553534766942597,1.499270142266806,0.3,0.0,False
2026-10-18 11:00:00,290,11,6,0.41573365118327976,1.6521362356103138,0.3,0.0,False
2026-10-18 12:00:00,290,12,6,0.3947392060773136,1.7206118198233187,0.3,0.0,False
2026-10-18 13:00:00,290,13,6,0.5957738564081989,1.5221651343726097,0.3,0.0,False
2026-10-18 14:00:00,290,14,6,0.42739112411818103,1.533831467815578,0.3,0.0,False
2026-10-18 15:00:00,290,15,6,0.22958635707695696,1.472521947405624,0.3,0.0,False
2026-10-18 16:00:00,290,16,6,0.287768089477068,1.5721872930088618,0.5,0.0,False
2026-10-18 17:00:00,290,17,6,0.09791157617908505,1.5585329040876208,0.5,0.0,False
2026-10-18 18:00:00,290,18,6,6.914051137129646e-17,1.6988771524632618,0.5,0.0,False
2026-10-18 19:00:00,290,19,6,0.0,1.2166943056266857,0.5,0.0,False
2026-10-18 20:00:00,290,20,6,0.0,1.4648253384431689,0.5,0.0,False
2026-10-18 21:00:00,290,21,6,0.0,1.5508784803691467,0.5,0.0,False
2026-10-18 22:00:00,290,22,6,0.0,1.4960574063686833,0.3,0.0,False
2026-10-18 23:00:00,290,23,6,0.0,1.3591240451855833,0.3,0.0,False
2026-10-19 00:00:00,291,0,0,0.0,1.3050949981139284,0.3,0.0,False
2026-10-19 01:00:00,291,1,0,0.0,1.6209483639043292,0.3,0.0,False
2026-10-19 02:00:00,291,2,0,0.0,1.3864611224405379,0.3,0.0,False
2026-10-19 03:00:00,291,3,0,0.0,1.2367649262741596,0.3,0.0,False
2026-10-19 04:00:00,291,4,0,0.0,1.6284859290014848,0.3,0.0,False
2026-10-19 05:00:00,291,5,0,0.0,1.5688474350669097,0.3,0.0,False
2026-10-19 06:00:00,291,6,0,0.0,1.8826188853812647,0.5,0.0,False
2026-10-19 07:00:00,291,7,0,0.10227866708394238,1.7628172610858457,0.5,0.0,False
2026-10-19 08:00:00,291,8,0,0.2995978369366543,3.6829837834944255,0.5,0.0,False
2026-10-19 09:00:00,291,9,0,0.337416188886082,3.8823381400778807,0.5,0.0,False
2026-10-19 10:00:00,291,10,0,0.4889683143123596,3.05779510709568,0.3,0.0,False
2026-10-19 11:00:00,291,11,0,0.5579446469883408,3.065403357489061,0.3,0.0,False
2026-10-19 12:00:00,291,12,0,0.5451467273175578,3.205835201563138,0.3,0.0,False
2026-10-19 13:00:00,291,13,0,0.4222982751319488,3.296003446981019,0.3,0.0,False
2026-10-19 14:00:00,291,14,0,0.5071914830604228,3.225556215317433,0.3,0.0,False
2026-10-19 15:00:00,291,15,0,0.3870559340370424,3.396422486275053,0.3,0.0,False
2026-10-19 16:00:00,291,16,0,0.27386295993313503,3.4633250916672518,0.5,0.0,False
2026-10-19 17:00:00,291,17,0,0.15464565043330203,3.34181531619112,0.5,0.0,False
2026-10-19 18:00:00,291,18,0,6.151713161437124e-17,1.5840648515634157,0.5,0.0,False
2026-10-19 19:00:00,291,19,0,0.0,1.540814932803551,0.5,0.0,False
2026-10-19 20:00:00,291,20,0,0.0,1.5014262136372978,0.5,0.0,False
2026-10-19 21:00:00,291,21,0,0.0,1.3059661950277957,0.5,0.0,False
2026-10-19 22:00:00,291,22,0,0.0,1.3458012438596059,0.3,0.0,False
2026-10-19 23:00:00,291,23,0,0.0,1.297362228454211,0.3,0.0,False
2026-10-20 00:00:00,292,0,1,0.0,1.4777242807558375,0.3,0.0,False
2026-10-20 01:00:00,292,1,1,0.0,1.534841704688156,0.3,0.0,False
2026-10-20 02:00:00,292,2,1,0.0,1.2826106422827934,0.3,0.0,False
2026-10-20 03:00:00,292,3,1,0.0,1.5108892570653012,0.3,0.0,False
2026-10-20 04:00:00,292,4,1,0.0,1.3687175507609686,0.3,0.0,False
2026-10-20 05:00:00,292,5,1,0.0,1.3396200984694713,0.3,0.0,False
2026-10-20 06:00:00,292,6,1,0.0,1.8061975875158935,0.5,0.0,False
2026-10-20 07:00:00,292,7,1,0.1590584308739345,1.731928525248243,0.5,0.0,False
2026-10-20 08:00:00,292,8,1,0.2157586568482557,3.790998867693893,0.5,0.0,False
2026-10-20 09:00:00,292,9,1,0.22688695501732706,3.6747993372926606,0.5,0.0,False
2026-10-20 10:00:00,292,10,1,0.27778459280038487,3.422282108548138,0.3,0.0,False
2026-10-20 11:00:00,292,11,1,0.4686556716482772,3.2334755471840593,0.3,0.0,False
2026-10-20 12:00:00,292,12,1,0.6205391027412198,3.239147090717447,0.3,0.0,False
2026-10-20 13:00:00,292,13,1,0.5973014039426832,3.5810073961220183,0.3,0.0,False
2026-10-20 14:00:00,292,14,1,0.36173034437306306,3.056540929247949,0.3,0.0,False
2026-10-20 15:00:00,292,15,1,0.3274715697312726,3.4926721865129546,0.3,0.0,False
2026-10-20 16:00:00,292,16,1,0.17186080960490116,3.548178605646874,0.5,0.0,False
2026-10-20 17:00:00,292,17,1,0.1230539582069072,3.4148726244392247,0.5,0.0,False
2026-10-20 18:00:00,292,18,1,6.119051010485085e-17,1.4504294295943463,0.5,0.0,False
2026-10-20 19:00:00,292,19,1,0.0,1.7140353107609612,0.5,0.0,False
2026-10-20 20:00:00,292,20,1,0.0,1.4517357960165003,0.5,0.0,False
2026-10-20 21:00:00,292,21,1,0.0,1.3941321621433918,0.5,0.0,False
2026-10-20 22:00:00,292,22,1,0.0,1.4417597483712505,0.3,0.0,False
2026-10-20 23:00:00,292,23,1,0.0,1.4144709391322192,0.3,0.0,False
2026-10-21 00:00:00,293,0,2,0.0,1.3580065312620626,0.3,0.0,False
2026-10-21 01:00:00,293,1,2,0.0,1.6665011751163448,0.3,0.0,False
2026-10-21 02:00:00,293,2,2,0.0,1.3839827471067325,0.3,0.0,False
2026-10-21 03:00:00,293,3,2,0.0,1.495552951661794,0.3,0.0,False
2026-10-21 04:00:00,293,4,2,0.0,1.2834342165901793,0.3,0.0,False
2026-10-21 05:00:00,293,5,2,0.0,1.5046216022623788,0.3,0.0,False
2026-10-21 06:00:00,293,6,2,0.0,1.726611093366589,0.5,0.0,False
2026-10-21 07:00:00,293,7,2,0.15482308445848272,1.722927126561215,0.5,0.0,False
2026-10-21 08:00:00,293,8,2,0.25773582141966167,3.6836068134855875,0.5,0.0,False
2026-10-21 09:00:00,293,9,2,0.26288974808767257,3.85854583977714,0.5,0.0,False
2026-10-21 10:00:00,293,10,2,0.2918298826496115,3.3660620531609693,0.3,0.0,False
2026-10-21 11:00:00,293,11,2,0.36949960501795276,3.3763680579199136,0.3,0.0,False
2026-10-21 12:00:00,293,12,2,0.6091724051235207,3.280512423003149,0.3,0.0,False
2026-10-21 13:00:00,293,13,2,0.588531729584878,3.2496539602274224,0.3,0.0,False
2026-10-21 14:00:00,293,14,2,0.3715898813414643,3.418671095774135,0.3,0.0,False
2026-10-21 15:00:00,293,15,2,0.2910790454695534,3.2155234256518797,0.3,0.0,False
2026-10-21 16:00:00,293,16,2,0.2344232547023339,3.425165123167154,0.5,0.0,False
2026-10-21 17:00:00,293,17,2,0.10380172777471665,3.4853920408401087,0.5,0.0,False
2026-10-21 18:00:00,293,18,2,7.527533444359944e-17,1.3737919825536333,0.5,0.0,False
2026-10-21 19:00:00,293,19,2,0.0,1.3958331756550189,0.5,0.0,False
2026-10-21 20:00:00,293,20,2,0.0,1.4181456740378093,0.5,0.0,False
2026-10-21 21:00:00,293,21,2,0.0,1.2799556061369881,0.5,0.0,False
2026-10-21 22:00:00,293,22,2,0.0,1.4295895902549214,0.3,0.0,False
2026-10-21 23:00:00,293,23,2,0.0,1.6952174605829258,0.3,0.0,False
2026-10-22 00:00:00,294,0,3,0.0,1.343163668649698,0.3,0.0,False
2026-10-22 01:00:00,294,1,3,0.0,1.6987794162980923,0.3,0.0,False
2026-10-22 02:00:00,294,2,3,0.0,1.4349833313070384,0.3,0.0,False
2026-10-22 03:00:00,294,3,3,0.0,1.817105345565413,0.3,0.0,False
2026-10-22 04:00:00,294,4,3,0.0,1.397728040202686,0.3,0.0,False
2026-10-22 05:00:00,294,5,3,0.0,1.4784027075266761,0.3,0.0,False
2026-10-22 06:00:00,294,6,3,0.0,1.76347254022114,0.5,0.0,False
2026-10-22 07:00:00,294,7,3,0.08482607680900109,1.796844883962126,0.5,0.0,False
2026-10-22 08:00:00,294,8,3,0.2124758135506911,3.9007268750287585,0.5,0.0,False
2026-10-22 09:00:00,294,9,3,0.3950867925933061,3.7711805027708465,0.5,0.0,False
2026-10-22 10:00:00,294,10,3,0.4596827272705848,3.4543226668766174,0.3,0.0,False
2026-10-22 11:00:00,294,11,3,0.5805958080310654,3.102661604851495,0.3,0.0,False
2026-10-22 12:00:00,294,12,3,0.44046078635501046,3.398224267973687,0.3,0.0,False
2026-10-22 13:00:00,294,13,3,0.509166389250292,3.1542835024919293,0.3,0.0,False
2026-10-22 14:00:00,294,14,3,0.4451563562640958,3.0994022230450717,0.3,0.0,False
2026-10-22 15:00:00,294,15,3,0.2656260647562174,3.335814920828033,0.3,0.0,False
2026-10-22 16:00:00,294,16,3,0.20118106936954952,3.334280750011712,0.5,0.0,False
2026-10-22 17:00:00,294,17,3,0.1222131268856821,3.3080018679448724,0.5,0.0,False
2026-10-22 18:00:00,294,18,3,6.79132770579232e-17,1.6076337618941499,0.5,0.0,False
2026-10-22 19:00:00,294,19,3,0.0,1.6310349476450516,0.5,0.0,False
2026-10-22 20:00:00,294,20,3,0.0,1.7204594008790552,0.5,0.0,False
2026-10-22 21:00:00,294,21,3,0.0,1.3214485502541247,0.5,0.0,False
2026-10-22 22:00:00,294,22,3,0.0,1.7253024368175338,0.3,0.0,False
2026-10-22 23:00:00,294,23,3,0.0,1.7823467234543364,0.3,0.0,False
2026-10-23 00:00:00,295,0,4,0.0,1.4450654975321948,0.3,0.0,False
2026-10-23 01:00:00,295,1,4,0.0,1.2497262475390236,0.3,0.0,False
2026-10-23 02:00:00,295,2,4,0.0,1.2924751630396323,0.3,0.0,False
2026-10-23 03:00:00,295,3,4,0.0,1.4307222928599432,0.3,0.0,False
2026-10-23 04:00:00,295,4,4,0.0,1.8021212385461132,0.3,0.0,False
2026-10-23 05:00:00,295,5,4,0.0,1.502562000030477,0.3,0.0,False
2026-10-23 06:00:00,295,6,4,0.0,1.807422382487228,0.5,0.0,False
2026-10-23 07:00:00,295,7,4,0.10098430847414103,1.7971896612464053,0.5,0.0,False
2026-10-23 08:00:00,295,8,4,0.18121025689611933,3.501591651249131,0.5,0.0,False
2026-10-23 09:00:00,295,9,4,0.2881656880103211,3.8311864044520583,0.5,0.0,False
2026-10-23 10:00:00,295,10,4,0.3932472388878076,3.2861896882921373,0.3,0.0,False
2026-10-23 11:00:00,295,11,4,0.4664520214022655,3.614974426464365,0.3,0.0,False
2026-10-23 12:00:00,295,12,4,0.5636589332286469,3.394231409463967,0.3,0.0,False
2026-10-23 13:00:00,295,13,4,0.5243230945493494,3.42449044740859,0.3,0.0,False
2026-10-23 14:00:00,295,14,4,0.44541272743106747,3.263684275388598,0.3,0.0,False
2026-10-23 15:00:00,295,15,4,0.2741419776663924,3.1363454492739766,0.3,0.0,False
2026-10-23 16:00:00,295,16,4,0.22689350281352028,3.1689628529506226,0.5,0.0,False
2026-10-23 17:00:00,295,17,4,0.10605673242160507,3.0946129584166377,0.5,0.0,False
2026-10-23 18:00:00,295,18,4,4.6405721129090665e-17,1.6365592079727136,0.5,0.0,False
2026-10-23 19:00:00,295,19,4,0.0,1.442262721913117,0.5,0.0,False
2026-10-23 20:00:00,295,20,4,0.0,1.64287508093881,0.5,0.0,False
2026-10-23 21:00:00,295,21,4,0.0,1.5203871603461345,0.5,0.0,False
2026-10-23 22:00:00,295,22,4,0.0,1.4560772466344332,0.3,0.0,False
2026-10-23 23:00:00,295,23,4,0.0,1.3245595747547174,0.3,0.0,False
2026-10-24 00:00:00,296,0,5,0.0,1.5452449099444017,0.3,0.0,False
2026-10-24 01:00:00,296,1,5,0.0,1.4672050475329808,0.3,0.0,False
2026-10-24 02:00:00,296,2,5,0.0,1.6353275891933132,0.3,0.0,False
2026-10-24 03:00:00,296,3,5,0.0,1.3926883986186602,0.3,0.0,False
2026-10-24 04:00:00,296,4,5,0.0,1.5924161660245555,0.3,0.0,False
2026-10-24 05:00:00,296,5,5,0.0,1.7461272624333806,0.3,0.0,False
2026-10-24 06:00:00,296,6,5,0.0,1.540883387198958,0.5,0.0,False
2026-10-24 07:00:00,296,7,5,0.12509269073544335,1.6177937179112822,0.5,0.0,False
2026-10-24 08:00:00,296,8,5,0.256107893088317,1.5857835369266369,0.5,0.0,False
2026-10-24 09:00:00,296,9,5,0.3303178565020401,1.7847137226776282,0.5,0.0,False
2026-10-24 10:00:00,296,10,5,0.47725394905817786,1.5557340632540744,0.3,0.0,False
2026-10-24 11:00:00,296,11,5,0.5587815989395195,1.6049938277603264,0.3,0.0,False
2026-10-24 12:00:00,296,12,5,0.4217977071967898,1.4945585957226064,0.3,0.0,False
2026-10-24 13:00:00,296,13,5,0.4979777373430536,1.383841719647586,0.3,0.0,False
2026-10-24 14:00:00,296,14,5,0.3249143959358504,1.3187736471478246,0.3,0.0,False
2026-10-24 15:00:00,296,15,5,0.35631153077683814,1.6900386098455011,0.3,0.0,False
2026-10-24 16:00:00,296,16,5,0.21340715143462705,1.348746094298619,0.5,0.0,False
2026-10-24 17:00:00,296,17,5,0.07948852537110856,1.6118796749675148,0.5,0.0,False
2026-10-24 18:00:00,296,18,5,7.305463940219818e-17,1.5624024945575643,0.5,0.0,False
2026-10-24 19:00:00,296,19,5,0.0,1.6376678017343598,0.5,0.0,False
2026-10-24 20:00:00,296,20,5,0.0,1.4227931966125171,0.5,0.0,False
2026-10-24 21:00:00,296,21,5,0.0,1.3813905128275183,0.5,0.0,False
2026-10-24 22:00:00,296,22,5,0.0,1.5567557757149637,0.3,0.0,False
2026-10-24 23:00:00,296,23,5,0.0,1.456148749018873,0.3,0.0,False
2026-10-25 00:00:00,297,0,6,0.0,1.3153457495090584,0.3,0.0,False
2026-10-25 01:00:00,297,1,6,0.0,1.790778831351052,0.3,0.0,False
2026-10-25 02:00:00,297,2,6,0.0,1.3812887751056182,0.3,0.0,False
2026-10-25 03:00:00,297,3,6,0.0,1.3509550932022478,0.3,0.0,False
2026-10-25 04:00:00,297,4,6,0.0,1.4636796347730934,0.3,0.0,False
2026-10-25 05:00:00,297,5,6,0.0,1.687928785373687,0.3,0.0,False
2026-10-25 06:00:00,297,6,6,0.0,1.1749897435314576,0.5,0.0,False
2026-10-25 07:00:00,297,7,6,0.13161712999305183,1.6754825421863173,0.5,0.0,False
2026-10-25 08:00:00,297,8,6,0.1722575273110177,1.3632789747815546,0.5,0.0,False
2026-10-25 09:00:00,297,9,6,0.26435958652199704,1.5396787860162382,0.5,0.0,False
2026-10-25 10:00:00,297,10,6,0.44948758006783124,1.39859895574143,0.3,0.0,False
2026-10-25 11:00:00,297,11,6,0.3387095737630004,1.798787528100301,0.3,0.0,False
2026-10-25 12:00:00,297,12,6,0.43126782120258167,1.5186930129963527,0.3,0.0,False
2026-10-25 13:00:00,297,13,6,0.5017789924504745,1.3937862674488146,0.3,0.0,False
2026-10-25 14:00:00,297,14,6,0.46369472127969313,1.4548363017243464,0.3,0.0,False
2026-10-25 15:00:00,297,15,6,0.23479755371823294,1.513445561235253,0.3,0.0,False
2026-10-25 16:00:00,297,16,6,0.2808351942058105,1.52665149116433,0.5,0.0,False
2026-10-25 17:00:00,297,17,6,0.1353219009073585,1.565814372528198,0.5,0.0,False
2026-10-25 18:00:00,297,18,6,4.974260682637055e-17,1.4997893088476528,0.5,0.0,False
2026-10-25 19:00:00,297,19,6,0.0,1.2934256375086925,0.5,0.0,False
2026-10-25 20:00:00,297,20,6,0.0,1.4489598493647509,0.5,0.0,False
2026-10-25 21:00:00,297,21,6,0.0,1.5909987562261287,0.5,0.0,False
2026-10-25 22:00:00,297,22,6,0.0,1.3995175790431498,0.3,0.0,False
2026-10-25 23:00:00,297,23,6,0.0,1.6009171919547567,0.3,0.0,False
2026-10-26 00:00:00,298,0,0,0.0,1.5047577199436715,0.3,0.0,False
2026-10-26 01:00:00,298,1,0,0.0,1.4673389764850264,0.3,0.0,False
2026-10-26 02:00:00,298,2,0,0.0,1.6791215838809388,0.3,0.0,False
2026-10-26 03:00:00,298,3,0,0.0,1.2392802833423577,0.3,0.0,False
2026-10-26 04:00:00,298,4,0,0.0,1.3987018652603025,0.3,0.0,False
2026-10-26 05:00:00,298,5,0,0.0,1.6848643064518163,0.3,0.0,False
2026-10-26 06:00:00,298,6,0,0.0,2.17450737447303,0.5,0.0,False
2026-10-26 07:00:00,298,7,0,0.09095350693136499,2.242898872700755,0.5,0.0,False
2026-10-26 08:00:00,298,8,0,0.2391638297222014,3.7075533295507452,0.5,0.0,False
2026-10-26 09:00:00,298,9,0,0.30900662897477416,3.768684606942331,0.5,0.0,False
2026-10-26 10:00:00,298,10,0,0.4101626697230808,3.42261417408535,0.3,0.0,False
2026-10-26 11:00:00,298,11,0,0.5236845591550603,3.4912612908237426,0.3,0.0,False
2026-10-26 12:00:00,298,12,0,0.5824637696418712,3.346963790201214,0.3,0.0,False
2026-10-26 13:00:00,298,13,0,0.41282599535706155,3.43892233851691,0.3,0.0,False
2026-10-26 14:00:00,298,14,0,0.44860359086749957,3.368966070066678,0.3,0.0,False
2026-10-26 15:00:00,298,15,0,0.25517156034332145,3.3783335912862564,0.3,0.0,False
2026-10-26 16:00:00,298,16,0,0.23135430270976964,3.1622446144649876,0.5,0.0,False
2026-10-26 17:00:00,298,17,0,0.07974255395564372,3.2506179420935664,0.5,0.0,False
2026-10-26 18:00:00,298,18,0,5.552807745424237e-17,1.421584620288327,0.5,0.0,False
2026-10-26 19:00:00,298,19,0,0.0,1.3216656819632218,0.5,0.0,False
2026-10-26 20:00:00,298,20,0,0.0,1.2522592163683628,0.5,0.0,False
2026-10-26 21:00:00,298,21,0,0.0,1.4364558752111778,0.5,0.0,False
2026-10-26 22:00:00,298,22,0,0.0,1.460417651034561,0.3,0.0,False
2026-10-26 23:00:00,298,23,0,0.0,1.5157555614041762,0.3,0.0,False
2026-10-27 00:00:00,299,0,1,0.0,1.583360676126021,0.3,0.0,False
2026-10-27 01:00:00,299,1,1,0.0,1.5282183365408732,0.3,0.0,False
2026-10-27 02:00:00,299,2,1,0.0,1.4614633233704135,0.3,0.0,False
2026-10-27 03:00:00,299,3,1,0.0,1.3627310526334688,0.3,0.0,False
2026-10-27 04:00:00,299,4,1,0.0,1.6315603646251826,0.3,0.0,False
2026-10-27 05:00:00,299,5,1,0.0,1.4847266674065898,0.3,0.0,False
2026-10-27 06:00:00,299,6,1,0.0,1.8349315307489635,0.5,0.0,False
2026-10-27 07:00:00,299,7,1,0.1052805619193952,1.8720318576380095,0.5,0.0,False
2026-10-27 08:00:00,299,8,1,0.1599857426166554,3.5900883478967938,0.5,0.0,False
2026-10-27 09:00:00,299,9,1,0.29737640794322373,3.620398911488334,0.5,0.0,False
2026-10-27 10:00:00,299,10,1,0.32728900373288367,3.2156312530064715,0.3,0.0,False
2026-10-27 11:00:00,299,11,1,0.38367542846651237,3.2568993872999297,0.3,0.0,False
2026-10-27 12:00:00,299,12,1,0.34865108422431124,3.3983632435227134,0.3,0.0,False
2026-10-27 13:00:00,299,13,1,0.4803696565225725,3.361066810281091,0.3,0.0,False
2026-10-27 14:00:00,299,14,1,0.3963619541317452,3.5320106110921174,0.3,0.0,False
2026-10-27 15:00:00,299,15,1,0.26940834826437804,3.481759363816801,0.3,0.0,False
2026-10-27 16:00:00,299,16,1,0.23292164901390636,3.593463265985186,0.5,0.0,False
2026-10-27 17:00:00,299,17,1,0.11582393556537705,3.383873771950624,0.5,0.0,False
2026-10-27 18:00:00,299,18,1,6.593839551739596e-17,1.5814657833560295,0.5,0.0,False
2026-10-27 19:00:00,299,19,1,0.0,1.4268876333544296,0.5,0.0,False
2026-10-27 20:00:00,299,20,1,0.0,1.6239022346243248,0.5,0.0,False
2026-10-27 21:00:00,299,21,1,0.0,1.4015824604935365,0.5,0.0,False
2026-10-27 22:00:00,299,22,1,0.0,1.2794316713427631,0.3,0.0,False
2026-10-27 23:00:00,299,23,1,0.0,1.7289485088371632,0.3,0.0,False
2026-10-28 00:00:00,300,0,2,0.0,1.3126227608050993,0.3,0.0,False
2026-10-28 01:00:00,300,1,2,0.0,1.5658277684393398,0.3,0.0,False
2026-10-28 02:00:00,300,2,2,0.0,1.3679502940749957,0.3,0.0,False
2026-10-28 03:00:00,300,3,2,0.0,1.6690001434187751,0.3,0.0,False
2026-10-28 04:00:00,300,4,2,0.0,1.6894424978656044,0.3,0.0,False
2026-10-28 05:00:00,300,5,2,0.0,1.5793766711134778,0.3,0.0,False
2026-10-28 06:00:00,300,6,2,0.0,2.0869547064214298,0.5,0.0,False
2026-10-28 07:00:00,300,7,2,0.08027793047192447,1.9011005613746683,0.5,0.0,False
2026-10-28 08:00:00,300,8,2,0.1749264692094871,4.035126202123907,0.5,0.0,False
2026-10-28 09:00:00,300,9,2,0.3421735157141436,3.811924785023936,0.5,0.0,False
2026-10-28 10:00:00,300,10,2,0.3909112304921984,3.1649172660564457,0.3,0.0,False
2026-10-28 11:00:00,300,11,2,0.5145565178517447,3.3104410063116205,0.3,0.0,False
2026-10-28 12:00:00,300,12,2,0.4944536548254072,3.2771246960677396,0.3,0.0,False
2026-10-28 13:00:00,300,13,2,0.4611050160986332,3.262436391234351,0.3,0.0,False
2026-10-28 14:00:00,300,14,2,0.46861631396346387,3.051429115815119,0.3,0.0,False
2026-10-28 15:00:00,300,15,2,0.2251696231460462,3.358029681666519,0.3,0.0,False
2026-10-28 16:00:00,300,16,2,0.25201773644802244,3.092137053158917,0.5,0.0,False
2026-10-28 17:00:00,300,17,2,0.13235991712537643,2.921188907921642,0.5,0.0,False
2026-10-28 18:00:00,300,18,2,4.655038862516529e-17,1.4483979538315044,0.5,0.0,False
2026-10-28 19:00:00,300,19,2,0.0,1.3866159519911643,0.5,0.0,False
2026-10-28 20:00:00,300,20,2,0.0,1.370769448104667,0.5,0.0,False
2026-10-28 21:00:00,300,21,2,0.0,1.034535607445172,0.5,0.0,False
2026-10-28 22:00:00,300,22,2,0.0,1.3723735686070428,0.3,0.0,False
2026-10-28 23:00:00,300,23,2,0.0,1.4739537202240947,0.3,0.0,False
2026-10-29 00:00:00,301,0,3,0.0,1.404876908985586,0.3,0.0,False
2026-10-29 01:00:00,301,1,3,0.0,1.5581015514379997,0.3,0.0,False
2026-10-29 02:00:00,301,2,3,0.0,1.7088990972713343,0.3,0.0,False
2026-10-29 03:00:00,301,3,3,0.0,1.5774551160382764,0.3,0.0,False
2026-10-29 04:00:00,301,4,3,0.0,1.6539591441152979,0.3,0.0,False
2026-10-29 05:00:00,301,5,3,0.0,1.6663690034472673,0.3,0.0,False
2026-10-29 06:00:00,301,6,3,0.0,1.747170884939993,0.5,0.0,False
2026-10-29 07:00:00,301,7,3,0.09375085167200252,1.9658672039029292,0.5,0.0,False
2026-10-29 08:00:00,301,8,3,0.17736406924068232,3.8492736030048196,0.5,0.0,False
2026-10-29 09:00:00,301,9,3,0.2879454685824634,3.6346059282927277,0.5,0.0,False
2026-10-29 10:00:00,301,10,3,0.412211704267408,3.1814060024954562,0.3,0.0,False
2026-10-29 11:00:00,301,11,3,0.5101796721614023,3.3795609688824664,0.3,0.0,False
2026-10-29 12:00:00,301,12,3,0.40446674262095633,3.077755669231848,0.3,0.0,False
2026-10-29 13:00:00,301,13,3,0.46552346649401927,3.136799312540056,0.3,0.0,False
2026-10-29 14:00:00,301,14,3,0.38043581701376933,3.1999865478624847,0.3,0.0,False
2026-10-29 15:00:00,301,15,3,0.3870064734392532,3.367577131969606,0.3,0.0,False
2026-10-29 16:00:00,301,16,3,0.23253563796566984,3.3328368782333495,0.5,0.0,False
2026-10-29 17:00:00,301,17,3,0.09895425631611622,3.4548556319328196,0.5,0.0,False
2026-10-29 18:00:00,301,18,3,6.183868482723848e-17,1.3617194918454871,0.5,0.0,False
2026-10-29 19:00:00,301,19,3,0.0,1.3536790543098738,0.5,0.0,False
2026-10-29 20:00:00,301,20,3,0.0,1.5785867953124497,0.5,0.0,False
2026-10-29 21:00:00,301,21,3,0.0,1.3801999643839447,0.5,0.0,False
2026-10-29 22:00:00,301,22,3,0.0,1.409474412675837,0.3,0.0,False
2026-10-29 23:00:00,301,23,3,0.0,1.2214852741122377,0.3,0.0,False
2026-10-30 00:00:00,302,0,4,0.0,1.5436269002120382,0.3,0.0,False
2026-10-30 01:00:00,302,1,4,0.0,1.7311935707724253,0.3,0.0,False
2026-10-30 02:00:00,302,2,4,0.0,1.345606662554943,0.3,0.0,False
2026-10-30 03:00:00,302,3,4,0.0,1.653255541758017,0.3,0.0,False
2026-10-30 04:00:00,302,4,4,0.0,1.4910902128515073,0.3,0.0,False
2026-10-30 05:00:00,302,5,4,0.0,1.2351878042384954,0.3,0.0,False
2026-10-30 06:00:00,302,6,4,0.0,1.7657909716557807,0.5,0.0,False
2026-10-30 07:00:00,302,7,4,0.08001242843604062,1.756529900079434,0.5,0.0,False
2026-10-30 08:00:00,302,8,4,0.21343868284707182,3.652520832228906,0.5,0.0,False
2026-10-30 09:00:00,302,9,4,0.3976642679610911,3.7629271432670053,0.5,0.0,False
2026-10-30 10:00:00,302,10,4,0.43692946991295534,3.5773384255862144,0.3,0.0,False
2026-10-30 11:00:00,302,11,4,0.29920663032414146,3.085328130762227,0.3,0.0,False
2026-10-30 12:00:00,302,12,4,0.5552938402495925,3.2272833904620017,0.3,0.0,False
2026-10-30 13:00:00,302,13,4,0.5200522148864145,3.1656028720633933,0.3,0.0,False
2026-10-30 14:00:00,302,14,4,0.3947989787790293,3.1098030807766053,0.3,0.0,False
2026-10-30 15:00:00,302,15,4,0.21308452025293664,3.3143171529914346,0.3,0.0,False
2026-10-30 16:00:00,302,16,4,0.23025772210889975,3.300221998678027,0.5,0.0,False
2026-10-30 17:00:00,302,17,4,0.08044947694443157,3.0279296479375697,0.5,0.0,False
2026-10-30 18:00:00,302,18,4,4.76599062276563e-17,1.5027225791918197,0.5,0.0,False
2026-10-30 19:00:00,302,19,4,0.0,1.3191906010633292,0.5,0.0,False
2026-10-30 20:00:00,302,20,4,0.0,1.5017741578702464,0.5,0.0,False
2026-10-30 21:00:00,302,21,4,0.0,1.6904244739809136,0.5,0.0,False
2026-10-30 22:00:00,302,22,4,0.0,1.5694601941613908,0.3,0.0,False
2026-10-30 23:00:00,302,23,4,0.0,1.5266275641610634,0.3,0.0,False
2026-10-31 00:00:00,303,0,5,0.0,1.420685136389492,0.3,0.0,False
2026-10-31 01:00:00,303,1,5,0.0,1.5100301476267162,0.3,0.0,False
2026-10-31 02:00:00,303,2,5,0.0,1.5844881333371224,0.3,0.0,False
2026-10-31 03:00:00,303,3,5,0.0,1.5696249514212615,0.3,0.0,False
2026-10-31 04:00:00,303,4,5,0.0,1.4851171854279683,0.3,0.0,False
2026-10-31 05:00:00,303,5,5,0.0,1.5326064485908373,0.3,0.0,False
2026-10-31 06:00:00,303,6,5,0.0,1.302515726993688,0.5,0.0,False
2026-10-31 07:00:00,303,7,5,0.13198154517819696,1.3898494837833393,0.5,0.0,False
2026-10-31 08:00:00,303,8,5,0.2518740805266985,1.6061339628818978,0.5,0.0,False
2026-10-31 09:00:00,303,9,5,0.22505416661464098,1.6263049427061311,0.5,0.0,False
2026-10-31 10:00:00,303,10,5,0.29400648515229033,1.5140397886259043,0.3,0.0,False
2026-10-31 11:00:00,303,11,5,0.3206955907668523,1.7218448601547727,0.3,0.0,False
2026-10-31 12:00:00,303,12,5,0.5664204508238846,1.576202912469205,0.3,0.0,False
2026-10-31 13:00:00,303,13,5,0.5417586146460056,1.4650308723205403,0.3,0.0,False
2026-10-31 14:00:00,303,14,5,0.45624932544789587,1.3170370870439163,0.3,0.0,False
2026-10-31 15:00:00,303,15,5,0.23144757689511078,1.715809987504337,0.3,0.0,False
2026-10-31 16:00:00,303,16,5,0.23071377801675305,1.6155476185731865,0.5,0.0,False
2026-10-31 17:00:00,303,17,5,0.0900648279074081,1.7697467134395777,0.5,0.0,False
2026-10-31 18:00:00,303,18,5,4.911823143805302e-17,1.8250271183255873,0.5,0.0,False
2026-10-31 19:00:00,303,19,5,0.0,1.3069589539825859,0.5,0.0,False
2026-10-31 20:00:00,303,20,5,0.0,1.3073499383809222,0.5,0.0,False
2026-10-31 21:00:00,303,21,5,0.0,1.07052001311464,0.5,0.0,False
2026-10-31 22:00:00,303,22,5,0.0,1.6377543205544633,0.3,0.0,False
2026-10-31 23:00:00,303,23,5,0.0,1.5984724031231399,0.3,0.0,False
2026-11-01 00:00:00,304,0,6,0.0,1.514666850018877,0.3,0.0,False
2026-11-01 01:00:00,304,1,6,0.0,1.31608001534349,0.3,0.0,False
2026-11-01 02:00:00,304,2,6,0.0,1.4866449466312843,0.3,0.0,False
2026-11-01 03:00:00,304,3,6,0.0,1.5277058242511559,0.3,0.0,False
2026-11-01 04:00:00,304,4,6,0.0,1.6174088500318755,0.3,0.0,False
2026-11-01 05:00:00,304,5,6,0.0,1.540948037169793,0.3,0.0,False
2026-11-01 06:00:00,304,6,6,0.0,1.5995701942486749,0.5,0.0,False
2026-11-01 07:00:00,304,7,6,0.11143992200865761,1.4813803695128926,0.5,0.0,False
2026-11-01 08:00:00,304,8,6,0.22318399382974696,1.6772222840887878,0.5,0.0,False
2026-11-01 09:00:00,304,9,6,0.2993726217949979,1.5947595116165163,0.5,0.0,False
2026-11-01 10:00:00,304,10,6,0.2707644344621194,1.3219600393948763,0.3,0.0,False
2026-11-01 11:00:00,304,11,6,0.5031668704716664,1.7083830551484362,0.3,0.0,False
2026-11-01 12:00:00,304,12,6,0.3283400310965807,1.6838357284072705,0.3,0.0,False
2026-11-01 13:00:00,304,13,6,0.3926546681953079,1.5698212105579412,0.3,0.0,False
2026-11-01 14:00:00,304,14,6,0.3500888542221224,1.5421076557481197,0.3,0.0,False
2026-11-01 15:00:00,304,15,6,0.26383686468638057,1.7487917353317488,0.3,0.0,False
2026-11-01 16:00:00,304,16,6,0.2044098154732008,1.255003070059189,0.5,0.0,False
2026-11-01 17:00:00,304,17,6,0.12206857044047455,1.6861836786089477,0.5,0.0,False
2026-11-01 18:00:00,304,18,6,4.681321783381232e-17,1.4285689952138474,0.5,0.0,False
2026-11-01 19:00:00,304,19,6,0.0,1.664276616961558,0.5,0.0,False
2026-11-01 20:00:00,304,20,6,0.0,1.5180563770753563,0.5,0.0,False
2026-11-01 21:00:00,304,21,6,0.0,1.3135610964887643,0.5,0.0,False
2026-11-01 22:00:00,304,22,6,0.0,1.4255220284946464,0.3,0.0,False
2026-11-01 23:00:00,304,23,6,0.0,1.653259360974895,0.3,0.0,False
2026-11-02 00:00:00,305,0,0,0.0,1.468468817802019,0.3,0.0,False
2026-11-02 01:00:00,305,1,0,0.0,1.4067771877922843,0.3,0.0,False
2026-11-02 02:00:00,305,2,0,0.0,1.4057741913307469,0.3,0.0,False
2026-11-02 03:00:00,305,3,0,0.0,1.5963371133350686,0.3,0.0,False
2026-11-02 04:00:00,305,4,0,0.0,1.7625952545209944,0.3,0.0,False
2026-11-02 05:00:00,305,5,0,0.0,1.1788674944045576,0.3,0.0,False
2026-11-02 06:00:00,305,6,0,0.0,2.320102667101493,0.5,0.0,False
2026-11-02 07:00:00,305,7,0,0.10720327943622121,1.9305619343464195,0.5,0.0,False
2026-11-02 08:00:00,305,8,0,0.18507323015080016,3.7870336202948236,0.5,0.0,False
2026-11-02 09:00:00,305,9,0,0.29239186893849295,3.634560737927889,0.5,0.0,False
2026-11-02 10:00:00,305,10,0,0.30417445629808604,3.2994727312714756,0.3,0.0,False
2026-11-02 11:00:00,305,11,0,0.5280261995207968,3.328876951819666,0.3,0.0,False
2026-11-02 12:00:00,305,12,0,0.3946086669788628,3.1426356011494447,0.3,0.0,False
2026-11-02 13:00:00,305,13,0,0.4642729376804993,3.1791477842613705,0.3,0.0,False
2026-11-02 14:00:00,305,14,0,0.3487392501276968,3.477685131133688,0.3,0.0,False
2026-11-02 15:00:00,305,15,0,0.3898408795816847,3.067147973196117,0.3,0.0,False
2026-11-02 16:00:00,305,16,0,0.23806581944637598,3.366155865497031,0.5,0.0,False
2026-11-02 17:00:00,305,17,0,0.11166726210350417,3.244422463594622,0.5,0.0,False
2026-11-02 18:00:00,305,18,0,4.0194378724313715e-17,1.3558939275786637,0.5,0.0,False
2026-11-02 19:00:00,305,19,0,0.0,1.79578977779541,0.5,0.0,False
2026-11-02 20:00:00,305,20,0,0.0,1.3568246158107844,0.5,0.0,False
2026-11-02 21:00:00,305,21,0,0.0,1.3304847000398292,0.5,0.0,False
2026-11-02 22:00:00,305,22,0,0.0,1.4719540944719196,0.3,0.0,False
2026-11-02 23:00:00,305,23,0,0.0,1.3847162048846848,0.3,0.0,False
2026-11-03 00:00:00,306,0,1,0.0,1.5009570985491822,0.3,0.0,False
2026-11-03 01:00:00,306,1,1,0.0,1.5233098944977086,0.3,0.0,False
2026-11-03 02:00:00,306,2,1,0.0,1.5351987098452389,0.3,0.0,False
2026-11-03 03:00:00,306,3,1,0.0,1.4814163729134655,0.3,0.0,False
2026-11-03 04:00:00,306,4,1,0.0,1.3946757445361662,0.3,0.0,False
2026-11-03 05:00:00,306,5,1,0.0,1.5965104564018995,0.3,0.0,False
2026-11-03 06:00:00,306,6,1,0.0,1.8832460850243784,0.5,0.0,False
2026-11-03 07:00:00,306,7,1,0.0863926669896252,1.8256574031917532,0.5,0.0,False
2026-11-03 08:00:00,306,8,1,0.28155614917416677,3.921999054864628,0.5,0.0,False
2026-11-03 09:00:00,306,9,1,0.3212043145017421,3.681803205941282,0.5,0.0,False
2026-11-03 10:00:00,306,10,1,0.3718076851137767,3.4637979902244886,0.3,0.0,False
2026-11-03 11:00:00,306,11,1,0.38555482206321723,3.4840257670664085,0.3,0.0,False
2026-11-03 12:00:00,306,12,1,0.4926056028880457,3.4931509253138686,0.3,0.0,False
2026-11-03 13:00:00,306,13,1,0.3178577740751906,3.403673671216665,0.3,0.0,False
2026-11-03 14:00:00,306,14,1,0.31866191977969494,3.299904975468635,0.3,0.0,False
2026-11-03 15:00:00,306,15,1,0.33761701622494417,3.290393746402346,0.3,0.0,False
2026-11-03 16:00:00,306,16,1,0.21323659602695183,3.2633819822275063,0.5,0.0,False
2026-11-03 17:00:00,306,17,1,0.13209818945968088,2.974965649498031,0.5,0.0,False
2026-11-03 18:00:00,306,18,1,6.698969375609731e-17,1.6078210208621793,0.5,0.0,False
2026-11-03 19:00:00,306,19,1,0.0,1.5366698349577619,0.5,0.0,False
2026-11-03 20:00:00,306,20,1,0.0,1.623828639931294,0.5,0.0,False
2026-11-03 21:00:00,306,21,1,0.0,1.4824497672792054,0.5,0.0,False
2026-11-03 22:00:00,306,22,1,0.0,1.5997237742930288,0.3,0.0,False
2026-11-03 23:00:00,306,23,1,0.0,1.2933739405707834,0.3,0.0,False
2026-11-04 00:00:00,307,0,2,0.0,1.3246101586107646,0.3,0.0,False
2026-11-04 01:00:00,307,1,2,0.0,1.1285682600417928,0.3,0.0,False
2026-11-04 02:00:00,307,2,2,0.0,1.479847620625256,0.3,0.0,False
2026-11-04 03:00:00,307,3,2,0.0,1.3841211618332099,0.3,0.0,False
2026-11-04 04:00:00,307,4,2,0.0,1.3644927187244371,0.3,0.0,False
2026-11-04 05:00:00,307,5,2,0.0,1.5501978566947963,0.3,0.0,False
2026-11-04 06:00:00,307,6,2,0.0,1.8361739208703556,0.5,0.0,False
2026-11-04 07:00:00,307,7,2,0.0850594616381241,1.6850363489794504,0.5,0.0,False
2026-11-04 08:00:00,307,8,2,0.15476118914218054,4.081715015912814,0.5,0.0,False
2026-11-04 09:00:00,307,9,2,0.3969234044664458,3.694448406926788,0.5,0.0,False
2026-11-04 10:00:00,307,10,2,0.3541377878392876,3.1375255420596453,0.3,0.0,False
2026-11-04 11:00:00,307,11,2,0.37413406697351304,3.1995246808600424,0.3,0.0,False
2026-11-04 12:00:00,307,12,2,0.3889905034193257,3.2740285546486194,0.3,0.0,False
2026-11-04 13:00:00,307,13,2,0.38200551868962446,3.27371310566142,0.3,0.0,False
2026-11-04 14:00:00,307,14,2,0.4830941499423426,3.4953246409568814,0.3,0.0,False
2026-11-04 15:00:00,307,15,2,0.21551614337340733,3.2880855063551686,0.3,0.0,False
2026-11-04 16:00:00,307,16,2,0.1604745349415318,3.5782812257802377,0.5,0.0,False
2026-11-04 17:00:00,307,17,2,0.13284553202617114,3.235136558398184,0.5,0.0,False
2026-11-04 18:00:00,307,18,2,5.442009719382911e-17,1.5639654060389838,0.5,0.0,False
2026-11-04 19:00:00,307,19,2,0.0,1.6532970291491746,0.5,0.0,False
2026-11-04 20:00:00,307,20,2,0.0,1.6792728457067518,0.5,0.0,False
2026-11-04 21:00:00,307,21,2,0.0,1.6967808326143219,0.5,0.0,False
2026-11-04 22:00:00,307,22,2,0.0,1.4591982388679798,0.3,0.0,False
2026-11-04 23:00:00,307,23,2,0.0,1.499176610958762,0.3,0.0,False
2026-11-05 00:00:00,308,0,3,0.0,1.1280866150154487,0.3,0.0,False
2026-11-05 01:00:00,308,1,3,0.0,1.470598494209916,0.3,0.0,False
2026-11-05 02:00:00,308,2,3,0.0,1.6636881266894972,0.3,0.0,False
2026-11-05 03:00:00,308,3,3,0.0,1.6345254719783824,0.3,0.0,False
2026-11-05 04:00:00,308,4,3,0.0,1.4870269318484879,0.3,0.0,False
2026-11-05 05:00:00,308,5,3,0.0,1.7548709164394936,0.3,0.0,False
2026-11-05 06:00:00,308,6,3,0.0,1.8423992073482789,0.5,0.0,False
2026-11-05 07:00:00,308,7,3,0.1306455956813561,1.792579026397015,0.5,0.0,False
2026-11-05 08:00:00,308,8,3,0.21929588412897572,3.6297757397160444,0.5,0.0,False
2026-11-05 09:00:00,308,9,3,0.25312600277299724,3.5316302462745823,0.5,0.0,False
2026-11-05 10:00:00,308,10,3,0.3264532490214197,3.3933592547555302,0.3,0.0,False
2026-11-05 11:00:00,308,11,3,0.41758797108561624,3.343272271741291,0.3,0.0,False
2026-11-05 12:00:00,308,12,3,0.43994143110805134,3.3914969169559575,0.3,0.0,False
2026-11-05 13:00:00,308,13,3,0.2793387667606545,3.2378443272103183,0.3,0.0,False
2026-11-05 14:00:00,308,14,3,0.48410647407306295,3.2912890530991117,0.3,0.0,False
2026-11-05 15:00:00,308,15,3,0.3178482558225315,2.9732371914886637,0.3,0.0,False
2026-11-05 16:00:00,308,16,3,0.22668578431482142,3.356433832696657,0.5,0.0,False
2026-11-05 17:00:00,308,17,3,0.08945331456000825,3.3148262182589474,0.5,0.0,False
2026-11-05 18:00:00,308,18,3,6.166511460221557e-17,1.3349208507759802,0.5,0.0,False
2026-11-05 19:00:00,308,19,3,0.0,1.4843013701870105,0.5,0.0,False
2026-11-05 20:00:00,308,20,3,0.0,1.461322604689475,0.5,0.0,False
2026-11-05 21:00:00,308,21,3,0.0,1.7646467902511238,0.5,0.0,False
2026-11-05 22:00:00,308,22,3,0.0,1.3408309547808293,0.3,0.0,False
2026-11-05 23:00:00,308,23,3,0.0,1.5497139268300053,0.3,0.0,False
2026-11-06 00:00:00,309,0,4,0.0,1.336384747098246,0.3,0.0,False
2026-11-06 01:00:00,309,1,4,0.0,1.4163189833894594,0.3,0.0,False
2026-11-06 02:00:00,309,2,4,0.0,1.5415228430538346,0.3,0.0,False
2026-11-06 03:00:00,309,3,4,0.0,1.4682955513705334,0.3,0.0,False
2026-11-06 04:00:00,309,4,4,0.0,1.4991013715679666,0.3,0.0,False
2026-11-06 05:00:00,309,5,4,0.0,1.5499083162347955,0.3,0.0,False
2026-11-06 06:00:00,309,6,4,0.0,1.8259465643202162,0.5,0.0,False
2026-11-06 07:00:00,309,7,4,0.1099173185161104,2.032621980222316,0.5,0.0,False
2026-11-06 08:00:00,309,8,4,0.24815243416883387,3.654178038514359,0.5,0.0,False
2026-11-06 09:00:00,309,9,4,0.23815293277634836,3.685366680767114,0.5,0.0,False
2026-11-06 10:00:00,309,10,4,0.48975914791159714,3.354196691188178,0.3,0.0,False
2026-11-06 11:00:00,309,11,4,0.3184136689383416,3.334050030174725,0.3,0.0,False
2026-11-06 12:00:00,309,12,4,0.45391195312190685,3.3966341886814275,0.3,0.0,False
2026-11-06 13:00:00,309,13,4,0.5287898442117179,3.3475446602227055,0.3,0.0,False
2026-11-06 14:00:00,309,14,4,0.45039844715832034,3.370354599233426,0.3,0.0,False
2026-11-06 15:00:00,309,15,4,0.3306994863756928,3.2511941228752286,0.3,0.0,False
2026-11-06 16:00:00,309,16,4,0.24343300722383926,3.1396843352871717,0.5,0.0,False
2026-11-06 17:00:00,309,17,4,0.0833121876176787,3.085854164587071,0.5,0.0,False
2026-11-06 18:00:00,309,18,4,3.5091976238768996e-17,1.249393477853655,0.5,0.0,False
2026-11-06 19:00:00,309,19,4,0.0,1.7644090076593915,0.5,0.0,False
2026-11-06 20:00:00,309,20,4,0.0,1.1680839883658811,0.5,0.0,False
2026-11-06 21:00:00,309,21,4,0.0,1.6790585248465653,0.5,0.0,False
2026-11-06 22:00:00,309,22,4,0.0,1.376869648305379,0.3,0.0,False
2026-11-06 23:00:00,309,23,4,0.0,1.6779661458179707,0.3,0.0,False
2026-11-07 00:00:00,310,0,5,0.0,1.1696189958126826,0.3,0.0,False
2026-11-07 01:00:00,310,1,5,0.0,1.4647359147175076,0.3,0.0,False
2026-11-07 02:00:00,310,2,5,0.0,1.7181036604537903,0.3,0.0,False
2026-11-07 03:00:00,310,3,5,0.0,1.6069814345213373,0.3,0.0,False
2026-11-07 04:00:00,310,4,5,0.0,1.4494101808963813,0.3,0.0,False
2026-11-07 05:00:00,310,5,5,0.0,1.2085534047707278,0.3,0.0,False
2026-11-07 06:00:00,310,6,5,0.0,1.3016267216773603,0.5,0.0,False
2026-11-07 07:00:00,310,7,5,0.10007320658151946,1.7083720644839069,0.5,0.0,False
2026-11-07 08:00:00,310,8,5,0.20790451419134262,1.4477638198119411,0.5,0.0,False
2026-11-07 09:00:00,310,9,5,0.29730816036245655,1.489226384487984,0.5,0.0,False
2026-11-07 10:00:00,310,10,5,0.3031870906447884,1.5425302657053945,0.3,0.0,False
2026-11-07 11:00:00,310,11,5,0.3584080597554551,1.3045741630368666,0.3,0.0,False
2026-11-07 12:00:00,310,12,5,0.4004783882645225,1.5610935269760269,0.3,0.0,False
2026-11-07 13:00:00,310,13,5,0.43722940481435074,1.437057677899649,0.3,0.0,False
2026-11-07 14:00:00,310,14,5,0.478236697143191,1.544055417836331,0.3,0.0,False
2026-11-07 15:00:00,310,15,5,0.307157920229396,1.4132923619194449,0.3,0.0,False
2026-11-07 16:00:00,310,16,5,0.24439468340559223,1.2640325909908263,0.5,0.0,False
2026-11-07 17:00:00,310,17,5,0.13204993998297948,1.4358941202281974,0.5,0.0,False
2026-11-07 18:00:00,310,18,5,3.850239992136566e-17,1.5961166425662003,0.5,0.0,False
2026-11-07 19:00:00,310,19,5,0.0,1.5591090133615553,0.5,0.0,False
2026-11-07 20:00:00,310,20,5,0.0,1.504639630100209,0.5,0.0,False
2026-11-07 21:00:00,310,21,5,0.0,1.6347197779515514,0.5,0.0,False
2026-11-07 22:00:00,310,22,5,0.0,1.469460898118366,0.3,0.0,False
2026-11-07 23:00:00,310,23,5,0.0,1.5084414471022827,0.3,0.0,False
2026-11-08 00:00:00,311,0,6,0.0,1.4280349680459412,0.3,0.0,False
2026-11-08 01:00:00,311,1,6,0.0,1.6434926965130183,0.3,0.0,False
2026-11-08 02:00:00,311,2,6,0.0,1.5437292821582647,0.3,0.0,False
2026-11-08 03:00:00,311,3,6,0.0,1.4164562834739942,0.3,0.0,False
2026-11-08 04:00:00,311,4,6,0.0,1.2766455380208293,0.3,0.0,False
2026-11-08 05:00:00,311,5,6,0.0,1.665744191234749,0.3,0.0,False
2026-11-08 06:00:00,311,6,6,0.0,1.388390242322304,0.5,0.0,False
2026-11-08 07:00:00,311,7,6,0.13188762114384983,1.510809652873432,0.5,0.0,False
2026-11-08 08:00:00,311,8,6,0.1901068110944325,1.8528899524716858,0.5,0.0,False
2026-11-08 09:00:00,311,9,6,0.29018178421479235,1.6202264312599963,0.5,0.0,False
2026-11-08 10:00:00,311,10,6,0.33750527202675584,1.7416724383240487,0.3,0.0,False
2026-11-08 11:00:00,311,11,6,0.41281837042233244,1.4192812781188278,0.3,0.0,False
2026-11-08 12:00:00,311,12,6,0.41579665877218314,1.660646459523031,0.3,0.0,False
2026-11-08 13:00:00,311,13,6,0.34585154238090793,1.5040003489427836,0.3,0.0,False
2026-11-08 14:00:00,311,14,6,0.34656734935720346,1.5549025381152872,0.3,0.0,False
2026-11-08 15:00:00,311,15,6,0.37906840020718535,1.803126256955934,0.3,0.0,False
2026-11-08 16:00:00,311,16,6,0.21109399047609026,1.4582031263775441,0.5,0.0,False
2026-11-08 17:00:00,311,17,6,0.13933389844082747,1.5028881680514805,0.5,0.0,False
2026-11-08 18:00:00,311,18,6,5.3328039911122497e-17,1.3645178022738056,0.5,0.0,False
2026-11-08 19:00:00,311,19,6,0.0,1.6332702833862114,0.5,0.0,False
2026-11-08 20:00:00,311,20,6,0.0,1.4159059652570045,0.5,0.0,False
2026-11-08 21:00:00,311,21,6,0.0,1.6534065623728318,0.5,0.0,False
2026-11-08 22:00:00,311,22,6,0.0,1.2525130137382723,0.3,0.0,False
2026-11-08 23:00:00,311,23,6,0.0,1.582295710775041,0.3,0.0,False
2026-11-09 00:00:00,312,0,0,0.0,1.4034460040905417,0.3,0.0,False
2026-11-09 01:00:00,312,1,0,0.0,1.6095776458995317,0.3,0.0,False
2026-11-09 02:00:00,312,2,0,0.0,1.4979661240718658,0.3,0.0,False
2026-11-09 03:00:00,312,3,0,0.0,1.4196991627697564,0.3,0.0,False
2026-11-09 04:00:00,312,4,0,0.0,1.4420160574686007,0.3,0.0,False
2026-11-09 05:00:00,312,5,0,0.0,1.372441754991204,0.3,0.0,False
2026-11-09 06:00:00,312,6,0,0.0,2.025668163298129,0.5,0.0,False
2026-11-09 07:00:00,312,7,0,0.12615091895585748,1.7427043975861878,0.5,0.0,False
2026-11-09 08:00:00,312,8,0,0.18619044571487206,3.6599382041900803,0.5,0.0,False
2026-11-09 09:00:00,312,9,0,0.2969195066012742,3.751785936955371,0.5,0.0,False
2026-11-09 10:00:00,312,10,0,0.40225569988618187,3.5420241788172775,0.3,0.0,False
2026-11-09 11:00:00,312,11,0,0.27648309855144343,3.2986052098662277,0.3,0.0,False
2026-11-09 12:00:00,312,12,0,0.4197015914884312,3.263623412019234,0.3,0.0,False
2026-11-09 13:00:00,312,13,0,0.4677289534852274,3.341045229767404,0.3,0.0,False
2026-11-09 14:00:00,312,14,0,0.2876291510608866,2.9889803676488356,0.3,0.0,False
2026-11-09 15:00:00,312,15,0,0.2853597069778241,3.120203144896392,0.3,0.0,False
2026-11-09 16:00:00,312,16,0,0.2141817545695006,3.243695025168232,0.5,0.0,False
2026-11-09 17:00:00,312,17,0,0.12555691990845977,3.1930546273901017,0.5,0.0,False
2026-11-09 18:00:00,312,18,0,6.72443961133124e-17,1.259875006613488,0.5,0.0,False
2026-11-09 19:00:00,312,19,0,0.0,1.6286667976751377,0.5,0.0,False
2026-11-09 20:00:00,312,20,0,0.0,1.5389635094335983,0.5,0.0,False
2026-11-09 21:00:00,312,21,0,0.0,1.5210397870923762,0.5,0.0,False
2026-11-09 22:00:00,312,22,0,0.0,1.395901327326844,0.3,0.0,False
2026-11-09 23:00:00,312,23,0,0.0,1.5119089446995497,0.3,0.0,False
2026-11-10 00:00:00,313,0,1,0.0,1.5771674189161589,0.3,0.0,False
2026-11-10 01:00:00,313,1,1,0.0,1.4602655919145078,0.3,0.0,False
2026-11-10 02:00:00,313,2,1,0.0,1.5666858358860547,0.3,0.0,False
2026-11-10 03:00:00,313,3,1,0.0,1.3805909277262327,0.3,0.0,False
2026-11-10 04:00:00,313,4,1,0.0,1.514622796948457,0.3,0.0,False
2026-11-10 05:00:00,313,5,1,0.0,1.671374742438915,0.3,0.0,False
2026-11-10 06:00:00,313,6,1,0.0,2.084802955536406,0.5,0.0,False
2026-11-10 07:00:00,313,7,1,0.07340555161456912,2.0991383207424494,0.5,0.0,False
2026-11-10 08:00:00,313,8,1,0.1472973426496218,3.7428352623149372,0.5,0.0,False
2026-11-10 09:00:00,313,9,1,0.2658640078185987,3.7047420932286617,0.5,0.0,False
2026-11-10 10:00:00,313,10,1,0.35218588977929505,3.2326816625760877,0.3,0.0,False
2026-11-10 11:00:00,313,11,1,0.3134940703283681,3.028877286522387,0.3,0.0,False
2026-11-10 12:00:00,313,12,1,0.3307991743343636,3.098265045539926,0.3,0.0,False
2026-11-10 13:00:00,313,13,1,0.3305111933787492,3.2747917542052107,0.3,0.0,False
2026-11-10 14:00:00,313,14,1,0.42888269672183993,3.283756732630735,0.3,0.0,False
2026-11-10 15:00:00,313,15,1,0.34836683679696906,3.5118334543209735,0.3,0.0,False
2026-11-10 16:00:00,313,16,1,0.192324975391242,3.4972198694063437,0.5,0.0,False
2026-11-10 17:00:00,313,17,1,0.08439593081962822,3.1970270787770123,0.5,0.0,False
2026-11-10 18:00:00,313,18,1,3.784005492057531e-17,1.6227488572633528,0.5,0.0,False
2026-11-10 19:00:00,313,19,1,0.0,1.4284396703139135,0.5,0.0,False
2026-11-10 20:00:00,313,20,1,0.0,1.60239245145057,0.5,0.0,False
2026-11-10 21:00:00,313,21,1,0.0,1.6209026592160118,0.5,0.0,False
2026-11-10 22:00:00,313,22,1,0.0,1.6863139218221606,0.3,0.0,False
2026-11-10 23:00:00,313,23,1,0.0,1.4261034967825954,0.3,0.0,False
2026-11-11 00:00:00,314,0,2,0.0,1.6521455530771385,0.3,0.0,False
2026-11-11 01:00:00,314,1,2,0.0,1.2190778945818093,0.3,0.0,False
2026-11-11 02:00:00,314,2,2,0.0,1.6944323522308293,0.3,0.0,False
2026-11-11 03:00:00,314,3,2,0.0,1.4962474915772226,0.3,0.0,False
2026-11-11 04:00:00,314,4,2,0.0,1.4994408003021453,0.3,0.0,False
2026-11-11 05:00:00,314,5,2,0.0,1.1943845241464321,0.3,0.0,False
2026-11-11 06:00:00,314,6,2,0.0,1.8417001169128928,0.5,0.0,False
2026-11-11 07:00:00,314,7,2,0.14156873193335576,2.1033219099420326,0.5,0.0,False
2026-11-11 08:00:00,314,8,2,0.21462419331081994,3.6359947162445776,0.5,0.0,False
2026-11-11 09:00:00,314,9,2,0.25548589943840644,3.807019414146281,0.5,0.0,False
2026-11-11 10:00:00,314,10,2,0.36722403046278246,3.305183269157116,0.3,0.0,False
2026-11-11 11:00:00,314,11,2,0.2819701736802031,3.459400370939955,0.3,0.0,False
2026-11-11 12:00:00,314,12,2,0.30789704898790293,3.3287251447806185,0.3,0.0,False
2026-11-11 13:00:00,314,13,2,0.26927953195417015,3.1602282703352844,0.3,0.0,False
2026-11-11 14:00:00,314,14,2,0.45166480831232325,3.308467601977341,0.3,0.0,False
2026-11-11 15:00:00,314,15,2,0.32710760227471136,3.5401825355551817,0.3,0.0,False
2026-11-11 16:00:00,314,16,2,0.17968479397358245,3.37464676170543,0.5,0.0,False
2026-11-11 17:00:00,314,17,2,0.08748339196960576,3.2825330539059503,0.5,0.0,False
2026-11-11 18:00:00,314,18,2,5.705202212589803e-17,1.838361572869996,0.5,0.0,False
2026-11-11 19:00:00,314,19,2,0.0,1.673882355384183,0.5,0.0,False
2026-11-11 20:00:00,314,20,2,0.0,1.622510087309769,0.5,0.0,False
2026-11-11 21:00:00,314,21,2,0.0,1.5476013697866562,0.5,0.0,False
2026-11-11 22:00:00,314,22,2,0.0,1.6095410752126662,0.3,0.0,False
2026-11-11 23:00:00,314,23,2,0.0,1.614409810977426,0.3,0.0,False
2026-11-12 00:00:00,315,0,3,0.0,1.1725776981671794,0.3,0.0,False
2026-11-12 01:00:00,315,1,3,0.0,1.5592404319244173,0.3,0.0,False
2026-11-12 02:00:00,315,2,3,0.0,1.4758791210996511,0.3,0.0,False
2026-11-12 03:00:00,315,3,3,0.0,1.4250335590295136,0.3,0.0,False
2026-11-12 04:00:00,315,4,3,0.0,1.4706844079933643,0.3,0.0,False
2026-11-12 05:00:00,315,5,3,0.0,1.2666226969766698,0.3,0.0,False
2026-11-12 06:00:00,315,6,3,0.0,1.629308484994423,0.5,0.0,False
2026-11-12 07:00:00,315,7,3,0.11649360384083912,2.0869753626172747,0.5,0.0,False
2026-11-12 08:00:00,315,8,3,0.26255469741087195,3.7693236729563386,0.5,0.0,False
2026-11-12 09:00:00,315,9,3,0.38503909018083843,3.338048180918158,0.5,0.0,False
2026-11-12 10:00:00,315,10,3,0.3936719923108848,3.2135423187897385,0.3,0.0,False
2026-11-12 11:00:00,315,11,3,0.5188559473675184,3.432082760009479,0.3,0.0,False
2026-11-12 12:00:00,315,12,3,0.29631959455843837,3.2579978439419053,0.3,0.0,False
2026-11-12 13:00:00,315,13,3,0.361691035744823,3.486750743069754,0.3,0.0,False
2026-11-12 14:00:00,315,14,3,0.24064927026916041,3.457462769891495,0.3,0.0,False
2026-11-12 15:00:00,315,15,3,0.38591826433761534,3.0964933186033927,0.3,0.0,False
2026-11-12 16:00:00,315,16,3,0.2620788262150384,3.278501385172675,0.5,0.0,False
2026-11-12 17:00:00,315,17,3,0.07329884250455661,3.2327865862786944,0.5,0.0,False
2026-11-12 18:00:00,315,18,3,3.434794710767986e-17,1.291614255847185,0.5,0.0,False
2026-11-12 19:00:00,315,19,3,0.0,1.2818588512717093,0.5,0.0,False
2026-11-12 20:00:00,315,20,3,0.0,1.379096768063741,0.5,0.0,False
2026-11-12 21:00:00,315,21,3,0.0,1.4038611885731043,0.5,0.0,False
2026-11-12 22:00:00,315,22,3,0.0,1.5424844665865045,0.3,0.0,False
2026-11-12 23:00:00,315,23,3,0.0,1.656632020982163,0.3,0.0,False
2026-11-13 00:00:00,316,0,4,0.0,1.5770467433718554,0.3,0.0,False
2026-11-13 01:00:00,316,1,4,0.0,1.6125558360421235,0.3,0.0,False
2026-11-13 02:00:00,316,2,4,0.0,1.460007326779445,0.3,0.0,False
2026-11-13 03:00:00,316,3,4,0.0,1.5904500294919335,0.3,0.0,False
2026-11-13 04:00:00,316,4,4,0.0,1.4777437527614607,0.3,0.0,False
2026-11-13 05:00:00,316,5,4,0.0,1.4337791425120825,0.3,0.0,False
2026-11-13 06:00:00,316,6,4,0.0,2.184565142334344,0.5,0.0,False
2026-11-13 07:00:00,316,7,4,0.1352411391543821,1.5504286065178752,0.5,0.0,False
2026-11-13 08:00:00,316,8,4,0.24967629705390332,3.419004355403896,0.5,0.0,False
2026-11-13 09:00:00,316,9,4,0.3511556222330383,3.7574049631200404,0.5,0.0,False
2026-11-13 10:00:00,316,10,4,0.38377523471848596,3.260252647720132,0.3,0.0,False
2026-11-13 11:00:00,316,11,4,0.5000200312464234,3.0844523474749614,0.3,0.0,False
2026-11-13 12:00:00,316,12,4,0.35624914557015497,3.1418083573254347,0.3,0.0,False
2026-11-13 13:00:00,316,13,4,0.4512218144988624,3.161339130470733,0.3,0.0,False
2026-11-13 14:00:00,316,14,4,0.33349385672810133,3.433850480569637,0.3,0.0,False
2026-11-13 15:00:00,316,15,4,0.3102103499266592,3.4818615646596656,0.3,0.0,False
2026-11-13 16:00:00,316,16,4,0.2739367923226824,3.5459343847845926,0.5,0.0,False
2026-11-13 17:00:00,316,17,4,0.14083298326844085,3.0616483166685993,0.5,0.0,False
2026-11-13 18:00:00,316,18,4,5.079161590924275e-17,1.2949314701232701,0.5,0.0,False
2026-11-13 19:00:00,316,19,4,0.0,1.2846560288249216,0.5,0.0,False
2026-11-13 20:00:00,316,20,4,0.0,1.6933285508655014,0.5,0.0,False
2026-11-13 21:00:00,316,21,4,0.0,1.5625836681629295,0.5,0.0,False
2026-11-13 22:00:00,316,22,4,0.0,1.5120298824704583,0.3,0.0,False
2026-11-13 23:00:00,316,23,4,0.0,1.5344443040771172,0.3,0.0,False
2026-11-14 00:00:00,317,0,5,0.0,1.4914832584291884,0.3,0.0,False
2026-11-14 01:00:00,317,1,5,0.0,1.3318286928890242,0.3,0.0,False
2026-11-14 02:00:00,317,2,5,0.0,1.5769759184677357,0.3,0.0,False
2026-11-14 03:00:00,317,3,5,0.0,1.4720792241519471,0.3,0.0,False
2026-11-14 04:00:00,317,4,5,0.0,1.319951772978106,0.3,0.0,False
2026-11-14 05:00:00,317,5,5,0.0,1.5861428168037086,0.3,0.0,False
2026-11-14 06:00:00,317,6,5,0.0,1.4361318545591117,0.5,0.0,False
2026-11-14 07:00:00,317,7,5,0.12778333836111042,1.5341225230262066,0.5,0.0,False
2026-11-14 08:00:00,317,8,5,0.17655750230363956,1.4812531258052963,0.5,0.0,False
2026-11-14 09:00:00,317,9,5,0.325160073205334,1.6337068158337213,0.5,0.0,False
2026-11-14 10:00:00,317,10,5,0.4080181939916972,1.5330244461343412,0.3,0.0,False
2026-11-14 11:00:00,317,11,5,0.48628543413810255,1.367444973771479,0.3,0.0,False
2026-11-14 12:00:00,317,12,5,0.36023999546919994,1.5483004835307799,0.3,0.0,False
2026-11-14 13:00:00,317,13,5,0.45921912006483173,1.5532033086709593,0.3,0.0,False
2026-11-14 14:00:00,317,14,5,0.26153735400669975,1.5766999461058309,0.3,0.0,False
2026-11-14 15:00:00,317,15,5,0.2196374849586359,1.655381138209787,0.3,0.0,False
2026-11-14 16:00:00,317,16,5,0.19341870700205907,1.407602582223424,0.5,0.0,False
2026-11-14 17:00:00,317,17,5,0.07454135151663568,1.6001903500770798,0.5,0.0,False
2026-11-14 18:00:00,317,18,5,6.510107837207926e-17,1.2412774143238794,0.5,0.0,False
2026-11-14 19:00:00,317,19,5,0.0,1.482002277706754,0.5,0.0,False
2026-11-14 20:00:00,317,20,5,0.0,1.4588010172788537,0.5,0.0,False
2026-11-14 21:00:00,317,21,5,0.0,1.717176783027042,0.5,0.0,False
2026-11-14 22:00:00,317,22,5,0.0,1.4765496856535272,0.3,0.0,False
2026-11-14 23:00:00,317,23,5,0.0,1.5911983167257415,0.3,0.0,False
2026-11-15 00:00:00,318,0,6,0.0,1.2357332065691164,0.3,0.0,False
2026-11-15 01:00:00,318,1,6,0.0,1.4472363052967128,0.3,0.0,False
2026-11-15 02:00:00,318,2,6,0.0,1.373046019884963,0.3,0.0,False
2026-11-15 03:00:00,318,3,6,0.0,1.8713266684943286,0.3,0.0,False
2026-11-15 04:00:00,318,4,6,0.0,1.3999804864317964,0.3,0.0,False
2026-11-15 05:00:00,318,5,6,0.0,1.5109918608992179,0.3,0.0,False
2026-11-15 06:00:00,318,6,6,0.0,1.5189863703412756,0.5,0.0,False
2026-11-15 07:00:00,318,7,6,0.0965486722586347,1.261578256359502,0.5,0.0,False
2026-11-15 08:00:00,318,8,6,0.14005370711693782,1.421094688418533,0.5,0.0,False
2026-11-15 09:00:00,318,9,6,0.3679153453768423,1.5607149768973883,0.5,0.0,False
2026-11-15 10:00:00,318,10,6,0.3122853510095751,1.5128583412861927,0.3,0.0,False
2026-11-15 11:00:00,318,11,6,0.4474146984395877,1.1549383541988094,0.3,0.0,False
2026-11-15 12:00:00,318,12,6,0.4603339475919171,1.4149512833243099,0.3,0.0,False
2026-11-15 13:00:00,318,13,6,0.3290785976453613,1.653123249217034,0.3,0.0,False
2026-11-15 14:00:00,318,14,6,0.2503111665704942,1.5882334390969401,0.3,0.0,False
2026-11-15 15:00:00,318,15,6,0.2660931433875989,1.6827050027737807,0.3,0.0,False
2026-11-15 16:00:00,318,16,6,0.1789360186223593,1.3521528993865064,0.5,0.0,False
2026-11-15 17:00:00,318,17,6,0.11956647840847087,1.6921394302918586,0.5,0.0,False
2026-11-15 18:00:00,318,18,6,6.055208816948711e-17,1.4933390927566228,0.5,0.0,False
2026-11-15 19:00:00,318,19,6,0.0,1.738833375140841,0.5,0.0,False
2026-11-15 20:00:00,318,20,6,0.0,1.500495665112566,0.5,0.0,False
2026-11-15 21:00:00,318,21,6,0.0,1.1928786760928531,0.5,0.0,False
2026-11-15 22:00:00,318,22,6,0.0,1.6273881856960717,0.3,0.0,False
2026-11-15 23:00:00,318,23,6,0.0,1.4334729483038036,0.3,0.0,False
2026-11-16 00:00:00,319,0,0,0.0,1.4435655582947273,0.3,0.0,False
2026-11-16 01:00:00,319,1,0,0.0,1.2820355353395345,0.3,0.0,False
2026-11-16 02:00:00,319,2,0,0.0,1.7433299248509064,0.3,0.0,False
2026-11-16 03:00:00,319,3,0,0.0,1.4218348239295728,0.3,0.0,False
2026-11-16 04:00:00,319,4,0,0.0,1.736255366236878,0.3,0.0,False
2026-11-16 05:00:00,319,5,0,0.0,1.435313525761072,0.3,0.0,False
2026-11-16 06:00:00,319,6,0,0.0,1.7608382196776082,0.5,0.0,False
2026-11-16 07:00:00,319,7,0,0.1354892316840267,2.0979293761044717,0.5,0.0,False
2026-11-16 08:00:00,319,8,0,0.15491396326305332,3.688999787649965,0.5,0.0,False
2026-11-16 09:00:00,319,9,0,0.2775215468199877,3.690464198896726,0.5,0.0,False
2026-11-16 10:00:00,319,10,0,0.4150308608627104,3.1077561089575316,0.3,0.0,False
2026-11-16 11:00:00,319,11,0,0.3574101907568234,3.2313564967955615,0.3,0.0,False
2026-11-16 12:00:00,319,12,0,0.4416087551448382,3.3643043735446496,0.3,0.0,False
2026-11-16 13:00:00,319,13,0,0.39499558376846455,3.105123000936172,0.3,0.0,False
2026-11-16 14:00:00,319,14,0,0.4666451969590165,3.2191368458742273,0.3,0.0,False
2026-11-16 15:00:00,319,15,0,0.2245371316216796,3.236933034388881,0.3,0.0,False
2026-11-16 16:00:00,319,16,0,0.26176492500026954,3.3099661207070996,0.5,0.0,False
2026-11-16 17:00:00,319,17,0,0.09812813479572931,3.5219339468457393,0.5,0.0,False
2026-11-16 18:00:00,319,18,0,4.863143124389049e-17,1.4550070300525524,0.5,0.0,False
2026-11-16 19:00:00,319,19,0,0.0,1.3964249006381158,0.5,0.0,False
2026-11-16 20:00:00,319,20,0,0.0,1.9119555948037006,0.5,0.0,False
2026-11-16 21:00:00,319,21,0,0.0,1.4350221969714856,0.5,0.0,False
2026-11-16 22:00:00,319,22,0,0.0,1.4714012758246207,0.3,0.0,False
2026-11-16 23:00:00,319,23,0,0.0,1.446323044621345,0.3,0.0,False
2026-11-17 00:00:00,320,0,1,0.0,1.4584846348335558,0.3,0.0,False
2026-11-17 01:00:00,320,1,1,0.0,1.5116632294523942,0.3,0.0,False
2026-11-17 02:00:00,320,2,1,0.0,1.638119471638991,0.3,0.0,False
2026-11-17 03:00:00,320,3,1,0.0,1.560598158491011,0.3,0.0,False
2026-11-17 04:00:00,320,4,1,0.0,1.661564334504963,0.3,0.0,False
2026-11-17 05:00:00,320,5,1,0.0,1.656604301191115,0.3,0.0,False
2026-11-17 06:00:00,320,6,1,0.0,1.9312828158423814,0.5,0.0,False
2026-11-17 07:00:00,320,7,1,0.1166423812162999,1.9564467955095661,0.5,0.0,False
2026-11-17 08:00:00,320,8,1,0.18504544036987988,3.866310501440293,0.5,0.0,False
2026-11-17 09:00:00,320,9,1,0.26066095225872027,3.5333185107996274,0.5,0.0,False
2026-11-17 10:00:00,320,10,1,0.24065693156736426,3.674731680335745,0.3,0.0,False
2026-11-17 11:00:00,320,11,1,0.3704218829960464,3.223112230420859,0.3,0.0,False
2026-11-17 12:00:00,320,12,1,0.3793315662700712,3.2473552617646533,0.3,0.0,False
2026-11-17 13:00:00,320,13,1,0.31864924442799714,3.118214853798935,0.3,0.0,False
2026-11-17 14:00:00,320,14,1,0.2909489203167902,3.12267737880684,0.3,0.0,False
2026-11-17 15:00:00,320,15,1,0.30170710643191223,3.4461051103334603,0.3,0.0,False
2026-11-17 16:00:00,320,16,1,0.17746682862532542,3.6405289916463377,0.5,0.0,False
2026-11-17 17:00:00,320,17,1,0.12758928140824383,3.2149139833787475,0.5,0.0,False
2026-11-17 18:00:00,320,18,1,3.6659160625422346e-17,1.5520974792191278,0.5,0.0,False
2026-11-17 19:00:00,320,19,1,0.0,1.5330249893568244,0.5,0.0,False
2026-11-17 20:00:00,320,20,1,0.0,1.6500366843625138,0.5,0.0,False
2026-11-17 21:00:00,320,21,1,0.0,1.8328071696776096,0.5,0.0,False
2026-11-17 22:00:00,320,22,1,0.0,1.7281460126972379,0.3,0.0,False
2026-11-17 23:00:00,320,23,1,0.0,1.4642011078528878,0.3,0.0,False
2026-11-18 00:00:00,321,0,2,0.0,1.5793151453564453,0.3,0.0,False
2026-11-18 01:00:00,321,1,2,0.0,1.594208676411334,0.3,0.0,False
2026-11-18 02:00:00,321,2,2,0.0,1.4969864053248572,0.3,0.0,False
2026-11-18 03:00:00,321,3,2,0.0,1.3356095799754903,0.3,0.0,False
2026-11-18 04:00:00,321,4,2,0.0,1.3801835672155467,0.3,0.0,False
2026-11-18 05:00:00,321,5,2,0.0,1.6722228976393823,0.3,0.0,False
2026-11-18 06:00:00,321,6,2,0.0,2.0876961993733074,0.5,0.0,False
2026-11-18 07:00:00,321,7,2,0.12351795775357093,1.8688648952741218,0.5,0.0,False
2026-11-18 08:00:00,321,8,2,0.19123247700134313,3.739158309109013,0.5,0.0,False
2026-11-18 09:00:00,321,9,2,0.23436760893657582,3.8795895731994463,0.5,0.0,False
2026-11-18 10:00:00,321,10,2,0.2958478796096712,3.0443596691950052,0.3,0.0,False
2026-11-18 11:00:00,321,11,2,0.27080277903220634,3.2330471353741714,0.3,0.0,False
2026-11-18 12:00:00,321,12,2,0.4130212065364485,3.6026807072223965,0.3,0.0,False
2026-11-18 13:00:00,321,13,2,0.4743275993341279,3.3448961574304974,0.3,0.0,False
2026-11-18 14:00:00,321,14,2,0.4109229668631798,3.1306175872944846,0.3,0.0,False
2026-11-18 15:00:00,321,15,2,0.272680967762827,3.317592344036057,0.3,0.0,False
2026-11-18 16:00:00,321,16,2,0.16040555802153392,3.4532153388402413,0.5,0.0,False
2026-11-18 17:00:00,321,17,2,0.12935896409486697,2.9180200594007126,0.5,0.0,False
2026-11-18 18:00:00,321,18,2,3.471126084095534e-17,1.5264428725786638,0.5,0.0,False
2026-11-18 19:00:00,321,19,2,0.0,1.444137816811127,0.5,0.0,False
2026-11-18 20:00:00,321,20,2,0.0,1.2537002810344577,0.5,0.0,False
2026-11-18 21:00:00,321,21,2,0.0,1.5122890882695463,0.5,0.0,False
2026-11-18 22:00:00,321,22,2,0.0,1.4795279652359328,0.3,0.0,False
2026-11-18 23:00:00,321,23,2,0.0,1.4963864621703542,0.3,0.0,False
2026-11-19 00:00:00,322,0,3,0.0,1.4477609069632855,0.3,0.0,False
2026-11-19 01:00:00,322,1,3,0.0,1.346799367206879,0.3,0.0,False
2026-11-19 02:00:00,322,2,3,0.0,1.281779574960263,0.3,0.0,False
2026-11-19 03:00:00,322,3,3,0.0,1.3963965089588064,0.3,0.0,False
2026-11-19 04:00:00,322,4,3,0.0,1.6288878171114096,0.3,0.0,False
2026-11-19 05:00:00,322,5,3,0.0,1.5349605440590117,0.3,0.0,False
2026-11-19 06:00:00,322,6,3,0.0,1.8896240005830114,0.5,0.0,False
2026-11-19 07:00:00,322,7,3,0.09655547681423425,1.7440347776392764,0.5,0.0,False
2026-11-19 08:00:00,322,8,3,0.2321801939957922,3.643912760071868,0.5,0.0,False
2026-11-19 09:00:00,322,9,3,0.2720446909223065,3.810573633753582,0.5,0.0,False
2026-11-19 10:00:00,322,10,3,0.25257251944061027,3.3757175643728234,0.3,0.0,False
2026-11-19 11:00:00,322,11,3,0.3716588615281397,3.2284201695340924,0.3,0.0,False
2026-11-19 12:00:00,322,12,3,0.4027143125714148,2.9082896772798295,0.3,0.0,False
2026-11-19 13:00:00,322,13,3,0.37613170598512957,3.1987728554757626,0.3,0.0,False
2026-11-19 14:00:00,322,14,3,0.4201360298749924,3.227595822358404,0.3,0.0,False
2026-11-19 15:00:00,322,15,3,0.3609088697747032,3.1639341093445856,0.3,0.0,False
2026-11-19 16:00:00,322,16,3,0.23863075484732799,3.238023632529044,0.5,0.0,False
2026-11-19 17:00:00,322,17,3,0.10942157368831762,3.4224825192292827,0.5,0.0,False
2026-11-19 18:00:00,322,18,3,5.0422680899970946e-17,1.4944055320565228,0.5,0.0,False
2026-11-19 19:00:00,322,19,3,0.0,1.6484544071857412,0.5,0.0,False
2026-11-19 20:00:00,322,20,3,0.0,1.2737441871531894,0.5,0.0,False
2026-11-19 21:00:00,322,21,3,0.0,1.4542403913067585,0.5,0.0,False
2026-11-19 22:00:00,322,22,3,0.0,1.20914668337325,0.3,0.0,False
2026-11-19 23:00:00,322,23,3,0.0,1.4360133705244729,0.3,0.0,False
2026-11-20 00:00:00,323,0,4,0.0,1.343151381705349,0.3,0.0,False
2026-11-20 01:00:00,323,1,4,0.0,1.6921879250142573,0.3,0.0,False
2026-11-20 02:00:00,323,2,4,0.0,1.561456800876526,0.3,0.0,False
2026-11-20 03:00:00,323,3,4,0.0,1.6522244243389521,0.3,0.0,False
2026-11-20 04:00:00,323,4,4,0.0,1.4355978262090605,0.3,0.0,False
2026-11-20 05:00:00,323,5,4,0.0,1.3470422854325035,0.3,0.0,False
2026-11-20 06:00:00,323,6,4,0.0,1.7422655508192342,0.5,0.0,False
2026-11-20 07:00:00,323,7,4,0.10778865000564336,1.9398158921156285,0.5,0.0,False
2026-11-20 08:00:00,323,8,4,0.17976667357107826,3.971524224129013,0.5,0.0,False
2026-11-20 09:00:00,323,9,4,0.3653347164267282,3.761857343803073,0.5,0.0,False
2026-11-20 10:00:00,323,10,4,0.2890783977741354,3.2437848406068626,0.3,0.0,False
2026-11-20 11:00:00,323,11,4,0.3292356210794126,3.2716843717310122,0.3,0.0,False
2026-11-20 12:00:00,323,12,4,0.43492415972234255,3.29530495023723,0.3,0.0,False
2026-11-20 13:00:00,323,13,4,0.25796463761214555,3.6039963840267237,0.3,0.0,False
2026-11-20 14:00:00,323,14,4,0.3980197285345691,3.485041284875232,0.3,0.0,False
2026-11-20 15:00:00,323,15,4,0.25912454764951537,3.3389938506225545,0.3,0.0,False
2026-11-20 16:00:00,323,16,4,0.2630767681182087,3.316459795170916,0.5,0.0,False
2026-11-20 17:00:00,323,17,4,0.11646317960235773,3.344903008555481,0.5,0.0,False
2026-11-20 18:00:00,323,18,4,3.4281269042559537e-17,1.5741413503924615,0.5,0.0,False
2026-11-20 19:00:00,323,19,4,0.0,1.4380203070536606,0.5,0.0,False
2026-11-20 20:00:00,323,20,4,0.0,1.3733881578935045,0.5,0.0,False
2026-11-20 21:00:00,323,21,4,0.0,1.6548330390832298,0.5,0.0,False
2026-11-20 22:00:00,323,22,4,0.0,1.5032974095857976,0.3,0.0,False
2026-11-20 23:00:00,323,23,4,0.0,1.6423091903722453,0.3,0.0,False
2026-11-21 00:00:00,324,0,5,0.0,1.7469238123164663,0.3,0.0,False
2026-11-21 01:00:00,324,1,5,0.0,1.578092210114934,0.3,0.0,False
2026-11-21 02:00:00,324,2,5,0.0,1.5537822719355106,0.3,0.0,False
2026-11-21 03:00:00,324,3,5,0.0,1.9800364470775595,0.3,0.0,False
2026-11-21 04:00:00,324,4,5,0.0,1.5310530192419727,0.3,0.0,False
2026-11-21 05:00:00,324,5,5,0.0,1.3364179788230477,0.3,0.0,False
2026-11-21 06:00:00,324,6,5,0.0,1.4578162151742018,0.5,0.0,False
2026-11-21 07:00:00,324,7,5,0.08388074045845029,1.7327527067618311,0.5,0.0,False
2026-11-21 08:00:00,324,8,5,0.18270712783653803,1.305874897457993,0.5,0.0,False
2026-11-21 09:00:00,324,9,5,0.3682312428572179,1.387131059377053,0.5,0.0,False
2026-11-21 10:00:00,324,10,5,0.38856740894632574,1.6659640208952775,0.3,0.0,False
2026-11-21 11:00:00,324,11,5,0.472675752515418,1.459256903623045,0.3,0.0,False
2026-11-21 12:00:00,324,12,5,0.40825653625913644,1.4834631319535256,0.3,0.0,False
2026-11-21 13:00:00,324,13,5,0.31715560324108044,1.6610059230195944,0.3,0.0,False
2026-11-21 14:00:00,324,14,5,0.39309806650074347,1.3924768236519058,0.3,0.0,False
2026-11-21 15:00:00,324,15,5,0.2811797532409275,1.2797096322716908,0.3,0.0,False
2026-11-21 16:00:00,324,16,5,0.15593157738465765,1.2916671043706196,0.5,0.0,False
2026-11-21 17:00:00,324,17,5,0.09687383748959032,1.5872670665114432,0.5,0.0,False
2026-11-21 18:00:00,324,18,5,5.305539337542186e-17,1.538869814074619,0.5,0.0,False
2026-11-21 19:00:00,324,19,5,0.0,1.3961150230081005,0.5,0.0,False
2026-11-21 20:00:00,324,20,5,0.0,1.32618125687893,0.5,0.0,False
2026-11-21 21:00:00,324,21,5,0.0,1.45941403122767,0.5,0.0,False
2026-11-21 22:00:00,324,22,5,0.0,1.667477592937571,0.3,0.0,False
2026-11-21 23:00:00,324,23,5,0.0,1.3746273069256116,0.3,0.0,False
2026-11-22 00:00:00,325,0,6,0.0,1.4005973967071157,0.3,0.0,False
2026-11-22 01:00:00,325,1,6,0.0,1.321421764898043,0.3,0.0,False
2026-11-22 02:00:00,325,2,6,0.0,1.4448880666346744,0.3,0.0,False
2026-11-22 03:00:00,325,3,6,0.0,1.550711848607487,0.3,0.0,False
2026-11-22 04:00:00,325,4,6,0.0,1.8172753735564635,0.3,0.0,False
2026-11-22 05:00:00,325,5,6,0.0,1.5326672269229906,0.3,0.0,False
2026-11-22 06:00:00,325,6,6,0.0,1.4919482842144471,0.5,0.0,False
2026-11-22 07:00:00,325,7,6,0.09151806967932297,1.6294404908977698,0.5,0.0,False
2026-11-22 08:00:00,325,8,6,0.25674351030246617,1.6044323327745367,0.5,0.0,False
2026-11-22 09:00:00,325,9,6,0.19238524046084557,1.4133508778449975,0.5,0.0,False
2026-11-22 10:00:00,325,10,6,0.25901855192207013,1.8453090110145114,0.3,0.0,False
2026-11-22 11:00:00,325,11,6,0.4051367162572366,1.4963424971559072,0.3,0.0,False
2026-11-22 12:00:00,325,12,6,0.4491592204413761,1.5354562980533693,0.3,0.0,False
2026-11-22 13:00:00,325,13,6,0.31892103182061515,1.5827022880929198,0.3,0.0,False
2026-11-22 14:00:00,325,14,6,0.3552987294220494,1.551880855141943,0.3,0.0,False
2026-11-22 15:00:00,325,15,6,0.24610464204888327,1.7288096503311885,0.3,0.0,False
2026-11-22 16:00:00,325,16,6,0.20513421264192327,1.4115136891305047,0.5,0.0,False
2026-11-22 17:00:00,325,17,6,0.11337584247655773,1.6175073373279059,0.5,0.0,False
2026-11-22 18:00:00,325,18,6,6.378048586033254e-17,1.5246852668077469,0.5,0.0,False
2026-11-22 19:00:00,325,19,6,0.0,1.6474084792664285,0.5,0.0,False
2026-11-22 20:00:00,325,20,6,0.0,1.4677521825047584,0.5,0.0,False
2026-11-22 21:00:00,325,21,6,0.0,1.447437696577032,0.5,0.0,False
2026-11-22 22:00:00,325,22,6,0.0,1.6098110231139018,0.3,0.0,False
2026-11-22 23:00:00,325,23,6,0.0,1.553698988563497,0.3,0.0,False
2026-11-23 00:00:00,326,0,0,0.0,1.3769558546512097,0.3,0.0,False
2026-11-23 01:00:00,326,1,0,0.0,1.7018418429621387,0.3,0.0,False
2026-11-23 02:00:00,326,2,0,0.0,1.609876406266269,0.3,0.0,False
2026-11-23 03:00:00,326,3,0,0.0,1.488869371425592,0.3,0.0,False
2026-11-23 04:00:00,326,4,0,0.0,1.4297653332403326,0.3,0.0,False
2026-11-23 05:00:00,326,5,0,0.0,1.5546196345310377,0.3,0.0,False
2026-11-23 06:00:00,326,6,0,0.0,1.9990727836040174,0.5,0.0,False
2026-11-23 07:00:00,326,7,0,0.11477294913327131,1.6608887389043754,0.5,0.0,False
2026-11-23 08:00:00,326,8,0,0.14336149854973418,3.7563521383784244,0.5,0.0,False
2026-11-23 09:00:00,326,9,0,0.31490264831482956,3.7978832053620297,0.5,0.0,False
2026-11-23 10:00:00,326,10,0,0.3652760704458082,2.9471327100048343,0.3,0.0,False
2026-11-23 11:00:00,326,11,0,0.33981418586338047,3.329428448811793,0.3,0.0,False
2026-11-23 12:00:00,326,12,0,0.3315988939044751,3.404191370159337,0.3,0.0,False
2026-11-23 13:00:00,326,13,0,0.43666474874217426,3.387131747139682,0.3,0.0,False
2026-11-23 14:00:00,326,14,0,0.3966509129215435,3.4203672532171234,0.3,0.0,False
2026-11-23 15:00:00,326,15,0,0.24683810801059144,3.250865011197263,0.3,0.0,False
2026-11-23 16:00:00,326,16,0,0.24674271051790264,3.1440140347986816,0.5,0.0,False
2026-11-23 17:00:00,326,17,0,0.08637491578572694,3.0300383502351904,0.5,0.0,False
2026-11-23 18:00:00,326,18,0,3.4461051006153195e-17,1.6638334860852086,0.5,0.0,False
2026-11-23 19:00:00,326,19,0,0.0,1.6054598240691516,0.5,0.0,False
2026-11-23 20:00:00,326,20,0,0.0,1.6752733396242703,0.5,0.0,False
2026-11-23 21:00:00,326,21,0,0.0,1.3912287961733782,0.5,0.0,False
2026-11-23 22:00:00,326,22,0,0.0,1.6205754633938045,0.3,0.0,False
2026-11-23 23:00:00,326,23,0,0.0,1.2745978572064802,0.3,0.0,False
2026-11-24 00:00:00,327,0,1,0.0,1.3695759661935283,0.3,0.0,False
2026-11-24 01:00:00,327,1,1,0.0,1.5188965824761755,0.3,0.0,False
2026-11-24 02:00:00,327,2,1,0.0,1.5994811444739632,0.3,0.0,False
2026-11-24 03:00:00,327,3,1,0.0,1.7518518671845535,0.3,0.0,False
2026-11-24 04:00:00,327,4,1,0.0,1.4639903901902391,0.3,0.0,False
2026-11-24 05:00:00,327,5,1,0.0,1.3701375417316404,0.3,0.0,False
2026-11-24 06:00:00,327,6,1,0.0,1.7624276683252855,0.5,0.0,False
2026-11-24 07:00:00,327,7,1,0.12155839301402227,1.796823108246356,0.5,0.0,False
2026-11-24 08:00:00,327,8,1,0.15683829096701768,4.033154019471268,0.5,0.0,False
2026-11-24 09:00:00,327,9,1,0.23020842284278584,3.8135310371701685,0.5,0.0,False
2026-11-24 10:00:00,327,10,1,0.4179824029642899,3.466879777554369,0.3,0.0,False
2026-11-24 11:00:00,327,11,1,0.44078349275114626,3.2641521619230156,0.3,0.0,False
2026-11-24 12:00:00,327,12,1,0.4227027302816567,3.299752697640188,0.3,0.0,False
2026-11-24 13:00:00,327,13,1,0.26300309327321275,3.404889675893778,0.3,0.0,False
2026-11-24 14:00:00,327,14,1,0.2558518492573126,3.224130186632859,0.3,0.0,False
2026-11-24 15:00:00,327,15,1,0.27797049092650405,3.2563038170179985,0.3,0.0,False
2026-11-24 16:00:00,327,16,1,0.22884071069343498,3.198794352560424,0.5,0.0,False
2026-11-24 17:00:00,327,17,1,0.09931205695914085,3.2328760950364326,0.5,0.0,False
2026-11-24 18:00:00,327,18,1,3.2650637695746965e-17,1.5073467918754984,0.5,0.0,False
2026-11-24 19:00:00,327,19,1,0.0,1.376743481075406,0.5,0.0,False
2026-11-24 20:00:00,327,20,1,0.0,1.542896846869408,0.5,0.0,False
2026-11-24 21:00:00,327,21,1,0.0,1.5426872618326675,0.5,0.0,False
2026-11-24 22:00:00,327,22,1,0.0,1.4731127035715725,0.3,0.0,False
2026-11-24 23:00:00,327,23,1,0.0,1.3758810216654869,0.3,0.0,False
2026-11-25 00:00:00,328,0,2,0.0,1.5157444573427792,0.3,0.0,False
2026-11-25 01:00:00,328,1,2,0.0,1.4242643155572312,0.3,0.0,False
2026-11-25 02:00:00,328,2,2,0.0,1.506989125065905,0.3,0.0,False
2026-11-25 03:00:00,328,3,2,0.0,1.6647191201105151,0.3,0.0,False
2026-11-25 04:00:00,328,4,2,0.0,1.3120589824343951,0.3,0.0,False
2026-11-25 05:00:00,328,5,2,0.0,1.8260229505340062,0.3,0.0,False
2026-11-25 06:00:00,328,6,2,0.0,1.8891214612318388,0.5,0.0,False
2026-11-25 07:00:00,328,7,2,0.13170629842698864,1.961775891085888,0.5,0.0,False
2026-11-25 08:00:00,328,8,2,0.16628520306881078,3.5870874864637243,0.5,0.0,False
2026-11-25 09:00:00,328,9,2,0.1901095169325263,3.871331732431247,0.5,0.0,False
2026-11-25 10:00:00,328,10,2,0.3006913520776213,3.2811560295823994,0.3,0.0,False
2026-11-25 11:00:00,328,11,2,0.43100702464248625,3.2408822535301236,0.3,0.0,False
2026-11-25 12:00:00,328,12,2,0.2767929674593243,3.2136727468086637,0.3,0.0,False
2026-11-25 13:00:00,328,13,2,0.343021672030505,3.2597261961316204,0.3,0.0,False
2026-11-25 14:00:00,328,14,2,0.293594235418496,3.362752098442936,0.3,0.0,False
2026-11-25 15:00:00,328,15,2,0.22518656248069435,3.325921603594586,0.3,0.0,False
2026-11-25 16:00:00,328,16,2,0.22279885621171128,3.294021040033459,0.5,0.0,False
2026-11-25 17:00:00,328,17,2,0.11214983808074373,3.193286787307527,0.5,0.0,False
2026-11-25 18:00:00,328,18,2,4.9112228735495607e-17,1.3846239789112536,0.5,0.0,False
2026-11-25 19:00:00,328,19,2,0.0,1.4308688576130404,0.5,0.0,False
2026-11-25 20:00:00,328,20,2,0.0,1.569041356824107,0.5,0.0,False
2026-11-25 21:00:00,328,21,2,0.0,1.5993389813655605,0.5,0.0,False
2026-11-25 22:00:00,328,22,2,0.0,1.6195566295347028,0.3,0.0,False
2026-11-25 23:00:00,328,23,2,0.0,1.4997799659691788,0.3,0.0,False
2026-11-26 00:00:00,329,0,3,0.0,1.5575342911376737,0.3,0.0,False
2026-11-26 01:00:00,329,1,3,0.0,1.4747323942675632,0.3,0.0,False
2026-11-26 02:00:00,329,2,3,0.0,1.2386553013607449,0.3,0.0,False
2026-11-26 03:00:00,329,3,3,0.0,1.4676109815690903,0.3,0.0,False
2026-11-26 04:00:00,329,4,3,0.0,1.4437010061963371,0.3,0.0,False
2026-11-26 05:00:00,329,5,3,0.0,1.3441432193356422,0.3,0.0,False
2026-11-26 06:00:00,329,6,3,0.0,1.8148908736370792,0.5,0.0,False
2026-11-26 07:00:00,329,7,3,0.11201718081090746,1.9202637121436466,0.5,0.0,False
2026-11-26 08:00:00,329,8,3,0.2544157492995335,3.5300129821472384,0.5,0.0,False
2026-11-26 09:00:00,329,9,3,0.2185896155624065,3.5933821792876284,0.5,0.0,False
2026-11-26 10:00:00,329,10,3,0.3649253843687568,3.5321853023329077,0.3,0.0,False
2026-11-26 11:00:00,329,11,3,0.45983953635552455,3.059594051117954,0.3,0.0,False
2026-11-26 12:00:00,329,12,3,0.39280215767136384,3.272522676058934,0.3,0.0,False
2026-11-26 13:00:00,329,13,3,0.3424946913168465,3.125053595135387,0.3,0.0,False
2026-11-26 14:00:00,329,14,3,0.44742051335858907,3.187254480326083,0.3,0.0,False
2026-11-26 15:00:00,329,15,3,0.21001166154441428,3.2703394155572827,0.3,0.0,False
2026-11-26 16:00:00,329,16,3,0.18363392191262237,3.1518635816056846,0.5,0.0,False
2026-11-26 17:00:00,329,17,3,0.12621130133221672,3.386089592304964,0.5,0.0,False
2026-11-26 18:00:00,329,18,3,6.058315813166463e-17,1.702672592965862,0.5,0.0,False
2026-11-26 19:00:00,329,19,3,0.0,1.6262517204154097,0.5,0.0,False
2026-11-26 20:00:00,329,20,3,0.0,1.65369196765813,0.5,0.0,False
2026-11-26 21:00:00,329,21,3,0.0,1.2930396481456778,0.5,0.0,False
2026-11-26 22:00:00,329,22,3,0.0,1.4635393467271298,0.3,0.0,False
2026-11-26 23:00:00,329,23,3,0.0,1.5701131601030147,0.3,0.0,False
2026-11-27 00:00:00,330,0,4,0.0,1.6306786371171804,0.3,0.0,False
2026-11-27 01:00:00,330,1,4,0.0,1.7630029488914738,0.3,0.0,False
2026-11-27 02:00:00,330,2,4,0.0,1.6603559387443418,0.3,0.0,False
2026-11-27 03:00:00,330,3,4,0.0,1.6344732935510826,0.3,0.0,False
2026-11-27 04:00:00,330,4,4,0.0,1.895039337080904,0.3,0.0,False
2026-11-27 05:00:00,330,5,4,0.0,1.5144463622410944,0.3,0.0,False
2026-11-27 06:00:00,330,6,4,0.0,1.8566412342637646,0.5,0.0,False
2026-11-27 07:00:00,330,7,4,0.09672726055975114,1.9266036855490671,0.5,0.0,False
2026-11-27 08:00:00,330,8,4,0.13034825648559026,3.5627420866469794,0.5,0.0,False
2026-11-27 09:00:00,330,9,4,0.31058521480877094,3.7101450678651706,0.5,0.0,False
2026-11-27 10:00:00,330,10,4,0.29122602115559637,3.0409721709333777,0.3,0.0,False
2026-11-27 11:00:00,330,11,4,0.3902944888555654,3.220572144514829,0.3,0.0,False
2026-11-27 12:00:00,330,12,4,0.2776270397168754,3.2826999176901612,0.3,0.0,False
2026-11-27 13:00:00,330,13,4,0.2933899914538344,3.4424452936279564,0.3,0.0,False
2026-11-27 14:00:00,330,14,4,0.3646598970713132,3.466663581657954,0.3,0.0,False
2026-11-27 15:00:00,330,15,4,0.23954798101995733,3.1554574402873374,0.3,0.0,False
2026-11-27 16:00:00,330,16,4,0.15758810038628923,3.6114050150945385,0.5,0.0,False
2026-11-27 17:00:00,330,17,4,0.08252212583595595,3.322256021765925,0.5,0.0,False
2026-11-27 18:00:00,330,18,4,3.8601048145908546e-17,1.5360067449046155,0.5,0.0,False
2026-11-27 19:00:00,330,19,4,0.0,1.257345977251751,0.5,0.0,False
2026-11-27 20:00:00,330,20,4,0.0,1.4069913914819914,0.5,0.0,False
2026-11-27 21:00:00,330,21,4,0.0,1.6574735717298716,0.5,0.0,False
2026-11-27 22:00:00,330,22,4,0.0,1.5254667694069648,0.3,0.0,False
2026-11-27 23:00:00,330,23,4,0.0,1.516172208937931,0.3,0.0,False
2026-11-28 00:00:00,331,0,5,0.0,1.534075825586322,0.3,0.0,False
2026-11-28 01:00:00,331,1,5,0.0,1.2835193542370928,0.3,0.0,False
2026-11-28 02:00:00,331,2,5,0.0,1.4855087169897767,0.3,0.0,False
2026-11-28 03:00:00,331,3,5,0.0,1.7112495532946432,0.3,0.0,False
2026-11-28 04:00:00,331,4,5,0.0,1.663006143309824,0.3,0.0,False
2026-11-28 05:00:00,331,5,5,0.0,1.4812200836826603,0.3,0.0,False
2026-11-28 06:00:00,331,6,5,0.0,1.7345503011542334,0.5,0.0,False
2026-11-28 07:00:00,331,7,5,0.10804723109612478,1.311135223984741,0.5,0.0,False
2026-11-28 08:00:00,331,8,5,0.24401092901305202,1.354245350271561,0.5,0.0,False
2026-11-28 09:00:00,331,9,5,0.19360690463344882,1.779543356573596,0.5,0.0,False
2026-11-28 10:00:00,331,10,5,0.4116506953781873,1.5866959677462784,0.3,0.0,False
2026-11-28 11:00:00,331,11,5,0.41920753149239837,1.456666898684653,0.3,0.0,False
2026-11-28 12:00:00,331,12,5,0.3517750680249122,1.491702215094713,0.3,0.0,False
2026-11-28 13:00:00,331,13,5,0.313894231375914,1.3790053330309224,0.3,0.0,False
2026-11-28 14:00:00,331,14,5,0.2474828249281212,1.5414888902711168,0.3,0.0,False
2026-11-28 15:00:00,331,15,5,0.35502225719641084,1.5296082669467206,0.3,0.0,False
2026-11-28 16:00:00,331,16,5,0.1476832117673684,1.5029827064794035,0.5,0.0,False
2026-11-28 17:00:00,331,17,5,0.08431438106409808,1.3260365677183357,0.5,0.0,False
2026-11-28 18:00:00,331,18,5,5.3568616885899053e-17,1.5397134166603366,0.5,0.0,False
2026-11-28 19:00:00,331,19,5,0.0,1.4205732851366952,0.5,0.0,False
2026-11-28 20:00:00,331,20,5,0.0,1.352103410926622,0.5,0.0,False
2026-11-28 21:00:00,331,21,5,0.0,1.6900113737306042,0.5,0.0,False
2026-11-28 22:00:00,331,22,5,0.0,1.8254582036752889,0.3,0.0,False
2026-11-28 23:00:00,331,23,5,0.0,1.7913930193229455,0.3,0.0,False
2026-11-29 00:00:00,332,0,6,0.0,1.5975184145643426,0.3,0.0,False
2026-11-29 01:00:00,332,1,6,0.0,1.4601622381381214,0.3,0.0,False
2026-11-29 02:00:00,332,2,6,0.0,1.4894466626093068,0.3,0.0,False
2026-11-29 03:00:00,332,3,6,0.0,1.5608403395193413,0.3,0.0,False
2026-11-29 04:00:00,332,4,6,0.0,1.4369628371308216,0.3,0.0,False
2026-11-29 05:00:00,332,5,6,0.0,1.6978215090183595,0.3,0.0,False
2026-11-29 06:00:00,332,6,6,0.0,1.1946408758507192,0.5,0.0,False
2026-11-29 07:00:00,332,7,6,0.12678756033556812,1.455641166901885,0.5,0.0,False
2026-11-29 08:00:00,332,8,6,0.23711458301151872,1.620160723810098,0.5,0.0,False
2026-11-29 09:00:00,332,9,6,0.35711669782794947,1.373226052908027,0.5,0.0,False
2026-11-29 10:00:00,332,10,6,0.42503577991891417,1.463977666323325,0.3,0.0,False
2026-11-29 11:00:00,332,11,6,0.35970842445156453,1.5890465124364803,0.3,0.0,False
2026-11-29 12:00:00,332,12,6,0.36061978415180646,1.7277403660556694,0.3,0.0,False
2026-11-29 13:00:00,332,13,6,0.4723439950454137,1.3059092576750633,0.3,0.0,False
2026-11-29 14:00:00,332,14,6,0.43036086425799186,1.294788826836771,0.3,0.0,False
2026-11-29 15:00:00,332,15,6,0.35975777933814757,1.358095471824024,0.3,0.0,False
2026-11-29 16:00:00,332,16,6,0.22801551705446416,1.269369622423776,0.5,0.0,False
2026-11-29 17:00:00,332,17,6,0.08022890801705501,1.2800432316882795,0.5,0.0,False
2026-11-29 18:00:00,332,18,6,6.142631113334284e-17,1.354100820345795,0.5,0.0,False
2026-11-29 19:00:00,332,19,6,0.0,1.6850240322368988,0.5,0.0,False
2026-11-29 20:00:00,332,20,6,0.0,1.4531884772896864,0.5,0.0,False
2026-11-29 21:00:00,332,21,6,0.0,1.504706265923491,0.5,0.0,False
2026-11-29 22:00:00,332,22,6,0.0,1.3566803614868732,0.3,0.0,False
2026-11-29 23:00:00,332,23,6,0.0,1.5950305612596873,0.3,0.0,False
2026-11-30 00:00:00,333,0,0,0.0,1.7813646041749158,0.3,0.0,False
2026-11-30 01:00:00,333,1,0,0.0,1.3668555173940868,0.3,0.0,False
2026-11-30 02:00:00,333,2,0,0.0,1.75871225566121,0.3,0.0,False
2026-11-30 03:00:00,333,3,0,0.0,1.5546636574751769,0.3,0.0,False
2026-11-30 04:00:00,333,4,0,0.0,1.5025295248933066,0.3,0.0,False
2026-11-30 05:00:00,333,5,0,0.0,1.5600185748487863,0.3,0.0,False
2026-11-30 06:00:00,333,6,0,0.0,1.9585789748450522,0.5,0.0,False
2026-11-30 07:00:00,333,7,0,0.1299232508459195,2.1785656628594867,0.5,0.0,False
2026-11-30 08:00:00,333,8,0,0.200493527345754,3.7780331097732582,0.5,0.0,False
2026-11-30 09:00:00,333,9,0,0.34507565847720617,3.7811660756711456,0.5,0.0,False
2026-11-30 10:00:00,333,10,0,0.2846269937703339,3.2367750270056184,0.3,0.0,False
2026-11-30 11:00:00,333,11,0,0.25484514932714475,3.4258615704696602,0.3,0.0,False
2026-11-30 12:00:00,333,12,0,0.45661830868897374,3.156472953956552,0.3,0.0,False
2026-11-30 13:00:00,333,13,0,0.42285787321639823,3.316350598436939,0.3,0.0,False
2026-11-30 14:00:00,333,14,0,0.3441850679429334,3.732492533367124,0.3,0.0,False
2026-11-30 15:00:00,333,15,0,0.330094557588943,2.9243715120530562,0.3,0.0,False
2026-11-30 16:00:00,333,16,0,0.23659331692823743,3.3349720494503177,0.5,0.0,False
2026-11-30 17:00:00,333,17,0,0.1056854049013785,3.340743438131834,0.5,0.0,False
2026-11-30 18:00:00,333,18,0,6.191175934696077e-17,1.4657866436269196,0.5,0.0,False
2026-11-30 19:00:00,333,19,0,0.0,1.4693221108398853,0.5,0.0,False
2026-11-30 20:00:00,333,20,0,0.0,1.5137114659742226,0.5,0.0,False
2026-11-30 21:00:00,333,21,0,0.0,1.4621995086803203,0.5,0.0,False
2026-11-30 22:00:00,333,22,0,0.0,1.5332969593231507,0.3,0.0,False
2026-11-30 23:00:00,333,23,0,0.0,1.426858394127465,0.3,0.0,False
2026-12-01 00:00:00,334,0,1,0.0,1.803358922812062,0.3,0.0,False
2026-12-01 01:00:00,334,1,1,0.0,1.4621979385053974,0.3,0.0,False
2026-12-01 02:00:00,334,2,1,0.0,1.5854417111437074,0.3,0.0,False
2026-12-01 03:00:00,334,3,1,0.0,1.3996445850235175,0.3,0.0,False
2026-12-01 04:00:00,334,4,1,0.0,1.639971454560172,0.3,0.0,False
2026-12-01 05:00:00,334,5,1,0.0,1.6100201681027002,0.3,0.0,False
2026-12-01 06:00:00,334,6,1,0.0,1.9628890354798254,0.5,0.0,False
2026-12-01 07:00:00,334,7,1,0.09380040756318532,1.745899696567222,0.5,0.0,False
2026-12-01 08:00:00,334,8,1,0.1596415238044843,3.5871395439154714,0.5,0.0,False
2026-12-01 09:00:00,334,9,1,0.2696735923653505,3.9529259478619267,0.5,0.0,False
2026-12-01 10:00:00,334,10,1,0.3080511974233561,3.185478943843398,0.3,0.0,False
2026-12-01 11:00:00,334,11,1,0.4284325632924884,3.3961353255318754,0.3,0.0,False
2026-12-01 12:00:00,334,12,1,0.5031940985692025,3.1582993004728044,0.3,0.0,False
2026-12-01 13:00:00,334,13,1,0.3942993324322779,3.4512574853402653,0.3,0.0,False
2026-12-01 14:00:00,334,14,1,0.3533880205379218,3.197040396375392,0.3,0.0,False
2026-12-01 15:00:00,334,15,1,0.24750024111975394,3.155521816869,0.3,0.0,False
2026-12-01 16:00:00,334,16,1,0.20062855832136733,3.1931486284954644,0.5,0.0,False
2026-12-01 17:00:00,334,17,1,0.0875709642115417,3.2169296105008462,0.5,0.0,False
2026-12-01 18:00:00,334,18,1,3.1440953702063166e-17,1.560701003238633,0.5,0.0,False
2026-12-01 19:00:00,334,19,1,0.0,1.5104075559206676,0.5,0.0,False
2026-12-01 20:00:00,334,20,1,0.0,1.3357265880130753,0.5,0.0,False
2026-12-01 21:00:00,334,21,1,0.0,1.495807947930177,0.5,0.0,False
2026-12-01 22:00:00,334,22,1,0.0,1.3284747889063355,0.3,0.0,False
2026-12-01 23:00:00,334,23,1,0.0,1.5965336047501468,0.3,0.0,False
2026-12-02 00:00:00,335,0,2,0.0,1.624035434830861,0.3,0.0,False
2026-12-02 01:00:00,335,1,2,0.0,1.4964078992175958,0.3,0.0,False
2026-12-02 02:00:00,335,2,2,0.0,1.5407480104489142,0.3,0.0,False
2026-12-02 03:00:00,335,3,2,0.0,1.7628186165996615,0.3,0.0,False
2026-12-02 04:00:00,335,4,2,0.0,1.4763595511411822,0.3,0.0,False
2026-12-02 05:00:00,335,5,2,0.0,1.3583613074923666,0.3,0.0,False
2026-12-02 06:00:00,335,6,2,0.0,1.9868792853906685,0.5,0.0,False
2026-12-02 07:00:00,335,7,2,0.13095001245306453,1.7301019351351983,0.5,0.0,False
2026-12-02 08:00:00,335,8,2,0.19818773960778352,3.6684146555090584,0.5,0.0,False
2026-12-02 09:00:00,335,9,2,0.306066580140536,3.6101514930874723,0.5,0.0,False
2026-12-02 10:00:00,335,10,2,0.3086283082478141,3.1947270250186692,0.3,0.0,False
2026-12-02 11:00:00,335,11,2,0.4327100037899225,3.2624868606533233,0.3,0.0,False
2026-12-02 12:00:00,335,12,2,0.48827065711295453,3.434983698932112,0.3,0.0,False
2026-12-02 13:00:00,335,13,2,0.4207808308297707,3.4658503182486275,0.3,0.0,False
2026-12-02 14:00:00,335,14,2,0.4288479544692242,3.4389308794636,0.3,0.0,False
2026-12-02 15:00:00,335,15,2,0.2873408053439792,3.350453113369262,0.3,0.0,False
2026-12-02 16:00:00,335,16,2,0.20170789470752648,3.2613425157918514,0.5,0.0,False
2026-12-02 17:00:00,335,17,2,0.08637062701739256,2.946326250690006,0.5,0.0,False
2026-12-02 18:00:00,335,18,2,5.3554466201105624e-17,1.5551491489915912,0.5,0.0,False
2026-12-02 19:00:00,335,19,2,0.0,1.158100241286167,0.5,0.0,False
2026-12-02 20:00:00,335,20,2,0.0,1.211494908529048,0.5,0.0,False
2026-12-02 21:00:00,335,21,2,0.0,1.4757498516319578,0.5,0.0,False
2026-12-02 22:00:00,335,22,2,0.0,1.5396865866945746,0.3,0.0,False
2026-12-02 23:00:00,335,23,2,0.0,1.432337264425611,0.3,0.0,False
2026-12-03 00:00:00,336,0,3,0.0,1.730329672289095,0.3,0.0,False
2026-12-03 01:00:00,336,1,3,0.0,1.569315248627776,0.3,0.0,False
2026-12-03 02:00:00,336,2,3,0.0,1.4625888139807113,0.3,0.0,False
2026-12-03 03:00:00,336,3,3,0.0,1.7079464917772693,0.3,0.0,False
2026-12-03 04:00:00,336,4,3,0.0,1.7347670021346135,0.3,0.0,False
2026-12-03 05:00:00,336,5,3,0.0,1.5768838040212003,0.3,0.0,False
2026-12-03 06:00:00,336,6,3,0.0,1.7837113510363753,0.5,0.0,False
2026-12-03 07:00:00,336,7,3,0.10128015730647437,1.8174594353467401,0.5,0.0,False
2026-12-03 08:00:00,336,8,3,0.15655202655909517,3.482989193050999,0.5,0.0,False
2026-12-03 09:00:00,336,9,3,0.26145939124908896,3.6936374680299227,0.5,0.0,False
2026-12-03 10:00:00,336,10,3,0.4385682946909393,3.14249378378332,0.3,0.0,False
2026-12-03 11:00:00,336,11,3,0.3669106147310397,3.2506387846205222,0.3,0.0,False
2026-12-03 12:00:00,336,12,3,0.2574117881927034,3.339090045458274,0.3,0.0,False
2026-12-03 13:00:00,336,13,3,0.30624066280539713,3.002443703699409,0.3,0.0,False
2026-12-03 14:00:00,336,14,3,0.4371896068633284,3.1104388097218143,0.3,0.0,False
2026-12-03 15:00:00,336,15,3,0.3588786184741332,3.2239727917747008,0.3,0.0,False
2026-12-03 16:00:00,336,16,3,0.1544348735506862,3.292120894691524,0.5,0.0,False
2026-12-03 17:00:00,336,17,3,0.10667258660155346,3.225916380039284,0.5,0.0,False
2026-12-03 18:00:00,336,18,3,3.365136197346444e-17,1.4594223102920434,0.5,0.0,False
2026-12-03 19:00:00,336,19,3,0.0,1.3940719205811665,0.5,0.0,False
2026-12-03 20:00:00,336,20,3,0.0,1.282590023728706,0.5,0.0,False
2026-12-03 21:00:00,336,21,3,0.0,1.419787383391245,0.5,0.0,False
2026-12-03 22:00:00,336,22,3,0.0,1.4680247212604542,0.3,0.0,False
2026-12-03 23:00:00,336,23,3,0.0,1.4534414844590628,0.3,0.0,False
2026-12-04 00:00:00,337,0,4,0.0,1.516769387819468,0.3,0.0,False
2026-12-04 01:00:00,337,1,4,0.0,1.5628341855712795,0.3,0.0,False
2026-12-04 02:00:00,337,2,4,0.0,1.6022589340345004,0.3,0.0,False
2026-12-04 03:00:00,337,3,4,0.0,1.4049673746732914,0.3,0.0,False
2026-12-04 04:00:00,337,4,4,0.0,1.2636304794120323,0.3,0.0,False
2026-12-04 05:00:00,337,5,4,0.0,1.6907394548592911,0.3,0.0,False
2026-12-04 06:00:00,337,6,4,0.0,1.957816887341663,0.5,0.0,False
2026-12-04 07:00:00,337,7,4,0.12248105811795142,1.756800647323909,0.5,0.0,False
2026-12-04 08:00:00,337,8,4,0.1371414941951069,3.741655758473863,0.5,0.0,False
2026-12-04 09:00:00,337,9,4,0.2752278160299922,3.8601992099902183,0.5,0.0,False
2026-12-04 10:00:00,337,10,4,0.3201354621824803,3.5593764787859086,0.3,0.0,False
2026-12-04 11:00:00,337,11,4,0.474953933383269,3.3375915414236594,0.3,0.0,False
2026-12-04 12:00:00,337,12,4,0.3052375447854608,3.458950595602479,0.3,0.0,False
2026-12-04 13:00:00,337,13,4,0.29007442809828177,3.118559689152791,0.3,0.0,False
2026-12-04 14:00:00,337,14,4,0.38552287207164954,3.294614587260498,0.3,0.0,False
2026-12-04 15:00:00,337,15,4,0.3106389502788235,3.249748102611552,0.3,0.0,False
2026-12-04 16:00:00,337,16,4,0.21627710743446857,3.351385477755631,0.5,0.0,False
2026-12-04 17:00:00,337,17,4,0.06760800221814231,3.541679090315433,0.5,0.0,False
2026-12-04 18:00:00,337,18,4,3.927970428550348e-17,1.5374834091418887,0.5,0.0,False
2026-12-04 19:00:00,337,19,4,0.0,1.3593463891099684,0.5,0.0,False
2026-12-04 20:00:00,337,20,4,0.0,1.310484213017418,0.5,0.0,False
2026-12-04 21:00:00,337,21,4,0.0,1.7468670094130907,0.5,0.0,False
2026-12-04 22:00:00,337,22,4,0.0,1.5770690118577848,0.3,0.0,False
2026-12-04 23:00:00,337,23,4,0.0,1.5672122020462584,0.3,0.0,False
2026-12-05 00:00:00,338,0,5,0.0,1.4484402917162744,0.3,0.0,False
2026-12-05 01:00:00,338,1,5,0.0,1.5401792677001764,0.3,0.0,False
2026-12-05 02:00:00,338,2,5,0.0,1.3519560140809785,0.3,0.0,False
2026-12-05 03:00:00,338,3,5,0.0,1.5580797533555477,0.3,0.0,False
2026-12-05 04:00:00,338,4,5,0.0,1.323769479513896,0.3,0.0,False
2026-12-05 05:00:00,338,5,5,0.0,1.4461067332458362,0.3,0.0,False
2026-12-05 06:00:00,338,6,5,0.0,1.403566027701089,0.5,0.0,False
2026-12-05 07:00:00,338,7,5,0.1134316301476987,1.011394853600014,0.5,0.0,False
2026-12-05 08:00:00,338,8,5,0.17479197848428574,1.447984706019989,0.5,0.0,False
2026-12-05 09:00:00,338,9,5,0.28355933483915247,1.3651700363305608,0.5,0.0,False
2026-12-05 10:00:00,338,10,5,0.3762708689144528,1.4684415174163825,0.3,0.0,False
2026-12-05 11:00:00,338,11,5,0.2932884496315008,1.5002584200722782,0.3,0.0,False
2026-12-05 12:00:00,338,12,5,0.49385245810882783,1.7651897914472376,0.3,0.0,False
2026-12-05 13:00:00,338,13,5,0.3327406131658785,1.5457063495736263,0.3,0.0,False
2026-12-05 14:00:00,338,14,5,0.31223006742009557,1.5501168949475308,0.3,0.0,False
2026-12-05 15:00:00,338,15,5,0.3050712215401947,1.5743420752828867,0.3,0.0,False
2026-12-05 16:00:00,338,16,5,0.2043219622111955,1.6307712768361688,0.5,0.0,False
2026-12-05 17:00:00,338,17,5,0.09467643079167835,1.5681419180781777,0.5,0.0,False
2026-12-05 18:00:00,338,18,5,5.1318494502318706e-17,1.542256953663618,0.5,0.0,False
2026-12-05 19:00:00,338,19,5,0.0,1.6066870377844715,0.5,0.0,False
2026-12-05 20:00:00,338,20,5,0.0,1.1360048368753344,0.5,0.0,False
2026-12-05 21:00:00,338,21,5,0.0,1.813357737491824,0.5,0.0,False
2026-12-05 22:00:00,338,22,5,0.0,1.7384594767070098,0.3,0.0,False
2026-12-05 23:00:00,338,23,5,0.0,1.5325703627788936,0.3,0.0,False
2026-12-06 00:00:00,339,0,6,0.0,1.288049032438685,0.3,0.0,False
2026-12-06 01:00:00,339,1,6,0.0,1.6815525648739418,0.3,0.0,False
2026-12-06 02:00:00,339,2,6,0.0,1.3959185251402932,0.3,0.0,False
2026-12-06 03:00:00,339,3,6,0.0,1.5800761524862403,0.3,0.0,False
2026-12-06 04:00:00,339,4,6,0.0,1.30756415973218,0.3,0.0,False
2026-12-06 05:00:00,339,5,6,0.0,1.8339610348459683,0.3,0.0,False
2026-12-06 06:00:00,339,6,6,0.0,1.283667485683707,0.5,0.0,False
2026-12-06 07:00:00,339,7,6,0.08778287683063776,1.510347910547475,0.5,0.0,False
2026-12-06 08:00:00,339,8,6,0.20339965743284072,1.1816719178232762,0.5,0.0,False
2026-12-06 09:00:00,339,9,6,0.2838400247821965,1.4938166321705517,0.5,0.0,False
2026-12-06 10:00:00,339,10,6,0.27565967655372087,1.4362072192292588,0.3,0.0,False
2026-12-06 11:00:00,339,11,6,0.29539048177447197,1.670577509085895,0.3,0.0,False
2026-12-06 12:00:00,339,12,6,0.4629548175103984,1.4361930852612201,0.3,0.0,False
2026-12-06 13:00:00,339,13,6,0.26755104272211166,1.6707935374269496,0.3,0.0,False
2026-12-06 14:00:00,339,14,6,0.3321018967070581,1.3463819148616993,0.3,0.0,False
2026-12-06 15:00:00,339,15,6,0.2725470368944844,1.4577057595432885,0.3,0.0,False
2026-12-06 16:00:00,339,16,6,0.19951021165935762,1.4607131853119242,0.5,0.0,False
2026-12-06 17:00:00,339,17,6,0.12371147755021927,1.5743382383449376,0.5,0.0,False
2026-12-06 18:00:00,339,18,6,5.041113932229301e-17,1.5552561639610585,0.5,0.0,False
2026-12-06 19:00:00,339,19,6,0.0,1.6083337732385043,0.5,0.0,False
2026-12-06 20:00:00,339,20,6,0.0,1.5400245904934609,0.5,0.0,False
2026-12-06 21:00:00,339,21,6,0.0,1.5991972239919674,0.5,0.0,False
2026-12-06 22:00:00,339,22,6,0.0,1.3653204106960293,0.3,0.0,False
2026-12-06 23:00:00,339,23,6,0.0,1.5583198000321852,0.3,0.0,False
2026-12-07 00:00:00,340,0,0,0.0,1.7412308891168522,0.3,0.0,False
2026-12-07 01:00:00,340,1,0,0.0,1.2480010848918606,0.3,0.0,False
2026-12-07 02:00:00,340,2,0,0.0,1.5733511932453392,0.3,0.0,False
2026-12-07 03:00:00,340,3,0,0.0,1.6015169666907176,0.3,0.0,False
2026-12-07 04:00:00,340,4,0,0.0,1.7191779566207526,0.3,0.0,False
2026-12-07 05:00:00,340,5,0,0.0,1.6089070399935315,0.3,0.0,False
2026-12-07 06:00:00,340,6,0,0.0,1.9150473913238062,0.5,0.0,False
2026-12-07 07:00:00,340,7,0,0.12939785733620576,1.9645109793265056,0.5,0.0,False
2026-12-07 08:00:00,340,8,0,0.15210475950090963,3.5897443248157987,0.5,0.0,False
2026-12-07 09:00:00,340,9,0,0.24917843941857376,3.6418047891463377,0.5,0.0,False
2026-12-07 10:00:00,340,10,0,0.43046729379940457,3.0996445740447007,0.3,0.0,False
2026-12-07 11:00:00,340,11,0,0.41300088918534006,3.5230544271516333,0.3,0.0,False
2026-12-07 12:00:00,340,12,0,0.4028443668368029,3.367523597842627,0.3,0.0,False
2026-12-07 13:00:00,340,13,0,0.376255561410011,3.1625831309513077,0.3,0.0,False
2026-12-07 14:00:00,340,14,0,0.2356478573588181,3.3407035443993873,0.3,0.0,False
2026-12-07 15:00:00,340,15,0,0.33871905159093424,3.47390215649915,0.3,0.0,False
2026-12-07 16:00:00,340,16,0,0.20562533786826478,3.4489188488181575,0.5,0.0,False
2026-12-07 17:00:00,340,17,0,0.10291416033796158,3.1608542080250395,0.5,0.0,False
2026-12-07 18:00:00,340,18,0,4.7698958799039236e-17,1.0299241776180679,0.5,0.0,False
2026-12-07 19:00:00,340,19,0,0.0,1.559307912734457,0.5,0.0,False
2026-12-07 20:00:00,340,20,0,0.0,1.366969555224265,0.5,0.0,False
2026-12-07 21:00:00,340,21,0,0.0,1.5933491258970751,0.5,0.0,False
2026-12-07 22:00:00,340,22,0,0.0,1.6425405582504362,0.3,0.0,False
2026-12-07 23:00:00,340,23,0,0.0,1.6670449666745073,0.3,0.0,False
2026-12-08 00:00:00,341,0,1,0.0,1.7617110728967798,0.3,0.0,False
2026-12-08 01:00:00,341,1,1,0.0,1.6854535377115956,0.3,0.0,False
2026-12-08 02:00:00,341,2,1,0.0,1.7624323243176032,0.3,0.0,False
2026-12-08 03:00:00,341,3,1,0.0,1.7068590514852997,0.3,0.0,False
2026-12-08 04:00:00,341,4,1,0.0,1.7199326361033251,0.3,0.0,False
2026-12-08 05:00:00,341,5,1,0.0,1.4938697791053341,0.3,0.0,False
2026-12-08 06:00:00,341,6,1,0.0,1.7066010353151433,0.5,0.0,False
2026-12-08 07:00:00,341,7,1,0.12092754519604941,2.2723405381723616,0.5,0.0,False
2026-12-08 08:00:00,341,8,1,0.14066568262291643,3.7094429402824027,0.5,0.0,False
2026-12-08 09:00:00,341,9,1,0.3436910579970285,3.8843062095961347,0.5,0.0,False
2026-12-08 10:00:00,341,10,1,0.41641292228665516,3.2174587753463664,0.3,0.0,False
2026-12-08 11:00:00,341,11,1,0.37058553345130824,3.4445883663818457,0.3,0.0,False
2026-12-08 12:00:00,341,12,1,0.4103258714788161,2.933255501244005,0.3,0.0,False
2026-12-08 13:00:00,341,13,1,0.29585714995514234,3.238433491349857,0.3,0.0,False
2026-12-08 14:00:00,341,14,1,0.3166852661882283,3.2852383374911565,0.3,0.0,False
2026-12-08 15:00:00,341,15,1,0.2147770913164673,3.3693913152457777,0.3,0.0,False
2026-12-08 16:00:00,341,16,1,0.129049230599378,3.460803701490166,0.5,0.0,False
2026-12-08 17:00:00,341,17,1,0.12948035605115737,3.1358785617554523,0.5,0.0,False
2026-12-08 18:00:00,341,18,1,3.894319233119674e-17,1.5989952283380306,0.5,0.0,False
2026-12-08 19:00:00,341,19,1,0.0,1.6840000464955112,0.5,0.0,False
2026-12-08 20:00:00,341,20,1,0.0,1.8518867374131385,0.5,0.0,False
2026-12-08 21:00:00,341,21,1,0.0,1.60599419757563,0.5,0.0,False
2026-12-08 22:00:00,341,22,1,0.0,1.4310741027778167,0.3,0.0,False
2026-12-08 23:00:00,341,23,1,0.0,1.3092353014337608,0.3,0.0,False
2026-12-09 00:00:00,342,0,2,0.0,1.7743803446797846,0.3,0.0,False
2026-12-09 01:00:00,342,1,2,0.0,1.6106012903389413,0.3,0.0,False
2026-12-09 02:00:00,342,2,2,0.0,1.496703655262964,0.3,0.0,False
2026-12-09 03:00:00,342,3,2,0.0,1.2570272558667273,0.3,0.0,False
2026-12-09 04:00:00,342,4,2,0.0,1.3603224073652922,0.3,0.0,False
2026-12-09 05:00:00,342,5,2,0.0,1.5946980433160904,0.3,0.0,False
2026-12-09 06:00:00,342,6,2,0.0,1.953074953618885,0.5,0.0,False
2026-12-09 07:00:00,342,7,2,0.06936315252128354,1.6080502661550318,0.5,0.0,False
2026-12-09 08:00:00,342,8,2,0.23346802828879365,3.794891883475274,0.5,0.0,False
2026-12-09 09:00:00,342,9,2,0.28061845610156716,3.4647345327670056,0.5,0.0,False
2026-12-09 10:00:00,342,10,2,0.308843781524205,3.503101360290339,0.3,0.0,False
2026-12-09 11:00:00,342,11,2,0.44129180734855766,3.3312833872357435,0.3,0.0,False
2026-12-09 12:00:00,342,12,2,0.3304421113990783,3.230486782687605,0.3,0.0,False
2026-12-09 13:00:00,342,13,2,0.43438734954415886,3.4485231508666008,0.3,0.0,False
2026-12-09 14:00:00,342,14,2,0.2899670199434963,3.3530248932668676,0.3,0.0,False
2026-12-09 15:00:00,342,15,2,0.34246581819256827,3.4987391412757525,0.3,0.0,False
2026-12-09 16:00:00,342,16,2,0.15984889471473418,3.312071342008435,0.5,0.0,False
2026-12-09 17:00:00,342,17,2,0.07423351461741916,3.320822904960857,0.5,0.0,False
2026-12-09 18:00:00,342,18,2,5.243303506404765e-17,1.4572124351103137,0.5,0.0,False
2026-12-09 19:00:00,342,19,2,0.0,1.5394450714150745,0.5,0.0,False
2026-12-09 20:00:00,342,20,2,0.0,1.754692631968388,0.5,0.0,False
2026-12-09 21:00:00,342,21,2,0.0,1.4245853744908434,0.5,0.0,False
2026-12-09 22:00:00,342,22,2,0.0,1.5971932723995954,0.3,0.0,False
2026-12-09 23:00:00,342,23,2,0.0,1.3679334625488073,0.3,0.0,False
2026-12-10 00:00:00,343,0,3,0.0,1.1899901823482326,0.3,0.0,False
2026-12-10 01:00:00,343,1,3,0.0,1.5311188110555165,0.3,0.0,False
2026-12-10 02:00:00,343,2,3,0.0,1.5555608135204135,0.3,0.0,False
2026-12-10 03:00:00,343,3,3,0.0,1.4834923095836274,0.3,0.0,False
2026-12-10 04:00:00,343,4,3,0.0,1.2756022543841645,0.3,0.0,False
2026-12-10 05:00:00,343,5,3,0.0,1.5456451611962432,0.3,0.0,False
2026-12-10 06:00:00,343,6,3,0.0,1.9399470451209169,0.5,0.0,False
2026-12-10 07:00:00,343,7,3,0.08945570366508639,1.766682905336114,0.5,0.0,False
2026-12-10 08:00:00,343,8,3,0.13332272031148365,3.4969762642790467,0.5,0.0,False
2026-12-10 09:00:00,343,9,3,0.3485557382142393,3.662141810844105,0.5,0.0,False
2026-12-10 10:00:00,343,10,3,0.4348773038222756,3.397939387016665,0.3,0.0,False
2026-12-10 11:00:00,343,11,3,0.3318278925482449,3.3624982097687983,0.3,0.0,False
2026-12-10 12:00:00,343,12,3,0.4893813500178692,3.167874450324888,0.3,0.0,False
2026-12-10 13:00:00,343,13,3,0.2839654457851307,3.320538762753301,0.3,0.0,False
2026-12-10 14:00:00,343,14,3,0.25175297347083997,3.433068960821335,0.3,0.0,False
2026-12-10 15:00:00,343,15,3,0.1910339909199654,3.1241001436099776,0.3,0.0,False
2026-12-10 16:00:00,343,16,3,0.175130545265224,3.309473305206479,0.5,0.0,False
2026-12-10 17:00:00,343,17,3,0.0685673538566956,3.5009461470256307,0.5,0.0,False
2026-12-10 18:00:00,343,18,3,4.299906198417985e-17,1.3087601767059154,0.5,0.0,False
2026-12-10 19:00:00,343,19,3,0.0,1.6733289436574263,0.5,0.0,False
2026-12-10 20:00:00,343,20,3,0.0,1.7428781178483577,0.5,0.0,False
2026-12-10 21:00:00,343,21,3,0.0,1.4666691712243671,0.5,0.0,False
2026-12-10 22:00:00,343,22,3,0.0,1.448548707147558,0.3,0.0,False
2026-12-10 23:00:00,343,23,3,0.0,1.654964162852934,0.3,0.0,False
2026-12-11 00:00:00,344,0,4,0.0,1.4720804437455721,0.3,0.0,False
2026-12-11 01:00:00,344,1,4,0.0,1.1470309948957362,0.3,0.0,False
2026-12-11 02:00:00,344,2,4,0.0,1.4851808107965632,0.3,0.0,False
2026-12-11 03:00:00,344,3,4,0.0,1.5705605952291843,0.3,0.0,False
2026-12-11 04:00:00,344,4,4,0.0,1.61101257803737,0.3,0.0,False
2026-12-11 05:00:00,344,5,4,0.0,1.3679056252872117,0.3,0.0,False
2026-12-11 06:00:00,344,6,4,0.0,1.8595298320791087,0.5,0.0,False
2026-12-11 07:00:00,344,7,4,0.12621528746676672,2.046536089622845,0.5,0.0,False
2026-12-11 08:00:00,344,8,4,0.20941861023410446,3.691000206787999,0.5,0.0,False
2026-12-11 09:00:00,344,9,4,0.34925121841040485,3.4706893009058626,0.5,0.0,False
2026-12-11 10:00:00,344,10,4,0.42111802051821456,3.4856457014430564,0.3,0.0,False
2026-12-11 11:00:00,344,11,4,0.29010889713524873,3.267883346643413,0.3,0.0,False
2026-12-11 12:00:00,344,12,4,0.4352532741002611,3.4636828165772067,0.3,0.0,False
2026-12-11 13:00:00,344,13,4,0.32767669539488775,3.0906814956200175,0.3,0.0,False
2026-12-11 14:00:00,344,14,4,0.323880186115561,3.281851987861637,0.3,0.0,False
2026-12-11 15:00:00,344,15,4,0.20568238073351391,3.376460403551585,0.3,0.0,False
2026-12-11 16:00:00,344,16,4,0.24824488237503234,3.2869282707748515,0.5,0.0,False
2026-12-11 17:00:00,344,17,4,0.11232160335286356,3.1225490696518508,0.5,0.0,False
2026-12-11 18:00:00,344,18,4,3.9007466291636e-17,1.1419795039734728,0.5,0.0,False
2026-12-11 19:00:00,344,19,4,0.0,1.728489769425504,0.5,0.0,False
2026-12-11 20:00:00,344,20,4,0.0,1.5372057302851987,0.5,0.0,False
2026-12-11 21:00:00,344,21,4,0.0,1.6750201579186708,0.5,0.0,False
2026-12-11 22:00:00,344,22,4,0.0,1.6393003649040674,0.3,0.0,False
2026-12-11 23:00:00,344,23,4,0.0,1.5895270239179369,0.3,0.0,False
2026-12-12 00:00:00,345,0,5,0.0,1.45179939672794,0.3,0.0,False
2026-12-12 01:00:00,345,1,5,0.0,1.5734650388458693,0.3,0.0,False
2026-12-12 02:00:00,345,2,5,0.0,1.7148805419556086,0.3,0.0,False
2026-12-12 03:00:00,345,3,5,0.0,1.5124516392410636,0.3,0.0,False
2026-12-12 04:00:00,345,4,5,0.0,1.7852551566598784,0.3,0.0,False
2026-12-12 05:00:00,345,5,5,0.0,1.2750867170299716,0.3,0.0,False
2026-12-12 06:00:00,345,6,5,0.0,1.2589637083106329,0.5,0.0,False
2026-12-12 07:00:00,345,7,5,0.12445618054840982,1.6482112821779091,0.5,0.0,False
2026-12-12 08:00:00,345,8,5,0.1694191500458544,1.3771885595218682,0.5,0.0,False
2026-12-12 09:00:00,345,9,5,0.22191584628099884,1.8065005380643169,0.5,0.0,False
2026-12-12 10:00:00,345,10,5,0.37901725247045187,1.7006012056849416,0.3,0.0,False
2026-12-12 11:00:00,345,11,5,0.472770002363814,1.7381357260137063,0.3,0.0,False
2026-12-12 12:00:00,345,12,5,0.36640161415174505,1.6326654458326875,0.3,0.0,False
2026-12-12 13:00:00,345,13,5,0.24464152036981504,1.361762456449456,0.3,0.0,False
2026-12-12 14:00:00,345,14,5,0.3671189344295579,1.2510987599797212,0.3,0.0,False
2026-12-12 15:00:00,345,15,5,0.25126117958721605,1.7242942003783532,0.3,0.0,False
2026-12-12 16:00:00,345,16,5,0.2101351862730276,1.2750647690981913,0.5,0.0,False
2026-12-12 17:00:00,345,17,5,0.08304166159145458,1.737732853159128,0.5,0.0,False
2026-12-12 18:00:00,345,18,5,3.0826252354483996e-17,1.6004422140344032,0.5,0.0,False
2026-12-12 19:00:00,345,19,5,0.0,1.4885621019269848,0.5,0.0,False
2026-12-12 20:00:00,345,20,5,0.0,1.5663071526502967,0.5,0.0,False
2026-12-12 21:00:00,345,21,5,0.0,1.569793640317365,0.5,0.0,False
2026-12-12 22:00:00,345,22,5,0.0,1.469638441711938,0.3,0.0,False
2026-12-12 23:00:00,345,23,5,0.0,1.713853085237897,0.3,0.0,False
2026-12-13 00:00:00,346,0,6,0.0,1.70871012908993,0.3,0.0,False
2026-12-13 01:00:00,346,1,6,0.0,1.523348895273141,0.3,0.0,False
2026-12-13 02:00:00,346,2,6,0.0,1.4100008419949543,0.3,0.0,False
2026-12-13 03:00:00,346,3,6,0.0,1.6958931066606437,0.3,0.0,False
2026-12-13 04:00:00,346,4,6,0.0,1.1966159429791772,0.3,0.0,False
2026-12-13 05:00:00,346,5,6,0.0,1.5665838910516985,0.3,0.0,False
2026-12-13 06:00:00,346,6,6,0.0,1.6109362662313382,0.5,0.0,False
2026-12-13 07:00:00,346,7,6,0.08544904422826742,1.3757472247832983,0.5,0.0,False
2026-12-13 08:00:00,346,8,6,0.12932093684059168,1.646067823115647,0.5,0.0,False
2026-12-13 09:00:00,346,9,6,0.2320575707109473,1.496042120802506,0.5,0.0,False
2026-12-13 10:00:00,346,10,6,0.2617093595241601,1.4181449817076324,0.3,0.0,False
2026-12-13 11:00:00,346,11,6,0.3748923765133612,1.6444835009495509,0.3,0.0,False
2026-12-13 12:00:00,346,12,6,0.48130340315170606,1.3371473356953376,0.3,0.0,False
2026-12-13 13:00:00,346,13,6,0.45317460437698387,1.630379000484582,0.3,0.0,False
2026-12-13 14:00:00,346,14,6,0.2836735182694439,1.2026480679271117,0.3,0.0,False
2026-12-13 15:00:00,346,15,6,0.2533942178087314,1.5428556670096796,0.3,0.0,False
2026-12-13 16:00:00,346,16,6,0.13000462240301325,1.506576593432024,0.5,0.0,False
2026-12-13 17:00:00,346,17,6,0.10025160117919579,1.419045634970136,0.5,0.0,False
2026-12-13 18:00:00,346,18,6,3.2666020693916674e-17,1.5584437301833516,0.5,0.0,False
2026-12-13 19:00:00,346,19,6,0.0,1.4880644805948318,0.5,0.0,False
2026-12-13 20:00:00,346,20,6,0.0,1.658204344095832,0.5,0.0,False
2026-12-13 21:00:00,346,21,6,0.0,1.5840226483205153,0.5,0.0,False
2026-12-13 22:00:00,346,22,6,0.0,1.5679041349311529,0.3,0.0,False
2026-12-13 23:00:00,346,23,6,0.0,1.5437791805340306,0.3,0.0,False
2026-12-14 00:00:00,347,0,0,0.0,1.4291750315179437,0.3,0.0,False
2026-12-14 01:00:00,347,1,0,0.0,1.4547294675036455,0.3,0.0,False
2026-12-14 02:00:00,347,2,0,0.0,1.5372323760331335,0.3,0.0,False
2026-12-14 03:00:00,347,3,0,0.0,1.4739960769339295,0.3,0.0,False
2026-12-14 04:00:00,347,4,0,0.0,1.6667179245649493,0.3,0.0,False
2026-12-14 05:00:00,347,5,0,0.0,1.514017528431563,0.3,0.0,False
2026-12-14 06:00:00,347,6,0,0.0,1.9563949911737697,0.5,0.0,False
2026-12-14 07:00:00,347,7,0,0.10929022776586188,1.6895974099156659,0.5,0.0,False
2026-12-14 08:00:00,347,8,0,0.22906462662671082,3.8414845408090565,0.5,0.0,False
2026-12-14 09:00:00,347,9,0,0.1966181325194721,3.612823960948848,0.5,0.0,False
2026-12-14 10:00:00,347,10,0,0.30390898872965677,3.143601962655493,0.3,0.0,False
2026-12-14 11:00:00,347,11,0,0.41963780899601255,3.5469279013668857,0.3,0.0,False
2026-12-14 12:00:00,347,12,0,0.2916377609368772,3.4046432283648884,0.3,0.0,False
2026-12-14 13:00:00,347,13,0,0.37921221475963757,3.446564357833766,0.3,0.0,False
2026-12-14 14:00:00,347,14,0,0.36284960732786165,3.3681744274360974,0.3,0.0,False
2026-12-14 15:00:00,347,15,0,0.24008206574817675,3.2860273806144433,0.3,0.0,False
2026-12-14 16:00:00,347,16,0,0.22955822073165374,3.2580593987915605,0.5,0.0,False
2026-12-14 17:00:00,347,17,0,0.09798599726525581,3.4168665278185,0.5,0.0,False
2026-12-14 18:00:00,347,18,0,4.9934258553761657e-17,1.669877856335744,0.5,0.0,False
2026-12-14 19:00:00,347,19,0,0.0,1.489772437811123,0.5,0.0,False
2026-12-14 20:00:00,347,20,0,0.0,1.8108814297051201,0.5,0.0,False
2026-12-14 21:00:00,347,21,0,0.0,1.4704022175433786,0.5,0.0,False
2026-12-14 22:00:00,347,22,0,0.0,1.290898733266504,0.3,0.0,False
2026-12-14 23:00:00,347,23,0,0.0,1.2417715888509036,0.3,0.0,False
2026-12-15 00:00:00,348,0,1,0.0,1.246833694818101,0.3,0.0,False
2026-12-15 01:00:00,348,1,1,0.0,1.4379282311141257,0.3,0.0,False
2026-12-15 02:00:00,348,2,1,0.0,1.4651972968330826,0.3,0.0,False
2026-12-15 03:00:00,348,3,1,0.0,1.6023899456519837,0.3,0.0,False
2026-12-15 04:00:00,348,4,1,0.0,1.4957087947119343,0.3,0.0,False
2026-12-15 05:00:00,348,5,1,0.0,1.6265056551951278,0.3,0.0,False
2026-12-15 06:00:00,348,6,1,0.0,1.906733924893424,0.5,0.0,False
2026-12-15 07:00:00,348,7,1,0.07522713818240348,1.9020282139190299,0.5,0.0,False
2026-12-15 08:00:00,348,8,1,0.14671915446015033,3.6133727688987327,0.5,0.0,False
2026-12-15 09:00:00,348,9,1,0.3366154179488884,3.9133882690596717,0.5,0.0,False
2026-12-15 10:00:00,348,10,1,0.321965958963544,3.0702773555133005,0.3,0.0,False
2026-12-15 11:00:00,348,11,1,0.33208175152051,3.345196543607082,0.3,0.0,False
2026-12-15 12:00:00,348,12,1,0.3890630505515534,3.272752430737615,0.3,0.0,False
2026-12-15 13:00:00,348,13,1,0.4792700228122843,3.417263189625675,0.3,0.0,False
2026-12-15 14:00:00,348,14,1,0.24281205724780036,3.2968755898266227,0.3,0.0,False
2026-12-15 15:00:00,348,15,1,0.3111064631563285,3.301296555842385,0.3,0.0,False
2026-12-15 16:00:00,348,16,1,0.16706936489287272,3.260004056653543,0.5,0.0,False
2026-12-15 17:00:00,348,17,1,0.07239915103173507,3.5089884606197996,0.5,0.0,False
2026-12-15 18:00:00,348,18,1,4.360687924746774e-17,1.5003608827590436,0.5,0.0,False
2026-12-15 19:00:00,348,19,1,0.0,1.7954476817420209,0.5,0.0,False
2026-12-15 20:00:00,348,20,1,0.0,1.5408370622441303,0.5,0.0,False
2026-12-15 21:00:00,348,21,1,0.0,1.5032639761195992,0.5,0.0,False
2026-12-15 22:00:00,348,22,1,0.0,1.4782009560218343,0.3,0.0,False
2026-12-15 23:00:00,348,23,1,0.0,1.5846370349527767,0.3,0.0,False
2026-12-16 00:00:00,349,0,2,0.0,1.4117409940639192,0.3,0.0,False
2026-12-16 01:00:00,349,1,2,0.0,1.5218613598558555,0.3,0.0,False
2026-12-16 02:00:00,349,2,2,0.0,1.5012205521161728,0.3,0.0,False
2026-12-16 03:00:00,349,3,2,0.0,1.5487871548897785,0.3,0.0,False
2026-12-16 04:00:00,349,4,2,0.0,1.5525045489392633,0.3,0.0,False
2026-12-16 05:00:00,349,5,2,0.0,1.560299232027587,0.3,0.0,False
2026-12-16 06:00:00,349,6,2,0.0,1.9142357119259936,0.5,0.0,False
2026-12-16 07:00:00,349,7,2,0.08502220891183444,2.135341523852406,0.5,0.0,False
2026-12-16 08:00:00,349,8,2,0.14663902830293657,3.7633853224273723,0.5,0.0,False
2026-12-16 09:00:00,349,9,2,0.24524160520005062,4.090897943253899,0.5,0.0,False
2026-12-16 10:00:00,349,10,2,0.42768862931577406,3.3074777112848808,0.3,0.0,False
2026-12-16 11:00:00,349,11,2,0.3825982075240678,3.443836993868276,0.3,0.0,False
2026-12-16 12:00:00,349,12,2,0.3577175264511335,3.191092618743798,0.3,0.0,False
2026-12-16 13:00:00,349,13,2,0.37853852967201196,3.5101183882966955,0.3,0.0,False
2026-12-16 14:00:00,349,14,2,0.3617420077495808,3.194357409483829,0.3,0.0,False
2026-12-16 15:00:00,349,15,2,0.2539305042257616,3.368381702693414,0.3,0.0,False
2026-12-16 16:00:00,349,16,2,0.18115218469635166,3.2603359197653807,0.5,0.0,False
2026-12-16 17:00:00,349,17,2,0.11020340249319391,3.367801169567532,0.5,0.0,False
2026-12-16 18:00:00,349,18,2,3.251337400949573e-17,1.4647805644692764,0.5,0.0,False
2026-12-16 19:00:00,349,19,2,0.0,1.3816120659118176,0.5,0.0,False
2026-12-16 20:00:00,349,20,2,0.0,1.4592611565303324,0.5,0.0,False
2026-12-16 21:00:00,349,21,2,0.0,1.731237018621247,0.5,0.0,False
2026-12-16 22:00:00,349,22,2,0.0,1.5700914402757722,0.3,0.0,False
2026-12-16 23:00:00,349,23,2,0.0,1.3066724955181304,0.3,0.0,False
2026-12-17 00:00:00,350,0,3,0.0,1.664307405186009,0.3,0.0,False
2026-12-17 01:00:00,350,1,3,0.0,1.3662728729509082,0.3,0.0,False
2026-12-17 02:00:00,350,2,3,0.0,1.611503893208723,0.3,0.0,False
2026-12-17 03:00:00,350,3,3,0.0,1.5829747721393859,0.3,0.0,False
2026-12-17 04:00:00,350,4,3,0.0,1.5924465699377033,0.3,0.0,False
2026-12-17 05:00:00,350,5,3,0.0,1.777978374925227,0.3,0.0,False
2026-12-17 06:00:00,350,6,3,0.0,1.7757038612646976,0.5,0.0,False
2026-12-17 07:00:00,350,7,3,0.11087388284238119,1.9916192163830242,0.5,0.0,False
2026-12-17 08:00:00,350,8,3,0.23515101270356725,3.8889382918648576,0.5,0.0,False
2026-12-17 09:00:00,350,9,3,0.29733107854642166,3.603498744756269,0.5,0.0,False
2026-12-17 10:00:00,350,10,3,0.36518046145651595,3.1881369629227505,0.3,0.0,False
2026-12-17 11:00:00,350,11,3,0.3624642918643991,3.2569218691841346,0.3,0.0,False
2026-12-17 12:00:00,350,12,3,0.409473290400041,3.3487099553733097,0.3,0.0,False
2026-12-17 13:00:00,350,13,3,0.312744024493881,3.088428558905857,0.3,0.0,False
2026-12-17 14:00:00,350,14,3,0.2358663434937875,3.382710298628747,0.3,0.0,False
2026-12-17 15:00:00,350,15,3,0.3232783812966185,3.088741988738141,0.3,0.0,False
2026-12-17 16:00:00,350,16,3,0.24302909306666448,3.4939996238711166,0.5,0.0,False
2026-12-17 17:00:00,350,17,3,0.1202125443651039,3.3770650242135183,0.5,0.0,False
2026-12-17 18:00:00,350,18,3,4.086219992857645e-17,1.7869709808203407,0.5,0.0,False
2026-12-17 19:00:00,350,19,3,0.0,1.6003175640913947,0.5,0.0,False
2026-12-17 20:00:00,350,20,3,0.0,1.454285932331851,0.5,0.0,False
2026-12-17 21:00:00,350,21,3,0.0,1.3801984297173504,0.5,0.0,False
2026-12-17 22:00:00,350,22,3,0.0,1.5358336587116794,0.3,0.0,False
2026-12-17 23:00:00,350,23,3,0.0,1.4954624117283188,0.3,0.0,False
2026-12-18 00:00:00,351,0,4,0.0,1.6779208552315914,0.3,0.0,False
2026-12-18 01:00:00,351,1,4,0.0,1.3607071775467725,0.3,0.0,False
2026-12-18 02:00:00,351,2,4,0.0,1.8031353000691468,0.3,0.0,False
2026-12-18 03:00:00,351,3,4,0.0,1.691216541257249,0.3,0.0,False
2026-12-18 04:00:00,351,4,4,0.0,1.4694714554614283,0.3,0.0,False
2026-12-18 05:00:00,351,5,4,0.0,1.769673134645643,0.3,0.0,False
2026-12-18 06:00:00,351,6,4,0.0,1.782530785741409,0.5,0.0,False
2026-12-18 07:00:00,351,7,4,0.06634734609276143,1.9308384684872841,0.5,0.0,False
2026-12-18 08:00:00,351,8,4,0.23533037691002479,3.5085293422645516,0.5,0.0,False
2026-12-18 09:00:00,351,9,4,0.2909134128585142,3.976985388445211,0.5,0.0,False
2026-12-18 10:00:00,351,10,4,0.3818029936066439,3.052891978037853,0.3,0.0,False
2026-12-18 11:00:00,351,11,4,0.4309045151379148,3.0839337455606763,0.3,0.0,False
2026-12-18 12:00:00,351,12,4,0.35519550531685873,3.2047930339408195,0.3,0.0,False
2026-12-18 13:00:00,351,13,4,0.43442979576687646,3.498348551201424,0.3,0.0,False
2026-12-18 14:00:00,351,14,4,0.4195832443875958,3.4432267329118327,0.3,0.0,False
2026-12-18 15:00:00,351,15,4,0.20725954291813145,3.3183075942343656,0.3,0.0,False
2026-12-18 16:00:00,351,16,4,0.22056707636491552,3.4528389316750943,0.5,0.0,False
2026-12-18 17:00:00,351,17,4,0.08463956659891915,3.2826879412933274,0.5,0.0,False
2026-12-18 18:00:00,351,18,4,4.046823293431602e-17,1.5633643168901994,0.5,0.0,False
2026-12-18 19:00:00,351,19,4,0.0,1.7477589113484173,0.5,0.0,False
2026-12-18 20:00:00,351,20,4,0.0,1.463007169019368,0.5,0.0,False
2026-12-18 21:00:00,351,21,4,0.0,1.385044106884244,0.5,0.0,False
2026-12-18 22:00:00,351,22,4,0.0,1.5705557571490485,0.3,0.0,False
2026-12-18 23:00:00,351,23,4,0.0,1.6110411461237326,0.3,0.0,False
2026-12-19 00:00:00,352,0,5,0.0,1.5165671605717919,0.3,0.0,False
2026-12-19 01:00:00,352,1,5,0.0,1.6505071970559049,0.3,0.0,False
2026-12-19 02:00:00,352,2,5,0.0,1.4698111295649732,0.3,0.0,False
2026-12-19 03:00:00,352,3,5,0.0,1.5191319014375237,0.3,0.0,False
2026-12-19 04:00:00,352,4,5,0.0,1.5561862323845415,0.3,0.0,False
2026-12-19 05:00:00,352,5,5,0.0,1.5431041557056167,0.3,0.0,False
2026-12-19 06:00:00,352,6,5,0.0,1.7419907443933274,0.5,0.0,False
2026-12-19 07:00:00,352,7,5,0.0698154432824377,1.5554334375000498,0.5,0.0,False
2026-12-19 08:00:00,352,8,5,0.24403423569649962,1.4544146797617974,0.5,0.0,False
2026-12-19 09:00:00,352,9,5,0.33458552990660234,1.5791972552236517,0.5,0.0,False
2026-12-19 10:00:00,352,10,5,0.35849001816768894,1.651327626040519,0.3,0.0,False
2026-12-19 11:00:00,352,11,5,0.37465741166846694,1.6161353162278194,0.3,0.0,False
2026-12-19 12:00:00,352,12,5,0.47982816800504025,1.6078211356744467,0.3,0.0,False
2026-12-19 13:00:00,352,13,5,0.39979405811565955,1.2752924784728947,0.3,0.0,False
2026-12-19 14:00:00,352,14,5,0.35906837112659334,1.1261231074739508,0.3,0.0,False
2026-12-19 15:00:00,352,15,5,0.32593422253808013,1.6912896807930935,0.3,0.0,False
2026-12-19 16:00:00,352,16,5,0.20666432114397723,1.56582861693092,0.5,0.0,False
2026-12-19 17:00:00,352,17,5,0.09729910836180011,1.4967633875077095,0.5,0.0,False
2026-12-19 18:00:00,352,18,5,4.2549722604369006e-17,1.6041469541670232,0.5,0.0,False
2026-12-19 19:00:00,352,19,5,0.0,1.7890964903498872,0.5,0.0,False
2026-12-19 20:00:00,352,20,5,0.0,1.7120296748769614,0.5,0.0,False
2026-12-19 21:00:00,352,21,5,0.0,1.6443330859202936,0.5,0.0,False
2026-12-19 22:00:00,352,22,5,0.0,1.3669911550751035,0.3,0.0,False
2026-12-19 23:00:00,352,23,5,0.0,1.3864813795545186,0.3,0.0,False
2026-12-20 00:00:00,353,0,6,0.0,1.142039297794844,0.3,0.0,False
2026-12-20 01:00:00,353,1,6,0.0,1.595027021082738,0.3,0.0,False
2026-12-20 02:00:00,353,2,6,0.0,1.666294079619175,0.3,0.0,False
2026-12-20 03:00:00,353,3,6,0.0,1.6785267069287269,0.3,0.0,False
2026-12-20 04:00:00,353,4,6,0.0,1.6013145706915164,0.3,0.0,False
2026-12-20 05:00:00,353,5,6,0.0,1.476889971265903,0.3,0.0,False
2026-12-20 06:00:00,353,6,6,0.0,1.4153583807134784,0.5,0.0,False
2026-12-20 07:00:00,353,7,6,0.11716176972152632,1.3761952805863853,0.5,0.0,False
2026-12-20 08:00:00,353,8,6,0.1274026904581071,1.47548627262522,0.5,0.0,False
2026-12-20 09:00:00,353,9,6,0.20758114455094565,1.3533260619155327,0.5,0.0,False
2026-12-20 10:00:00,353,10,6,0.39554915272706564,1.763393109751288,0.3,0.0,False
2026-12-20 11:00:00,353,11,6,0.3744553716014719,1.30464426704016,0.3,0.0,False
2026-12-20 12:00:00,353,12,6,0.4434144967029725,1.4704420084666165,0.3,0.0,False
2026-12-20 13:00:00,353,13,6,0.44388747672900375,1.209567237985369,0.3,0.0,False
2026-12-20 14:00:00,353,14,6,0.42044937531193527,1.5444832291947097,0.3,0.0,False
2026-12-20 15:00:00,353,15,6,0.18798955677440887,1.4996424435364304,0.3,0.0,False
2026-12-20 16:00:00,353,16,6,0.22490538424908263,1.446481446954069,0.5,0.0,False
2026-12-20 17:00:00,353,17,6,0.11056581762839213,1.3600825100954919,0.5,0.0,False
2026-12-20 18:00:00,353,18,6,3.695467206315041e-17,1.5003692753381426,0.5,0.0,False
2026-12-20 19:00:00,353,19,6,0.0,1.4183308664978642,0.5,0.0,False
2026-12-20 20:00:00,353,20,6,0.0,1.4794698165949995,0.5,0.0,False
2026-12-20 21:00:00,353,21,6,0.0,1.7936145002876989,0.5,0.0,False
2026-12-20 22:00:00,353,22,6,0.0,1.5258265823838855,0.3,0.0,False
2026-12-20 23:00:00,353,23,6,0.0,1.579930081196105,0.3,0.0,False
2026-12-21 00:00:00,354,0,0,0.0,1.4303302836479257,0.3,0.0,False
2026-12-21 01:00:00,354,1,0,0.0,1.3823346735487858,0.3,0.0,False
2026-12-21 02:00:00,354,2,0,0.0,1.496556342982703,0.3,0.0,False
2026-12-21 03:00:00,354,3,0,0.0,1.8755889007278337,0.3,0.0,False
2026-12-21 04:00:00,354,4,0,0.0,1.456885845765906,0.3,0.0,False
2026-12-21 05:00:00,354,5,0,0.0,1.5542156705047234,0.3,0.0,False
2026-12-21 06:00:00,354,6,0,0.0,1.775740222736419,0.5,0.0,False
2026-12-21 07:00:00,354,7,0,0.10345796259029356,1.4867091942397375,0.5,0.0,False
2026-12-21 08:00:00,354,8,0,0.2101595681883618,3.5815253002102514,0.5,0.0,False
2026-12-21 09:00:00,354,9,0,0.22618819962776943,4.057106429103064,0.5,0.0,False
2026-12-21 10:00:00,354,10,0,0.33980573377365864,3.3893085442087147,0.3,0.0,False
2026-12-21 11:00:00,354,11,0,0.2995341552772418,3.5461386301580173,0.3,0.0,False
2026-12-21 12:00:00,354,12,0,0.48663517786298055,3.2478416647602035,0.3,0.0,False
2026-12-21 13:00:00,354,13,0,0.4492485928890928,2.9464753344365007,0.3,0.0,False
2026-12-21 14:00:00,354,14,0,0.2789017235117105,3.133693649480633,0.3,0.0,False
2026-12-21 15:00:00,354,15,0,0.2702900556172945,3.359553714156625,0.3,0.0,False
2026-12-21 16:00:00,354,16,0,0.187600819240197,3.3356420791404675,0.5,0.0,False
2026-12-21 17:00:00,354,17,0,0.12683751661817771,3.2984364305132656,0.5,0.0,False
2026-12-21 18:00:00,354,18,0,4.268476223644229e-17,1.4204626481345521,0.5,0.0,False
2026-12-21 19:00:00,354,19,0,0.0,1.6409573530204866,0.5,0.0,False
2026-12-21 20:00:00,354,20,0,0.0,1.4247979988998558,0.5,0.0,False
2026-12-21 21:00:00,354,21,0,0.0,1.546172530524405,0.5,0.0,False
2026-12-21 22:00:00,354,22,0,0.0,1.5292992247548904,0.3,0.0,False
2026-12-21 23:00:00,354,23,0,0.0,1.444724633495668,0.3,0.0,False
2026-12-22 00:00:00,355,0,1,0.0,1.3678055923440655,0.3,0.0,False
2026-12-22 01:00:00,355,1,1,0.0,1.435900486991556,0.3,0.0,False
2026-12-22 02:00:00,355,2,1,0.0,1.7810432674046621,0.3,0.0,False
2026-12-22 03:00:00,355,3,1,0.0,1.6668671794899268,0.3,0.0,False
2026-12-22 04:00:00,355,4,1,0.0,1.6530583096922968,0.3,0.0,False
2026-12-22 05:00:00,355,5,1,0.0,1.3820304439837778,0.3,0.0,False
2026-12-22 06:00:00,355,6,1,0.0,1.6843466090549666,0.5,0.0,False
2026-12-22 07:00:00,355,7,1,0.10970661101957291,2.064474132363793,0.5,0.0,False
2026-12-22 08:00:00,355,8,1,0.21868344956023608,3.8357150890674916,0.5,0.0,False
2026-12-22 09:00:00,355,9,1,0.22365601498431273,3.7205873465023824,0.5,0.0,False
2026-12-22 10:00:00,355,10,1,0.35564832756617243,3.244419016862481,0.3,0.0,False
2026-12-22 11:00:00,355,11,1,0.2507565474973703,3.080408301864745,0.3,0.0,False
2026-12-22 12:00:00,355,12,1,0.29933474274191507,3.430110066656775,0.3,0.0,False
2026-12-22 13:00:00,355,13,1,0.46678463149831495,3.4779202672448863,0.3,0.0,False
2026-12-22 14:00:00,355,14,1,0.3766966937997102,3.1981361357263207,0.3,0.0,False
2026-12-22 15:00:00,355,15,1,0.21763580640007124,3.1856100598890564,0.3,0.0,False
2026-12-22 16:00:00,355,16,1,0.13897498149150755,3.4861592887513204,0.5,0.0,False
2026-12-22 17:00:00,355,17,1,0.12615165585474827,3.2037203305659774,0.5,0.0,False
2026-12-22 18:00:00,355,18,1,3.406369553841897e-17,1.7668590311784573,0.5,0.0,False
2026-12-22 19:00:00,355,19,1,0.0,1.4836422363201436,0.5,0.0,False
2026-12-22 20:00:00,355,20,1,0.0,1.4420157439700025,0.5,0.0,False
2026-12-22 21:00:00,355,21,1,0.0,1.5067662001820095,0.5,0.0,False
2026-12-22 22:00:00,355,22,1,0.0,1.442005239845397,0.3,0.0,False
2026-12-22 23:00:00,355,23,1,0.0,1.6689318579521522,0.3,0.0,False
2026-12-23 00:00:00,356,0,2,0.0,1.632871520936308,0.3,0.0,False
2026-12-23 01:00:00,356,1,2,0.0,1.6632159439126246,0.3,0.0,False
2026-12-23 02:00:00,356,2,2,0.0,1.5276779611041094,0.3,0.0,False
2026-12-23 03:00:00,356,3,2,0.0,1.4315468252537455,0.3,0.0,False
2026-12-23 04:00:00,356,4,2,0.0,1.49864039888584,0.3,0.0,False
2026-12-23 05:00:00,356,5,2,0.0,1.436145481264459,0.3,0.0,False
2026-12-23 06:00:00,356,6,2,0.0,2.1199894769774437,0.5,0.0,False
2026-12-23 07:00:00,356,7,2,0.10682364041119453,2.0503410585697903,0.5,0.0,False
2026-12-23 08:00:00,356,8,2,0.225071478665942,3.6862715399714183,0.5,0.0,False
2026-12-23 09:00:00,356,9,2,0.3025584863871665,3.5610287564843093,0.5,0.0,False
2026-12-23 10:00:00,356,10,2,0.3882341238425275,3.5311259532305725,0.3,0.0,False
2026-12-23 11:00:00,356,11,2,0.27685699934290503,3.320502620331645,0.3,0.0,False
2026-12-23 12:00:00,356,12,2,0.4197465397813931,3.28047488097049,0.3,0.0,False
2026-12-23 13:00:00,356,13,2,0.4197867194976698,3.5324479079578435,0.3,0.0,False
2026-12-23 14:00:00,356,14,2,0.2816711647836173,3.2235076779932896,0.3,0.0,False
2026-12-23 15:00:00,356,15,2,0.33164082140287265,3.2521609648005696,0.3,0.0,False
2026-12-23 16:00:00,356,16,2,0.16321653317362608,3.265386157743635,0.5,0.0,False
2026-12-23 17:00:00,356,17,2,0.08054482045925067,3.1025146242537236,0.5,0.0,False
2026-12-23 18:00:00,356,18,2,5.720807175616822e-17,1.5473603048138922,0.5,0.0,False
2026-12-23 19:00:00,356,19,2,0.0,1.3856482882982324,0.5,0.0,False
2026-12-23 20:00:00,356,20,2,0.0,1.4143917401533317,0.5,0.0,False
2026-12-23 21:00:00,356,21,2,0.0,1.3943346780897503,0.5,0.0,False
2026-12-23 22:00:00,356,22,2,0.0,1.4119394695044085,0.3,0.0,False
2026-12-23 23:00:00,356,23,2,0.0,1.3741628303976279,0.3,0.0,False
2026-12-24 00:00:00,357,0,3,0.0,1.5370821266429957,0.3,0.0,True
2026-12-24 01:00:00,357,1,3,0.0,1.4766610361271428,0.3,0.0,True
2026-12-24 02:00:00,357,2,3,0.0,1.5072012207312173,0.3,0.0,True
2026-12-24 03:00:00,357,3,3,0.0,1.8530682114693469,0.3,0.0,True
2026-12-24 04:00:00,357,4,3,0.0,1.4766658228351204,0.3,0.0,True
2026-12-24 05:00:00,357,5,3,0.0,1.590742143335455,0.3,0.0,True
2026-12-24 06:00:00,357,6,3,0.0,2.007812439900397,0.5,0.0,True
2026-12-24 07:00:00,357,7,3,0.09877919265778112,1.8905715063453588,0.5,0.0,True
2026-12-24 08:00:00,357,8,3,0.12799312923297868,3.7410698697317555,0.5,0.0,True
2026-12-24 09:00:00,357,9,3,0.22303890266744839,3.7031047285393637,0.5,0.0,True
2026-12-24 10:00:00,357,10,3,0.35158437581680224,3.3303837593567214,0.3,0.0,True
2026-12-24 11:00:00,357,11,3,0.2797229811063315,3.212022481597779,0.3,0.0,True
2026-12-24 12:00:00,357,12,3,0.396546689300626,3.2258683035630265,0.3,0.0,True
2026-12-24 13:00:00,357,13,3,0.32924044901483285,3.3025383379924613,0.3,0.0,True
2026-12-24 14:00:00,357,14,3,0.3326485288180514,3.004214453422351,0.3,0.0,True
2026-12-24 15:00:00,357,15,3,0.17734500920603327,3.5244109184647985,0.3,0.0,True
2026-12-24 16:00:00,357,16,3,0.23136170538553713,3.624128702699869,0.5,0.0,True
2026-12-24 17:00:00,357,17,3,0.08824092934412148,3.325552538988707,0.5,0.0,True
2026-12-24 18:00:00,357,18,3,3.495397338876488e-17,1.5998203765876506,0.5,0.0,True
2026-12-24 19:00:00,357,19,3,0.0,1.6621586505075745,0.5,0.0,True
2026-12-24 20:00:00,357,20,3,0.0,1.3012995390632596,0.5,0.0,True
2026-12-24 21:00:00,357,21,3,0.0,1.6392416917926635,0.5,0.0,True
2026-12-24 22:00:00,357,22,3,0.0,1.4360340308348662,0.3,0.0,True
2026-12-24 23:00:00,357,23,3,0.0,1.8436086344725267,0.3,0.0,True
2026-12-25 00:00:00,358,0,4,0.0,1.4717610645001957,0.3,0.0,True
2026-12-25 01:00:00,358,1,4,0.0,1.6362273334757491,0.3,0.0,True
2026-12-25 02:00:00,358,2,4,0.0,1.47323806044598,0.3,0.0,True
2026-12-25 03:00:00,358,3,4,0.0,1.829503913449567,0.3,0.0,True
2026-12-25 04:00:00,358,4,4,0.0,1.4231474674441642,0.3,0.0,True
2026-12-25 05:00:00,358,5,4,0.0,1.6747633180991084,0.3,0.0,True
2026-12-25 06:00:00,358,6,4,0.0,1.994001682367792,0.5,0.0,True
2026-12-25 07:00:00,358,7,4,0.09145210391208446,1.960646494249624,0.5,0.0,True
2026-12-25 08:00:00,358,8,4,0.19243419229181372,3.7343511101567155,0.5,0.0,True
2026-12-25 09:00:00,358,9,4,0.1860995716686474,3.59994812234547,0.5,0.0,True
2026-12-25 10:00:00,358,10,4,0.28180646123736175,2.9120915534348883,0.3,0.0,True
2026-12-25 11:00:00,358,11,4,0.4810191022322171,3.461158816269242,0.3,0.0,True
2026-12-25 12:00:00,358,12,4,0.4163960490260517,3.2266741334483573,0.3,0.0,True
2026-12-25 13:00:00,358,13,4,0.3433454594580031,3.4754400215523042,0.3,0.0,True
2026-12-25 14:00:00,358,14,4,0.26518939250820767,3.3527546651873497,0.3,0.0,True
2026-12-25 15:00:00,358,15,4,0.3091418636289077,3.4800385171530177,0.3,0.0,True
2026-12-25 16:00:00,358,16,4,0.15785774181387285,3.420283878016421,0.5,0.0,True
2026-12-25 17:00:00,358,17,4,0.07536434802900109,2.9302957229281197,0.5,0.0,True
2026-12-25 18:00:00,358,18,4,3.5418949691834984e-17,1.5922343424371996,0.5,0.0,True
2026-12-25 19:00:00,358,19,4,0.0,1.4484486771578273,0.5,0.0,True
2026-12-25 20:00:00,358,20,4,0.0,1.6747516780902265,0.5,0.0,True
2026-12-25 21:00:00,358,21,4,0.0,1.5886811242705199,0.5,0.0,True
2026-12-25 22:00:00,358,22,4,0.0,1.590445355694841,0.3,0.0,True
2026-12-25 23:00:00,358,23,4,0.0,1.4591635806437624,0.3,0.0,True
2026-12-26 00:00:00,359,0,5,0.0,1.3631090711838314,0.3,0.0,True
2026-12-26 01:00:00,359,1,5,0.0,1.4350669561544211,0.3,0.0,True
2026-12-26 02:00:00,359,2,5,0.0,1.2300161607703577,0.3,0.0,True
2026-12-26 03:00:00,359,3,5,0.0,1.4114484398180032,0.3,0.0,True
2026-12-26 04:00:00,359,4,5,0.0,1.2803761350690852,0.3,0.0,True
2026-12-26 05:00:00,359,5,5,0.0,1.2843388794363284,0.3,0.0,True
2026-12-26 06:00:00,359,6,5,0.0,1.5174718270839314,0.5,0.0,True
2026-12-26 07:00:00,359,7,5,0.10898866720108119,1.5801073409255941,0.5,0.0,True
2026-12-26 08:00:00,359,8,5,0.1683705744022137,1.4952309779737176,0.5,0.0,True
2026-12-26 09:00:00,359,9,5,0.18602587934848605,1.4251814253992396,0.5,0.0,True
2026-12-26 10:00:00,359,10,5,0.2827797714076211,1.357888775664161,0.3,0.0,True
2026-12-26 11:00:00,359,11,5,0.46149382004365636,1.4524210511452933,0.3,0.0,True
2026-12-26 12:00:00,359,12,5,0.35380474741085166,1.376666543815838,0.3,0.0,True
2026-12-26 13:00:00,359,13,5,0.45158388836600183,1.4905753886818034,0.3,0.0,True
2026-12-26 14:00:00,359,14,5,0.32757864433865713,1.2717702338881642,0.3,0.0,True
2026-12-26 15:00:00,359,15,5,0.26894163714437497,1.6051976367308591,0.3,0.0,True
2026-12-26 16:00:00,359,16,5,0.12601530603061903,1.4149453316886462,0.5,0.0,True
2026-12-26 17:00:00,359,17,5,0.10623467226287131,1.5564385350423509,0.5,0.0,True
2026-12-26 18:00:00,359,18,5,3.4015072659231656e-17,1.6330832993446789,0.5,0.0,True
2026-12-26 19:00:00,359,19,5,0.0,1.54918063228965,0.5,0.0,True
2026-12-26 20:00:00,359,20,5,0.0,1.6198690184397124,0.5,0.0,True
2026-12-26 21:00:00,359,21,5,0.0,1.1900041105718893,0.5,0.0,True
2026-12-26 22:00:00,359,22,5,0.0,1.426071500444417,0.3,0.0,True
2026-12-26 23:00:00,359,23,5,0.0,1.6654615000183626,0.3,0.0,True
2026-12-27 00:00:00,360,0,6,0.0,1.5763844307474333,0.3,0.0,True
2026-12-27 01:00:00,360,1,6,0.0,1.7772694898327193,0.3,0.0,True
2026-12-27 02:00:00,360,2,6,0.0,1.7556570719950526,0.3,0.0,True
2026-12-27 03:00:00,360,3,6,0.0,1.5449388201675955,0.3,0.0,True
2026-12-27 04:00:00,360,4,6,0.0,1.462203207167279,0.3,0.0,True
2026-12-27 05:00:00,360,5,6,0.0,1.3562341930399515,0.3,0.0,True
2026-12-27 06:00:00,360,6,6,0.0,1.428628715169713,0.5,0.0,True
2026-12-27 07:00:00,360,7,6,0.08104893445068863,1.438762963726595,0.5,0.0,True
2026-12-27 08:00:00,360,8,6,0.18324352233901303,1.4110126211427427,0.5,0.0,True
2026-12-27 09:00:00,360,9,6,0.29190433343410804,1.362249337838843,0.5,0.0,True
2026-12-27 10:00:00,360,10,6,0.2874044798267987,1.5602364881283068,0.3,0.0,True
2026-12-27 11:00:00,360,11,6,0.4724225259968649,1.7544959517213352,0.3,0.0,True
2026-12-27 12:00:00,360,12,6,0.49684284363262465,1.6399885152345388,0.3,0.0,True
2026-12-27 13:00:00,360,13,6,0.2714318850905919,1.4516369912594516,0.3,0.0,True
2026-12-27 14:00:00,360,14,6,0.29207699623895295,1.6521043271401064,0.3,0.0,True
2026-12-27 15:00:00,360,15,6,0.2143717503079146,1.5519976300258322,0.3,0.0,True
2026-12-27 16:00:00,360,16,6,0.14892561200334065,1.4938943473594737,0.5,0.0,True
2026-12-27 17:00:00,360,17,6,0.0968486698249519,1.4845315911528894,0.5,0.0,True
2026-12-27 18:00:00,360,18,6,4.8064590630855195e-17,1.4700089793017603,0.5,0.0,True
2026-12-27 19:00:00,360,19,6,0.0,1.5976599184105904,0.5,0.0,True
2026-12-27 20:00:00,360,20,6,0.0,1.5209505123414633,0.5,0.0,True
2026-12-27 21:00:00,360,21,6,0.0,1.3907365803634515,0.5,0.0,True
2026-12-27 22:00:00,360,22,6,0.0,1.3834721836349473,0.3,0.0,True
2026-12-27 23:00:00,360,23,6,0.0,1.5458855971922503,0.3,0.0,True
2026-12-28 00:00:00,361,0,0,0.0,1.5642976823524912,0.3,0.0,True
2026-12-28 01:00:00,361,1,0,0.0,1.4530301033524824,0.3,0.0,True
2026-12-28 02:00:00,361,2,0,0.0,1.3301991565880633,0.3,0.0,True
2026-12-28 03:00:00,361,3,0,0.0,1.68764476756277,0.3,0.0,True
2026-12-28 04:00:00,361,4,0,0.0,1.6557906914290652,0.3,0.0,True
2026-12-28 05:00:00,361,5,0,0.0,1.2018935248539753,0.3,0.0,True
2026-12-28 06:00:00,361,6,0,0.0,2.1009374384970294,0.5,0.0,True
2026-12-28 07:00:00,361,7,0,0.08776498521848287,1.8686536304000478,0.5,0.0,True
2026-12-28 08:00:00,361,8,0,0.2494360764635279,3.7284980620040713,0.5,0.0,True
2026-12-28 09:00:00,361,9,0,0.21005255365679612,3.870733459007894,0.5,0.0,True
2026-12-28 10:00:00,361,10,0,0.24530346165923683,3.5478808179943577,0.3,0.0,True
2026-12-28 11:00:00,361,11,0,0.41961634391954844,3.4504297927568293,0.3,0.0,True
2026-12-28 12:00:00,361,12,0,0.44659558215503925,3.336154574842584,0.3,0.0,True
2026-12-28 13:00:00,361,13,0,0.405855797360076,3.09365389705455,0.3,0.0,True
2026-12-28 14:00:00,361,14,0,0.38649344560397714,2.996065226402289,0.3,0.0,True
2026-12-28 15:00:00,361,15,0,0.3009176606184924,3.4317238408536754,0.3,0.0,True
2026-12-28 16:00:00,361,16,0,0.14268598384387124,3.501304551861671,0.5,0.0,True
2026-12-28 17:00:00,361,17,0,0.10458342429193589,3.1778032708742927,0.5,0.0,True
2026-12-28 18:00:00,361,18,0,5.4675000509852207e-17,1.4595330052891906,0.5,0.0,True
2026-12-28 19:00:00,361,19,0,0.0,1.4164101167421819,0.5,0.0,True
2026-12-28 20:00:00,361,20,0,0.0,1.4124149889766495,0.5,0.0,True
2026-12-28 21:00:00,361,21,0,0.0,1.6612441775837947,0.5,0.0,True
2026-12-28 22:00:00,361,22,0,0.0,1.5327559699130464,0.3,0.0,True
2026-12-28 23:00:00,361,23,0,0.0,1.4656232532906497,0.3,0.0,True
2026-12-29 00:00:00,362,0,1,0.0,1.8986280030765559,0.3,0.0,True
2026-12-29 01:00:00,362,1,1,0.0,1.284836865148866,0.3,0.0,True
2026-12-29 02:00:00,362,2,1,0.0,1.5821866622243679,0.3,0.0,True
2026-12-29 03:00:00,362,3,1,0.0,1.3426532572241707,0.3,0.0,True
2026-12-29 04:00:00,362,4,1,0.0,1.4763844692008639,0.3,0.0,True
2026-12-29 05:00:00,362,5,1,0.0,1.522295757669401,0.3,0.0,True
2026-12-29 06:00:00,362,6,1,0.0,2.026689357945264,0.5,0.0,True
2026-12-29 07:00:00,362,7,1,0.09700076400930535,1.8608227157258466,0.5,0.0,True
2026-12-29 08:00:00,362,8,1,0.14462429522552805,3.6449577853304733,0.5,0.0,True
2026-12-29 09:00:00,362,9,1,0.24167116453804668,3.6581372353279735,0.5,0.0,True
2026-12-29 10:00:00,362,10,1,0.25389180755303353,3.1380070970548233,0.3,0.0,True
2026-12-29 11:00:00,362,11,1,0.2704401155147229,3.3948464703137526,0.3,0.0,True
2026-12-29 12:00:00,362,12,1,0.3210952058695914,3.3422001556172862,0.3,0.0,True
2026-12-29 13:00:00,362,13,1,0.37654435853413565,3.3652753006972573,0.3,0.0,True
2026-12-29 14:00:00,362,14,1,0.2636311745964107,3.2895685496200375,0.3,0.0,True
2026-12-29 15:00:00,362,15,1,0.23903217510240224,3.271068306016486,0.3,0.0,True
2026-12-29 16:00:00,362,16,1,0.18590990110613229,3.4763400507346276,0.5,0.0,True
2026-12-29 17:00:00,362,17,1,0.09246386887969452,3.453267970523552,0.5,0.0,True
2026-12-29 18:00:00,362,18,1,3.4772825872316046e-17,1.7122200879276581,0.5,0.0,True
2026-12-29 19:00:00,362,19,1,0.0,1.5558891527243806,0.5,0.0,True
2026-12-29 20:00:00,362,20,1,0.0,1.7028996141983128,0.5,0.0,True
2026-12-29 21:00:00,362,21,1,0.0,1.437587604041938,0.5,0.0,True
2026-12-29 22:00:00,362,22,1,0.0,1.4698722320788002,0.3,0.0,True
2026-12-29 23:00:00,362,23,1,0.0,1.6792651130522942,0.3,0.0,True
2026-12-30 00:00:00,363,0,2,0.0,1.6265132307390358,0.3,0.0,True
2026-12-30 01:00:00,363,1,2,0.0,1.4564324389627654,0.3,0.0,True
2026-12-30 02:00:00,363,2,2,0.0,1.3430612645970434,0.3,0.0,True
2026-12-30 03:00:00,363,3,2,0.0,1.469405368951129,0.3,0.0,True
2026-12-30 04:00:00,363,4,2,0.0,1.3972697338084448,0.3,0.0,True
2026-12-30 05:00:00,363,5,2,0.0,1.7586755223733013,0.3,0.0,True
2026-12-30 06:00:00,363,6,2,0.0,2.0140060965279627,0.5,0.0,True
2026-12-30 07:00:00,363,7,2,0.06779104788828383,1.785111613391985,0.5,0.0,True
2026-12-30 08:00:00,363,8,2,0.22707999285016184,3.5432513559002476,0.5,0.0,True
2026-12-30 09:00:00,363,9,2,0.26596974288548025,3.5832530089323162,0.5,0.0,True
2026-12-30 10:00:00,363,10,2,0.37701736876020875,3.2161762142300496,0.3,0.0,True
2026-12-30 11:00:00,363,11,2,0.4260441437342333,3.2749949409304207,0.3,0.0,True
2026-12-30 12:00:00,363,12,2,0.3796152715473906,3.4671819736321328,0.3,0.0,True
2026-12-30 13:00:00,363,13,2,0.4685487991964148,3.155022466297049,0.3,0.0,True
2026-12-30 14:00:00,363,14,2,0.43424488182704124,3.643430586726982,0.3,0.0,True
2026-12-30 15:00:00,363,15,2,0.24214277648776564,3.1585049644757017,0.3,0.0,True
2026-12-30 16:00:00,363,16,2,0.14182554084076401,3.08864284033581,0.5,0.0,True
2026-12-30 17:00:00,363,17,2,0.08889276770427496,3.55324572379852,0.5,0.0,True
2026-12-30 18:00:00,363,18,2,3.7745172878263325e-17,1.6981883399755433,0.5,0.0,True
2026-12-30 19:00:00,363,19,2,0.0,1.4726476803365571,0.5,0.0,True
2026-12-30 20:00:00,363,20,2,0.0,1.557199847268679,0.5,0.0,True
2026-12-30 21:00:00,363,21,2,0.0,1.560985367865302,0.5,0.0,True
2026-12-30 22:00:00,363,22,2,0.0,1.5205068643115338,0.3,0.0,True
2026-12-30 23:00:00,363,23,2,0.0,1.305528069229429,0.3,0.0,True
2026-12-31 00:00:00,364,0,3,0.0,1.1277049226000622,0.3,0.0,False
2026-12-31 01:00:00,364,1,3,0.0,1.3732910726514875,0.3,0.0,False
2026-12-31 02:00:00,364,2,3,0.0,1.772423161705642,0.3,0.0,False
2026-12-31 03:00:00,364,3,3,0.0,1.7783120254089984,0.3,0.0,False
2026-12-31 04:00:00,364,4,3,0.0,1.4607244553261536,0.3,0.0,False
2026-12-31 05:00:00,364,5,3,0.0,1.3563053666214493,0.3,0.0,False
2026-12-31 06:00:00,364,6,3,0.0,1.941718182959407,0.5,0.0,False
2026-12-31 07:00:00,364,7,3,0.11262459250634242,1.9658471793200538,0.5,0.0,False
2026-12-31 08:00:00,364,8,3,0.19774852660337797,3.7901079278941086,0.5,0.0,False
2026-12-31 09:00:00,364,9,3,0.2500651323834327,3.32094569757436,0.5,0.0,False
2026-12-31 10:00:00,364,10,3,0.3702043111942725,3.773663427573774,0.3,0.0,False
2026-12-31 11:00:00,364,11,3,0.4525233126724579,3.4698712002065446,0.3,0.0,False
2026-12-31 12:00:00,364,12,3,0.4488423032773019,3.27032044443905,0.3,0.0,False
2026-12-31 13:00:00,364,13,3,0.3766684684752827,3.192228355475872,0.3,0.0,False
2026-12-31 14:00:00,364,14,3,0.37646036379364445,3.4480958541119406,0.3,0.0,False
2026-12-31 15:00:00,364,15,3,0.25228333952545984,3.374309192255181,0.3,0.0,False
2026-12-31 16:00:00,364,16,3,0.22571846600716028,3.3138221232051763,0.5,0.0,False
2026-12-31 17:00:00,364,17,3,0.1194545403573347,3.3687501950461214,0.5,0.0,False
2026-12-31 18:00:00,364,18,3,3.5145031865771365e-17,1.483092059366308,0.5,0.0,False
2026-12-31 19:00:00,364,19,3,0.0,1.5602793398575954,0.5,0.0,False
2026-12-31 20:00:00,364,20,3,0.0,1.6089544276430257,0.5,0.0,False
2026-12-31 21:00:00,364,21,3,0.0,1.551497531112304,0.5,0.0,False
2026-12-31 22:00:00,364,22,3,0.0,1.543638284748288,0.3,0.0,False
2026-12-31 23:00:00,364,23,3,0.0,1.7089290199816771,0.3,0.0,False
