iteration,model,distribution,parameter_space,component,active,weight,pv_location,pv_scale,battery_location,battery_scale
0,ppo_gmm,gaussian,physical,0,True,0.125,5.558095932006836,3.4619998931884766,5.14385986328125,5.770000457763672
0,ppo_gmm,gaussian,physical,1,True,0.125,10.041942596435547,3.4619998931884766,7.538865089416504,5.770000457763672
0,ppo_gmm,gaussian,physical,2,True,0.125,2.62164306640625,3.4619998931884766,3.3731021881103516,5.770000457763672
0,ppo_gmm,gaussian,physical,3,True,0.125,6.873056411743164,3.4619998931884766,3.0549802780151367,5.770000457763672
0,ppo_gmm,gaussian,physical,4,True,0.125,8.376938819885254,3.4619998931884766,12.005061149597168,5.770000457763672
0,ppo_gmm,gaussian,physical,5,True,0.125,10.216312408447266,3.4619998931884766,4.140565872192383,5.770000457763672
0,ppo_gmm,gaussian,physical,6,True,0.125,6.183315277099609,3.4619998931884766,10.536527633666992,5.770000457763672
0,ppo_gmm,gaussian,physical,7,True,0.125,6.360255241394043,3.4619998931884766,13.29327392578125,5.770000457763672
1,ppo_gmm,gaussian,physical,0,True,0.125,5.558095932006836,3.4619998931884766,5.14385986328125,5.770000457763672
1,ppo_gmm,gaussian,physical,1,True,0.125,10.041942596435547,3.4619998931884766,7.538865089416504,5.770000457763672
1,ppo_gmm,gaussian,physical,2,True,0.125,2.62164306640625,3.4619998931884766,3.3731021881103516,5.770000457763672
1,ppo_gmm,gaussian,physical,3,True,0.125,6.873056411743164,3.4619998931884766,3.0549802780151367,5.770000457763672
1,ppo_gmm,gaussian,physical,4,True,0.125,8.376938819885254,3.4619998931884766,12.005061149597168,5.770000457763672
1,ppo_gmm,gaussian,physical,5,True,0.125,10.216312408447266,3.4619998931884766,4.140565872192383,5.770000457763672
1,ppo_gmm,gaussian,physical,6,True,0.125,6.183315277099609,3.4619998931884766,10.536527633666992,5.770000457763672
1,ppo_gmm,gaussian,physical,7,True,0.125,6.360255241394043,3.4619998931884766,13.29327392578125,5.770000457763672
2,ppo_gmm,gaussian,physical,0,True,0.125,5.558095932006836,3.4619998931884766,5.14385986328125,5.770000457763672
2,ppo_gmm,gaussian,physical,1,True,0.125,10.041942596435547,3.4619998931884766,7.538865089416504,5.770000457763672
2,ppo_gmm,gaussian,physical,2,True,0.125,2.62164306640625,3.4619998931884766,3.3731021881103516,5.770000457763672
2,ppo_gmm,gaussian,physical,3,True,0.125,6.873056411743164,3.4619998931884766,3.0549802780151367,5.770000457763672
2,ppo_gmm,gaussian,physical,4,True,0.125,8.376938819885254,3.4619998931884766,12.005061149597168,5.770000457763672
2,ppo_gmm,gaussian,physical,5,True,0.125,10.216312408447266,3.4619998931884766,4.140565872192383,5.770000457763672
2,ppo_gmm,gaussian,physical,6,True,0.125,6.183315277099609,3.4619998931884766,10.536527633666992,5.770000457763672
2,ppo_gmm,gaussian,physical,7,True,0.125,6.360255241394043,3.4619998931884766,13.29327392578125,5.770000457763672
3,ppo_gmm,gaussian,physical,0,True,0.125,5.558095932006836,3.4619998931884766,5.14385986328125,5.770000457763672
3,ppo_gmm,gaussian,physical,1,True,0.125,10.041942596435547,3.4619998931884766,7.538865089416504,5.770000457763672
3,ppo_gmm,gaussian,physical,2,True,0.125,2.62164306640625,3.4619998931884766,3.3731021881103516,5.770000457763672
3,ppo_gmm,gaussian,physical,3,True,0.125,6.873056411743164,3.4619998931884766,3.0549802780151367,5.770000457763672
3,ppo_gmm,gaussian,physical,4,True,0.125,8.376938819885254,3.4619998931884766,12.005061149597168,5.770000457763672
3,ppo_gmm,gaussian,physical,5,True,0.125,10.216312408447266,3.4619998931884766,4.140565872192383,5.770000457763672
3,ppo_gmm,gaussian,physical,6,True,0.125,6.183315277099609,3.4619998931884766,10.536527633666992,5.770000457763672
3,ppo_gmm,gaussian,physical,7,True,0.125,6.360255241394043,3.4619998931884766,13.29327392578125,5.770000457763672
4,ppo_gmm,gaussian,physical,0,True,0.125,5.558095932006836,3.4619998931884766,5.14385986328125,5.770000457763672
4,ppo_gmm,gaussian,physical,1,True,0.125,10.041942596435547,3.4619998931884766,7.538865089416504,5.770000457763672
4,ppo_gmm,gaussian,physical,2,True,0.125,2.62164306640625,3.4619998931884766,3.3731021881103516,5.770000457763672
4,ppo_gmm,gaussian,physical,3,True,0.125,6.873056411743164,3.4619998931884766,3.0549802780151367,5.770000457763672
4,ppo_gmm,gaussian,physical,4,True,0.125,8.376938819885254,3.4619998931884766,12.005061149597168,5.770000457763672
4,ppo_gmm,gaussian,physical,5,True,0.125,10.216312408447266,3.4619998931884766,4.140565872192383,5.770000457763672
4,ppo_gmm,gaussian,physical,6,True,0.125,6.183315277099609,3.4619998931884766,10.536527633666992,5.770000457763672
4,ppo_gmm,gaussian,physical,7,True,0.125,6.360255241394043,3.4619998931884766,13.29327392578125,5.770000457763672
5,ppo_gmm,gaussian,physical,0,True,0.125,5.558095932006836,3.4619998931884766,5.14385986328125,5.770000457763672
5,ppo_gmm,gaussian,physical,1,True,0.125,10.041942596435547,3.4619998931884766,7.538865089416504,5.770000457763672
5,ppo_gmm,gaussian,physical,2,True,0.125,2.62164306640625,3.4619998931884766,3.3731021881103516,5.770000457763672
5,ppo_gmm,gaussian,physical,3,True,0.125,6.873056411743164,3.4619998931884766,3.0549802780151367,5.770000457763672
5,ppo_gmm,gaussian,physical,4,True,0.125,8.376938819885254,3.4619998931884766,12.005061149597168,5.770000457763672
5,ppo_gmm,gaussian,physical,5,True,0.125,10.216312408447266,3.4619998931884766,4.140565872192383,5.770000457763672
5,ppo_gmm,gaussian,physical,6,True,0.125,6.183315277099609,3.4619998931884766,10.536527633666992,5.770000457763672
5,ppo_gmm,gaussian,physical,7,True,0.125,6.360255241394043,3.4619998931884766,13.29327392578125,5.770000457763672
6,ppo_gmm,gaussian,physical,0,True,0.125,5.558095932006836,3.4619998931884766,5.14385986328125,5.770000457763672
6,ppo_gmm,gaussian,physical,1,True,0.125,10.041942596435547,3.4619998931884766,7.538865089416504,5.770000457763672
6,ppo_gmm,gaussian,physical,2,True,0.125,2.62164306640625,3.4619998931884766,3.3731021881103516,5.770000457763672
6,ppo_gmm,gaussian,physical,3,True,0.125,6.873056411743164,3.4619998931884766,3.0549802780151367,5.770000457763672
6,ppo_gmm,gaussian,physical,4,True,0.125,8.376938819885254,3.4619998931884766,12.005061149597168,5.770000457763672
6,ppo_gmm,gaussian,physical,5,True,0.125,10.216312408447266,3.4619998931884766,4.140565872192383,5.770000457763672
6,ppo_gmm,gaussian,physical,6,True,0.125,6.183315277099609,3.4619998931884766,10.536527633666992,5.770000457763672
6,ppo_gmm,gaussian,physical,7,True,0.125,6.360255241394043,3.4619998931884766,13.29327392578125,5.770000457763672
7,ppo_gmm,gaussian,physical,0,True,0.125,5.558095932006836,3.4619998931884766,5.14385986328125,5.770000457763672
7,ppo_gmm,gaussian,physical,1,True,0.125,10.041942596435547,3.4619998931884766,7.538865089416504,5.770000457763672
7,ppo_gmm,gaussian,physical,2,True,0.125,2.62164306640625,3.4619998931884766,3.3731021881103516,5.770000457763672
7,ppo_gmm,gaussian,physical,3,True,0.125,6.873056411743164,3.4619998931884766,3.0549802780151367,5.770000457763672
7,ppo_gmm,gaussian,physical,4,True,0.125,8.376938819885254,3.4619998931884766,12.005061149597168,5.770000457763672
7,ppo_gmm,gaussian,physical,5,True,0.125,10.216312408447266,3.4619998931884766,4.140565872192383,5.770000457763672
7,ppo_gmm,gaussian,physical,6,True,0.125,6.183315277099609,3.4619998931884766,10.536527633666992,5.770000457763672
7,ppo_gmm,gaussian,physical,7,True,0.125,6.360255241394043,3.4619998931884766,13.29327392578125,5.770000457763672
8,ppo_gmm,gaussian,physical,0,True,0.125,5.558095932006836,3.4619998931884766,5.14385986328125,5.770000457763672
8,ppo_gmm,gaussian,physical,1,True,0.125,10.041942596435547,3.4619998931884766,7.538865089416504,5.770000457763672
8,ppo_gmm,gaussian,physical,2,True,0.125,2.62164306640625,3.4619998931884766,3.3731021881103516,5.770000457763672
8,ppo_gmm,gaussian,physical,3,True,0.125,6.873056411743164,3.4619998931884766,3.0549802780151367,5.770000457763672
8,ppo_gmm,gaussian,physical,4,True,0.125,8.376938819885254,3.4619998931884766,12.005061149597168,5.770000457763672
8,ppo_gmm,gaussian,physical,5,True,0.125,10.216312408447266,3.4619998931884766,4.140565872192383,5.770000457763672
8,ppo_gmm,gaussian,physical,6,True,0.125,6.183315277099609,3.4619998931884766,10.536527633666992,5.770000457763672
8,ppo_gmm,gaussian,physical,7,True,0.125,6.360255241394043,3.4619998931884766,13.29327392578125,5.770000457763672
9,ppo_gmm,gaussian,physical,0,True,0.125,5.558095932006836,3.4619998931884766,5.14385986328125,5.770000457763672
9,ppo_gmm,gaussian,physical,1,True,0.125,10.041942596435547,3.4619998931884766,7.538865089416504,5.770000457763672
9,ppo_gmm,gaussian,physical,2,True,0.125,2.62164306640625,3.4619998931884766,3.3731021881103516,5.770000457763672
9,ppo_gmm,gaussian,physical,3,True,0.125,6.873056411743164,3.4619998931884766,3.0549802780151367,5.770000457763672
9,ppo_gmm,gaussian,physical,4,True,0.125,8.376938819885254,3.4619998931884766,12.005061149597168,5.770000457763672
9,ppo_gmm,gaussian,physical,5,True,0.125,10.216312408447266,3.4619998931884766,4.140565872192383,5.770000457763672
9,ppo_gmm,gaussian,physical,6,True,0.125,6.183315277099609,3.4619998931884766,10.536527633666992,5.770000457763672
9,ppo_gmm,gaussian,physical,7,True,0.125,6.360255241394043,3.4619998931884766,13.29327392578125,5.770000457763672
10,ppo_gmm,gaussian,physical,0,True,0.125,5.558095932006836,3.4619998931884766,5.14385986328125,5.770000457763672
10,ppo_gmm,gaussian,physical,1,True,0.125,10.041942596435547,3.4619998931884766,7.538865089416504,5.770000457763672
10,ppo_gmm,gaussian,physical,2,True,0.125,2.62164306640625,3.4619998931884766,3.3731021881103516,5.770000457763672
10,ppo_gmm,gaussian,physical,3,True,0.125,6.873056411743164,3.4619998931884766,3.0549802780151367,5.770000457763672
10,ppo_gmm,gaussian,physical,4,True,0.125,8.376938819885254,3.4619998931884766,12.005061149597168,5.770000457763672
10,ppo_gmm,gaussian,physical,5,True,0.125,10.216312408447266,3.4619998931884766,4.140565872192383,5.770000457763672
10,ppo_gmm,gaussian,physical,6,True,0.125,6.183315277099609,3.4619998931884766,10.536527633666992,5.770000457763672
10,ppo_gmm,gaussian,physical,7,True,0.125,6.360255241394043,3.4619998931884766,13.29327392578125,5.770000457763672
11,ppo_gmm,gaussian,physical,0,True,0.125,5.558095932006836,3.4619998931884766,5.14385986328125,5.770000457763672
11,ppo_gmm,gaussian,physical,1,True,0.125,10.041942596435547,3.4619998931884766,7.538865089416504,5.770000457763672
11,ppo_gmm,gaussian,physical,2,True,0.125,2.62164306640625,3.4619998931884766,3.3731021881103516,5.770000457763672
11,ppo_gmm,gaussian,physical,3,True,0.125,6.873056411743164,3.4619998931884766,3.0549802780151367,5.770000457763672
11,ppo_gmm,gaussian,physical,4,True,0.125,8.376938819885254,3.4619998931884766,12.005061149597168,5.770000457763672
11,ppo_gmm,gaussian,physical,5,True,0.125,10.216312408447266,3.4619998931884766,4.140565872192383,5.770000457763672
11,ppo_gmm,gaussian,physical,6,True,0.125,6.183315277099609,3.4619998931884766,10.536527633666992,5.770000457763672
11,ppo_gmm,gaussian,physical,7,True,0.125,6.360255241394043,3.4619998931884766,13.29327392578125,5.770000457763672
12,ppo_gmm,gaussian,physical,0,True,0.125,5.558095932006836,3.4619998931884766,5.14385986328125,5.770000457763672
12,ppo_gmm,gaussian,physical,1,True,0.125,10.041942596435547,3.4619998931884766,7.538865089416504,5.770000457763672
12,ppo_gmm,gaussian,physical,2,True,0.125,2.62164306640625,3.4619998931884766,3.3731021881103516,5.770000457763672
12,ppo_gmm,gaussian,physical,3,True,0.125,6.873056411743164,3.4619998931884766,3.0549802780151367,5.770000457763672
12,ppo_gmm,gaussian,physical,4,True,0.125,8.376938819885254,3.4619998931884766,12.005061149597168,5.770000457763672
12,ppo_gmm,gaussian,physical,5,True,0.125,10.216312408447266,3.4619998931884766,4.140565872192383,5.770000457763672
12,ppo_gmm,gaussian,physical,6,True,0.125,6.183315277099609,3.4619998931884766,10.536527633666992,5.770000457763672
12,ppo_gmm,gaussian,physical,7,True,0.125,6.360255241394043,3.4619998931884766,13.29327392578125,5.770000457763672
13,ppo_gmm,gaussian,physical,0,True,0.125,5.558095932006836,3.4619998931884766,5.14385986328125,5.770000457763672
13,ppo_gmm,gaussian,physical,1,True,0.125,10.041942596435547,3.4619998931884766,7.538865089416504,5.770000457763672
13,ppo_gmm,gaussian,physical,2,True,0.125,2.62164306640625,3.4619998931884766,3.3731021881103516,5.770000457763672
13,ppo_gmm,gaussian,physical,3,True,0.125,6.873056411743164,3.4619998931884766,3.0549802780151367,5.770000457763672
13,ppo_gmm,gaussian,physical,4,True,0.125,8.376938819885254,3.4619998931884766,12.005061149597168,5.770000457763672
13,ppo_gmm,gaussian,physical,5,True,0.125,10.216312408447266,3.4619998931884766,4.140565872192383,5.770000457763672
13,ppo_gmm,gaussian,physical,6,True,0.125,6.183315277099609,3.4619998931884766,10.536527633666992,5.770000457763672
13,ppo_gmm,gaussian,physical,7,True,0.125,6.360255241394043,3.4619998931884766,13.29327392578125,5.770000457763672
14,ppo_gmm,gaussian,physical,0,True,0.125,5.558095932006836,3.4619998931884766,5.14385986328125,5.770000457763672
14,ppo_gmm,gaussian,physical,1,True,0.125,10.041942596435547,3.4619998931884766,7.538865089416504,5.770000457763672
14,ppo_gmm,gaussian,physical,2,True,0.125,2.62164306640625,3.4619998931884766,3.3731021881103516,5.770000457763672
14,ppo_gmm,gaussian,physical,3,True,0.125,6.873056411743164,3.4619998931884766,3.0549802780151367,5.770000457763672
14,ppo_gmm,gaussian,physical,4,True,0.125,8.376938819885254,3.4619998931884766,12.005061149597168,5.770000457763672
14,ppo_gmm,gaussian,physical,5,True,0.125,10.216312408447266,3.4619998931884766,4.140565872192383,5.770000457763672
14,ppo_gmm,gaussian,physical,6,True,0.125,6.183315277099609,3.4619998931884766,10.536527633666992,5.770000457763672
14,ppo_gmm,gaussian,physical,7,True,0.125,6.360255241394043,3.4619998931884766,13.29327392578125,5.770000457763672
15,ppo_gmm,gaussian,physical,0,True,0.125,5.558095932006836,3.4619998931884766,5.14385986328125,5.770000457763672
15,ppo_gmm,gaussian,physical,1,True,0.125,10.041942596435547,3.4619998931884766,7.538865089416504,5.770000457763672
15,ppo_gmm,gaussian,physical,2,True,0.125,2.62164306640625,3.4619998931884766,3.3731021881103516,5.770000457763672
15,ppo_gmm,gaussian,physical,3,True,0.125,6.873056411743164,3.4619998931884766,3.0549802780151367,5.770000457763672
15,ppo_gmm,gaussian,physical,4,True,0.125,8.376938819885254,3.4619998931884766,12.005061149597168,5.770000457763672
15,ppo_gmm,gaussian,physical,5,True,0.125,10.216312408447266,3.4619998931884766,4.140565872192383,5.770000457763672
15,ppo_gmm,gaussian,physical,6,True,0.125,6.183315277099609,3.4619998931884766,10.536527633666992,5.770000457763672
15,ppo_gmm,gaussian,physical,7,True,0.125,6.360255241394043,3.4619998931884766,13.29327392578125,5.770000457763672
16,ppo_gmm,gaussian,physical,0,True,0.125,5.558095932006836,3.4619998931884766,5.14385986328125,5.770000457763672
16,ppo_gmm,gaussian,physical,1,True,0.125,10.041942596435547,3.4619998931884766,7.538865089416504,5.770000457763672
16,ppo_gmm,gaussian,physical,2,True,0.125,2.62164306640625,3.4619998931884766,3.3731021881103516,5.770000457763672
16,ppo_gmm,gaussian,physical,3,True,0.125,6.873056411743164,3.4619998931884766,3.0549802780151367,5.770000457763672
16,ppo_gmm,gaussian,physical,4,True,0.125,8.376938819885254,3.4619998931884766,12.005061149597168,5.770000457763672
16,ppo_gmm,gaussian,physical,5,True,0.125,10.216312408447266,3.4619998931884766,4.140565872192383,5.770000457763672
16,ppo_gmm,gaussian,physical,6,True,0.125,6.183315277099609,3.4619998931884766,10.536527633666992,5.770000457763672
16,ppo_gmm,gaussian,physical,7,True,0.125,6.360255241394043,3.4619998931884766,13.29327392578125,5.770000457763672
17,ppo_gmm,gaussian,physical,0,True,0.125,5.558095932006836,3.4619998931884766,5.14385986328125,5.770000457763672
17,ppo_gmm,gaussian,physical,1,True,0.125,10.041942596435547,3.4619998931884766,7.538865089416504,5.770000457763672
17,ppo_gmm,gaussian,physical,2,True,0.125,2.62164306640625,3.4619998931884766,3.3731021881103516,5.770000457763672
17,ppo_gmm,gaussian,physical,3,True,0.125,6.873056411743164,3.4619998931884766,3.0549802780151367,5.770000457763672
17,ppo_gmm,gaussian,physical,4,True,0.125,8.376938819885254,3.4619998931884766,12.005061149597168,5.770000457763672
17,ppo_gmm,gaussian,physical,5,True,0.125,10.216312408447266,3.4619998931884766,4.140565872192383,5.770000457763672
17,ppo_gmm,gaussian,physical,6,True,0.125,6.183315277099609,3.4619998931884766,10.536527633666992,5.770000457763672
17,ppo_gmm,gaussian,physical,7,True,0.125,6.360255241394043,3.4619998931884766,13.29327392578125,5.770000457763672
18,ppo_gmm,gaussian,physical,0,True,0.125,5.558095932006836,3.4619998931884766,5.14385986328125,5.770000457763672
18,ppo_gmm,gaussian,physical,1,True,0.125,10.041942596435547,3.4619998931884766,7.538865089416504,5.770000457763672
18,ppo_gmm,gaussian,physical,2,True,0.125,2.62164306640625,3.4619998931884766,3.3731021881103516,5.770000457763672
18,ppo_gmm,gaussian,physical,3,True,0.125,6.873056411743164,3.4619998931884766,3.0549802780151367,5.770000457763672
18,ppo_gmm,gaussian,physical,4,True,0.125,8.376938819885254,3.4619998931884766,12.005061149597168,5.770000457763672
18,ppo_gmm,gaussian,physical,5,True,0.125,10.216312408447266,3.4619998931884766,4.140565872192383,5.770000457763672
18,ppo_gmm,gaussian,physical,6,True,0.125,6.183315277099609,3.4619998931884766,10.536527633666992,5.770000457763672
18,ppo_gmm,gaussian,physical,7,True,0.125,6.360255241394043,3.4619998931884766,13.29327392578125,5.770000457763672
19,ppo_gmm,gaussian,physical,0,True,0.125,5.558095932006836,3.4619998931884766,5.14385986328125,5.770000457763672
19,ppo_gmm,gaussian,physical,1,True,0.125,10.041942596435547,3.4619998931884766,7.538865089416504,5.770000457763672
19,ppo_gmm,gaussian,physical,2,True,0.125,2.62164306640625,3.4619998931884766,3.3731021881103516,5.770000457763672
19,ppo_gmm,gaussian,physical,3,True,0.125,6.873056411743164,3.4619998931884766,3.0549802780151367,5.770000457763672
19,ppo_gmm,gaussian,physical,4,True,0.125,8.376938819885254,3.4619998931884766,12.005061149597168,5.770000457763672
19,ppo_gmm,gaussian,physical,5,True,0.125,10.216312408447266,3.4619998931884766,4.140565872192383,5.770000457763672
19,ppo_gmm,gaussian,physical,6,True,0.125,6.183315277099609,3.4619998931884766,10.536527633666992,5.770000457763672
19,ppo_gmm,gaussian,physical,7,True,0.125,6.360255241394043,3.4619998931884766,13.29327392578125,5.770000457763672
20,ppo_gmm,gaussian,physical,0,True,0.125,5.558095932006836,3.4619998931884766,5.14385986328125,5.770000457763672
20,ppo_gmm,gaussian,physical,1,True,0.125,10.041942596435547,3.4619998931884766,7.538865089416504,5.770000457763672
20,ppo_gmm,gaussian,physical,2,True,0.125,2.62164306640625,3.4619998931884766,3.3731021881103516,5.770000457763672
20,ppo_gmm,gaussian,physical,3,True,0.125,6.873056411743164,3.4619998931884766,3.0549802780151367,5.770000457763672
20,ppo_gmm,gaussian,physical,4,True,0.125,8.376938819885254,3.4619998931884766,12.005061149597168,5.770000457763672
20,ppo_gmm,gaussian,physical,5,True,0.125,10.216312408447266,3.4619998931884766,4.140565872192383,5.770000457763672
20,ppo_gmm,gaussian,physical,6,True,0.125,6.183315277099609,3.4619998931884766,10.536527633666992,5.770000457763672
20,ppo_gmm,gaussian,physical,7,True,0.125,6.360255241394043,3.4619998931884766,13.29327392578125,5.770000457763672
21,ppo_gmm,gaussian,physical,0,True,0.125,5.558095932006836,3.4619998931884766,5.14385986328125,5.770000457763672
21,ppo_gmm,gaussian,physical,1,True,0.125,10.041942596435547,3.4619998931884766,7.538865089416504,5.770000457763672
21,ppo_gmm,gaussian,physical,2,True,0.125,2.62164306640625,3.4619998931884766,3.3731021881103516,5.770000457763672
21,ppo_gmm,gaussian,physical,3,True,0.125,6.873056411743164,3.4619998931884766,3.0549802780151367,5.770000457763672
21,ppo_gmm,gaussian,physical,4,True,0.125,8.376938819885254,3.4619998931884766,12.005061149597168,5.770000457763672
21,ppo_gmm,gaussian,physical,5,True,0.125,10.216312408447266,3.4619998931884766,4.140565872192383,5.770000457763672
21,ppo_gmm,gaussian,physical,6,True,0.125,6.183315277099609,3.4619998931884766,10.536527633666992,5.770000457763672
21,ppo_gmm,gaussian,physical,7,True,0.125,6.360255241394043,3.4619998931884766,13.29327392578125,5.770000457763672
22,ppo_gmm,gaussian,physical,0,True,0.125,5.558095932006836,3.4619998931884766,5.14385986328125,5.770000457763672
22,ppo_gmm,gaussian,physical,1,True,0.125,10.041942596435547,3.4619998931884766,7.538865089416504,5.770000457763672
22,ppo_gmm,gaussian,physical,2,True,0.125,2.62164306640625,3.4619998931884766,3.3731021881103516,5.770000457763672
22,ppo_gmm,gaussian,physical,3,True,0.125,6.873056411743164,3.4619998931884766,3.0549802780151367,5.770000457763672
22,ppo_gmm,gaussian,physical,4,True,0.125,8.376938819885254,3.4619998931884766,12.005061149597168,5.770000457763672
22,ppo_gmm,gaussian,physical,5,True,0.125,10.216312408447266,3.4619998931884766,4.140565872192383,5.770000457763672
22,ppo_gmm,gaussian,physical,6,True,0.125,6.183315277099609,3.4619998931884766,10.536527633666992,5.770000457763672
22,ppo_gmm,gaussian,physical,7,True,0.125,6.360255241394043,3.4619998931884766,13.29327392578125,5.770000457763672
23,ppo_gmm,gaussian,physical,0,True,0.125,5.558095932006836,3.4619998931884766,5.14385986328125,5.770000457763672
23,ppo_gmm,gaussian,physical,1,True,0.125,10.041942596435547,3.4619998931884766,7.538865089416504,5.770000457763672
23,ppo_gmm,gaussian,physical,2,True,0.125,2.62164306640625,3.4619998931884766,3.3731021881103516,5.770000457763672
23,ppo_gmm,gaussian,physical,3,True,0.125,6.873056411743164,3.4619998931884766,3.0549802780151367,5.770000457763672
23,ppo_gmm,gaussian,physical,4,True,0.125,8.376938819885254,3.4619998931884766,12.005061149597168,5.770000457763672
23,ppo_gmm,gaussian,physical,5,True,0.125,10.216312408447266,3.4619998931884766,4.140565872192383,5.770000457763672
23,ppo_gmm,gaussian,physical,6,True,0.125,6.183315277099609,3.4619998931884766,10.536527633666992,5.770000457763672
23,ppo_gmm,gaussian,physical,7,True,0.125,6.360255241394043,3.4619998931884766,13.29327392578125,5.770000457763672
24,ppo_gmm,gaussian,physical,0,True,0.125,5.558095932006836,3.4619998931884766,5.14385986328125,5.770000457763672
24,ppo_gmm,gaussian,physical,1,True,0.125,10.041942596435547,3.4619998931884766,7.538865089416504,5.770000457763672
24,ppo_gmm,gaussian,physical,2,True,0.125,2.62164306640625,3.4619998931884766,3.3731021881103516,5.770000457763672
24,ppo_gmm,gaussian,physical,3,True,0.125,6.873056411743164,3.4619998931884766,3.0549802780151367,5.770000457763672
24,ppo_gmm,gaussian,physical,4,True,0.125,8.376938819885254,3.4619998931884766,12.005061149597168,5.770000457763672
24,ppo_gmm,gaussian,physical,5,True,0.125,10.216312408447266,3.4619998931884766,4.140565872192383,5.770000457763672
24,ppo_gmm,gaussian,physical,6,True,0.125,6.183315277099609,3.4619998931884766,10.536527633666992,5.770000457763672
24,ppo_gmm,gaussian,physical,7,True,0.125,6.360255241394043,3.4619998931884766,13.29327392578125,5.770000457763672
25,ppo_gmm,gaussian,physical,0,True,0.125,5.558095932006836,3.4619998931884766,5.14385986328125,5.770000457763672
25,ppo_gmm,gaussian,physical,1,True,0.125,10.041942596435547,3.4619998931884766,7.538865089416504,5.770000457763672
25,ppo_gmm,gaussian,physical,2,True,0.125,2.62164306640625,3.4619998931884766,3.3731021881103516,5.770000457763672
25,ppo_gmm,gaussian,physical,3,True,0.125,6.873056411743164,3.4619998931884766,3.0549802780151367,5.770000457763672
25,ppo_gmm,gaussian,physical,4,True,0.125,8.376938819885254,3.4619998931884766,12.005061149597168,5.770000457763672
25,ppo_gmm,gaussian,physical,5,True,0.125,10.216312408447266,3.4619998931884766,4.140565872192383,5.770000457763672
25,ppo_gmm,gaussian,physical,6,True,0.125,6.183315277099609,3.4619998931884766,10.536527633666992,5.770000457763672
25,ppo_gmm,gaussian,physical,7,True,0.125,6.360255241394043,3.4619998931884766,13.29327392578125,5.770000457763672
26,ppo_gmm,gaussian,physical,0,True,0.125,5.558095932006836,3.4619998931884766,5.14385986328125,5.770000457763672
26,ppo_gmm,gaussian,physical,1,True,0.125,10.041942596435547,3.4619998931884766,7.538865089416504,5.770000457763672
26,ppo_gmm,gaussian,physical,2,True,0.125,2.62164306640625,3.4619998931884766,3.3731021881103516,5.770000457763672
26,ppo_gmm,gaussian,physical,3,True,0.125,6.873056411743164,3.4619998931884766,3.0549802780151367,5.770000457763672
26,ppo_gmm,gaussian,physical,4,True,0.125,8.376938819885254,3.4619998931884766,12.005061149597168,5.770000457763672
26,ppo_gmm,gaussian,physical,5,True,0.125,10.216312408447266,3.4619998931884766,4.140565872192383,5.770000457763672
26,ppo_gmm,gaussian,physical,6,True,0.125,6.183315277099609,3.4619998931884766,10.536527633666992,5.770000457763672
26,ppo_gmm,gaussian,physical,7,True,0.125,6.360255241394043,3.4619998931884766,13.29327392578125,5.770000457763672
27,ppo_gmm,gaussian,physical,0,True,0.125,5.558095932006836,3.4619998931884766,5.14385986328125,5.770000457763672
27,ppo_gmm,gaussian,physical,1,True,0.125,10.041942596435547,3.4619998931884766,7.538865089416504,5.770000457763672
27,ppo_gmm,gaussian,physical,2,True,0.125,2.62164306640625,3.4619998931884766,3.3731021881103516,5.770000457763672
27,ppo_gmm,gaussian,physical,3,True,0.125,6.873056411743164,3.4619998931884766,3.0549802780151367,5.770000457763672
27,ppo_gmm,gaussian,physical,4,True,0.125,8.376938819885254,3.4619998931884766,12.005061149597168,5.770000457763672
27,ppo_gmm,gaussian,physical,5,True,0.125,10.216312408447266,3.4619998931884766,4.140565872192383,5.770000457763672
27,ppo_gmm,gaussian,physical,6,True,0.125,6.183315277099609,3.4619998931884766,10.536527633666992,5.770000457763672
27,ppo_gmm,gaussian,physical,7,True,0.125,6.360255241394043,3.4619998931884766,13.29327392578125,5.770000457763672
28,ppo_gmm,gaussian,physical,0,True,0.125,5.558095932006836,3.4619998931884766,5.14385986328125,5.770000457763672
28,ppo_gmm,gaussian,physical,1,True,0.125,10.041942596435547,3.4619998931884766,7.538865089416504,5.770000457763672
28,ppo_gmm,gaussian,physical,2,True,0.125,2.62164306640625,3.4619998931884766,3.3731021881103516,5.770000457763672
28,ppo_gmm,gaussian,physical,3,True,0.125,6.873056411743164,3.4619998931884766,3.0549802780151367,5.770000457763672
28,ppo_gmm,gaussian,physical,4,True,0.125,8.376938819885254,3.4619998931884766,12.005061149597168,5.770000457763672
28,ppo_gmm,gaussian,physical,5,True,0.125,10.216312408447266,3.4619998931884766,4.140565872192383,5.770000457763672
28,ppo_gmm,gaussian,physical,6,True,0.125,6.183315277099609,3.4619998931884766,10.536527633666992,5.770000457763672
28,ppo_gmm,gaussian,physical,7,True,0.125,6.360255241394043,3.4619998931884766,13.29327392578125,5.770000457763672
29,ppo_gmm,gaussian,physical,0,True,0.125,5.558095932006836,3.4619998931884766,5.14385986328125,5.770000457763672
29,ppo_gmm,gaussian,physical,1,True,0.125,10.041942596435547,3.4619998931884766,7.538865089416504,5.770000457763672
29,ppo_gmm,gaussian,physical,2,True,0.125,2.62164306640625,3.4619998931884766,3.3731021881103516,5.770000457763672
29,ppo_gmm,gaussian,physical,3,True,0.125,6.873056411743164,3.4619998931884766,3.0549802780151367,5.770000457763672
29,ppo_gmm,gaussian,physical,4,True,0.125,8.376938819885254,3.4619998931884766,12.005061149597168,5.770000457763672
29,ppo_gmm,gaussian,physical,5,True,0.125,10.216312408447266,3.4619998931884766,4.140565872192383,5.770000457763672
29,ppo_gmm,gaussian,physical,6,True,0.125,6.183315277099609,3.4619998931884766,10.536527633666992,5.770000457763672
29,ppo_gmm,gaussian,physical,7,True,0.125,6.360255241394043,3.4619998931884766,13.29327392578125,5.770000457763672
30,ppo_gmm,gaussian,physical,0,True,0.125,5.558095932006836,3.4619998931884766,5.14385986328125,5.770000457763672
30,ppo_gmm,gaussian,physical,1,True,0.125,10.041942596435547,3.4619998931884766,7.538865089416504,5.770000457763672
30,ppo_gmm,gaussian,physical,2,True,0.125,2.62164306640625,3.4619998931884766,3.3731021881103516,5.770000457763672
30,ppo_gmm,gaussian,physical,3,True,0.125,6.873056411743164,3.4619998931884766,3.0549802780151367,5.770000457763672
30,ppo_gmm,gaussian,physical,4,True,0.125,8.376938819885254,3.4619998931884766,12.005061149597168,5.770000457763672
30,ppo_gmm,gaussian,physical,5,True,0.125,10.216312408447266,3.4619998931884766,4.140565872192383,5.770000457763672
30,ppo_gmm,gaussian,physical,6,True,0.125,6.183315277099609,3.4619998931884766,10.536527633666992,5.770000457763672
30,ppo_gmm,gaussian,physical,7,True,0.125,6.360255241394043,3.4619998931884766,13.29327392578125,5.770000457763672
31,ppo_gmm,gaussian,physical,0,True,0.125,5.558095932006836,3.4619998931884766,5.14385986328125,5.770000457763672
31,ppo_gmm,gaussian,physical,1,True,0.125,10.041942596435547,3.4619998931884766,7.538865089416504,5.770000457763672
31,ppo_gmm,gaussian,physical,2,True,0.125,2.62164306640625,3.4619998931884766,3.3731021881103516,5.770000457763672
31,ppo_gmm,gaussian,physical,3,True,0.125,6.873056411743164,3.4619998931884766,3.0549802780151367,5.770000457763672
31,ppo_gmm,gaussian,physical,4,True,0.125,8.376938819885254,3.4619998931884766,12.005061149597168,5.770000457763672
31,ppo_gmm,gaussian,physical,5,True,0.125,10.216312408447266,3.4619998931884766,4.140565872192383,5.770000457763672
31,ppo_gmm,gaussian,physical,6,True,0.125,6.183315277099609,3.4619998931884766,10.536527633666992,5.770000457763672
31,ppo_gmm,gaussian,physical,7,True,0.125,6.360255241394043,3.4619998931884766,13.29327392578125,5.770000457763672
32,ppo_gmm,gaussian,physical,0,True,0.125,5.558095932006836,3.4619998931884766,5.14385986328125,5.770000457763672
32,ppo_gmm,gaussian,physical,1,True,0.125,10.041942596435547,3.4619998931884766,7.538865089416504,5.770000457763672
32,ppo_gmm,gaussian,physical,2,True,0.125,2.62164306640625,3.4619998931884766,3.3731021881103516,5.770000457763672
32,ppo_gmm,gaussian,physical,3,True,0.125,6.873056411743164,3.4619998931884766,3.0549802780151367,5.770000457763672
32,ppo_gmm,gaussian,physical,4,True,0.125,8.376938819885254,3.4619998931884766,12.005061149597168,5.770000457763672
32,ppo_gmm,gaussian,physical,5,True,0.125,10.216312408447266,3.4619998931884766,4.140565872192383,5.770000457763672
32,ppo_gmm,gaussian,physical,6,True,0.125,6.183315277099609,3.4619998931884766,10.536527633666992,5.770000457763672
32,ppo_gmm,gaussian,physical,7,True,0.125,6.360255241394043,3.4619998931884766,13.29327392578125,5.770000457763672
33,ppo_gmm,gaussian,physical,0,True,0.125,5.558095932006836,3.4619998931884766,5.14385986328125,5.770000457763672
33,ppo_gmm,gaussian,physical,1,True,0.125,10.041942596435547,3.4619998931884766,7.538865089416504,5.770000457763672
33,ppo_gmm,gaussian,physical,2,True,0.125,2.62164306640625,3.4619998931884766,3.3731021881103516,5.770000457763672
33,ppo_gmm,gaussian,physical,3,True,0.125,6.873056411743164,3.4619998931884766,3.0549802780151367,5.770000457763672
33,ppo_gmm,gaussian,physical,4,True,0.125,8.376938819885254,3.4619998931884766,12.005061149597168,5.770000457763672
33,ppo_gmm,gaussian,physical,5,True,0.125,10.216312408447266,3.4619998931884766,4.140565872192383,5.770000457763672
33,ppo_gmm,gaussian,physical,6,True,0.125,6.183315277099609,3.4619998931884766,10.536527633666992,5.770000457763672
33,ppo_gmm,gaussian,physical,7,True,0.125,6.360255241394043,3.4619998931884766,13.29327392578125,5.770000457763672
34,ppo_gmm,gaussian,physical,0,True,0.125,5.558095932006836,3.4619998931884766,5.14385986328125,5.770000457763672
34,ppo_gmm,gaussian,physical,1,True,0.125,10.041942596435547,3.4619998931884766,7.538865089416504,5.770000457763672
34,ppo_gmm,gaussian,physical,2,True,0.125,2.62164306640625,3.4619998931884766,3.3731021881103516,5.770000457763672
34,ppo_gmm,gaussian,physical,3,True,0.125,6.873056411743164,3.4619998931884766,3.0549802780151367,5.770000457763672
34,ppo_gmm,gaussian,physical,4,True,0.125,8.376938819885254,3.4619998931884766,12.005061149597168,5.770000457763672
34,ppo_gmm,gaussian,physical,5,True,0.125,10.216312408447266,3.4619998931884766,4.140565872192383,5.770000457763672
34,ppo_gmm,gaussian,physical,6,True,0.125,6.183315277099609,3.4619998931884766,10.536527633666992,5.770000457763672
34,ppo_gmm,gaussian,physical,7,True,0.125,6.360255241394043,3.4619998931884766,13.29327392578125,5.770000457763672
35,ppo_gmm,gaussian,physical,0,True,0.125,5.558095932006836,3.4619998931884766,5.14385986328125,5.770000457763672
35,ppo_gmm,gaussian,physical,1,True,0.125,10.041942596435547,3.4619998931884766,7.538865089416504,5.770000457763672
35,ppo_gmm,gaussian,physical,2,True,0.125,2.62164306640625,3.4619998931884766,3.3731021881103516,5.770000457763672
35,ppo_gmm,gaussian,physical,3,True,0.125,6.873056411743164,3.4619998931884766,3.0549802780151367,5.770000457763672
35,ppo_gmm,gaussian,physical,4,True,0.125,8.376938819885254,3.4619998931884766,12.005061149597168,5.770000457763672
35,ppo_gmm,gaussian,physical,5,True,0.125,10.216312408447266,3.4619998931884766,4.140565872192383,5.770000457763672
35,ppo_gmm,gaussian,physical,6,True,0.125,6.183315277099609,3.4619998931884766,10.536527633666992,5.770000457763672
35,ppo_gmm,gaussian,physical,7,True,0.125,6.360255241394043,3.4619998931884766,13.29327392578125,5.770000457763672
36,ppo_gmm,gaussian,physical,0,True,0.125,5.558095932006836,3.4619998931884766,5.14385986328125,5.770000457763672
36,ppo_gmm,gaussian,physical,1,True,0.125,10.041942596435547,3.4619998931884766,7.538865089416504,5.770000457763672
36,ppo_gmm,gaussian,physical,2,True,0.125,2.62164306640625,3.4619998931884766,3.3731021881103516,5.770000457763672
36,ppo_gmm,gaussian,physical,3,True,0.125,6.873056411743164,3.4619998931884766,3.0549802780151367,5.770000457763672
36,ppo_gmm,gaussian,physical,4,True,0.125,8.376938819885254,3.4619998931884766,12.005061149597168,5.770000457763672
36,ppo_gmm,gaussian,physical,5,True,0.125,10.216312408447266,3.4619998931884766,4.140565872192383,5.770000457763672
36,ppo_gmm,gaussian,physical,6,True,0.125,6.183315277099609,3.4619998931884766,10.536527633666992,5.770000457763672
36,ppo_gmm,gaussian,physical,7,True,0.125,6.360255241394043,3.4619998931884766,13.29327392578125,5.770000457763672
37,ppo_gmm,gaussian,physical,0,True,0.125,5.558095932006836,3.4619998931884766,5.14385986328125,5.770000457763672
37,ppo_gmm,gaussian,physical,1,True,0.125,10.041942596435547,3.4619998931884766,7.538865089416504,5.770000457763672
37,ppo_gmm,gaussian,physical,2,True,0.125,2.62164306640625,3.4619998931884766,3.3731021881103516,5.770000457763672
37,ppo_gmm,gaussian,physical,3,True,0.125,6.873056411743164,3.4619998931884766,3.0549802780151367,5.770000457763672
37,ppo_gmm,gaussian,physical,4,True,0.125,8.376938819885254,3.4619998931884766,12.005061149597168,5.770000457763672
37,ppo_gmm,gaussian,physical,5,True,0.125,10.216312408447266,3.4619998931884766,4.140565872192383,5.770000457763672
37,ppo_gmm,gaussian,physical,6,True,0.125,6.183315277099609,3.4619998931884766,10.536527633666992,5.770000457763672
37,ppo_gmm,gaussian,physical,7,True,0.125,6.360255241394043,3.4619998931884766,13.29327392578125,5.770000457763672
38,ppo_gmm,gaussian,physical,0,True,0.125,5.558095932006836,3.4619998931884766,5.14385986328125,5.770000457763672
38,ppo_gmm,gaussian,physical,1,True,0.125,10.041942596435547,3.4619998931884766,7.538865089416504,5.770000457763672
38,ppo_gmm,gaussian,physical,2,True,0.125,2.62164306640625,3.4619998931884766,3.3731021881103516,5.770000457763672
38,ppo_gmm,gaussian,physical,3,True,0.125,6.873056411743164,3.4619998931884766,3.0549802780151367,5.770000457763672
38,ppo_gmm,gaussian,physical,4,True,0.125,8.376938819885254,3.4619998931884766,12.005061149597168,5.770000457763672
38,ppo_gmm,gaussian,physical,5,True,0.125,10.216312408447266,3.4619998931884766,4.140565872192383,5.770000457763672
38,ppo_gmm,gaussian,physical,6,True,0.125,6.183315277099609,3.4619998931884766,10.536527633666992,5.770000457763672
38,ppo_gmm,gaussian,physical,7,True,0.125,6.360255241394043,3.4619998931884766,13.29327392578125,5.770000457763672
39,ppo_gmm,gaussian,physical,0,True,0.125,5.558095932006836,3.4619998931884766,5.14385986328125,5.770000457763672
39,ppo_gmm,gaussian,physical,1,True,0.125,10.041942596435547,3.4619998931884766,7.538865089416504,5.770000457763672
39,ppo_gmm,gaussian,physical,2,True,0.125,2.62164306640625,3.4619998931884766,3.3731021881103516,5.770000457763672
39,ppo_gmm,gaussian,physical,3,True,0.125,6.873056411743164,3.4619998931884766,3.0549802780151367,5.770000457763672
39,ppo_gmm,gaussian,physical,4,True,0.125,8.376938819885254,3.4619998931884766,12.005061149597168,5.770000457763672
39,ppo_gmm,gaussian,physical,5,True,0.125,10.216312408447266,3.4619998931884766,4.140565872192383,5.770000457763672
39,ppo_gmm,gaussian,physical,6,True,0.125,6.183315277099609,3.4619998931884766,10.536527633666992,5.770000457763672
39,ppo_gmm,gaussian,physical,7,True,0.125,6.360255241394043,3.4619998931884766,13.29327392578125,5.770000457763672
40,ppo_gmm,gaussian,physical,0,True,0.125,5.558095932006836,3.4619998931884766,5.14385986328125,5.770000457763672
40,ppo_gmm,gaussian,physical,1,True,0.125,10.041942596435547,3.4619998931884766,7.538865089416504,5.770000457763672
40,ppo_gmm,gaussian,physical,2,True,0.125,2.62164306640625,3.4619998931884766,3.3731021881103516,5.770000457763672
40,ppo_gmm,gaussian,physical,3,True,0.125,6.873056411743164,3.4619998931884766,3.0549802780151367,5.770000457763672
40,ppo_gmm,gaussian,physical,4,True,0.125,8.376938819885254,3.4619998931884766,12.005061149597168,5.770000457763672
40,ppo_gmm,gaussian,physical,5,True,0.125,10.216312408447266,3.4619998931884766,4.140565872192383,5.770000457763672
40,ppo_gmm,gaussian,physical,6,True,0.125,6.183315277099609,3.4619998931884766,10.536527633666992,5.770000457763672
40,ppo_gmm,gaussian,physical,7,True,0.125,6.360255241394043,3.4619998931884766,13.29327392578125,5.770000457763672
41,ppo_gmm,gaussian,physical,0,True,0.125,5.558095932006836,3.4619998931884766,5.14385986328125,5.770000457763672
41,ppo_gmm,gaussian,physical,1,True,0.125,10.041942596435547,3.4619998931884766,7.538865089416504,5.770000457763672
41,ppo_gmm,gaussian,physical,2,True,0.125,2.62164306640625,3.4619998931884766,3.3731021881103516,5.770000457763672
41,ppo_gmm,gaussian,physical,3,True,0.125,6.873056411743164,3.4619998931884766,3.0549802780151367,5.770000457763672
41,ppo_gmm,gaussian,physical,4,True,0.125,8.376938819885254,3.4619998931884766,12.005061149597168,5.770000457763672
41,ppo_gmm,gaussian,physical,5,True,0.125,10.216312408447266,3.4619998931884766,4.140565872192383,5.770000457763672
41,ppo_gmm,gaussian,physical,6,True,0.125,6.183315277099609,3.4619998931884766,10.536527633666992,5.770000457763672
41,ppo_gmm,gaussian,physical,7,True,0.125,6.360255241394043,3.4619998931884766,13.29327392578125,5.770000457763672
42,ppo_gmm,gaussian,physical,0,True,0.125,5.558095932006836,3.4619998931884766,5.14385986328125,5.770000457763672
42,ppo_gmm,gaussian,physical,1,True,0.125,10.041942596435547,3.4619998931884766,7.538865089416504,5.770000457763672
42,ppo_gmm,gaussian,physical,2,True,0.125,2.62164306640625,3.4619998931884766,3.3731021881103516,5.770000457763672
42,ppo_gmm,gaussian,physical,3,True,0.125,6.873056411743164,3.4619998931884766,3.0549802780151367,5.770000457763672
42,ppo_gmm,gaussian,physical,4,True,0.125,8.376938819885254,3.4619998931884766,12.005061149597168,5.770000457763672
42,ppo_gmm,gaussian,physical,5,True,0.125,10.216312408447266,3.4619998931884766,4.140565872192383,5.770000457763672
42,ppo_gmm,gaussian,physical,6,True,0.125,6.183315277099609,3.4619998931884766,10.536527633666992,5.770000457763672
42,ppo_gmm,gaussian,physical,7,True,0.125,6.360255241394043,3.4619998931884766,13.29327392578125,5.770000457763672
43,ppo_gmm,gaussian,physical,0,True,0.125,5.558095932006836,3.4619998931884766,5.14385986328125,5.770000457763672
43,ppo_gmm,gaussian,physical,1,True,0.125,10.041942596435547,3.4619998931884766,7.538865089416504,5.770000457763672
43,ppo_gmm,gaussian,physical,2,True,0.125,2.62164306640625,3.4619998931884766,3.3731021881103516,5.770000457763672
43,ppo_gmm,gaussian,physical,3,True,0.125,6.873056411743164,3.4619998931884766,3.0549802780151367,5.770000457763672
43,ppo_gmm,gaussian,physical,4,True,0.125,8.376938819885254,3.4619998931884766,12.005061149597168,5.770000457763672
43,ppo_gmm,gaussian,physical,5,True,0.125,10.216312408447266,3.4619998931884766,4.140565872192383,5.770000457763672
43,ppo_gmm,gaussian,physical,6,True,0.125,6.183315277099609,3.4619998931884766,10.536527633666992,5.770000457763672
43,ppo_gmm,gaussian,physical,7,True,0.125,6.360255241394043,3.4619998931884766,13.29327392578125,5.770000457763672
44,ppo_gmm,gaussian,physical,0,True,0.125,5.558095932006836,3.4619998931884766,5.14385986328125,5.770000457763672
44,ppo_gmm,gaussian,physical,1,True,0.125,10.041942596435547,3.4619998931884766,7.538865089416504,5.770000457763672
44,ppo_gmm,gaussian,physical,2,True,0.125,2.62164306640625,3.4619998931884766,3.3731021881103516,5.770000457763672
44,ppo_gmm,gaussian,physical,3,True,0.125,6.873056411743164,3.4619998931884766,3.0549802780151367,5.770000457763672
44,ppo_gmm,gaussian,physical,4,True,0.125,8.376938819885254,3.4619998931884766,12.005061149597168,5.770000457763672
44,ppo_gmm,gaussian,physical,5,True,0.125,10.216312408447266,3.4619998931884766,4.140565872192383,5.770000457763672
44,ppo_gmm,gaussian,physical,6,True,0.125,6.183315277099609,3.4619998931884766,10.536527633666992,5.770000457763672
44,ppo_gmm,gaussian,physical,7,True,0.125,6.360255241394043,3.4619998931884766,13.29327392578125,5.770000457763672
45,ppo_gmm,gaussian,physical,0,True,0.125,5.558095932006836,3.4619998931884766,5.14385986328125,5.770000457763672
45,ppo_gmm,gaussian,physical,1,True,0.125,10.041942596435547,3.4619998931884766,7.538865089416504,5.770000457763672
45,ppo_gmm,gaussian,physical,2,True,0.125,2.62164306640625,3.4619998931884766,3.3731021881103516,5.770000457763672
45,ppo_gmm,gaussian,physical,3,True,0.125,6.873056411743164,3.4619998931884766,3.0549802780151367,5.770000457763672
45,ppo_gmm,gaussian,physical,4,True,0.125,8.376938819885254,3.4619998931884766,12.005061149597168,5.770000457763672
45,ppo_gmm,gaussian,physical,5,True,0.125,10.216312408447266,3.4619998931884766,4.140565872192383,5.770000457763672
45,ppo_gmm,gaussian,physical,6,True,0.125,6.183315277099609,3.4619998931884766,10.536527633666992,5.770000457763672
45,ppo_gmm,gaussian,physical,7,True,0.125,6.360255241394043,3.4619998931884766,13.29327392578125,5.770000457763672
46,ppo_gmm,gaussian,physical,0,True,0.125,5.558095932006836,3.4619998931884766,5.14385986328125,5.770000457763672
46,ppo_gmm,gaussian,physical,1,True,0.125,10.041942596435547,3.4619998931884766,7.538865089416504,5.770000457763672
46,ppo_gmm,gaussian,physical,2,True,0.125,2.62164306640625,3.4619998931884766,3.3731021881103516,5.770000457763672
46,ppo_gmm,gaussian,physical,3,True,0.125,6.873056411743164,3.4619998931884766,3.0549802780151367,5.770000457763672
46,ppo_gmm,gaussian,physical,4,True,0.125,8.376938819885254,3.4619998931884766,12.005061149597168,5.770000457763672
46,ppo_gmm,gaussian,physical,5,True,0.125,10.216312408447266,3.4619998931884766,4.140565872192383,5.770000457763672
46,ppo_gmm,gaussian,physical,6,True,0.125,6.183315277099609,3.4619998931884766,10.536527633666992,5.770000457763672
46,ppo_gmm,gaussian,physical,7,True,0.125,6.360255241394043,3.4619998931884766,13.29327392578125,5.770000457763672
47,ppo_gmm,gaussian,physical,0,True,0.125,5.558095932006836,3.4619998931884766,5.14385986328125,5.770000457763672
47,ppo_gmm,gaussian,physical,1,True,0.125,10.041942596435547,3.4619998931884766,7.538865089416504,5.770000457763672
47,ppo_gmm,gaussian,physical,2,True,0.125,2.62164306640625,3.4619998931884766,3.3731021881103516,5.770000457763672
47,ppo_gmm,gaussian,physical,3,True,0.125,6.873056411743164,3.4619998931884766,3.0549802780151367,5.770000457763672
47,ppo_gmm,gaussian,physical,4,True,0.125,8.376938819885254,3.4619998931884766,12.005061149597168,5.770000457763672
47,ppo_gmm,gaussian,physical,5,True,0.125,10.216312408447266,3.4619998931884766,4.140565872192383,5.770000457763672
47,ppo_gmm,gaussian,physical,6,True,0.125,6.183315277099609,3.4619998931884766,10.536527633666992,5.770000457763672
47,ppo_gmm,gaussian,physical,7,True,0.125,6.360255241394043,3.4619998931884766,13.29327392578125,5.770000457763672
48,ppo_gmm,gaussian,physical,0,True,0.125,5.558095932006836,3.4619998931884766,5.14385986328125,5.770000457763672
48,ppo_gmm,gaussian,physical,1,True,0.125,10.041942596435547,3.4619998931884766,7.538865089416504,5.770000457763672
48,ppo_gmm,gaussian,physical,2,True,0.125,2.62164306640625,3.4619998931884766,3.3731021881103516,5.770000457763672
48,ppo_gmm,gaussian,physical,3,True,0.125,6.873056411743164,3.4619998931884766,3.0549802780151367,5.770000457763672
48,ppo_gmm,gaussian,physical,4,True,0.125,8.376938819885254,3.4619998931884766,12.005061149597168,5.770000457763672
48,ppo_gmm,gaussian,physical,5,True,0.125,10.216312408447266,3.4619998931884766,4.140565872192383,5.770000457763672
48,ppo_gmm,gaussian,physical,6,True,0.125,6.183315277099609,3.4619998931884766,10.536527633666992,5.770000457763672
48,ppo_gmm,gaussian,physical,7,True,0.125,6.360255241394043,3.4619998931884766,13.29327392578125,5.770000457763672
49,ppo_gmm,gaussian,physical,0,True,0.125,5.558095932006836,3.4619998931884766,5.14385986328125,5.770000457763672
49,ppo_gmm,gaussian,physical,1,True,0.125,10.041942596435547,3.4619998931884766,7.538865089416504,5.770000457763672
49,ppo_gmm,gaussian,physical,2,True,0.125,2.62164306640625,3.4619998931884766,3.3731021881103516,5.770000457763672
49,ppo_gmm,gaussian,physical,3,True,0.125,6.873056411743164,3.4619998931884766,3.0549802780151367,5.770000457763672
49,ppo_gmm,gaussian,physical,4,True,0.125,8.376938819885254,3.4619998931884766,12.005061149597168,5.770000457763672
49,ppo_gmm,gaussian,physical,5,True,0.125,10.216312408447266,3.4619998931884766,4.140565872192383,5.770000457763672
49,ppo_gmm,gaussian,physical,6,True,0.125,6.183315277099609,3.4619998931884766,10.536527633666992,5.770000457763672
49,ppo_gmm,gaussian,physical,7,True,0.125,6.360255241394043,3.4619998931884766,13.29327392578125,5.770000457763672
50,ppo_gmm,gaussian,physical,0,True,0.125,5.558095932006836,3.4619998931884766,5.14385986328125,5.770000457763672
50,ppo_gmm,gaussian,physical,1,True,0.125,10.041942596435547,3.4619998931884766,7.538865089416504,5.770000457763672
50,ppo_gmm,gaussian,physical,2,True,0.125,2.62164306640625,3.4619998931884766,3.3731021881103516,5.770000457763672
50,ppo_gmm,gaussian,physical,3,True,0.125,6.873056411743164,3.4619998931884766,3.0549802780151367,5.770000457763672
50,ppo_gmm,gaussian,physical,4,True,0.125,8.376938819885254,3.4619998931884766,12.005061149597168,5.770000457763672
50,ppo_gmm,gaussian,physical,5,True,0.125,10.216312408447266,3.4619998931884766,4.140565872192383,5.770000457763672
50,ppo_gmm,gaussian,physical,6,True,0.125,6.183315277099609,3.4619998931884766,10.536527633666992,5.770000457763672
50,ppo_gmm,gaussian,physical,7,True,0.125,6.360255241394043,3.4619998931884766,13.29327392578125,5.770000457763672
51,ppo_gmm,gaussian,physical,0,True,0.125,5.558995723724365,3.458885431289673,5.142960071563721,5.764809608459473
51,ppo_gmm,gaussian,physical,1,True,0.125,10.042842864990234,3.458885431289673,7.537965297698975,5.775196075439453
51,ppo_gmm,gaussian,physical,2,True,0.125,2.6225430965423584,3.458885431289673,3.372202157974243,5.775196075439453
51,ppo_gmm,gaussian,physical,3,True,0.125,6.872156620025635,3.458885431289673,3.0540802478790283,5.764809608459473
51,ppo_gmm,gaussian,physical,4,True,0.125,8.377839088439941,3.4651172161102295,12.00416088104248,5.764809608459473
51,ppo_gmm,gaussian,physical,5,True,0.125,10.215412139892578,3.458885431289673,4.1396660804748535,5.764809608459473
51,ppo_gmm,gaussian,physical,6,True,0.125,6.184215068817139,3.458885431289673,10.535627365112305,5.764809608459473
51,ppo_gmm,gaussian,physical,7,True,0.125,6.361155033111572,3.458885431289673,13.292373657226562,5.764809608459473
52,ppo_gmm,gaussian,physical,0,True,0.125,5.559817314147949,3.4605467319488525,5.142147064208984,5.7597503662109375
52,ppo_gmm,gaussian,physical,1,True,0.125,10.042180061340332,3.45617413520813,7.537153720855713,5.774849891662598
52,ppo_gmm,gaussian,physical,2,True,0.125,2.6231637001037598,3.459547758102417,3.371302843093872,5.7729387283325195
52,ppo_gmm,gaussian,physical,3,True,0.125,6.8723063468933105,3.4562346935272217,3.054131031036377,5.760917663574219
52,ppo_gmm,gaussian,physical,4,True,0.125,8.377660751342773,3.4678850173950195,12.003262519836426,5.760135650634766
52,ppo_gmm,gaussian,physical,5,True,0.125,10.215669631958008,3.458871364593506,4.138787269592285,5.762353420257568
52,ppo_gmm,gaussian,physical,6,True,0.125,6.184711933135986,3.456618309020996,10.534746170043945,5.768510341644287
52,ppo_gmm,gaussian,physical,7,True,0.125,6.361769199371338,3.4558205604553223,13.291475296020508,5.760673522949219
53,ppo_gmm,gaussian,physical,0,True,0.125,5.5606689453125,3.4606285095214844,5.141306400299072,5.762378215789795
53,ppo_gmm,gaussian,physical,1,True,0.125,10.042445182800293,3.453575849533081,7.536357402801514,5.772516250610352
53,ppo_gmm,gaussian,physical,2,True,0.125,2.623851776123047,3.459329128265381,3.3705339431762695,5.7715678215026855
53,ppo_gmm,gaussian,physical,3,True,0.125,6.872559547424316,3.4539260864257812,3.0535888671875,5.75791072845459
53,ppo_gmm,gaussian,physical,4,True,0.125,8.37707233428955,3.469752550125122,12.002372741699219,5.755536079406738
53,ppo_gmm,gaussian,physical,5,True,0.125,10.215714454650879,3.458220958709717,4.138026714324951,5.75997257232666
53,ppo_gmm,gaussian,physical,6,True,0.125,6.185137748718262,3.4549522399902344,10.533924102783203,5.769686222076416
53,ppo_gmm,gaussian,physical,7,True,0.125,6.362512111663818,3.4527409076690674,13.29057788848877,5.756409168243408
54,ppo_gmm,gaussian,physical,0,True,0.125,5.56153678894043,3.4609251022338867,5.140445232391357,5.7643561363220215
54,ppo_gmm,gaussian,physical,1,True,0.125,10.04273509979248,3.4513049125671387,7.535608768463135,5.770541191101074
54,ppo_gmm,gaussian,physical,2,True,0.125,2.6245782375335693,3.4598474502563477,3.3698747158050537,5.769768238067627
54,ppo_gmm,gaussian,physical,3,True,0.125,6.8725457191467285,3.4516236782073975,3.052978515625,5.754138946533203
54,ppo_gmm,gaussian,physical,4,True,0.125,8.37652587890625,3.4702138900756836,12.001493453979492,5.754881858825684
54,ppo_gmm,gaussian,physical,5,True,0.125,10.215710639953613,3.4588446617126465,4.137382984161377,5.758427619934082
54,ppo_gmm,gaussian,physical,6,True,0.125,6.185738563537598,3.4529471397399902,10.533090591430664,5.769684791564941
54,ppo_gmm,gaussian,physical,7,True,0.125,6.362878322601318,3.4499661922454834,13.289691925048828,5.7523722648620605
55,ppo_gmm,gaussian,physical,0,True,0.125,5.562352180480957,3.4596853256225586,5.13963508605957,5.763925552368164
55,ppo_gmm,gaussian,physical,1,True,0.125,10.043116569519043,3.4494621753692627,7.5349931716918945,5.768113136291504
55,ppo_gmm,gaussian,physical,2,True,0.125,2.625004291534424,3.4587979316711426,3.3692855834960938,5.7686872482299805
55,ppo_gmm,gaussian,physical,3,True,0.125,6.872715950012207,3.4497976303100586,3.0523462295532227,5.75180721282959
55,ppo_gmm,gaussian,physical,4,True,0.125,8.375890731811523,3.469431161880493,12.000653266906738,5.752897262573242
55,ppo_gmm,gaussian,physical,5,True,0.125,10.215719223022461,3.4605863094329834,4.1367926597595215,5.755338668823242
55,ppo_gmm,gaussian,physical,6,True,0.125,6.186212062835693,3.4513418674468994,10.532236099243164,5.7705769538879395
55,ppo_gmm,gaussian,physical,7,True,0.125,6.363349914550781,3.447270631790161,13.288851737976074,5.748650550842285
56,ppo_gmm,gaussian,physical,0,True,0.125,5.563070774078369,3.458743095397949,5.138911724090576,5.76368522644043
56,ppo_gmm,gaussian,physical,1,True,0.125,10.043357849121094,3.4478633403778076,7.534300327301025,5.766262054443359
56,ppo_gmm,gaussian,physical,2,True,0.125,2.6253952980041504,3.4573237895965576,3.368647575378418,5.767909049987793
56,ppo_gmm,gaussian,physical,3,True,0.125,6.873116493225098,3.4475550651550293,3.0516340732574463,5.751187324523926
56,ppo_gmm,gaussian,physical,4,True,0.125,8.375401496887207,3.468846082687378,11.999899864196777,5.7544941902160645
56,ppo_gmm,gaussian,physical,5,True,0.125,10.215444564819336,3.4600110054016113,4.136107444763184,5.751614570617676
56,ppo_gmm,gaussian,physical,6,True,0.125,6.186655521392822,3.4498190879821777,10.531405448913574,5.772568702697754
56,ppo_gmm,gaussian,physical,7,True,0.125,6.363755702972412,3.4449541568756104,13.288129806518555,5.745451927185059
57,ppo_gmm,gaussian,physical,0,True,0.125,5.56378698348999,3.4583988189697266,5.13822603225708,5.762633800506592
57,ppo_gmm,gaussian,physical,1,True,0.125,10.043806076049805,3.445786476135254,7.533547401428223,5.76417350769043
57,ppo_gmm,gaussian,physical,2,True,0.125,2.6257359981536865,3.4560399055480957,3.368091583251953,5.767231464385986
57,ppo_gmm,gaussian,physical,3,True,0.125,6.873580455780029,3.445176601409912,3.0509233474731445,5.749603748321533
57,ppo_gmm,gaussian,physical,4,True,0.125,8.374781608581543,3.467803955078125,11.999126434326172,5.752730846405029
57,ppo_gmm,gaussian,physical,5,True,0.125,10.215019226074219,3.4587278366088867,4.135411262512207,5.747683525085449
57,ppo_gmm,gaussian,physical,6,True,0.125,6.187137126922607,3.4482851028442383,10.530559539794922,5.773510932922363
57,ppo_gmm,gaussian,physical,7,True,0.125,6.364008903503418,3.4425482749938965,13.287444114685059,5.743283271789551
58,ppo_gmm,gaussian,physical,0,True,0.125,5.564210414886475,3.4576416015625,5.137526035308838,5.760885238647461
58,ppo_gmm,gaussian,physical,1,True,0.125,10.044197082519531,3.443942070007324,7.5328264236450195,5.762310981750488
58,ppo_gmm,gaussian,physical,2,True,0.125,2.626211404800415,3.4553020000457764,3.367532730102539,5.766524314880371
58,ppo_gmm,gaussian,physical,3,True,0.125,6.873827934265137,3.443074941635132,3.0501983165740967,5.749203681945801
58,ppo_gmm,gaussian,physical,4,True,0.125,8.3742094039917,3.466426134109497,11.99837589263916,5.751678466796875
58,ppo_gmm,gaussian,physical,5,True,0.125,10.214512825012207,3.4570798873901367,4.134745121002197,5.744204521179199
58,ppo_gmm,gaussian,physical,6,True,0.125,6.187702655792236,3.4464540481567383,10.529718399047852,5.771527290344238
58,ppo_gmm,gaussian,physical,7,True,0.125,6.364259719848633,3.440356492996216,13.286727905273438,5.743383407592773
59,ppo_gmm,gaussian,physical,0,True,0.125,5.564692497253418,3.4567923545837402,5.13681697845459,5.75927209854126
59,ppo_gmm,gaussian,physical,1,True,0.125,10.044535636901855,3.442319869995117,7.532201766967773,5.760563850402832
59,ppo_gmm,gaussian,physical,2,True,0.125,2.6268129348754883,3.45499849319458,3.366931915283203,5.76505184173584
59,ppo_gmm,gaussian,physical,3,True,0.125,6.874076843261719,3.4411566257476807,3.0494823455810547,5.748997211456299
59,ppo_gmm,gaussian,physical,4,True,0.125,8.37418270111084,3.4646520614624023,11.997769355773926,5.7506208419799805
59,ppo_gmm,gaussian,physical,5,True,0.125,10.21430778503418,3.4554738998413086,4.134014129638672,5.7415313720703125
59,ppo_gmm,gaussian,physical,6,True,0.125,6.1883392333984375,3.4443717002868652,10.528887748718262,5.770025253295898
59,ppo_gmm,gaussian,physical,7,True,0.125,6.364453315734863,3.4385483264923096,13.286052703857422,5.743569850921631
60,ppo_gmm,gaussian,physical,0,True,0.125,5.565173149108887,3.456378936767578,5.136098861694336,5.758051872253418
60,ppo_gmm,gaussian,physical,1,True,0.125,10.044730186462402,3.4410085678100586,7.531574726104736,5.759012222290039
60,ppo_gmm,gaussian,physical,2,True,0.125,2.6273486614227295,3.454728364944458,3.366396903991699,5.763740539550781
60,ppo_gmm,gaussian,physical,3,True,0.125,6.874361515045166,3.4390344619750977,3.048776149749756,5.747735023498535
60,ppo_gmm,gaussian,physical,4,True,0.125,8.374223709106445,3.4630227088928223,11.997127532958984,5.748475074768066
60,ppo_gmm,gaussian,physical,5,True,0.125,10.214122772216797,3.453564167022705,4.133270740509033,5.739458084106445
60,ppo_gmm,gaussian,physical,6,True,0.125,6.188908576965332,3.4425230026245117,10.528149604797363,5.768708229064941
60,ppo_gmm,gaussian,physical,7,True,0.125,6.364819049835205,3.436704158782959,13.285346031188965,5.743260383605957
61,ppo_gmm,gaussian,physical,0,True,0.125,5.565640449523926,3.4557456970214844,5.135404586791992,5.756420135498047
61,ppo_gmm,gaussian,physical,1,True,0.125,10.044836044311523,3.439910650253296,7.530879974365234,5.7563276290893555
61,ppo_gmm,gaussian,physical,2,True,0.125,2.6279680728912354,3.454815149307251,3.366098165512085,5.762458801269531
61,ppo_gmm,gaussian,physical,3,True,0.125,6.874723434448242,3.4372200965881348,3.048100471496582,5.746065139770508
61,ppo_gmm,gaussian,physical,4,True,0.125,8.374345779418945,3.4616611003875732,11.99645709991455,5.746711730957031
61,ppo_gmm,gaussian,physical,5,True,0.125,10.21385383605957,3.451443910598755,4.1325201988220215,5.737051010131836
61,ppo_gmm,gaussian,physical,6,True,0.125,6.189428329467773,3.440784215927124,10.527483940124512,5.767332077026367
61,ppo_gmm,gaussian,physical,7,True,0.125,6.365164279937744,3.4352848529815674,13.28461742401123,5.742688179016113
62,ppo_gmm,gaussian,physical,0,True,0.125,5.566226005554199,3.4556665420532227,5.134692668914795,5.755104064941406
62,ppo_gmm,gaussian,physical,1,True,0.125,10.045005798339844,3.438828945159912,7.530152797698975,5.7539544105529785
62,ppo_gmm,gaussian,physical,2,True,0.125,2.628563165664673,3.454498052597046,3.365770101547241,5.761258125305176
62,ppo_gmm,gaussian,physical,3,True,0.125,6.874995231628418,3.435666561126709,3.047400712966919,5.743470668792725
62,ppo_gmm,gaussian,physical,4,True,0.125,8.374308586120605,3.4602432250976562,11.995726585388184,5.746398448944092
62,ppo_gmm,gaussian,physical,5,True,0.125,10.21351146697998,3.4493045806884766,4.131740093231201,5.735175609588623
62,ppo_gmm,gaussian,physical,6,True,0.125,6.19000244140625,3.4387574195861816,10.526754379272461,5.766817569732666
62,ppo_gmm,gaussian,physical,7,True,0.125,6.365508079528809,3.434297561645508,13.28388786315918,5.742185592651367
63,ppo_gmm,gaussian,physical,0,True,0.125,5.566839218139648,3.4554061889648438,5.133927822113037,5.75400447845459
63,ppo_gmm,gaussian,physical,1,True,0.125,10.045207977294922,3.4378552436828613,7.529446125030518,5.752499103546143
63,ppo_gmm,gaussian,physical,2,True,0.125,2.62909197807312,3.454057216644287,3.3654322624206543,5.760489463806152
63,ppo_gmm,gaussian,physical,3,True,0.125,6.875324726104736,3.43442964553833,3.0466811656951904,5.740901947021484
63,ppo_gmm,gaussian,physical,4,True,0.125,8.3742036819458,3.458857774734497,11.995132446289062,5.746018409729004
63,ppo_gmm,gaussian,physical,5,True,0.125,10.21353816986084,3.4469070434570312,4.130920886993408,5.733643531799316
63,ppo_gmm,gaussian,physical,6,True,0.125,6.190546035766602,3.4368884563446045,10.526053428649902,5.766350746154785
63,ppo_gmm,gaussian,physical,7,True,0.125,6.365725040435791,3.4337782859802246,13.283278465270996,5.741903781890869
64,ppo_gmm,gaussian,physical,0,True,0.125,5.567447185516357,3.4548726081848145,5.133225440979004,5.753338813781738
64,ppo_gmm,gaussian,physical,1,True,0.125,10.045454025268555,3.4369611740112305,7.528750419616699,5.751040458679199
64,ppo_gmm,gaussian,physical,2,True,0.125,2.6297099590301514,3.4527549743652344,3.3649418354034424,5.758822441101074
64,ppo_gmm,gaussian,physical,3,True,0.125,6.875674724578857,3.4332265853881836,3.045954465866089,5.738787651062012
64,ppo_gmm,gaussian,physical,4,True,0.125,8.374095916748047,3.4573123455047607,11.994482040405273,5.746524810791016
64,ppo_gmm,gaussian,physical,5,True,0.125,10.213508605957031,3.4443492889404297,4.130141735076904,5.731607913970947
64,ppo_gmm,gaussian,physical,6,True,0.125,6.191036224365234,3.4347095489501953,10.525336265563965,5.76607608795166
64,ppo_gmm,gaussian,physical,7,True,0.125,6.366036415100098,3.4332494735717773,13.28272819519043,5.741872787475586
65,ppo_gmm,gaussian,physical,0,True,0.125,5.567997932434082,3.4543728828430176,5.132514476776123,5.752894401550293
65,ppo_gmm,gaussian,physical,1,True,0.125,10.0455904006958,3.4361743927001953,7.528048038482666,5.749138832092285
65,ppo_gmm,gaussian,physical,2,True,0.125,2.630404472351074,3.4508814811706543,3.364333391189575,5.756181240081787
65,ppo_gmm,gaussian,physical,3,True,0.125,6.875750541687012,3.431663751602173,3.0452141761779785,5.736093521118164
65,ppo_gmm,gaussian,physical,4,True,0.125,8.374164581298828,3.455352306365967,11.993762969970703,5.746097087860107
65,ppo_gmm,gaussian,physical,5,True,0.125,10.213495254516602,3.4417777061462402,4.1293864250183105,5.729771614074707
65,ppo_gmm,gaussian,physical,6,True,0.125,6.191461086273193,3.4327619075775146,10.524650573730469,5.76568603515625
65,ppo_gmm,gaussian,physical,7,True,0.125,6.366387367248535,3.432865858078003,13.282137870788574,5.740976333618164
66,ppo_gmm,gaussian,physical,0,True,0.125,5.568543910980225,3.453709602355957,5.13175630569458,5.754103660583496
66,ppo_gmm,gaussian,physical,1,True,0.125,10.045782089233398,3.4354662895202637,7.527400016784668,5.747825622558594
66,ppo_gmm,gaussian,physical,2,True,0.125,2.631058692932129,3.4491162300109863,3.3638086318969727,5.753437042236328
66,ppo_gmm,gaussian,physical,3,True,0.125,6.875901222229004,3.4299418926239014,3.0444793701171875,5.733166694641113
66,ppo_gmm,gaussian,physical,4,True,0.125,8.374274253845215,3.453779935836792,11.993034362792969,5.744949817657471
66,ppo_gmm,gaussian,physical,5,True,0.125,10.213397979736328,3.4394822120666504,4.128614902496338,5.727466106414795
66,ppo_gmm,gaussian,physical,6,True,0.125,6.191863536834717,3.4309887886047363,10.524014472961426,5.7653326988220215
66,ppo_gmm,gaussian,physical,7,True,0.125,6.366734504699707,3.432567596435547,13.281593322753906,5.741074562072754
67,ppo_gmm,gaussian,physical,0,True,0.125,5.569089412689209,3.4528417587280273,5.1309638023376465,5.754795074462891
67,ppo_gmm,gaussian,physical,1,True,0.125,10.045980453491211,3.4347825050354004,7.526792526245117,5.746511459350586
67,ppo_gmm,gaussian,physical,2,True,0.125,2.631765604019165,3.447923183441162,3.3632142543792725,5.750004768371582
67,ppo_gmm,gaussian,physical,3,True,0.125,6.876131057739258,3.4281773567199707,3.0437166690826416,5.730295658111572
67,ppo_gmm,gaussian,physical,4,True,0.125,8.374512672424316,3.452249050140381,11.992424011230469,5.744338035583496
67,ppo_gmm,gaussian,physical,5,True,0.125,10.213459014892578,3.4381368160247803,4.127878665924072,5.724884986877441
67,ppo_gmm,gaussian,physical,6,True,0.125,6.192266464233398,3.4292285442352295,10.523428916931152,5.765046119689941
67,ppo_gmm,gaussian,physical,7,True,0.125,6.367093563079834,3.4323954582214355,13.281059265136719,5.741451263427734
68,ppo_gmm,gaussian,physical,0,True,0.125,5.569657802581787,3.4519524574279785,5.13018798828125,5.755430698394775
68,ppo_gmm,gaussian,physical,1,True,0.125,10.046212196350098,3.4336726665496826,7.526214122772217,5.746206283569336
68,ppo_gmm,gaussian,physical,2,True,0.125,2.6324591636657715,3.447019577026367,3.362597703933716,5.746033668518066
68,ppo_gmm,gaussian,physical,3,True,0.125,6.876394748687744,3.426628828048706,3.0429575443267822,5.726929664611816
68,ppo_gmm,gaussian,physical,4,True,0.125,8.374711036682129,3.450927257537842,11.991848945617676,5.743925094604492
68,ppo_gmm,gaussian,physical,5,True,0.125,10.21320629119873,3.436903238296509,4.127097129821777,5.722718238830566
68,ppo_gmm,gaussian,physical,6,True,0.125,6.192788600921631,3.4271373748779297,10.52285099029541,5.765653610229492
68,ppo_gmm,gaussian,physical,7,True,0.125,6.367398738861084,3.432263135910034,13.2805757522583,5.741888523101807
69,ppo_gmm,gaussian,physical,0,True,0.125,5.570196628570557,3.451148509979248,5.129415035247803,5.755555629730225
69,ppo_gmm,gaussian,physical,1,True,0.125,10.046432495117188,3.4327235221862793,7.525595188140869,5.74531888961792
69,ppo_gmm,gaussian,physical,2,True,0.125,2.633086919784546,3.4462032318115234,3.3620386123657227,5.742448806762695
69,ppo_gmm,gaussian,physical,3,True,0.125,6.876599311828613,3.42490291595459,3.042210817337036,5.723227500915527
69,ppo_gmm,gaussian,physical,4,True,0.125,8.374799728393555,3.4494402408599854,11.991283416748047,5.7437849044799805
69,ppo_gmm,gaussian,physical,5,True,0.125,10.213055610656738,3.435549020767212,4.126306056976318,5.720703125
69,ppo_gmm,gaussian,physical,6,True,0.125,6.1932244300842285,3.425232410430908,10.522237777709961,5.765860080718994
69,ppo_gmm,gaussian,physical,7,True,0.125,6.367876052856445,3.431051015853882,13.280023574829102,5.741309642791748
70,ppo_gmm,gaussian,physical,0,True,0.125,5.570742607116699,3.450568914413452,5.128731727600098,5.755514144897461
70,ppo_gmm,gaussian,physical,1,True,0.125,10.046632766723633,3.4318625926971436,7.525033473968506,5.744513511657715
70,ppo_gmm,gaussian,physical,2,True,0.125,2.633694887161255,3.4452402591705322,3.3615245819091797,5.738700866699219
70,ppo_gmm,gaussian,physical,3,True,0.125,6.876755237579346,3.423241138458252,3.04146409034729,5.719218730926514
70,ppo_gmm,gaussian,physical,4,True,0.125,8.374884605407715,3.447988510131836,11.990724563598633,5.74380350112915
70,ppo_gmm,gaussian,physical,5,True,0.125,10.212944984436035,3.434359550476074,4.125555992126465,5.718781471252441
70,ppo_gmm,gaussian,physical,6,True,0.125,6.193777561187744,3.4230964183807373,10.52156925201416,5.7668070793151855
70,ppo_gmm,gaussian,physical,7,True,0.125,6.368412971496582,3.4297261238098145,13.279380798339844,5.739828109741211
71,ppo_gmm,gaussian,physical,0,True,0.125,5.571237564086914,3.4500629901885986,5.128116130828857,5.755523681640625
71,ppo_gmm,gaussian,physical,1,True,0.125,10.04687213897705,3.4309422969818115,7.524529933929443,5.743940353393555
71,ppo_gmm,gaussian,physical,2,True,0.125,2.6342687606811523,3.444226026535034,3.3611056804656982,5.735192775726318
71,ppo_gmm,gaussian,physical,3,True,0.125,6.876934051513672,3.421748399734497,3.040757417678833,5.715638637542725
71,ppo_gmm,gaussian,physical,4,True,0.125,8.37491512298584,3.4467577934265137,11.990171432495117,5.743589878082275
71,ppo_gmm,gaussian,physical,5,True,0.125,10.213081359863281,3.4325671195983887,4.124811172485352,5.716800689697266
71,ppo_gmm,gaussian,physical,6,True,0.125,6.194365501403809,3.42083477973938,10.520944595336914,5.767769813537598
71,ppo_gmm,gaussian,physical,7,True,0.125,6.368957996368408,3.428239345550537,13.278660774230957,5.740194797515869
72,ppo_gmm,gaussian,physical,0,True,0.125,5.5717058181762695,3.4494283199310303,5.127527713775635,5.755362033843994
72,ppo_gmm,gaussian,physical,1,True,0.125,10.047006607055664,3.429955005645752,7.5240349769592285,5.742571830749512
72,ppo_gmm,gaussian,physical,2,True,0.125,2.6349081993103027,3.4429783821105957,3.3605847358703613,5.731502056121826
72,ppo_gmm,gaussian,physical,3,True,0.125,6.877345561981201,3.4197287559509277,3.0400705337524414,5.712516784667969
72,ppo_gmm,gaussian,physical,4,True,0.125,8.374942779541016,3.4456403255462646,11.989668846130371,5.7433953285217285
72,ppo_gmm,gaussian,physical,5,True,0.125,10.213260650634766,3.4308714866638184,4.124034881591797,5.7159271240234375
72,ppo_gmm,gaussian,physical,6,True,0.125,6.194905757904053,3.4186949729919434,10.520254135131836,5.767696380615234
72,ppo_gmm,gaussian,physical,7,True,0.125,6.3694939613342285,3.4268665313720703,13.277976989746094,5.740534782409668
73,ppo_gmm,gaussian,physical,0,True,0.125,5.572190761566162,3.448519229888916,5.126920223236084,5.754641532897949
73,ppo_gmm,gaussian,physical,1,True,0.125,10.047231674194336,3.4296209812164307,7.523462772369385,5.7430572509765625
73,ppo_gmm,gaussian,physical,2,True,0.125,2.635603427886963,3.443053722381592,3.360058307647705,5.729730606079102
73,ppo_gmm,gaussian,physical,3,True,0.125,6.877708911895752,3.417879104614258,3.0394628047943115,5.709638595581055
73,ppo_gmm,gaussian,physical,4,True,0.125,8.374929428100586,3.444725751876831,11.989171028137207,5.743290901184082
73,ppo_gmm,gaussian,physical,5,True,0.125,10.213454246520996,3.4294121265411377,4.123251914978027,5.714787006378174
73,ppo_gmm,gaussian,physical,6,True,0.125,6.195522308349609,3.416565418243408,10.51959228515625,5.768424034118652
73,ppo_gmm,gaussian,physical,7,True,0.125,6.369983196258545,3.42560076713562,13.277355194091797,5.740811347961426
74,ppo_gmm,gaussian,physical,0,True,0.125,5.572646141052246,3.4475443363189697,5.126346588134766,5.753788948059082
74,ppo_gmm,gaussian,physical,1,True,0.125,10.047418594360352,3.4292736053466797,7.522914886474609,5.743412017822266
74,ppo_gmm,gaussian,physical,2,True,0.125,2.636261224746704,3.4431312084198,3.3595871925354004,5.727917671203613
74,ppo_gmm,gaussian,physical,3,True,0.125,6.878047943115234,3.4161224365234375,3.038830518722534,5.70701789855957
74,ppo_gmm,gaussian,physical,4,True,0.125,8.374896049499512,3.44406795501709,11.98863410949707,5.743206024169922
74,ppo_gmm,gaussian,physical,5,True,0.125,10.213789939880371,3.4274110794067383,4.122411251068115,5.714777946472168
74,ppo_gmm,gaussian,physical,6,True,0.125,6.196084976196289,3.414626121520996,10.518929481506348,5.768251419067383
74,ppo_gmm,gaussian,physical,7,True,0.125,6.370464324951172,3.4246625900268555,13.276684761047363,5.740652084350586
75,ppo_gmm,gaussian,physical,0,True,0.125,5.573034763336182,3.446540355682373,5.125854969024658,5.7529215812683105
75,ppo_gmm,gaussian,physical,1,True,0.125,10.047586441040039,3.4288110733032227,7.522378444671631,5.7432332038879395
75,ppo_gmm,gaussian,physical,2,True,0.125,2.636949062347412,3.442974328994751,3.359213352203369,5.725818157196045
75,ppo_gmm,gaussian,physical,3,True,0.125,6.878288745880127,3.414496898651123,3.0382113456726074,5.704445838928223
75,ppo_gmm,gaussian,physical,4,True,0.125,8.37476921081543,3.4435412883758545,11.988040924072266,5.742833137512207
75,ppo_gmm,gaussian,physical,5,True,0.125,10.214067459106445,3.4251320362091064,4.121555805206299,5.713861465454102
75,ppo_gmm,gaussian,physical,6,True,0.125,6.196699142456055,3.4127085208892822,10.518179893493652,5.7687835693359375
75,ppo_gmm,gaussian,physical,7,True,0.125,6.370866775512695,3.4237163066864014,13.276004791259766,5.740476608276367
76,ppo_gmm,gaussian,physical,0,True,0.125,5.573366641998291,3.4453930854797363,5.125396251678467,5.751861572265625
76,ppo_gmm,gaussian,physical,1,True,0.125,10.04778003692627,3.4283323287963867,7.521905422210693,5.743330955505371
76,ppo_gmm,gaussian,physical,2,True,0.125,2.6376357078552246,3.4424729347229004,3.3588263988494873,5.723665714263916
76,ppo_gmm,gaussian,physical,3,True,0.125,6.878669738769531,3.4133269786834717,3.0375397205352783,5.701625823974609
76,ppo_gmm,gaussian,physical,4,True,0.125,8.37450885772705,3.443213701248169,11.987451553344727,5.743408203125
76,ppo_gmm,gaussian,physical,5,True,0.125,10.214219093322754,3.4231927394866943,4.120691776275635,5.713144302368164
76,ppo_gmm,gaussian,physical,6,True,0.125,6.197274208068848,3.4110584259033203,10.51745891571045,5.769292831420898
76,ppo_gmm,gaussian,physical,7,True,0.125,6.371224880218506,3.4230246543884277,13.275336265563965,5.74025821685791
77,ppo_gmm,gaussian,physical,0,True,0.125,5.5738348960876465,3.4441041946411133,5.124919891357422,5.750497817993164
77,ppo_gmm,gaussian,physical,1,True,0.125,10.047798156738281,3.4277608394622803,7.521383285522461,5.742918014526367
77,ppo_gmm,gaussian,physical,2,True,0.125,2.638339042663574,3.4422569274902344,3.3583621978759766,5.721758842468262
77,ppo_gmm,gaussian,physical,3,True,0.125,6.879027366638184,3.412317991256714,3.0368592739105225,5.698389530181885
77,ppo_gmm,gaussian,physical,4,True,0.125,8.37436294555664,3.4427740573883057,11.98680305480957,5.744529724121094
77,ppo_gmm,gaussian,physical,5,True,0.125,10.21440315246582,3.421380043029785,4.119804859161377,5.7113447189331055
77,ppo_gmm,gaussian,physical,6,True,0.125,6.19779634475708,3.4095606803894043,10.516803741455078,5.769760608673096
77,ppo_gmm,gaussian,physical,7,True,0.125,6.371514320373535,3.4220004081726074,13.274723052978516,5.740169525146484
78,ppo_gmm,gaussian,physical,0,True,0.125,5.574313640594482,3.443002700805664,5.124448776245117,5.749393463134766
78,ppo_gmm,gaussian,physical,1,True,0.125,10.047745704650879,3.427133560180664,7.520913124084473,5.742327690124512
78,ppo_gmm,gaussian,physical,2,True,0.125,2.639065980911255,3.442450761795044,3.3578133583068848,5.722075462341309
78,ppo_gmm,gaussian,physical,3,True,0.125,6.879505157470703,3.4108939170837402,3.036249876022339,5.695902347564697
78,ppo_gmm,gaussian,physical,4,True,0.125,8.374444007873535,3.441911458969116,11.98616886138916,5.745449066162109
78,ppo_gmm,gaussian,physical,5,True,0.125,10.214611053466797,3.4198317527770996,4.119011878967285,5.709663391113281
78,ppo_gmm,gaussian,physical,6,True,0.125,6.1982221603393555,3.408048629760742,10.516109466552734,5.770803451538086
78,ppo_gmm,gaussian,physical,7,True,0.125,6.371737957000732,3.42087721824646,13.27410888671875,5.7398576736450195
79,ppo_gmm,gaussian,physical,0,True,0.125,5.574838638305664,3.4421138763427734,5.123964786529541,5.747678756713867
79,ppo_gmm,gaussian,physical,1,True,0.125,10.047621726989746,3.426651954650879,7.520397663116455,5.742696285247803
79,ppo_gmm,gaussian,physical,2,True,0.125,2.639770984649658,3.442493438720703,3.357280969619751,5.722192287445068
79,ppo_gmm,gaussian,physical,3,True,0.125,6.879975318908691,3.4098286628723145,3.0356051921844482,5.6931304931640625
79,ppo_gmm,gaussian,physical,4,True,0.125,8.374537467956543,3.4413137435913086,11.985587120056152,5.7465057373046875
79,ppo_gmm,gaussian,physical,5,True,0.125,10.214618682861328,3.4190101623535156,4.118246078491211,5.707930564880371
79,ppo_gmm,gaussian,physical,6,True,0.125,6.19859504699707,3.406715154647827,10.51547908782959,5.7719035148620605
79,ppo_gmm,gaussian,physical,7,True,0.125,6.371703624725342,3.419330358505249,13.273392677307129,5.739485263824463
80,ppo_gmm,gaussian,physical,0,True,0.125,5.575334548950195,3.4410524368286133,5.123530387878418,5.745946884155273
80,ppo_gmm,gaussian,physical,1,True,0.125,10.047582626342773,3.4264090061187744,7.519777774810791,5.742801666259766
80,ppo_gmm,gaussian,physical,2,True,0.125,2.64052677154541,3.4421401023864746,3.356677293777466,5.7215399742126465
80,ppo_gmm,gaussian,physical,3,True,0.125,6.880435943603516,3.408801555633545,3.0349583625793457,5.690650939941406
80,ppo_gmm,gaussian,physical,4,True,0.125,8.374666213989258,3.4406960010528564,11.984986305236816,5.747391700744629
80,ppo_gmm,gaussian,physical,5,True,0.125,10.21457290649414,3.418154716491699,4.117498397827148,5.706329822540283
80,ppo_gmm,gaussian,physical,6,True,0.125,6.198892593383789,3.4055018424987793,10.514763832092285,5.770871162414551
80,ppo_gmm,gaussian,physical,7,True,0.125,6.371638298034668,3.417891025543213,13.272744178771973,5.7392258644104
81,ppo_gmm,gaussian,physical,0,True,0.125,5.575905799865723,3.4401583671569824,5.123161792755127,5.744599342346191
81,ppo_gmm,gaussian,physical,1,True,0.125,10.047574043273926,3.4260075092315674,7.519163131713867,5.742544174194336
81,ppo_gmm,gaussian,physical,2,True,0.125,2.641340970993042,3.441879987716675,3.3560292720794678,5.720990180969238
81,ppo_gmm,gaussian,physical,3,True,0.125,6.880903720855713,3.4078500270843506,3.0342326164245605,5.689382553100586
81,ppo_gmm,gaussian,physical,4,True,0.125,8.374733924865723,3.4397802352905273,11.984356880187988,5.748793601989746
81,ppo_gmm,gaussian,physical,5,True,0.125,10.214567184448242,3.4173531532287598,4.116751670837402,5.705222129821777
81,ppo_gmm,gaussian,physical,6,True,0.125,6.19924259185791,3.4044039249420166,10.513971328735352,5.7693657875061035
81,ppo_gmm,gaussian,physical,7,True,0.125,6.37158727645874,3.416659116744995,13.272148132324219,5.739067077636719
82,ppo_gmm,gaussian,physical,0,True,0.125,5.576402187347412,3.4390504360198975,5.122779369354248,5.743281364440918
82,ppo_gmm,gaussian,physical,1,True,0.125,10.047606468200684,3.4254133701324463,7.51848840713501,5.74229621887207
82,ppo_gmm,gaussian,physical,2,True,0.125,2.6421103477478027,3.4419026374816895,3.3555002212524414,5.719743728637695
82,ppo_gmm,gaussian,physical,3,True,0.125,6.881364345550537,3.4068093299865723,3.0335850715637207,5.688213348388672
82,ppo_gmm,gaussian,physical,4,True,0.125,8.374711990356445,3.4387285709381104,11.983786582946777,5.7503767013549805
82,ppo_gmm,gaussian,physical,5,True,0.125,10.214430809020996,3.416693687438965,4.116024017333984,5.703350067138672
82,ppo_gmm,gaussian,physical,6,True,0.125,6.199629306793213,3.403315544128418,10.513228416442871,5.768081188201904
82,ppo_gmm,gaussian,physical,7,True,0.125,6.371685028076172,3.4151129722595215,13.271544456481934,5.739406585693359
83,ppo_gmm,gaussian,physical,0,True,0.125,5.576979160308838,3.4379191398620605,5.122227191925049,5.742501258850098
83,ppo_gmm,gaussian,physical,1,True,0.125,10.047677040100098,3.4250099658966064,7.517841339111328,5.742420196533203
83,ppo_gmm,gaussian,physical,2,True,0.125,2.6428444385528564,3.4419569969177246,3.355073928833008,5.718269348144531
83,ppo_gmm,gaussian,physical,3,True,0.125,6.881834506988525,3.405876636505127,3.032909870147705,5.687485694885254
83,ppo_gmm,gaussian,physical,4,True,0.125,8.374653816223145,3.4380931854248047,11.9830961227417,5.750387191772461
83,ppo_gmm,gaussian,physical,5,True,0.125,10.214258193969727,3.4159040451049805,4.115340232849121,5.701551914215088
83,ppo_gmm,gaussian,physical,6,True,0.125,6.199981689453125,3.4023079872131348,10.512561798095703,5.766914367675781
83,ppo_gmm,gaussian,physical,7,True,0.125,6.371832370758057,3.413512945175171,13.270975112915039,5.739752769470215
84,ppo_gmm,gaussian,physical,0,True,0.125,5.577693939208984,3.4366238117218018,5.121713638305664,5.741371154785156
84,ppo_gmm,gaussian,physical,1,True,0.125,10.047866821289062,3.424348831176758,7.5171637535095215,5.743393898010254
84,ppo_gmm,gaussian,physical,2,True,0.125,2.6435928344726562,3.442183256149292,3.3545494079589844,5.717450141906738
84,ppo_gmm,gaussian,physical,3,True,0.125,6.882360458374023,3.4046778678894043,3.0322835445404053,5.6869988441467285
84,ppo_gmm,gaussian,physical,4,True,0.125,8.374418258666992,3.437056064605713,11.982353210449219,5.749921798706055
84,ppo_gmm,gaussian,physical,5,True,0.125,10.213960647583008,3.4149692058563232,4.114717483520508,5.6993865966796875
84,ppo_gmm,gaussian,physical,6,True,0.125,6.200291156768799,3.401371717453003,10.51195240020752,5.765883922576904
84,ppo_gmm,gaussian,physical,7,True,0.125,6.371944904327393,3.412123918533325,13.27042007446289,5.739875316619873
85,ppo_gmm,gaussian,physical,0,True,0.125,5.578471660614014,3.435606002807617,5.121204853057861,5.740259170532227
85,ppo_gmm,gaussian,physical,1,True,0.125,10.048186302185059,3.423274278640747,7.516505241394043,5.74542236328125
85,ppo_gmm,gaussian,physical,2,True,0.125,2.6443662643432617,3.4419522285461426,3.3539888858795166,5.716372966766357
85,ppo_gmm,gaussian,physical,3,True,0.125,6.882899284362793,3.4033286571502686,3.0316905975341797,5.686113357543945
85,ppo_gmm,gaussian,physical,4,True,0.125,8.374114990234375,3.4358038902282715,11.98157787322998,5.749641418457031
85,ppo_gmm,gaussian,physical,5,True,0.125,10.21367359161377,3.4140374660491943,4.114106178283691,5.697688579559326
85,ppo_gmm,gaussian,physical,6,True,0.125,6.2005720138549805,3.4004409313201904,10.511384010314941,5.764828681945801
85,ppo_gmm,gaussian,physical,7,True,0.125,6.37201452255249,3.4108197689056396,13.2698392868042,5.741024971008301
86,ppo_gmm,gaussian,physical,0,True,0.125,5.579308032989502,3.4342470169067383,5.120678424835205,5.739249229431152
86,ppo_gmm,gaussian,physical,1,True,0.125,10.04835033416748,3.422478675842285,7.51578950881958,5.748011589050293
86,ppo_gmm,gaussian,physical,2,True,0.125,2.6450695991516113,3.441843032836914,3.3534858226776123,5.715635776519775
86,ppo_gmm,gaussian,physical,3,True,0.125,6.883443355560303,3.401674270629883,3.0311079025268555,5.685608386993408
86,ppo_gmm,gaussian,physical,4,True,0.125,8.373786926269531,3.4349007606506348,11.980802536010742,5.748943328857422
86,ppo_gmm,gaussian,physical,5,True,0.125,10.213266372680664,3.4134392738342285,4.11349630355835,5.695850849151611
86,ppo_gmm,gaussian,physical,6,True,0.125,6.2008957862854,3.3994734287261963,10.510783195495605,5.7633819580078125
86,ppo_gmm,gaussian,physical,7,True,0.125,6.371946811676025,3.4090213775634766,13.269274711608887,5.742077827453613
87,ppo_gmm,gaussian,physical,0,True,0.125,5.580034255981445,3.4326863288879395,5.120028972625732,5.738636016845703
87,ppo_gmm,gaussian,physical,1,True,0.125,10.04857063293457,3.4217495918273926,7.515049934387207,5.750852584838867
87,ppo_gmm,gaussian,physical,2,True,0.125,2.645841360092163,3.4410152435302734,3.3528449535369873,5.714627265930176
87,ppo_gmm,gaussian,physical,3,True,0.125,6.884066581726074,3.400024890899658,3.0304341316223145,5.683632850646973
87,ppo_gmm,gaussian,physical,4,True,0.125,8.373459815979004,3.434220790863037,11.980083465576172,5.748692512512207
87,ppo_gmm,gaussian,physical,5,True,0.125,10.213025093078613,3.4132041931152344,4.112875938415527,5.693925380706787
87,ppo_gmm,gaussian,physical,6,True,0.125,6.201169490814209,3.398622512817383,10.510251998901367,5.762169361114502
87,ppo_gmm,gaussian,physical,7,True,0.125,6.371883869171143,3.4073760509490967,13.268758773803711,5.7430315017700195
88,ppo_gmm,gaussian,physical,0,True,0.125,5.580723285675049,3.431366443634033,5.119367599487305,5.7381486892700195
88,ppo_gmm,gaussian,physical,1,True,0.125,10.048748970031738,3.4210293292999268,7.514399528503418,5.753238677978516
88,ppo_gmm,gaussian,physical,2,True,0.125,2.6465539932250977,3.440274477005005,3.3523106575012207,5.713128089904785
88,ppo_gmm,gaussian,physical,3,True,0.125,6.88466739654541,3.3984789848327637,3.029792547225952,5.681540012359619
88,ppo_gmm,gaussian,physical,4,True,0.125,8.37314224243164,3.4335951805114746,11.97936725616455,5.748793601989746
88,ppo_gmm,gaussian,physical,5,True,0.125,10.21267032623291,3.412992000579834,4.112153053283691,5.692654609680176
88,ppo_gmm,gaussian,physical,6,True,0.125,6.2016096115112305,3.397186040878296,10.509600639343262,5.76035213470459
88,ppo_gmm,gaussian,physical,7,True,0.125,6.371785640716553,3.405787467956543,13.268293380737305,5.744007587432861
89,ppo_gmm,gaussian,physical,0,True,0.125,5.581329822540283,3.4301915168762207,5.118769645690918,5.737631797790527
89,ppo_gmm,gaussian,physical,1,True,0.125,10.048943519592285,3.4202089309692383,7.513641834259033,5.7554121017456055
89,ppo_gmm,gaussian,physical,2,True,0.125,2.647270441055298,3.439399242401123,3.351788282394409,5.711970329284668
89,ppo_gmm,gaussian,physical,3,True,0.125,6.88531494140625,3.3967642784118652,3.0292611122131348,5.679535865783691
89,ppo_gmm,gaussian,physical,4,True,0.125,8.372956275939941,3.433096408843994,11.978590965270996,5.748396873474121
89,ppo_gmm,gaussian,physical,5,True,0.125,10.212367057800293,3.4125709533691406,4.111576080322266,5.691257476806641
89,ppo_gmm,gaussian,physical,6,True,0.125,6.20204496383667,3.3959531784057617,10.50899887084961,5.758665084838867
89,ppo_gmm,gaussian,physical,7,True,0.125,6.371644496917725,3.4041154384613037,13.267802238464355,5.74509334564209
90,ppo_gmm,gaussian,physical,0,True,0.125,5.581902503967285,3.429090738296509,5.118232250213623,5.736937046051025
90,ppo_gmm,gaussian,physical,1,True,0.125,10.049103736877441,3.419431447982788,7.512945652008057,5.757116317749023
90,ppo_gmm,gaussian,physical,2,True,0.125,2.6479415893554688,3.4387459754943848,3.3512394428253174,5.7107062339782715
90,ppo_gmm,gaussian,physical,3,True,0.125,6.8859052658081055,3.395057439804077,3.02875018119812,5.677791595458984
90,ppo_gmm,gaussian,physical,4,True,0.125,8.372739791870117,3.4327504634857178,11.977787971496582,5.74680233001709
90,ppo_gmm,gaussian,physical,5,True,0.125,10.212096214294434,3.412257432937622,4.110972881317139,5.688786029815674
90,ppo_gmm,gaussian,physical,6,True,0.125,6.202455997467041,3.3947947025299072,10.508400917053223,5.756962299346924
90,ppo_gmm,gaussian,physical,7,True,0.125,6.371706485748291,3.4019503593444824,13.267329216003418,5.74633264541626
91,ppo_gmm,gaussian,physical,0,True,0.125,5.582468509674072,3.428001642227173,5.117718696594238,5.736138343811035
91,ppo_gmm,gaussian,physical,1,True,0.125,10.049116134643555,3.4181783199310303,7.512259483337402,5.758371353149414
91,ppo_gmm,gaussian,physical,2,True,0.125,2.6485555171966553,3.4384772777557373,3.3506340980529785,5.708477973937988
91,ppo_gmm,gaussian,physical,3,True,0.125,6.886587619781494,3.3929827213287354,3.0282602310180664,5.676368713378906
91,ppo_gmm,gaussian,physical,4,True,0.125,8.37254524230957,3.4324791431427,11.977044105529785,5.745296955108643
91,ppo_gmm,gaussian,physical,5,True,0.125,10.21182632446289,3.4119744300842285,4.110358715057373,5.688154697418213
91,ppo_gmm,gaussian,physical,6,True,0.125,6.202868938446045,3.393646478652954,10.507758140563965,5.755941390991211
91,ppo_gmm,gaussian,physical,7,True,0.125,6.371789455413818,3.4000415802001953,13.266843795776367,5.747425079345703
92,ppo_gmm,gaussian,physical,0,True,0.125,5.583125114440918,3.4269938468933105,5.117215156555176,5.73544979095459
92,ppo_gmm,gaussian,physical,1,True,0.125,10.049107551574707,3.416874647140503,7.511622428894043,5.7587995529174805
92,ppo_gmm,gaussian,physical,2,True,0.125,2.649200916290283,3.438140392303467,3.3500375747680664,5.706455230712891
92,ppo_gmm,gaussian,physical,3,True,0.125,6.88716459274292,3.391127109527588,3.0277843475341797,5.6750969886779785
92,ppo_gmm,gaussian,physical,4,True,0.125,8.372333526611328,3.432223081588745,11.976359367370605,5.744014739990234
92,ppo_gmm,gaussian,physical,5,True,0.125,10.211505889892578,3.4113516807556152,4.109701156616211,5.687504768371582
92,ppo_gmm,gaussian,physical,6,True,0.125,6.203271389007568,3.3926727771759033,10.507156372070312,5.754992485046387
92,ppo_gmm,gaussian,physical,7,True,0.125,6.371716499328613,3.3977973461151123,13.266281127929688,5.747614860534668
93,ppo_gmm,gaussian,physical,0,True,0.125,5.583723545074463,3.4260740280151367,5.116759777069092,5.734823703765869
93,ppo_gmm,gaussian,physical,1,True,0.125,10.048970222473145,3.415480136871338,7.510893821716309,5.7602386474609375
93,ppo_gmm,gaussian,physical,2,True,0.125,2.649951457977295,3.437180519104004,3.3493447303771973,5.70543098449707
93,ppo_gmm,gaussian,physical,3,True,0.125,6.887726306915283,3.3892970085144043,3.0272886753082275,5.673874855041504
93,ppo_gmm,gaussian,physical,4,True,0.125,8.37217903137207,3.4316515922546387,11.975631713867188,5.742204666137695
93,ppo_gmm,gaussian,physical,5,True,0.125,10.211282730102539,3.4107956886291504,4.109090328216553,5.686701774597168
93,ppo_gmm,gaussian,physical,6,True,0.125,6.203693866729736,3.391523599624634,10.506586074829102,5.754179954528809
93,ppo_gmm,gaussian,physical,7,True,0.125,6.371639728546143,3.395766258239746,13.265742301940918,5.747714519500732
94,ppo_gmm,gaussian,physical,0,True,0.125,5.584299564361572,3.425187110900879,5.11625337600708,5.7344865798950195
94,ppo_gmm,gaussian,physical,1,True,0.125,10.048724174499512,3.4140443801879883,7.51016092300415,5.760825157165527
94,ppo_gmm,gaussian,physical,2,True,0.125,2.6506779193878174,3.4361915588378906,3.3486268520355225,5.705166816711426
94,ppo_gmm,gaussian,physical,3,True,0.125,6.888291835784912,3.387556552886963,3.026780843734741,5.67221736907959
94,ppo_gmm,gaussian,physical,4,True,0.125,8.372045516967773,3.4312219619750977,11.974977493286133,5.740699768066406
94,ppo_gmm,gaussian,physical,5,True,0.125,10.211081504821777,3.4103002548217773,4.108534812927246,5.685978889465332
94,ppo_gmm,gaussian,physical,6,True,0.125,6.204094409942627,3.390481948852539,10.506059646606445,5.753383636474609
94,ppo_gmm,gaussian,physical,7,True,0.125,6.371568202972412,3.3939530849456787,13.265237808227539,5.747884750366211
95,ppo_gmm,gaussian,physical,0,True,0.125,5.584830284118652,3.4243807792663574,5.115796089172363,5.734142780303955
95,ppo_gmm,gaussian,physical,1,True,0.125,10.048460960388184,3.412769317626953,7.509389400482178,5.7600789070129395
95,ppo_gmm,gaussian,physical,2,True,0.125,2.6513774394989014,3.435241222381592,3.3479273319244385,5.704935073852539
95,ppo_gmm,gaussian,physical,3,True,0.125,6.888792514801025,3.3858015537261963,3.026294469833374,5.670270919799805
95,ppo_gmm,gaussian,physical,4,True,0.125,8.371910095214844,3.4307942390441895,11.974342346191406,5.739559173583984
95,ppo_gmm,gaussian,physical,5,True,0.125,10.21084213256836,3.4096319675445557,4.107880115509033,5.685474872589111
95,ppo_gmm,gaussian,physical,6,True,0.125,6.204492568969727,3.3895442485809326,10.50558090209961,5.752804279327393
95,ppo_gmm,gaussian,physical,7,True,0.125,6.371657848358154,3.3922359943389893,13.264674186706543,5.7494401931762695
96,ppo_gmm,gaussian,physical,0,True,0.125,5.585459232330322,3.423365592956543,5.115231037139893,5.733100891113281
96,ppo_gmm,gaussian,physical,1,True,0.125,10.04822063446045,3.4116127490997314,7.508689880371094,5.759398460388184
96,ppo_gmm,gaussian,physical,2,True,0.125,2.652034044265747,3.4345154762268066,3.3472676277160645,5.704927444458008
96,ppo_gmm,gaussian,physical,3,True,0.125,6.889285087585449,3.3839590549468994,3.025790214538574,5.667945861816406
96,ppo_gmm,gaussian,physical,4,True,0.125,8.371774673461914,3.4303345680236816,11.973677635192871,5.739703178405762
96,ppo_gmm,gaussian,physical,5,True,0.125,10.210539817810059,3.4087963104248047,4.10723352432251,5.684654235839844
96,ppo_gmm,gaussian,physical,6,True,0.125,6.204866409301758,3.3888070583343506,10.505121231079102,5.752274036407471
96,ppo_gmm,gaussian,physical,7,True,0.125,6.3717780113220215,3.390700578689575,13.264158248901367,5.751018047332764
97,ppo_gmm,gaussian,physical,0,True,0.125,5.586068630218506,3.422276258468628,5.114656448364258,5.7321319580078125
97,ppo_gmm,gaussian,physical,1,True,0.125,10.048041343688965,3.4105682373046875,7.5080485343933105,5.758720397949219
97,ppo_gmm,gaussian,physical,2,True,0.125,2.652662992477417,3.433692216873169,3.346682548522949,5.70477294921875
97,ppo_gmm,gaussian,physical,3,True,0.125,6.889773368835449,3.3823277950286865,3.0253143310546875,5.665762901306152
97,ppo_gmm,gaussian,physical,4,True,0.125,8.37186050415039,3.4292964935302734,11.9729642868042,5.740592956542969
97,ppo_gmm,gaussian,physical,5,True,0.125,10.210190773010254,3.408121347427368,4.106578826904297,5.683316230773926
97,ppo_gmm,gaussian,physical,6,True,0.125,6.205259323120117,3.3882813453674316,10.504679679870605,5.752111434936523
97,ppo_gmm,gaussian,physical,7,True,0.125,6.3719658851623535,3.3892982006073,13.263623237609863,5.751608371734619
98,ppo_gmm,gaussian,physical,0,True,0.125,5.586670875549316,3.4209537506103516,5.1141357421875,5.730889797210693
98,ppo_gmm,gaussian,physical,1,True,0.125,10.048079490661621,3.4089605808258057,7.507415771484375,5.757896423339844
98,ppo_gmm,gaussian,physical,2,True,0.125,2.653280019760132,3.4328622817993164,3.346092939376831,5.70452356338501
98,ppo_gmm,gaussian,physical,3,True,0.125,6.890224456787109,3.3807334899902344,3.024820327758789,5.6641526222229
98,ppo_gmm,gaussian,physical,4,True,0.125,8.371997833251953,3.428293228149414,11.97228717803955,5.741389274597168
98,ppo_gmm,gaussian,physical,5,True,0.125,10.209699630737305,3.4077882766723633,4.105834007263184,5.680498123168945
98,ppo_gmm,gaussian,physical,6,True,0.125,6.205598831176758,3.3878092765808105,10.50425910949707,5.752068996429443
98,ppo_gmm,gaussian,physical,7,True,0.125,6.372124671936035,3.388070583343506,13.263118743896484,5.752098560333252
99,ppo_gmm,gaussian,physical,0,True,0.125,5.587292671203613,3.4196038246154785,5.1136088371276855,5.729497909545898
99,ppo_gmm,gaussian,physical,1,True,0.125,10.048261642456055,3.4072489738464355,7.506713390350342,5.75601053237915
99,ppo_gmm,gaussian,physical,2,True,0.125,2.653869390487671,3.4320168495178223,3.3455557823181152,5.704032897949219
99,ppo_gmm,gaussian,physical,3,True,0.125,6.890707969665527,3.379183292388916,3.0241730213165283,5.662891387939453
99,ppo_gmm,gaussian,physical,4,True,0.125,8.372132301330566,3.427499771118164,11.97165584564209,5.742226600646973
99,ppo_gmm,gaussian,physical,5,True,0.125,10.20920467376709,3.407431125640869,4.10513973236084,5.677920341491699
99,ppo_gmm,gaussian,physical,6,True,0.125,6.205948352813721,3.3874244689941406,10.50387954711914,5.7522783279418945
99,ppo_gmm,gaussian,physical,7,True,0.125,6.372244834899902,3.386984348297119,13.262621879577637,5.752449989318848
100,ppo_gmm,gaussian,physical,0,True,0.25,5.587886810302734,3.4183146953582764,5.113082408905029,5.728750228881836
100,ppo_gmm,gaussian,physical,1,True,0.25,10.04841136932373,3.4056501388549805,7.506044864654541,5.753990173339844
100,ppo_gmm,gaussian,physical,2,False,0.0,2.6545329093933105,3.430384397506714,3.3449137210845947,5.702354431152344
100,ppo_gmm,gaussian,physical,3,True,0.25,6.89127254486084,3.3774757385253906,3.0235257148742676,5.661708831787109
100,ppo_gmm,gaussian,physical,4,False,0.0,8.372243881225586,3.426696300506592,11.97101879119873,5.743864059448242
100,ppo_gmm,gaussian,physical,5,True,0.25,10.208861351013184,3.4063305854797363,4.104371547698975,5.675220489501953
100,ppo_gmm,gaussian,physical,6,False,0.0,6.206274032592773,3.387011766433716,10.503533363342285,5.752316474914551
100,ppo_gmm,gaussian,physical,7,False,0.0,6.372358322143555,3.3859872817993164,13.262166023254395,5.752758979797363
101,ppo_gmm,gaussian,physical,0,True,0.25,5.588686943054199,3.415581226348877,5.1122822761535645,5.72416877746582
101,ppo_gmm,gaussian,physical,1,True,0.25,10.047611236572266,3.4083757400512695,7.505244731903076,5.749388694763184
101,ppo_gmm,gaussian,physical,2,False,0.0,2.6545329093933105,3.430384397506714,3.3449137210845947,5.702354431152344
101,ppo_gmm,gaussian,physical,3,True,0.25,6.892072677612305,3.374774932861328,3.022725820541382,5.657181262969971
101,ppo_gmm,gaussian,physical,4,False,0.0,8.372243881225586,3.426696300506592,11.97101879119873,5.743864059448242
101,ppo_gmm,gaussian,physical,5,True,0.25,10.208061218261719,3.4090566635131836,4.10357141494751,5.670681953430176
101,ppo_gmm,gaussian,physical,6,False,0.0,6.206274032592773,3.387011766433716,10.503533363342285,5.752316474914551
101,ppo_gmm,gaussian,physical,7,False,0.0,6.372358322143555,3.3859872817993164,13.262166023254395,5.752758979797363
102,ppo_gmm,gaussian,physical,0,True,0.25,5.58931827545166,3.413691520690918,5.111490726470947,5.720345973968506
102,ppo_gmm,gaussian,physical,1,True,0.25,10.046992301940918,3.4110965728759766,7.504472255706787,5.745392322540283
102,ppo_gmm,gaussian,physical,2,False,0.0,2.6545329093933105,3.430384397506714,3.3449137210845947,5.702354431152344
102,ppo_gmm,gaussian,physical,3,True,0.25,6.892653465270996,3.3725204467773438,3.021934747695923,5.652719974517822
102,ppo_gmm,gaussian,physical,4,False,0.0,8.372243881225586,3.426696300506592,11.97101879119873,5.743864059448242
102,ppo_gmm,gaussian,physical,5,True,0.25,10.207293510437012,3.4088573455810547,4.1028971672058105,5.666339874267578
102,ppo_gmm,gaussian,physical,6,False,0.0,6.206274032592773,3.387011766433716,10.503533363342285,5.752316474914551
102,ppo_gmm,gaussian,physical,7,False,0.0,6.372358322143555,3.3859872817993164,13.262166023254395,5.752758979797363
103,ppo_gmm,gaussian,physical,0,True,0.25,5.590022087097168,3.411574602127075,5.111087799072266,5.716497421264648
103,ppo_gmm,gaussian,physical,1,True,0.25,10.04715347290039,3.4100847244262695,7.503739356994629,5.743534088134766
103,ppo_gmm,gaussian,physical,2,False,0.0,2.6545329093933105,3.430384397506714,3.3449137210845947,5.702354431152344
103,ppo_gmm,gaussian,physical,3,True,0.25,6.893147945404053,3.3707008361816406,3.0211827754974365,5.648333549499512
103,ppo_gmm,gaussian,physical,4,False,0.0,8.372243881225586,3.426696300506592,11.97101879119873,5.743864059448242
103,ppo_gmm,gaussian,physical,5,True,0.25,10.20651626586914,3.4084038734436035,4.102422714233398,5.661999225616455
103,ppo_gmm,gaussian,physical,6,False,0.0,6.206274032592773,3.387011766433716,10.503533363342285,5.752316474914551
103,ppo_gmm,gaussian,physical,7,False,0.0,6.372358322143555,3.3859872817993164,13.262166023254395,5.752758979797363
104,ppo_gmm,gaussian,physical,0,True,0.25,5.5907087326049805,3.4097139835357666,5.110617637634277,5.713167667388916
104,ppo_gmm,gaussian,physical,1,True,0.25,10.0469331741333,3.4087939262390137,7.503008842468262,5.740894317626953
104,ppo_gmm,gaussian,physical,2,False,0.0,2.6545329093933105,3.430384397506714,3.3449137210845947,5.702354431152344
104,ppo_gmm,gaussian,physical,3,True,0.25,6.8936662673950195,3.3691906929016113,3.020430564880371,5.6446757316589355
104,ppo_gmm,gaussian,physical,4,False,0.0,8.372243881225586,3.426696300506592,11.97101879119873,5.743864059448242
104,ppo_gmm,gaussian,physical,5,True,0.25,10.205901145935059,3.406813383102417,4.101821422576904,5.65764045715332
104,ppo_gmm,gaussian,physical,6,False,0.0,6.206274032592773,3.387011766433716,10.503533363342285,5.752316474914551
104,ppo_gmm,gaussian,physical,7,False,0.0,6.372358322143555,3.3859872817993164,13.262166023254395,5.752758979797363
105,ppo_gmm,gaussian,physical,0,True,0.25,5.5912275314331055,3.4075653553009033,5.1100568771362305,5.709507465362549
105,ppo_gmm,gaussian,physical,1,True,0.25,10.046646118164062,3.407566547393799,7.502274513244629,5.739320278167725
105,ppo_gmm,gaussian,physical,2,False,0.0,2.6545329093933105,3.430384397506714,3.3449137210845947,5.702354431152344
105,ppo_gmm,gaussian,physical,3,True,0.25,6.894150733947754,3.3679752349853516,3.019674062728882,5.642529010772705
105,ppo_gmm,gaussian,physical,4,False,0.0,8.372243881225586,3.426696300506592,11.97101879119873,5.743864059448242
105,ppo_gmm,gaussian,physical,5,True,0.25,10.205241203308105,3.4055063724517822,4.101250648498535,5.653867721557617
105,ppo_gmm,gaussian,physical,6,False,0.0,6.206274032592773,3.387011766433716,10.503533363342285,5.752316474914551
105,ppo_gmm,gaussian,physical,7,False,0.0,6.372358322143555,3.3859872817993164,13.262166023254395,5.752758979797363
106,ppo_gmm,gaussian,physical,0,True,0.25,5.59183406829834,3.405245780944824,5.109426975250244,5.706912994384766
106,ppo_gmm,gaussian,physical,1,True,0.25,10.04642391204834,3.4066147804260254,7.501630783081055,5.738454818725586
106,ppo_gmm,gaussian,physical,2,False,0.0,2.6545329093933105,3.430384397506714,3.3449137210845947,5.702354431152344
106,ppo_gmm,gaussian,physical,3,True,0.25,6.894733428955078,3.3666634559631348,3.0189433097839355,5.639737606048584
106,ppo_gmm,gaussian,physical,4,False,0.0,8.372243881225586,3.426696300506592,11.97101879119873,5.743864059448242
106,ppo_gmm,gaussian,physical,5,True,0.25,10.204569816589355,3.4043025970458984,4.100644588470459,5.650146484375
106,ppo_gmm,gaussian,physical,6,False,0.0,6.206274032592773,3.387011766433716,10.503533363342285,5.752316474914551
106,ppo_gmm,gaussian,physical,7,False,0.0,6.372358322143555,3.3859872817993164,13.262166023254395,5.752758979797363
107,ppo_gmm,gaussian,physical,0,True,0.25,5.592494010925293,3.403371810913086,5.10878324508667,5.705606937408447
107,ppo_gmm,gaussian,physical,1,True,0.25,10.046192169189453,3.4061617851257324,7.501034259796143,5.738377571105957
107,ppo_gmm,gaussian,physical,2,False,0.0,2.6545329093933105,3.430384397506714,3.3449137210845947,5.702354431152344
107,ppo_gmm,gaussian,physical,3,True,0.25,6.8953728675842285,3.3651654720306396,3.0181922912597656,5.640630722045898
107,ppo_gmm,gaussian,physical,4,False,0.0,8.372243881225586,3.426696300506592,11.97101879119873,5.743864059448242
107,ppo_gmm,gaussian,physical,5,True,0.25,10.203949928283691,3.403358221054077,4.100078582763672,5.646200180053711
107,ppo_gmm,gaussian,physical,6,False,0.0,6.206274032592773,3.387011766433716,10.503533363342285,5.752316474914551
107,ppo_gmm,gaussian,physical,7,False,0.0,6.372358322143555,3.3859872817993164,13.262166023254395,5.752758979797363
108,ppo_gmm,gaussian,physical,0,True,0.25,5.5931806564331055,3.401264190673828,5.108133316040039,5.704372406005859
108,ppo_gmm,gaussian,physical,1,True,0.25,10.04600715637207,3.4057517051696777,7.500401496887207,5.737858772277832
108,ppo_gmm,gaussian,physical,2,False,0.0,2.6545329093933105,3.430384397506714,3.3449137210845947,5.702354431152344
108,ppo_gmm,gaussian,physical,3,True,0.25,6.8959760665893555,3.363811731338501,3.017456531524658,5.640407085418701
108,ppo_gmm,gaussian,physical,4,False,0.0,8.372243881225586,3.426696300506592,11.97101879119873,5.743864059448242
108,ppo_gmm,gaussian,physical,5,True,0.25,10.203306198120117,3.4022512435913086,4.099522113800049,5.642107963562012
108,ppo_gmm,gaussian,physical,6,False,0.0,6.206274032592773,3.387011766433716,10.503533363342285,5.752316474914551
108,ppo_gmm,gaussian,physical,7,False,0.0,6.372358322143555,3.3859872817993164,13.262166023254395,5.752758979797363
109,ppo_gmm,gaussian,physical,0,True,0.25,5.593819618225098,3.399446964263916,5.107480525970459,5.703732490539551
109,ppo_gmm,gaussian,physical,1,True,0.25,10.046040534973145,3.4044299125671387,7.4997239112854,5.736075401306152
109,ppo_gmm,gaussian,physical,2,False,0.0,2.6545329093933105,3.430384397506714,3.3449137210845947,5.702354431152344
109,ppo_gmm,gaussian,physical,3,True,0.25,6.896586894989014,3.3624730110168457,3.016752243041992,5.640201568603516
109,ppo_gmm,gaussian,physical,4,False,0.0,8.372243881225586,3.426696300506592,11.97101879119873,5.743864059448242
109,ppo_gmm,gaussian,physical,5,True,0.25,10.202707290649414,3.4014828205108643,4.099013805389404,5.638206958770752
109,ppo_gmm,gaussian,physical,6,False,0.0,6.206274032592773,3.387011766433716,10.503533363342285,5.752316474914551
109,ppo_gmm,gaussian,physical,7,False,0.0,6.372358322143555,3.3859872817993164,13.262166023254395,5.752758979797363
110,ppo_gmm,gaussian,physical,0,True,0.25,5.594484329223633,3.3973817825317383,5.106837749481201,5.702658653259277
110,ppo_gmm,gaussian,physical,1,True,0.25,10.04609489440918,3.4030604362487793,7.499125003814697,5.7344512939453125
110,ppo_gmm,gaussian,physical,2,False,0.0,2.6545329093933105,3.430384397506714,3.3449137210845947,5.702354431152344
110,ppo_gmm,gaussian,physical,3,True,0.25,6.89720344543457,3.361175537109375,3.0160765647888184,5.639934539794922
110,ppo_gmm,gaussian,physical,4,False,0.0,8.372243881225586,3.426696300506592,11.97101879119873,5.743864059448242
110,ppo_gmm,gaussian,physical,5,True,0.25,10.20219612121582,3.4007680416107178,4.098534107208252,5.634571075439453
110,ppo_gmm,gaussian,physical,6,False,0.0,6.206274032592773,3.387011766433716,10.503533363342285,5.752316474914551
110,ppo_gmm,gaussian,physical,7,False,0.0,6.372358322143555,3.3859872817993164,13.262166023254395,5.752758979797363
111,ppo_gmm,gaussian,physical,0,True,0.25,5.595174312591553,3.3953022956848145,5.106159210205078,5.701648712158203
111,ppo_gmm,gaussian,physical,1,True,0.25,10.046026229858398,3.4019711017608643,7.498610973358154,5.732849597930908
111,ppo_gmm,gaussian,physical,2,False,0.0,2.6545329093933105,3.430384397506714,3.3449137210845947,5.702354431152344
111,ppo_gmm,gaussian,physical,3,True,0.25,6.897836685180664,3.3598217964172363,3.0153727531433105,5.638343334197998
111,ppo_gmm,gaussian,physical,4,False,0.0,8.372243881225586,3.426696300506592,11.97101879119873,5.743864059448242
111,ppo_gmm,gaussian,physical,5,True,0.25,10.201728820800781,3.4001834392547607,4.098019599914551,5.630833148956299
111,ppo_gmm,gaussian,physical,6,False,0.0,6.206274032592773,3.387011766433716,10.503533363342285,5.752316474914551
111,ppo_gmm,gaussian,physical,7,False,0.0,6.372358322143555,3.3859872817993164,13.262166023254395,5.752758979797363
112,ppo_gmm,gaussian,physical,0,True,0.25,5.5957932472229,3.393305778503418,5.105461597442627,5.699946403503418
112,ppo_gmm,gaussian,physical,1,True,0.25,10.045903205871582,3.400840997695923,7.498119354248047,5.731353759765625
112,ppo_gmm,gaussian,physical,2,False,0.0,2.6545329093933105,3.430384397506714,3.3449137210845947,5.702354431152344
112,ppo_gmm,gaussian,physical,3,True,0.25,6.898367881774902,3.3584675788879395,3.0146734714508057,5.636390686035156
112,ppo_gmm,gaussian,physical,4,False,0.0,8.372243881225586,3.426696300506592,11.97101879119873,5.743864059448242
112,ppo_gmm,gaussian,physical,5,True,0.25,10.201216697692871,3.399592399597168,4.097453594207764,5.627610683441162
112,ppo_gmm,gaussian,physical,6,False,0.0,6.206274032592773,3.387011766433716,10.503533363342285,5.752316474914551
112,ppo_gmm,gaussian,physical,7,False,0.0,6.372358322143555,3.3859872817993164,13.262166023254395,5.752758979797363
113,ppo_gmm,gaussian,physical,0,True,0.25,5.5962748527526855,3.391491174697876,5.10473108291626,5.69779109954834
113,ppo_gmm,gaussian,physical,1,True,0.25,10.045737266540527,3.3999316692352295,7.497591972351074,5.73038387298584
113,ppo_gmm,gaussian,physical,2,False,0.0,2.6545329093933105,3.430384397506714,3.3449137210845947,5.702354431152344
113,ppo_gmm,gaussian,physical,3,True,0.25,6.89878511428833,3.357166290283203,3.0139715671539307,5.634836673736572
113,ppo_gmm,gaussian,physical,4,False,0.0,8.372243881225586,3.426696300506592,11.97101879119873,5.743864059448242
113,ppo_gmm,gaussian,physical,5,True,0.25,10.200760841369629,3.399167537689209,4.096902847290039,5.6243205070495605
113,ppo_gmm,gaussian,physical,6,False,0.0,6.206274032592773,3.387011766433716,10.503533363342285,5.752316474914551
113,ppo_gmm,gaussian,physical,7,False,0.0,6.372358322143555,3.3859872817993164,13.262166023254395,5.752758979797363
114,ppo_gmm,gaussian,physical,0,True,0.25,5.59682559967041,3.3894894123077393,5.104063510894775,5.696043968200684
114,ppo_gmm,gaussian,physical,1,True,0.25,10.045563697814941,3.3988161087036133,7.497003078460693,5.730723857879639
114,ppo_gmm,gaussian,physical,2,False,0.0,2.6545329093933105,3.430384397506714,3.3449137210845947,5.702354431152344
114,ppo_gmm,gaussian,physical,3,True,0.25,6.899292469024658,3.3556761741638184,3.0133256912231445,5.633335590362549
114,ppo_gmm,gaussian,physical,4,False,0.0,8.372243881225586,3.426696300506592,11.97101879119873,5.743864059448242
114,ppo_gmm,gaussian,physical,5,True,0.25,10.200337409973145,3.3989741802215576,4.096309185028076,5.620748043060303
114,ppo_gmm,gaussian,physical,6,False,0.0,6.206274032592773,3.387011766433716,10.503533363342285,5.752316474914551
114,ppo_gmm,gaussian,physical,7,False,0.0,6.372358322143555,3.3859872817993164,13.262166023254395,5.752758979797363
115,ppo_gmm,gaussian,physical,0,True,0.25,5.597375869750977,3.38765811920166,5.103415012359619,5.694300174713135
115,ppo_gmm,gaussian,physical,1,True,0.25,10.045372009277344,3.3978536128997803,7.496440887451172,5.730772972106934
115,ppo_gmm,gaussian,physical,2,False,0.0,2.6545329093933105,3.430384397506714,3.3449137210845947,5.702354431152344
115,ppo_gmm,gaussian,physical,3,True,0.25,6.899880409240723,3.353902578353882,3.0126707553863525,5.631054878234863
115,ppo_gmm,gaussian,physical,4,False,0.0,8.372243881225586,3.426696300506592,11.97101879119873,5.743864059448242
115,ppo_gmm,gaussian,physical,5,True,0.25,10.199906349182129,3.398341178894043,4.095707893371582,5.6174421310424805
115,ppo_gmm,gaussian,physical,6,False,0.0,6.206274032592773,3.387011766433716,10.503533363342285,5.752316474914551
115,ppo_gmm,gaussian,physical,7,False,0.0,6.372358322143555,3.3859872817993164,13.262166023254395,5.752758979797363
116,ppo_gmm,gaussian,physical,0,True,0.25,5.597931385040283,3.3859035968780518,5.102865219116211,5.6924614906311035
116,ppo_gmm,gaussian,physical,1,True,0.25,10.04511833190918,3.3965818881988525,7.49588680267334,5.730801582336426
116,ppo_gmm,gaussian,physical,2,False,0.0,2.6545329093933105,3.430384397506714,3.3449137210845947,5.702354431152344
116,ppo_gmm,gaussian,physical,3,True,0.25,6.900501251220703,3.351870536804199,3.0120038986206055,5.628930568695068
116,ppo_gmm,gaussian,physical,4,False,0.0,8.372243881225586,3.426696300506592,11.97101879119873,5.743864059448242
116,ppo_gmm,gaussian,physical,5,True,0.25,10.199430465698242,3.3977465629577637,4.095094203948975,5.614289283752441
116,ppo_gmm,gaussian,physical,6,False,0.0,6.206274032592773,3.387011766433716,10.503533363342285,5.752316474914551
116,ppo_gmm,gaussian,physical,7,False,0.0,6.372358322143555,3.3859872817993164,13.262166023254395,5.752758979797363
117,ppo_gmm,gaussian,physical,0,True,0.25,5.598416805267334,3.38413667678833,5.102304935455322,5.690950393676758
117,ppo_gmm,gaussian,physical,1,True,0.25,10.044832229614258,3.3953986167907715,7.495262622833252,5.730323791503906
117,ppo_gmm,gaussian,physical,2,False,0.0,2.6545329093933105,3.430384397506714,3.3449137210845947,5.702354431152344
117,ppo_gmm,gaussian,physical,3,True,0.25,6.900954246520996,3.349843740463257,3.0112991333007812,5.626255035400391
117,ppo_gmm,gaussian,physical,4,False,0.0,8.372243881225586,3.426696300506592,11.97101879119873,5.743864059448242
117,ppo_gmm,gaussian,physical,5,True,0.25,10.19897174835205,3.397270679473877,4.094509124755859,5.611204147338867
117,ppo_gmm,gaussian,physical,6,False,0.0,6.206274032592773,3.387011766433716,10.503533363342285,5.752316474914551
117,ppo_gmm,gaussian,physical,7,False,0.0,6.372358322143555,3.3859872817993164,13.262166023254395,5.752758979797363
118,ppo_gmm,gaussian,physical,0,True,0.25,5.5989274978637695,3.3824644088745117,5.101734638214111,5.689563751220703
118,ppo_gmm,gaussian,physical,1,True,0.25,10.044564247131348,3.3946032524108887,7.494592189788818,5.728831768035889
118,ppo_gmm,gaussian,physical,2,False,0.0,2.6545329093933105,3.430384397506714,3.3449137210845947,5.702354431152344
118,ppo_gmm,gaussian,physical,3,True,0.25,6.901354789733887,3.347850799560547,3.0105905532836914,5.62363338470459
118,ppo_gmm,gaussian,physical,4,False,0.0,8.372243881225586,3.426696300506592,11.97101879119873,5.743864059448242
118,ppo_gmm,gaussian,physical,5,True,0.25,10.198497772216797,3.3967411518096924,4.0939154624938965,5.608306884765625
118,ppo_gmm,gaussian,physical,6,False,0.0,6.206274032592773,3.387011766433716,10.503533363342285,5.752316474914551
118,ppo_gmm,gaussian,physical,7,False,0.0,6.372358322143555,3.3859872817993164,13.262166023254395,5.752758979797363
119,ppo_gmm,gaussian,physical,0,True,0.25,5.599286079406738,3.380709171295166,5.101109981536865,5.688377380371094
119,ppo_gmm,gaussian,physical,1,True,0.25,10.044268608093262,3.3934566974639893,7.493983268737793,5.728041648864746
119,ppo_gmm,gaussian,physical,2,False,0.0,2.6545329093933105,3.430384397506714,3.3449137210845947,5.702354431152344
119,ppo_gmm,gaussian,physical,3,True,0.25,6.901743412017822,3.3458287715911865,3.0098650455474854,5.621469497680664
119,ppo_gmm,gaussian,physical,4,False,0.0,8.372243881225586,3.426696300506592,11.97101879119873,5.743864059448242
119,ppo_gmm,gaussian,physical,5,True,0.25,10.198189735412598,3.3955864906311035,4.093430519104004,5.60540771484375
119,ppo_gmm,gaussian,physical,6,False,0.0,6.206274032592773,3.387011766433716,10.503533363342285,5.752316474914551
119,ppo_gmm,gaussian,physical,7,False,0.0,6.372358322143555,3.3859872817993164,13.262166023254395,5.752758979797363
120,ppo_gmm,gaussian,physical,0,True,0.25,5.599668979644775,3.3791165351867676,5.100488662719727,5.687623023986816
120,ppo_gmm,gaussian,physical,1,True,0.25,10.044151306152344,3.3923025131225586,7.4933695793151855,5.727614402770996
120,ppo_gmm,gaussian,physical,2,False,0.0,2.6545329093933105,3.430384397506714,3.3449137210845947,5.702354431152344
120,ppo_gmm,gaussian,physical,3,True,0.25,6.902109622955322,3.343904972076416,3.009209156036377,5.6193389892578125
120,ppo_gmm,gaussian,physical,4,False,0.0,8.372243881225586,3.426696300506592,11.97101879119873,5.743864059448242
120,ppo_gmm,gaussian,physical,5,True,0.25,10.19784164428711,3.3944661617279053,4.092883586883545,5.6022138595581055
120,ppo_gmm,gaussian,physical,6,False,0.0,6.206274032592773,3.387011766433716,10.503533363342285,5.752316474914551
120,ppo_gmm,gaussian,physical,7,False,0.0,6.372358322143555,3.3859872817993164,13.262166023254395,5.752758979797363
121,ppo_gmm,gaussian,physical,0,True,0.25,5.600125312805176,3.377469301223755,5.099923133850098,5.687193393707275
121,ppo_gmm,gaussian,physical,1,True,0.25,10.04391860961914,3.3912477493286133,7.492744445800781,5.727587699890137
121,ppo_gmm,gaussian,physical,2,False,0.0,2.6545329093933105,3.430384397506714,3.3449137210845947,5.702354431152344
121,ppo_gmm,gaussian,physical,3,True,0.25,6.902548789978027,3.3420867919921875,3.0085411071777344,5.616909980773926
121,ppo_gmm,gaussian,physical,4,False,0.0,8.372243881225586,3.426696300506592,11.97101879119873,5.743864059448242
121,ppo_gmm,gaussian,physical,5,True,0.25,10.197465896606445,3.393587112426758,4.0923309326171875,5.598865509033203
121,ppo_gmm,gaussian,physical,6,False,0.0,6.206274032592773,3.387011766433716,10.503533363342285,5.752316474914551
121,ppo_gmm,gaussian,physical,7,False,0.0,6.372358322143555,3.3859872817993164,13.262166023254395,5.752758979797363
122,ppo_gmm,gaussian,physical,0,True,0.25,5.600560188293457,3.375680923461914,5.099394798278809,5.686949729919434
122,ppo_gmm,gaussian,physical,1,True,0.25,10.043900489807129,3.390265941619873,7.492080211639404,5.727473258972168
122,ppo_gmm,gaussian,physical,2,False,0.0,2.6545329093933105,3.430384397506714,3.3449137210845947,5.702354431152344
122,ppo_gmm,gaussian,physical,3,True,0.25,6.9029388427734375,3.3403053283691406,3.007964611053467,5.614639759063721
122,ppo_gmm,gaussian,physical,4,False,0.0,8.372243881225586,3.426696300506592,11.97101879119873,5.743864059448242
122,ppo_gmm,gaussian,physical,5,True,0.25,10.19706916809082,3.3923556804656982,4.091733932495117,5.596120357513428
122,ppo_gmm,gaussian,physical,6,False,0.0,6.206274032592773,3.387011766433716,10.503533363342285,5.752316474914551
122,ppo_gmm,gaussian,physical,7,False,0.0,6.372358322143555,3.3859872817993164,13.262166023254395,5.752758979797363
123,ppo_gmm,gaussian,physical,0,True,0.25,5.6009087562561035,3.3739562034606934,5.098885536193848,5.686546325683594
123,ppo_gmm,gaussian,physical,1,True,0.25,10.043757438659668,3.3888630867004395,7.491412162780762,5.727630138397217
123,ppo_gmm,gaussian,physical,2,False,0.0,2.6545329093933105,3.430384397506714,3.3449137210845947,5.702354431152344
123,ppo_gmm,gaussian,physical,3,True,0.25,6.903280258178711,3.338536500930786,3.0074045658111572,5.612415313720703
123,ppo_gmm,gaussian,physical,4,False,0.0,8.372243881225586,3.426696300506592,11.97101879119873,5.743864059448242
123,ppo_gmm,gaussian,physical,5,True,0.25,10.196614265441895,3.3909730911254883,4.091213703155518,5.593333721160889
123,ppo_gmm,gaussian,physical,6,False,0.0,6.206274032592773,3.387011766433716,10.503533363342285,5.752316474914551
123,ppo_gmm,gaussian,physical,7,False,0.0,6.372358322143555,3.3859872817993164,13.262166023254395,5.752758979797363
124,ppo_gmm,gaussian,physical,0,True,0.25,5.6012678146362305,3.372417449951172,5.098422050476074,5.686492919921875
124,ppo_gmm,gaussian,physical,1,True,0.25,10.043490409851074,3.387190580368042,7.4907965660095215,5.727449417114258
124,ppo_gmm,gaussian,physical,2,False,0.0,2.6545329093933105,3.430384397506714,3.3449137210845947,5.702354431152344
124,ppo_gmm,gaussian,physical,3,True,0.25,6.903692722320557,3.3365015983581543,3.0067851543426514,5.610744476318359
124,ppo_gmm,gaussian,physical,4,False,0.0,8.372243881225586,3.426696300506592,11.97101879119873,5.743864059448242
124,ppo_gmm,gaussian,physical,5,True,0.25,10.19623851776123,3.3897953033447266,4.0907392501831055,5.590518951416016
124,ppo_gmm,gaussian,physical,6,False,0.0,6.206274032592773,3.387011766433716,10.503533363342285,5.752316474914551
124,ppo_gmm,gaussian,physical,7,False,0.0,6.372358322143555,3.3859872817993164,13.262166023254395,5.752758979797363
125,ppo_gmm,gaussian,physical,0,True,0.25,5.6016845703125,3.370666980743408,5.0979180335998535,5.686365127563477
125,ppo_gmm,gaussian,physical,1,True,0.25,10.04321575164795,3.3856287002563477,7.490162372589111,5.7277421951293945
125,ppo_gmm,gaussian,physical,2,False,0.0,2.6545329093933105,3.430384397506714,3.3449137210845947,5.702354431152344
125,ppo_gmm,gaussian,physical,3,True,0.25,6.904079437255859,3.3345818519592285,3.006220817565918,5.6090545654296875
125,ppo_gmm,gaussian,physical,4,False,0.0,8.372243881225586,3.426696300506592,11.97101879119873,5.743864059448242
125,ppo_gmm,gaussian,physical,5,True,0.25,10.195772171020508,3.3888182640075684,4.090224742889404,5.587460517883301
125,ppo_gmm,gaussian,physical,6,False,0.0,6.206274032592773,3.387011766433716,10.503533363342285,5.752316474914551
125,ppo_gmm,gaussian,physical,7,False,0.0,6.372358322143555,3.3859872817993164,13.262166023254395,5.752758979797363
126,ppo_gmm,gaussian,physical,0,True,0.25,5.60215425491333,3.3690059185028076,5.097378253936768,5.686070442199707
126,ppo_gmm,gaussian,physical,1,True,0.25,10.042939186096191,3.384312629699707,7.489531517028809,5.727519989013672
126,ppo_gmm,gaussian,physical,2,False,0.0,2.6545329093933105,3.430384397506714,3.3449137210845947,5.702354431152344
126,ppo_gmm,gaussian,physical,3,True,0.25,6.90419340133667,3.3324828147888184,3.0055925846099854,5.607241630554199
126,ppo_gmm,gaussian,physical,4,False,0.0,8.372243881225586,3.426696300506592,11.97101879119873,5.743864059448242
126,ppo_gmm,gaussian,physical,5,True,0.25,10.195273399353027,3.3878040313720703,4.089685440063477,5.584983825683594
126,ppo_gmm,gaussian,physical,6,False,0.0,6.206274032592773,3.387011766433716,10.503533363342285,5.752316474914551
126,ppo_gmm,gaussian,physical,7,False,0.0,6.372358322143555,3.3859872817993164,13.262166023254395,5.752758979797363
127,ppo_gmm,gaussian,physical,0,True,0.25,5.602657794952393,3.367074966430664,5.096785545349121,5.686654090881348
127,ppo_gmm,gaussian,physical,1,True,0.25,10.042656898498535,3.383021831512451,7.488924980163574,5.727980613708496
127,ppo_gmm,gaussian,physical,2,False,0.0,2.6545329093933105,3.430384397506714,3.3449137210845947,5.702354431152344
127,ppo_gmm,gaussian,physical,3,True,0.25,6.904354572296143,3.330683946609497,3.0049891471862793,5.605535507202148
127,ppo_gmm,gaussian,physical,4,False,0.0,8.372243881225586,3.426696300506592,11.97101879119873,5.743864059448242
127,ppo_gmm,gaussian,physical,5,True,0.25,10.194828987121582,3.3868305683135986,4.089157581329346,5.5825066566467285
127,ppo_gmm,gaussian,physical,6,False,0.0,6.206274032592773,3.387011766433716,10.503533363342285,5.752316474914551
127,ppo_gmm,gaussian,physical,7,False,0.0,6.372358322143555,3.3859872817993164,13.262166023254395,5.752758979797363
128,ppo_gmm,gaussian,physical,0,True,0.25,5.603161811828613,3.36517596244812,5.096231460571289,5.687500476837158
128,ppo_gmm,gaussian,physical,1,True,0.25,10.042428970336914,3.381791830062866,7.488363265991211,5.728044509887695
128,ppo_gmm,gaussian,physical,2,False,0.0,2.6545329093933105,3.430384397506714,3.3449137210845947,5.702354431152344
128,ppo_gmm,gaussian,physical,3,True,0.25,6.904489040374756,3.328939914703369,3.004379987716675,5.604748725891113
128,ppo_gmm,gaussian,physical,4,False,0.0,8.372243881225586,3.426696300506592,11.97101879119873,5.743864059448242
128,ppo_gmm,gaussian,physical,5,True,0.25,10.194320678710938,3.3865461349487305,4.088613033294678,5.5799689292907715
128,ppo_gmm,gaussian,physical,6,False,0.0,6.206274032592773,3.387011766433716,10.503533363342285,5.752316474914551
128,ppo_gmm,gaussian,physical,7,False,0.0,6.372358322143555,3.3859872817993164,13.262166023254395,5.752758979797363
129,ppo_gmm,gaussian,physical,0,True,0.25,5.603745460510254,3.3630459308624268,5.095670223236084,5.688307285308838
129,ppo_gmm,gaussian,physical,1,True,0.25,10.042152404785156,3.3806371688842773,7.487805366516113,5.727756500244141
129,ppo_gmm,gaussian,physical,2,False,0.0,2.6545329093933105,3.430384397506714,3.3449137210845947,5.702354431152344
129,ppo_gmm,gaussian,physical,3,True,0.25,6.904670715332031,3.3270740509033203,3.003816843032837,5.603858947753906
129,ppo_gmm,gaussian,physical,4,False,0.0,8.372243881225586,3.426696300506592,11.97101879119873,5.743864059448242
129,ppo_gmm,gaussian,physical,5,True,0.25,10.193904876708984,3.3863186836242676,4.0880913734436035,5.577475070953369
129,ppo_gmm,gaussian,physical,6,False,0.0,6.206274032592773,3.387011766433716,10.503533363342285,5.752316474914551
129,ppo_gmm,gaussian,physical,7,False,0.0,6.372358322143555,3.3859872817993164,13.262166023254395,5.752758979797363
130,ppo_gmm,gaussian,physical,0,True,0.25,5.604299068450928,3.361086845397949,5.095107078552246,5.689630508422852
130,ppo_gmm,gaussian,physical,1,True,0.25,10.041787147521973,3.3797764778137207,7.487174987792969,5.726423263549805
130,ppo_gmm,gaussian,physical,2,False,0.0,2.6545329093933105,3.430384397506714,3.3449137210845947,5.702354431152344
130,ppo_gmm,gaussian,physical,3,True,0.25,6.90484094619751,3.325338363647461,3.003345489501953,5.60308837890625
130,ppo_gmm,gaussian,physical,4,False,0.0,8.372243881225586,3.426696300506592,11.97101879119873,5.743864059448242
130,ppo_gmm,gaussian,physical,5,True,0.25,10.193450927734375,3.3856472969055176,4.087564468383789,5.575159549713135
130,ppo_gmm,gaussian,physical,6,False,0.0,6.206274032592773,3.387011766433716,10.503533363342285,5.752316474914551
130,ppo_gmm,gaussian,physical,7,False,0.0,6.372358322143555,3.3859872817993164,13.262166023254395,5.752758979797363
131,ppo_gmm,gaussian,physical,0,True,0.25,5.6049017906188965,3.359206199645996,5.0944976806640625,5.689592361450195
131,ppo_gmm,gaussian,physical,1,True,0.25,10.041380882263184,3.3792309761047363,7.486558437347412,5.724971294403076
131,ppo_gmm,gaussian,physical,2,False,0.0,2.6545329093933105,3.430384397506714,3.3449137210845947,5.702354431152344
131,ppo_gmm,gaussian,physical,3,True,0.25,6.905183792114258,3.3233680725097656,3.002810001373291,5.602535247802734
131,ppo_gmm,gaussian,physical,4,False,0.0,8.372243881225586,3.426696300506592,11.97101879119873,5.743864059448242
131,ppo_gmm,gaussian,physical,5,True,0.25,10.193005561828613,3.3850574493408203,4.087057590484619,5.572947025299072
131,ppo_gmm,gaussian,physical,6,False,0.0,6.206274032592773,3.387011766433716,10.503533363342285,5.752316474914551
131,ppo_gmm,gaussian,physical,7,False,0.0,6.372358322143555,3.3859872817993164,13.262166023254395,5.752758979797363
132,ppo_gmm,gaussian,physical,0,True,0.25,5.605470180511475,3.3573858737945557,5.09388542175293,5.6891984939575195
132,ppo_gmm,gaussian,physical,1,True,0.25,10.040942192077637,3.3783621788024902,7.485898971557617,5.723557472229004
132,ppo_gmm,gaussian,physical,2,False,0.0,2.6545329093933105,3.430384397506714,3.3449137210845947,5.702354431152344
132,ppo_gmm,gaussian,physical,3,True,0.25,6.905594825744629,3.321584939956665,3.0022737979888916,5.601625442504883
132,ppo_gmm,gaussian,physical,4,False,0.0,8.372243881225586,3.426696300506592,11.97101879119873,5.743864059448242
132,ppo_gmm,gaussian,physical,5,True,0.25,10.192588806152344,3.384580373764038,4.086527347564697,5.5704498291015625
132,ppo_gmm,gaussian,physical,6,False,0.0,6.206274032592773,3.387011766433716,10.503533363342285,5.752316474914551
132,ppo_gmm,gaussian,physical,7,False,0.0,6.372358322143555,3.3859872817993164,13.262166023254395,5.752758979797363
133,ppo_gmm,gaussian,physical,0,True,0.25,5.606017589569092,3.3558311462402344,5.093301773071289,5.688708782196045
133,ppo_gmm,gaussian,physical,1,True,0.25,10.040650367736816,3.3775458335876465,7.485276699066162,5.722399711608887
133,ppo_gmm,gaussian,physical,2,False,0.0,2.6545329093933105,3.430384397506714,3.3449137210845947,5.702354431152344
133,ppo_gmm,gaussian,physical,3,True,0.25,6.905953884124756,3.319735050201416,3.00177001953125,5.600265979766846
133,ppo_gmm,gaussian,physical,4,False,0.0,8.372243881225586,3.426696300506592,11.97101879119873,5.743864059448242
133,ppo_gmm,gaussian,physical,5,True,0.25,10.192254066467285,3.3838601112365723,4.085968494415283,5.567241668701172
133,ppo_gmm,gaussian,physical,6,False,0.0,6.206274032592773,3.387011766433716,10.503533363342285,5.752316474914551
133,ppo_gmm,gaussian,physical,7,False,0.0,6.372358322143555,3.3859872817993164,13.262166023254395,5.752758979797363
134,ppo_gmm,gaussian,physical,0,True,0.25,5.606593132019043,3.354315996170044,5.0927348136901855,5.688776969909668
134,ppo_gmm,gaussian,physical,1,True,0.25,10.040315628051758,3.3765578269958496,7.484603404998779,5.720456123352051
134,ppo_gmm,gaussian,physical,2,False,0.0,2.6545329093933105,3.430384397506714,3.3449137210845947,5.702354431152344
134,ppo_gmm,gaussian,physical,3,True,0.25,6.906294822692871,3.3179869651794434,3.001235008239746,5.598258972167969
134,ppo_gmm,gaussian,physical,4,False,0.0,8.372243881225586,3.426696300506592,11.97101879119873,5.743864059448242
134,ppo_gmm,gaussian,physical,5,True,0.25,10.191868782043457,3.3829054832458496,4.085385799407959,5.564385414123535
134,ppo_gmm,gaussian,physical,6,False,0.0,6.206274032592773,3.387011766433716,10.503533363342285,5.752316474914551
134,ppo_gmm,gaussian,physical,7,False,0.0,6.372358322143555,3.3859872817993164,13.262166023254395,5.752758979797363
135,ppo_gmm,gaussian,physical,0,True,0.25,5.607241153717041,3.3524718284606934,5.09220552444458,5.689082622528076
135,ppo_gmm,gaussian,physical,1,True,0.25,10.040033340454102,3.3756937980651855,7.483971118927002,5.718791961669922
135,ppo_gmm,gaussian,physical,2,False,0.0,2.6545329093933105,3.430384397506714,3.3449137210845947,5.702354431152344
135,ppo_gmm,gaussian,physical,3,True,0.25,6.906584739685059,3.316380500793457,3.000730037689209,5.5964202880859375
135,ppo_gmm,gaussian,physical,4,False,0.0,8.372243881225586,3.426696300506592,11.97101879119873,5.743864059448242
135,ppo_gmm,gaussian,physical,5,True,0.25,10.191545486450195,3.3820736408233643,4.084808349609375,5.561610698699951
135,ppo_gmm,gaussian,physical,6,False,0.0,6.206274032592773,3.387011766433716,10.503533363342285,5.752316474914551
135,ppo_gmm,gaussian,physical,7,False,0.0,6.372358322143555,3.3859872817993164,13.262166023254395,5.752758979797363
136,ppo_gmm,gaussian,physical,0,True,0.25,5.607844352722168,3.3507142066955566,5.091683864593506,5.689322471618652
136,ppo_gmm,gaussian,physical,1,True,0.25,10.039884567260742,3.3749804496765137,7.483283519744873,5.717587471008301
136,ppo_gmm,gaussian,physical,2,False,0.0,2.6545329093933105,3.430384397506714,3.3449137210845947,5.702354431152344
136,ppo_gmm,gaussian,physical,3,True,0.25,6.906927108764648,3.31466007232666,3.0002331733703613,5.595013618469238
136,ppo_gmm,gaussian,physical,4,False,0.0,8.372243881225586,3.426696300506592,11.97101879119873,5.743864059448242
136,ppo_gmm,gaussian,physical,5,True,0.25,10.19114875793457,3.3813955783843994,4.084157943725586,5.558507919311523
136,ppo_gmm,gaussian,physical,6,False,0.0,6.206274032592773,3.387011766433716,10.503533363342285,5.752316474914551
136,ppo_gmm,gaussian,physical,7,False,0.0,6.372358322143555,3.3859872817993164,13.262166023254395,5.752758979797363
137,ppo_gmm,gaussian,physical,0,True,0.25,5.608453750610352,3.348912477493286,5.091196537017822,5.689430236816406
137,ppo_gmm,gaussian,physical,1,True,0.25,10.039714813232422,3.374356985092163,7.482600212097168,5.716686248779297
137,ppo_gmm,gaussian,physical,2,False,0.0,2.6545329093933105,3.430384397506714,3.3449137210845947,5.702354431152344
137,ppo_gmm,gaussian,physical,3,True,0.25,6.907254695892334,3.3128647804260254,2.999756336212158,5.593313217163086
137,ppo_gmm,gaussian,physical,4,False,0.0,8.372243881225586,3.426696300506592,11.97101879119873,5.743864059448242
137,ppo_gmm,gaussian,physical,5,True,0.25,10.190763473510742,3.38063383102417,4.083532810211182,5.55568265914917
137,ppo_gmm,gaussian,physical,6,False,0.0,6.206274032592773,3.387011766433716,10.503533363342285,5.752316474914551
137,ppo_gmm,gaussian,physical,7,False,0.0,6.372358322143555,3.3859872817993164,13.262166023254395,5.752758979797363
138,ppo_gmm,gaussian,physical,0,True,0.25,5.609150409698486,3.3468804359436035,5.090642929077148,5.689908981323242
138,ppo_gmm,gaussian,physical,1,True,0.25,10.039578437805176,3.373772144317627,7.481966018676758,5.7159528732299805
138,ppo_gmm,gaussian,physical,2,False,0.0,2.6545329093933105,3.430384397506714,3.3449137210845947,5.702354431152344
138,ppo_gmm,gaussian,physical,3,True,0.25,6.907536029815674,3.311124324798584,2.9993436336517334,5.59193229675293
138,ppo_gmm,gaussian,physical,4,False,0.0,8.372243881225586,3.426696300506592,11.97101879119873,5.743864059448242
138,ppo_gmm,gaussian,physical,5,True,0.25,10.190417289733887,3.379643440246582,4.082923889160156,5.552824974060059
138,ppo_gmm,gaussian,physical,6,False,0.0,6.206274032592773,3.387011766433716,10.503533363342285,5.752316474914551
138,ppo_gmm,gaussian,physical,7,False,0.0,6.372358322143555,3.3859872817993164,13.262166023254395,5.752758979797363
139,ppo_gmm,gaussian,physical,0,True,0.25,5.60983419418335,3.3449127674102783,5.090109348297119,5.689863204956055
139,ppo_gmm,gaussian,physical,1,True,0.25,10.039417266845703,3.3730220794677734,7.481349468231201,5.715132713317871
139,ppo_gmm,gaussian,physical,2,False,0.0,2.6545329093933105,3.430384397506714,3.3449137210845947,5.702354431152344
139,ppo_gmm,gaussian,physical,3,True,0.25,6.907771587371826,3.3094980716705322,2.998952627182007,5.590539932250977
139,ppo_gmm,gaussian,physical,4,False,0.0,8.372243881225586,3.426696300506592,11.97101879119873,5.743864059448242
139,ppo_gmm,gaussian,physical,5,True,0.25,10.190018653869629,3.378533363342285,4.082305431365967,5.550199031829834
139,ppo_gmm,gaussian,physical,6,False,0.0,6.206274032592773,3.387011766433716,10.503533363342285,5.752316474914551
139,ppo_gmm,gaussian,physical,7,False,0.0,6.372358322143555,3.3859872817993164,13.262166023254395,5.752758979797363
140,ppo_gmm,gaussian,physical,0,True,0.25,5.61044454574585,3.342970371246338,5.089560508728027,5.689882278442383
140,ppo_gmm,gaussian,physical,1,True,0.25,10.0393648147583,3.37227463722229,7.480787754058838,5.714664936065674
140,ppo_gmm,gaussian,physical,2,False,0.0,2.6545329093933105,3.430384397506714,3.3449137210845947,5.702354431152344
140,ppo_gmm,gaussian,physical,3,True,0.25,6.908078670501709,3.307796001434326,2.9985344409942627,5.589574813842773
140,ppo_gmm,gaussian,physical,4,False,0.0,8.372243881225586,3.426696300506592,11.97101879119873,5.743864059448242
140,ppo_gmm,gaussian,physical,5,True,0.25,10.189667701721191,3.377786159515381,4.0816755294799805,5.5479302406311035
140,ppo_gmm,gaussian,physical,6,False,0.0,6.206274032592773,3.387011766433716,10.503533363342285,5.752316474914551
140,ppo_gmm,gaussian,physical,7,False,0.0,6.372358322143555,3.3859872817993164,13.262166023254395,5.752758979797363
141,ppo_gmm,gaussian,physical,0,True,0.25,5.611077785491943,3.340975761413574,5.0889763832092285,5.689972877502441
141,ppo_gmm,gaussian,physical,1,True,0.25,10.039316177368164,3.371396064758301,7.480249881744385,5.714376449584961
141,ppo_gmm,gaussian,physical,2,False,0.0,2.6545329093933105,3.430384397506714,3.3449137210845947,5.702354431152344
141,ppo_gmm,gaussian,physical,3,True,0.25,6.9083333015441895,3.306223154067993,2.9981448650360107,5.5885162353515625
141,ppo_gmm,gaussian,physical,4,False,0.0,8.372243881225586,3.426696300506592,11.97101879119873,5.743864059448242
141,ppo_gmm,gaussian,physical,5,True,0.25,10.189228057861328,3.3771138191223145,4.080970764160156,5.545566558837891
141,ppo_gmm,gaussian,physical,6,False,0.0,6.206274032592773,3.387011766433716,10.503533363342285,5.752316474914551
141,ppo_gmm,gaussian,physical,7,False,0.0,6.372358322143555,3.3859872817993164,13.262166023254395,5.752758979797363
142,ppo_gmm,gaussian,physical,0,True,0.25,5.61169958114624,3.339003086090088,5.088371753692627,5.689486503601074
142,ppo_gmm,gaussian,physical,1,True,0.25,10.039162635803223,3.3709020614624023,7.479694366455078,5.713804244995117
142,ppo_gmm,gaussian,physical,2,False,0.0,2.6545329093933105,3.430384397506714,3.3449137210845947,5.702354431152344
142,ppo_gmm,gaussian,physical,3,True,0.25,6.9086809158325195,3.3044300079345703,2.997741460800171,5.587184906005859
142,ppo_gmm,gaussian,physical,4,False,0.0,8.372243881225586,3.426696300506592,11.97101879119873,5.743864059448242
142,ppo_gmm,gaussian,physical,5,True,0.25,10.188831329345703,3.376513719558716,4.080279350280762,5.543761253356934
142,ppo_gmm,gaussian,physical,6,False,0.0,6.206274032592773,3.387011766433716,10.503533363342285,5.752316474914551
142,ppo_gmm,gaussian,physical,7,False,0.0,6.372358322143555,3.3859872817993164,13.262166023254395,5.752758979797363
143,ppo_gmm,gaussian,physical,0,True,0.25,5.612307548522949,3.33701491355896,5.087744235992432,5.68923282623291
143,ppo_gmm,gaussian,physical,1,True,0.25,10.038986206054688,3.3707032203674316,7.4791259765625,5.713338851928711
143,ppo_gmm,gaussian,physical,2,False,0.0,2.6545329093933105,3.430384397506714,3.3449137210845947,5.702354431152344
143,ppo_gmm,gaussian,physical,3,True,0.25,6.909110069274902,3.302480697631836,2.997335433959961,5.586047172546387
143,ppo_gmm,gaussian,physical,4,False,0.0,8.372243881225586,3.426696300506592,11.97101879119873,5.743864059448242
143,ppo_gmm,gaussian,physical,5,True,0.25,10.188486099243164,3.376199245452881,4.07956600189209,5.541718006134033
143,ppo_gmm,gaussian,physical,6,False,0.0,6.206274032592773,3.387011766433716,10.503533363342285,5.752316474914551
143,ppo_gmm,gaussian,physical,7,False,0.0,6.372358322143555,3.3859872817993164,13.262166023254395,5.752758979797363
144,ppo_gmm,gaussian,physical,0,True,0.25,5.612904071807861,3.3351871967315674,5.087074279785156,5.68896484375
144,ppo_gmm,gaussian,physical,1,True,0.25,10.038778305053711,3.37064266204834,7.47855281829834,5.7129034996032715
144,ppo_gmm,gaussian,physical,2,False,0.0,2.6545329093933105,3.430384397506714,3.3449137210845947,5.702354431152344
144,ppo_gmm,gaussian,physical,3,True,0.25,6.909555912017822,3.3005661964416504,2.9968912601470947,5.584708213806152
144,ppo_gmm,gaussian,physical,4,False,0.0,8.372243881225586,3.426696300506592,11.97101879119873,5.743864059448242
144,ppo_gmm,gaussian,physical,5,True,0.25,10.188153266906738,3.375915050506592,4.078878402709961,5.540040016174316
144,ppo_gmm,gaussian,physical,6,False,0.0,6.206274032592773,3.387011766433716,10.503533363342285,5.752316474914551
144,ppo_gmm,gaussian,physical,7,False,0.0,6.372358322143555,3.3859872817993164,13.262166023254395,5.752758979797363
145,ppo_gmm,gaussian,physical,0,True,0.25,5.613470077514648,3.3336405754089355,5.086402416229248,5.687747955322266
145,ppo_gmm,gaussian,physical,1,True,0.25,10.038517951965332,3.3707120418548584,7.477920055389404,5.71358585357666
145,ppo_gmm,gaussian,physical,2,False,0.0,2.6545329093933105,3.430384397506714,3.3449137210845947,5.702354431152344
145,ppo_gmm,gaussian,physical,3,True,0.25,6.909972667694092,3.298736810684204,2.9963955879211426,5.584057807922363
145,ppo_gmm,gaussian,physical,4,False,0.0,8.372243881225586,3.426696300506592,11.97101879119873,5.743864059448242
145,ppo_gmm,gaussian,physical,5,True,0.25,10.187783241271973,3.3755171298980713,4.07821798324585,5.538397789001465
145,ppo_gmm,gaussian,physical,6,False,0.0,6.206274032592773,3.387011766433716,10.503533363342285,5.752316474914551
145,ppo_gmm,gaussian,physical,7,False,0.0,6.372358322143555,3.3859872817993164,13.262166023254395,5.752758979797363
146,ppo_gmm,gaussian,physical,0,True,0.25,5.61403226852417,3.3320751190185547,5.085753440856934,5.686977863311768
146,ppo_gmm,gaussian,physical,1,True,0.25,10.038301467895508,3.3704962730407715,7.477230072021484,5.71365213394165
146,ppo_gmm,gaussian,physical,2,False,0.0,2.6545329093933105,3.430384397506714,3.3449137210845947,5.702354431152344
146,ppo_gmm,gaussian,physical,3,True,0.25,6.910370826721191,3.2969448566436768,2.995851516723633,5.5836944580078125
146,ppo_gmm,gaussian,physical,4,False,0.0,8.372243881225586,3.426696300506592,11.97101879119873,5.743864059448242
146,ppo_gmm,gaussian,physical,5,True,0.25,10.187365531921387,3.3752927780151367,4.077578544616699,5.536797523498535
146,ppo_gmm,gaussian,physical,6,False,0.0,6.206274032592773,3.387011766433716,10.503533363342285,5.752316474914551
146,ppo_gmm,gaussian,physical,7,False,0.0,6.372358322143555,3.3859872817993164,13.262166023254395,5.752758979797363
147,ppo_gmm,gaussian,physical,0,True,0.25,5.614664554595947,3.3304970264434814,5.085120677947998,5.686433792114258
147,ppo_gmm,gaussian,physical,1,True,0.25,10.038224220275879,3.369710922241211,7.476511478424072,5.7130537033081055
147,ppo_gmm,gaussian,physical,2,False,0.0,2.6545329093933105,3.430384397506714,3.3449137210845947,5.702354431152344
147,ppo_gmm,gaussian,physical,3,True,0.25,6.910743236541748,3.2950754165649414,2.995286703109741,5.582966327667236
147,ppo_gmm,gaussian,physical,4,False,0.0,8.372243881225586,3.426696300506592,11.97101879119873,5.743864059448242
147,ppo_gmm,gaussian,physical,5,True,0.25,10.186971664428711,3.3748960494995117,4.0769429206848145,5.5351948738098145
147,ppo_gmm,gaussian,physical,6,False,0.0,6.206274032592773,3.387011766433716,10.503533363342285,5.752316474914551
147,ppo_gmm,gaussian,physical,7,False,0.0,6.372358322143555,3.3859872817993164,13.262166023254395,5.752758979797363
148,ppo_gmm,gaussian,physical,0,True,0.25,5.6153459548950195,3.328925132751465,5.084552764892578,5.686093807220459
148,ppo_gmm,gaussian,physical,1,True,0.25,10.038142204284668,3.369013547897339,7.475825309753418,5.7132134437561035
148,ppo_gmm,gaussian,physical,2,False,0.0,2.6545329093933105,3.430384397506714,3.3449137210845947,5.702354431152344
148,ppo_gmm,gaussian,physical,3,True,0.25,6.911052703857422,3.293302059173584,2.994736909866333,5.5822834968566895
148,ppo_gmm,gaussian,physical,4,False,0.0,8.372243881225586,3.426696300506592,11.97101879119873,5.743864059448242
148,ppo_gmm,gaussian,physical,5,True,0.25,10.186604499816895,3.37438702583313,4.076254844665527,5.533200740814209
148,ppo_gmm,gaussian,physical,6,False,0.0,6.206274032592773,3.387011766433716,10.503533363342285,5.752316474914551
148,ppo_gmm,gaussian,physical,7,False,0.0,6.372358322143555,3.3859872817993164,13.262166023254395,5.752758979797363
149,ppo_gmm,gaussian,physical,0,True,0.25,5.616042137145996,3.327667713165283,5.083940029144287,5.685108184814453
149,ppo_gmm,gaussian,physical,1,True,0.25,10.03805923461914,3.368350028991699,7.4751505851745605,5.713677883148193
149,ppo_gmm,gaussian,physical,2,False,0.0,2.6545329093933105,3.430384397506714,3.3449137210845947,5.702354431152344
149,ppo_gmm,gaussian,physical,3,True,0.25,6.911335468292236,3.2916884422302246,2.9942424297332764,5.58164119720459
149,ppo_gmm,gaussian,physical,4,False,0.0,8.372243881225586,3.426696300506592,11.97101879119873,5.743864059448242
149,ppo_gmm,gaussian,physical,5,True,0.25,10.186237335205078,3.3735268115997314,4.07555627822876,5.53173828125
149,ppo_gmm,gaussian,physical,6,False,0.0,6.206274032592773,3.387011766433716,10.503533363342285,5.752316474914551
149,ppo_gmm,gaussian,physical,7,False,0.0,6.372358322143555,3.3859872817993164,13.262166023254395,5.752758979797363
150,ppo_gmm,gaussian,physical,0,False,0.0,5.616762161254883,3.3262295722961426,5.083303451538086,5.683696269989014
150,ppo_gmm,gaussian,physical,1,False,0.0,10.037870407104492,3.3675131797790527,7.474508285522461,5.713756561279297
150,ppo_gmm,gaussian,physical,2,False,0.0,2.6545329093933105,3.430384397506714,3.3449137210845947,5.702354431152344
150,ppo_gmm,gaussian,physical,3,True,0.5,6.911621570587158,3.2902510166168213,2.9937076568603516,5.580610275268555
150,ppo_gmm,gaussian,physical,4,False,0.0,8.372243881225586,3.426696300506592,11.97101879119873,5.743864059448242
150,ppo_gmm,gaussian,physical,5,True,0.5,10.185820579528809,3.372492551803589,4.074869632720947,5.530114650726318
150,ppo_gmm,gaussian,physical,6,False,0.0,6.206274032592773,3.387011766433716,10.503533363342285,5.752316474914551
150,ppo_gmm,gaussian,physical,7,False,0.0,6.372358322143555,3.3859872817993164,13.262166023254395,5.752758979797363
151,ppo_gmm,gaussian,physical,0,False,0.0,5.616762161254883,3.3262295722961426,5.083303451538086,5.683696269989014
151,ppo_gmm,gaussian,physical,1,False,0.0,10.037870407104492,3.3675131797790527,7.474508285522461,5.713756561279297
151,ppo_gmm,gaussian,physical,2,False,0.0,2.6545329093933105,3.430384397506714,3.3449137210845947,5.702354431152344
151,ppo_gmm,gaussian,physical,3,True,0.5,6.9123215675354,3.2879486083984375,2.9930076599121094,5.576704978942871
151,ppo_gmm,gaussian,physical,4,False,0.0,8.372243881225586,3.426696300506592,11.97101879119873,5.743864059448242
151,ppo_gmm,gaussian,physical,5,True,0.5,10.185120582580566,3.37485408782959,4.074169635772705,5.5262451171875
151,ppo_gmm,gaussian,physical,6,False,0.0,6.206274032592773,3.387011766433716,10.503533363342285,5.752316474914551
151,ppo_gmm,gaussian,physical,7,False,0.0,6.372358322143555,3.3859872817993164,13.262166023254395,5.752758979797363
152,ppo_gmm,gaussian,physical,0,False,0.0,5.616762161254883,3.3262295722961426,5.083303451538086,5.683696269989014
152,ppo_gmm,gaussian,physical,1,False,0.0,10.037870407104492,3.3675131797790527,7.474508285522461,5.713756561279297
152,ppo_gmm,gaussian,physical,2,False,0.0,2.6545329093933105,3.430384397506714,3.3449137210845947,5.702354431152344
152,ppo_gmm,gaussian,physical,3,True,0.5,6.913019180297852,3.2859866619110107,2.992310047149658,5.573082447052002
152,ppo_gmm,gaussian,physical,4,False,0.0,8.372243881225586,3.426696300506592,11.97101879119873,5.743864059448242
152,ppo_gmm,gaussian,physical,5,True,0.5,10.184433937072754,3.3768131732940674,4.07356595993042,5.523405075073242
152,ppo_gmm,gaussian,physical,6,False,0.0,6.206274032592773,3.387011766433716,10.503533363342285,5.752316474914551
152,ppo_gmm,gaussian,physical,7,False,0.0,6.372358322143555,3.3859872817993164,13.262166023254395,5.752758979797363
153,ppo_gmm,gaussian,physical,0,False,0.0,5.616762161254883,3.3262295722961426,5.083303451538086,5.683696269989014
153,ppo_gmm,gaussian,physical,1,False,0.0,10.037870407104492,3.3675131797790527,7.474508285522461,5.713756561279297
153,ppo_gmm,gaussian,physical,2,False,0.0,2.6545329093933105,3.430384397506714,3.3449137210845947,5.702354431152344
153,ppo_gmm,gaussian,physical,3,True,0.5,6.913675308227539,3.2839198112487793,2.991617202758789,5.569589138031006
153,ppo_gmm,gaussian,physical,4,False,0.0,8.372243881225586,3.426696300506592,11.97101879119873,5.743864059448242
153,ppo_gmm,gaussian,physical,5,True,0.5,10.18381404876709,3.378350019454956,4.072934627532959,5.521677494049072
153,ppo_gmm,gaussian,physical,6,False,0.0,6.206274032592773,3.387011766433716,10.503533363342285,5.752316474914551
153,ppo_gmm,gaussian,physical,7,False,0.0,6.372358322143555,3.3859872817993164,13.262166023254395,5.752758979797363
154,ppo_gmm,gaussian,physical,0,False,0.0,5.616762161254883,3.3262295722961426,5.083303451538086,5.683696269989014
154,ppo_gmm,gaussian,physical,1,False,0.0,10.037870407104492,3.3675131797790527,7.474508285522461,5.713756561279297
154,ppo_gmm,gaussian,physical,2,False,0.0,2.6545329093933105,3.430384397506714,3.3449137210845947,5.702354431152344
154,ppo_gmm,gaussian,physical,3,True,0.5,6.914345741271973,3.2817788124084473,2.990922451019287,5.567302227020264
154,ppo_gmm,gaussian,physical,4,False,0.0,8.372243881225586,3.426696300506592,11.97101879119873,5.743864059448242
154,ppo_gmm,gaussian,physical,5,True,0.5,10.183173179626465,3.380091905593872,4.072308540344238,5.519941806793213
154,ppo_gmm,gaussian,physical,6,False,0.0,6.206274032592773,3.387011766433716,10.503533363342285,5.752316474914551
154,ppo_gmm,gaussian,physical,7,False,0.0,6.372358322143555,3.3859872817993164,13.262166023254395,5.752758979797363
155,ppo_gmm,gaussian,physical,0,False,0.0,5.616762161254883,3.3262295722961426,5.083303451538086,5.683696269989014
155,ppo_gmm,gaussian,physical,1,False,0.0,10.037870407104492,3.3675131797790527,7.474508285522461,5.713756561279297
155,ppo_gmm,gaussian,physical,2,False,0.0,2.6545329093933105,3.430384397506714,3.3449137210845947,5.702354431152344
155,ppo_gmm,gaussian,physical,3,True,0.5,6.915024280548096,3.2796106338500977,2.990227222442627,5.564937591552734
155,ppo_gmm,gaussian,physical,4,False,0.0,8.372243881225586,3.426696300506592,11.97101879119873,5.743864059448242
155,ppo_gmm,gaussian,physical,5,True,0.5,10.182952880859375,3.3803577423095703,4.071660041809082,5.517429351806641
155,ppo_gmm,gaussian,physical,6,False,0.0,6.206274032592773,3.387011766433716,10.503533363342285,5.752316474914551
155,ppo_gmm,gaussian,physical,7,False,0.0,6.372358322143555,3.3859872817993164,13.262166023254395,5.752758979797363
156,ppo_gmm,gaussian,physical,0,False,0.0,5.616762161254883,3.3262295722961426,5.083303451538086,5.683696269989014
156,ppo_gmm,gaussian,physical,1,False,0.0,10.037870407104492,3.3675131797790527,7.474508285522461,5.713756561279297
156,ppo_gmm,gaussian,physical,2,False,0.0,2.6545329093933105,3.430384397506714,3.3449137210845947,5.702354431152344
156,ppo_gmm,gaussian,physical,3,True,0.5,6.915703773498535,3.2775871753692627,2.989529848098755,5.562155723571777
156,ppo_gmm,gaussian,physical,4,False,0.0,8.372243881225586,3.426696300506592,11.97101879119873,5.743864059448242
156,ppo_gmm,gaussian,physical,5,True,0.5,10.182811737060547,3.38065767288208,4.071033954620361,5.517096042633057
156,ppo_gmm,gaussian,physical,6,False,0.0,6.206274032592773,3.387011766433716,10.503533363342285,5.752316474914551
156,ppo_gmm,gaussian,physical,7,False,0.0,6.372358322143555,3.3859872817993164,13.262166023254395,5.752758979797363
157,ppo_gmm,gaussian,physical,0,False,0.0,5.616762161254883,3.3262295722961426,5.083303451538086,5.683696269989014
157,ppo_gmm,gaussian,physical,1,False,0.0,10.037870407104492,3.3675131797790527,7.474508285522461,5.713756561279297
157,ppo_gmm,gaussian,physical,2,False,0.0,2.6545329093933105,3.430384397506714,3.3449137210845947,5.702354431152344
157,ppo_gmm,gaussian,physical,3,True,0.5,6.916389465332031,3.2758705615997314,2.9888358116149902,5.559804439544678
157,ppo_gmm,gaussian,physical,4,False,0.0,8.372243881225586,3.426696300506592,11.97101879119873,5.743864059448242
157,ppo_gmm,gaussian,physical,5,True,0.5,10.182732582092285,3.380488395690918,4.070387363433838,5.515813827514648
157,ppo_gmm,gaussian,physical,6,False,0.0,6.206274032592773,3.387011766433716,10.503533363342285,5.752316474914551
157,ppo_gmm,gaussian,physical,7,False,0.0,6.372358322143555,3.3859872817993164,13.262166023254395,5.752758979797363
158,ppo_gmm,gaussian,physical,0,False,0.0,5.616762161254883,3.3262295722961426,5.083303451538086,5.683696269989014
158,ppo_gmm,gaussian,physical,1,False,0.0,10.037870407104492,3.3675131797790527,7.474508285522461,5.713756561279297
158,ppo_gmm,gaussian,physical,2,False,0.0,2.6545329093933105,3.430384397506714,3.3449137210845947,5.702354431152344
158,ppo_gmm,gaussian,physical,3,True,0.5,6.917081356048584,3.2740609645843506,2.9881410598754883,5.557241916656494
158,ppo_gmm,gaussian,physical,4,False,0.0,8.372243881225586,3.426696300506592,11.97101879119873,5.743864059448242
158,ppo_gmm,gaussian,physical,5,True,0.5,10.182686805725098,3.379520893096924,4.069750785827637,5.514217376708984
158,ppo_gmm,gaussian,physical,6,False,0.0,6.206274032592773,3.387011766433716,10.503533363342285,5.752316474914551
158,ppo_gmm,gaussian,physical,7,False,0.0,6.372358322143555,3.3859872817993164,13.262166023254395,5.752758979797363
159,ppo_gmm,gaussian,physical,0,False,0.0,5.616762161254883,3.3262295722961426,5.083303451538086,5.683696269989014
159,ppo_gmm,gaussian,physical,1,False,0.0,10.037870407104492,3.3675131797790527,7.474508285522461,5.713756561279297
159,ppo_gmm,gaussian,physical,2,False,0.0,2.6545329093933105,3.430384397506714,3.3449137210845947,5.702354431152344
159,ppo_gmm,gaussian,physical,3,True,0.5,6.917740345001221,3.272662401199341,2.987443447113037,5.555144309997559
159,ppo_gmm,gaussian,physical,4,False,0.0,8.372243881225586,3.426696300506592,11.97101879119873,5.743864059448242
159,ppo_gmm,gaussian,physical,5,True,0.5,10.18253231048584,3.3786087036132812,4.069122791290283,5.512406826019287
159,ppo_gmm,gaussian,physical,6,False,0.0,6.206274032592773,3.387011766433716,10.503533363342285,5.752316474914551
159,ppo_gmm,gaussian,physical,7,False,0.0,6.372358322143555,3.3859872817993164,13.262166023254395,5.752758979797363
160,ppo_gmm,gaussian,physical,0,False,0.0,5.616762161254883,3.3262295722961426,5.083303451538086,5.683696269989014
160,ppo_gmm,gaussian,physical,1,False,0.0,10.037870407104492,3.3675131797790527,7.474508285522461,5.713756561279297
160,ppo_gmm,gaussian,physical,2,False,0.0,2.6545329093933105,3.430384397506714,3.3449137210845947,5.702354431152344
160,ppo_gmm,gaussian,physical,3,True,0.5,6.9183807373046875,3.2710185050964355,2.9867401123046875,5.553178787231445
160,ppo_gmm,gaussian,physical,4,False,0.0,8.372243881225586,3.426696300506592,11.97101879119873,5.743864059448242
160,ppo_gmm,gaussian,physical,5,True,0.5,10.182313919067383,3.3775060176849365,4.0685014724731445,5.510719299316406
160,ppo_gmm,gaussian,physical,6,False,0.0,6.206274032592773,3.387011766433716,10.503533363342285,5.752316474914551
160,ppo_gmm,gaussian,physical,7,False,0.0,6.372358322143555,3.3859872817993164,13.262166023254395,5.752758979797363
161,ppo_gmm,gaussian,physical,0,False,0.0,5.616762161254883,3.3262295722961426,5.083303451538086,5.683696269989014
161,ppo_gmm,gaussian,physical,1,False,0.0,10.037870407104492,3.3675131797790527,7.474508285522461,5.713756561279297
161,ppo_gmm,gaussian,physical,2,False,0.0,2.6545329093933105,3.430384397506714,3.3449137210845947,5.702354431152344
161,ppo_gmm,gaussian,physical,3,True,0.5,6.918943405151367,3.269326686859131,2.986056089401245,5.550832748413086
161,ppo_gmm,gaussian,physical,4,False,0.0,8.372243881225586,3.426696300506592,11.97101879119873,5.743864059448242
161,ppo_gmm,gaussian,physical,5,True,0.5,10.182117462158203,3.3762197494506836,4.067874908447266,5.508986949920654
161,ppo_gmm,gaussian,physical,6,False,0.0,6.206274032592773,3.387011766433716,10.503533363342285,5.752316474914551
161,ppo_gmm,gaussian,physical,7,False,0.0,6.372358322143555,3.3859872817993164,13.262166023254395,5.752758979797363
162,ppo_gmm,gaussian,physical,0,False,0.0,5.616762161254883,3.3262295722961426,5.083303451538086,5.683696269989014
162,ppo_gmm,gaussian,physical,1,False,0.0,10.037870407104492,3.3675131797790527,7.474508285522461,5.713756561279297
162,ppo_gmm,gaussian,physical,2,False,0.0,2.6545329093933105,3.430384397506714,3.3449137210845947,5.702354431152344
162,ppo_gmm,gaussian,physical,3,True,0.5,6.919497489929199,3.2675399780273438,2.9853780269622803,5.548730373382568
162,ppo_gmm,gaussian,physical,4,False,0.0,8.372243881225586,3.426696300506592,11.97101879119873,5.743864059448242
162,ppo_gmm,gaussian,physical,5,True,0.5,10.181778907775879,3.374630928039551,4.067245006561279,5.507720947265625
162,ppo_gmm,gaussian,physical,6,False,0.0,6.206274032592773,3.387011766433716,10.503533363342285,5.752316474914551
162,ppo_gmm,gaussian,physical,7,False,0.0,6.372358322143555,3.3859872817993164,13.262166023254395,5.752758979797363
163,ppo_gmm,gaussian,physical,0,False,0.0,5.616762161254883,3.3262295722961426,5.083303451538086,5.683696269989014
163,ppo_gmm,gaussian,physical,1,False,0.0,10.037870407104492,3.3675131797790527,7.474508285522461,5.713756561279297
163,ppo_gmm,gaussian,physical,2,False,0.0,2.6545329093933105,3.430384397506714,3.3449137210845947,5.702354431152344
163,ppo_gmm,gaussian,physical,3,True,0.5,6.920090198516846,3.2656145095825195,2.984713077545166,5.546836853027344
163,ppo_gmm,gaussian,physical,4,False,0.0,8.372243881225586,3.426696300506592,11.97101879119873,5.743864059448242
163,ppo_gmm,gaussian,physical,5,True,0.5,10.181415557861328,3.3732218742370605,4.066614151000977,5.506360054016113
163,ppo_gmm,gaussian,physical,6,False,0.0,6.206274032592773,3.387011766433716,10.503533363342285,5.752316474914551
163,ppo_gmm,gaussian,physical,7,False,0.0,6.372358322143555,3.3859872817993164,13.262166023254395,5.752758979797363
164,ppo_gmm,gaussian,physical,0,False,0.0,5.616762161254883,3.3262295722961426,5.083303451538086,5.683696269989014
164,ppo_gmm,gaussian,physical,1,False,0.0,10.037870407104492,3.3675131797790527,7.474508285522461,5.713756561279297
164,ppo_gmm,gaussian,physical,2,False,0.0,2.6545329093933105,3.430384397506714,3.3449137210845947,5.702354431152344
164,ppo_gmm,gaussian,physical,3,True,0.5,6.920693874359131,3.263582944869995,2.984095335006714,5.545110702514648
164,ppo_gmm,gaussian,physical,4,False,0.0,8.372243881225586,3.426696300506592,11.97101879119873,5.743864059448242
164,ppo_gmm,gaussian,physical,5,True,0.5,10.181034088134766,3.371718406677246,4.066027641296387,5.5052032470703125
164,ppo_gmm,gaussian,physical,6,False,0.0,6.206274032592773,3.387011766433716,10.503533363342285,5.752316474914551
164,ppo_gmm,gaussian,physical,7,False,0.0,6.372358322143555,3.3859872817993164,13.262166023254395,5.752758979797363
165,ppo_gmm,gaussian,physical,0,False,0.0,5.616762161254883,3.3262295722961426,5.083303451538086,5.683696269989014
165,ppo_gmm,gaussian,physical,1,False,0.0,10.037870407104492,3.3675131797790527,7.474508285522461,5.713756561279297
165,ppo_gmm,gaussian,physical,2,False,0.0,2.6545329093933105,3.430384397506714,3.3449137210845947,5.702354431152344
165,ppo_gmm,gaussian,physical,3,True,0.5,6.921322345733643,3.2615036964416504,2.9834723472595215,5.543095111846924
165,ppo_gmm,gaussian,physical,4,False,0.0,8.372243881225586,3.426696300506592,11.97101879119873,5.743864059448242
165,ppo_gmm,gaussian,physical,5,True,0.5,10.180678367614746,3.370154857635498,4.065473556518555,5.503787994384766
165,ppo_gmm,gaussian,physical,6,False,0.0,6.206274032592773,3.387011766433716,10.503533363342285,5.752316474914551
165,ppo_gmm,gaussian,physical,7,False,0.0,6.372358322143555,3.3859872817993164,13.262166023254395,5.752758979797363
166,ppo_gmm,gaussian,physical,0,False,0.0,5.616762161254883,3.3262295722961426,5.083303451538086,5.683696269989014
166,ppo_gmm,gaussian,physical,1,False,0.0,10.037870407104492,3.3675131797790527,7.474508285522461,5.713756561279297
166,ppo_gmm,gaussian,physical,2,False,0.0,2.6545329093933105,3.430384397506714,3.3449137210845947,5.702354431152344
166,ppo_gmm,gaussian,physical,3,True,0.5,6.921854019165039,3.2593719959259033,2.9828836917877197,5.540752410888672
166,ppo_gmm,gaussian,physical,4,False,0.0,8.372243881225586,3.426696300506592,11.97101879119873,5.743864059448242
166,ppo_gmm,gaussian,physical,5,True,0.5,10.180355072021484,3.3687682151794434,4.064939022064209,5.502716064453125
166,ppo_gmm,gaussian,physical,6,False,0.0,6.206274032592773,3.387011766433716,10.503533363342285,5.752316474914551
166,ppo_gmm,gaussian,physical,7,False,0.0,6.372358322143555,3.3859872817993164,13.262166023254395,5.752758979797363
167,ppo_gmm,gaussian,physical,0,False,0.0,5.616762161254883,3.3262295722961426,5.083303451538086,5.683696269989014
167,ppo_gmm,gaussian,physical,1,False,0.0,10.037870407104492,3.3675131797790527,7.474508285522461,5.713756561279297
167,ppo_gmm,gaussian,physical,2,False,0.0,2.6545329093933105,3.430384397506714,3.3449137210845947,5.702354431152344
167,ppo_gmm,gaussian,physical,3,True,0.5,6.922421455383301,3.2573137283325195,2.9822983741760254,5.538911819458008
167,ppo_gmm,gaussian,physical,4,False,0.0,8.372243881225586,3.426696300506592,11.97101879119873,5.743864059448242
167,ppo_gmm,gaussian,physical,5,True,0.5,10.179941177368164,3.3673505783081055,4.06438684463501,5.501875877380371
167,ppo_gmm,gaussian,physical,6,False,0.0,6.206274032592773,3.387011766433716,10.503533363342285,5.752316474914551
167,ppo_gmm,gaussian,physical,7,False,0.0,6.372358322143555,3.3859872817993164,13.262166023254395,5.752758979797363
168,ppo_gmm,gaussian,physical,0,False,0.0,5.616762161254883,3.3262295722961426,5.083303451538086,5.683696269989014
168,ppo_gmm,gaussian,physical,1,False,0.0,10.037870407104492,3.3675131797790527,7.474508285522461,5.713756561279297
168,ppo_gmm,gaussian,physical,2,False,0.0,2.6545329093933105,3.430384397506714,3.3449137210845947,5.702354431152344
168,ppo_gmm,gaussian,physical,3,True,0.5,6.922908782958984,3.2552731037139893,2.9817216396331787,5.537026405334473
168,ppo_gmm,gaussian,physical,4,False,0.0,8.372243881225586,3.426696300506592,11.97101879119873,5.743864059448242
168,ppo_gmm,gaussian,physical,5,True,0.5,10.179494857788086,3.366057872772217,4.063810348510742,5.500864505767822
168,ppo_gmm,gaussian,physical,6,False,0.0,6.206274032592773,3.387011766433716,10.503533363342285,5.752316474914551
168,ppo_gmm,gaussian,physical,7,False,0.0,6.372358322143555,3.3859872817993164,13.262166023254395,5.752758979797363
169,ppo_gmm,gaussian,physical,0,False,0.0,5.616762161254883,3.3262295722961426,5.083303451538086,5.683696269989014
169,ppo_gmm,gaussian,physical,1,False,0.0,10.037870407104492,3.3675131797790527,7.474508285522461,5.713756561279297
169,ppo_gmm,gaussian,physical,2,False,0.0,2.6545329093933105,3.430384397506714,3.3449137210845947,5.702354431152344
169,ppo_gmm,gaussian,physical,3,True,0.5,6.923335075378418,3.2532238960266113,2.9811599254608154,5.535120487213135
169,ppo_gmm,gaussian,physical,4,False,0.0,8.372243881225586,3.426696300506592,11.97101879119873,5.743864059448242
169,ppo_gmm,gaussian,physical,5,True,0.5,10.179021835327148,3.3648922443389893,4.063204765319824,5.499761581420898
169,ppo_gmm,gaussian,physical,6,False,0.0,6.206274032592773,3.387011766433716,10.503533363342285,5.752316474914551
169,ppo_gmm,gaussian,physical,7,False,0.0,6.372358322143555,3.3859872817993164,13.262166023254395,5.752758979797363
170,ppo_gmm,gaussian,physical,0,False,0.0,5.616762161254883,3.3262295722961426,5.083303451538086,5.683696269989014
170,ppo_gmm,gaussian,physical,1,False,0.0,10.037870407104492,3.3675131797790527,7.474508285522461,5.713756561279297
170,ppo_gmm,gaussian,physical,2,False,0.0,2.6545329093933105,3.430384397506714,3.3449137210845947,5.702354431152344
170,ppo_gmm,gaussian,physical,3,True,0.5,6.923747539520264,3.251206874847412,2.9805543422698975,5.53397274017334
170,ppo_gmm,gaussian,physical,4,False,0.0,8.372243881225586,3.426696300506592,11.97101879119873,5.743864059448242
170,ppo_gmm,gaussian,physical,5,True,0.5,10.178539276123047,3.3635804653167725,4.062605857849121,5.498579025268555
170,ppo_gmm,gaussian,physical,6,False,0.0,6.206274032592773,3.387011766433716,10.503533363342285,5.752316474914551
170,ppo_gmm,gaussian,physical,7,False,0.0,6.372358322143555,3.3859872817993164,13.262166023254395,5.752758979797363
171,ppo_gmm,gaussian,physical,0,False,0.0,5.616762161254883,3.3262295722961426,5.083303451538086,5.683696269989014
171,ppo_gmm,gaussian,physical,1,False,0.0,10.037870407104492,3.3675131797790527,7.474508285522461,5.713756561279297
171,ppo_gmm,gaussian,physical,2,False,0.0,2.6545329093933105,3.430384397506714,3.3449137210845947,5.702354431152344
171,ppo_gmm,gaussian,physical,3,True,0.5,6.924184322357178,3.2492780685424805,2.979926109313965,5.5327982902526855
171,ppo_gmm,gaussian,physical,4,False,0.0,8.372243881225586,3.426696300506592,11.97101879119873,5.743864059448242
171,ppo_gmm,gaussian,physical,5,True,0.5,10.178045272827148,3.3624422550201416,4.061973571777344,5.497594833374023
171,ppo_gmm,gaussian,physical,6,False,0.0,6.206274032592773,3.387011766433716,10.503533363342285,5.752316474914551
171,ppo_gmm,gaussian,physical,7,False,0.0,6.372358322143555,3.3859872817993164,13.262166023254395,5.752758979797363
172,ppo_gmm,gaussian,physical,0,False,0.0,5.616762161254883,3.3262295722961426,5.083303451538086,5.683696269989014
172,ppo_gmm,gaussian,physical,1,False,0.0,10.037870407104492,3.3675131797790527,7.474508285522461,5.713756561279297
172,ppo_gmm,gaussian,physical,2,False,0.0,2.6545329093933105,3.430384397506714,3.3449137210845947,5.702354431152344
172,ppo_gmm,gaussian,physical,3,True,0.5,6.9246039390563965,3.247274160385132,2.979297637939453,5.531994819641113
172,ppo_gmm,gaussian,physical,4,False,0.0,8.372243881225586,3.426696300506592,11.97101879119873,5.743864059448242
172,ppo_gmm,gaussian,physical,5,True,0.5,10.17756462097168,3.3615164756774902,4.06134033203125,5.496048927307129
172,ppo_gmm,gaussian,physical,6,False,0.0,6.206274032592773,3.387011766433716,10.503533363342285,5.752316474914551
172,ppo_gmm,gaussian,physical,7,False,0.0,6.372358322143555,3.3859872817993164,13.262166023254395,5.752758979797363
173,ppo_gmm,gaussian,physical,0,False,0.0,5.616762161254883,3.3262295722961426,5.083303451538086,5.683696269989014
173,ppo_gmm,gaussian,physical,1,False,0.0,10.037870407104492,3.3675131797790527,7.474508285522461,5.713756561279297
173,ppo_gmm,gaussian,physical,2,False,0.0,2.6545329093933105,3.430384397506714,3.3449137210845947,5.702354431152344
173,ppo_gmm,gaussian,physical,3,True,0.5,6.924997329711914,3.245487689971924,2.9786765575408936,5.53126335144043
173,ppo_gmm,gaussian,physical,4,False,0.0,8.372243881225586,3.426696300506592,11.97101879119873,5.743864059448242
173,ppo_gmm,gaussian,physical,5,True,0.5,10.17702579498291,3.360900640487671,4.060694694519043,5.493926525115967
173,ppo_gmm,gaussian,physical,6,False,0.0,6.206274032592773,3.387011766433716,10.503533363342285,5.752316474914551
173,ppo_gmm,gaussian,physical,7,False,0.0,6.372358322143555,3.3859872817993164,13.262166023254395,5.752758979797363
174,ppo_gmm,gaussian,physical,0,False,0.0,5.616762161254883,3.3262295722961426,5.083303451538086,5.683696269989014
174,ppo_gmm,gaussian,physical,1,False,0.0,10.037870407104492,3.3675131797790527,7.474508285522461,5.713756561279297
174,ppo_gmm,gaussian,physical,2,False,0.0,2.6545329093933105,3.430384397506714,3.3449137210845947,5.702354431152344
174,ppo_gmm,gaussian,physical,3,True,0.5,6.925288677215576,3.2438249588012695,2.978060245513916,5.529872894287109
174,ppo_gmm,gaussian,physical,4,False,0.0,8.372243881225586,3.426696300506592,11.97101879119873,5.743864059448242
174,ppo_gmm,gaussian,physical,5,True,0.5,10.176502227783203,3.360396385192871,4.06003475189209,5.492068290710449
174,ppo_gmm,gaussian,physical,6,False,0.0,6.206274032592773,3.387011766433716,10.503533363342285,5.752316474914551
174,ppo_gmm,gaussian,physical,7,False,0.0,6.372358322143555,3.3859872817993164,13.262166023254395,5.752758979797363
175,ppo_gmm,gaussian,physical,0,False,0.0,5.616762161254883,3.3262295722961426,5.083303451538086,5.683696269989014
175,ppo_gmm,gaussian,physical,1,False,0.0,10.037870407104492,3.3675131797790527,7.474508285522461,5.713756561279297
175,ppo_gmm,gaussian,physical,2,False,0.0,2.6545329093933105,3.430384397506714,3.3449137210845947,5.702354431152344
175,ppo_gmm,gaussian,physical,3,True,0.5,6.925695896148682,3.2420334815979004,2.977443218231201,5.528562545776367
175,ppo_gmm,gaussian,physical,4,False,0.0,8.372243881225586,3.426696300506592,11.97101879119873,5.743864059448242
175,ppo_gmm,gaussian,physical,5,True,0.5,10.175996780395508,3.360013008117676,4.059406757354736,5.489928245544434
175,ppo_gmm,gaussian,physical,6,False,0.0,6.206274032592773,3.387011766433716,10.503533363342285,5.752316474914551
175,ppo_gmm,gaussian,physical,7,False,0.0,6.372358322143555,3.3859872817993164,13.262166023254395,5.752758979797363
176,ppo_gmm,gaussian,physical,0,False,0.0,5.616762161254883,3.3262295722961426,5.083303451538086,5.683696269989014
176,ppo_gmm,gaussian,physical,1,False,0.0,10.037870407104492,3.3675131797790527,7.474508285522461,5.713756561279297
176,ppo_gmm,gaussian,physical,2,False,0.0,2.6545329093933105,3.430384397506714,3.3449137210845947,5.702354431152344
176,ppo_gmm,gaussian,physical,3,True,0.5,6.926172256469727,3.240122079849243,2.9768402576446533,5.5272216796875
176,ppo_gmm,gaussian,physical,4,False,0.0,8.372243881225586,3.426696300506592,11.97101879119873,5.743864059448242
176,ppo_gmm,gaussian,physical,5,True,0.5,10.17548942565918,3.3594746589660645,4.058780193328857,5.4878339767456055
176,ppo_gmm,gaussian,physical,6,False,0.0,6.206274032592773,3.387011766433716,10.503533363342285,5.752316474914551
176,ppo_gmm,gaussian,physical,7,False,0.0,6.372358322143555,3.3859872817993164,13.262166023254395,5.752758979797363
177,ppo_gmm,gaussian,physical,0,False,0.0,5.616762161254883,3.3262295722961426,5.083303451538086,5.683696269989014
177,ppo_gmm,gaussian,physical,1,False,0.0,10.037870407104492,3.3675131797790527,7.474508285522461,5.713756561279297
177,ppo_gmm,gaussian,physical,2,False,0.0,2.6545329093933105,3.430384397506714,3.3449137210845947,5.702354431152344
177,ppo_gmm,gaussian,physical,3,True,0.5,6.926601886749268,3.238233804702759,2.9762561321258545,5.526154041290283
177,ppo_gmm,gaussian,physical,4,False,0.0,8.372243881225586,3.426696300506592,11.97101879119873,5.743864059448242
177,ppo_gmm,gaussian,physical,5,True,0.5,10.174981117248535,3.358910322189331,4.058137893676758,5.485259056091309
177,ppo_gmm,gaussian,physical,6,False,0.0,6.206274032592773,3.387011766433716,10.503533363342285,5.752316474914551
177,ppo_gmm,gaussian,physical,7,False,0.0,6.372358322143555,3.3859872817993164,13.262166023254395,5.752758979797363
178,ppo_gmm,gaussian,physical,0,False,0.0,5.616762161254883,3.3262295722961426,5.083303451538086,5.683696269989014
178,ppo_gmm,gaussian,physical,1,False,0.0,10.037870407104492,3.3675131797790527,7.474508285522461,5.713756561279297
178,ppo_gmm,gaussian,physical,2,False,0.0,2.6545329093933105,3.430384397506714,3.3449137210845947,5.702354431152344
178,ppo_gmm,gaussian,physical,3,True,0.5,6.927083492279053,3.2363197803497314,2.9756839275360107,5.5246968269348145
178,ppo_gmm,gaussian,physical,4,False,0.0,8.372243881225586,3.426696300506592,11.97101879119873,5.743864059448242
178,ppo_gmm,gaussian,physical,5,True,0.5,10.174492835998535,3.358268976211548,4.0575103759765625,5.482498645782471
178,ppo_gmm,gaussian,physical,6,False,0.0,6.206274032592773,3.387011766433716,10.503533363342285,5.752316474914551
178,ppo_gmm,gaussian,physical,7,False,0.0,6.372358322143555,3.3859872817993164,13.262166023254395,5.752758979797363
179,ppo_gmm,gaussian,physical,0,False,0.0,5.616762161254883,3.3262295722961426,5.083303451538086,5.683696269989014
179,ppo_gmm,gaussian,physical,1,False,0.0,10.037870407104492,3.3675131797790527,7.474508285522461,5.713756561279297
179,ppo_gmm,gaussian,physical,2,False,0.0,2.6545329093933105,3.430384397506714,3.3449137210845947,5.702354431152344
179,ppo_gmm,gaussian,physical,3,True,0.5,6.927547454833984,3.2343509197235107,2.9751195907592773,5.5232157707214355
179,ppo_gmm,gaussian,physical,4,False,0.0,8.372243881225586,3.426696300506592,11.97101879119873,5.743864059448242
179,ppo_gmm,gaussian,physical,5,True,0.5,10.174064636230469,3.3578686714172363,4.056893825531006,5.479512691497803
179,ppo_gmm,gaussian,physical,6,False,0.0,6.206274032592773,3.387011766433716,10.503533363342285,5.752316474914551
179,ppo_gmm,gaussian,physical,7,False,0.0,6.372358322143555,3.3859872817993164,13.262166023254395,5.752758979797363
180,ppo_gmm,gaussian,physical,0,False,0.0,5.616762161254883,3.3262295722961426,5.083303451538086,5.683696269989014
180,ppo_gmm,gaussian,physical,1,False,0.0,10.037870407104492,3.3675131797790527,7.474508285522461,5.713756561279297
180,ppo_gmm,gaussian,physical,2,False,0.0,2.6545329093933105,3.430384397506714,3.3449137210845947,5.702354431152344
180,ppo_gmm,gaussian,physical,3,True,0.5,6.927984714508057,3.2324423789978027,2.9745383262634277,5.522378444671631
180,ppo_gmm,gaussian,physical,4,False,0.0,8.372243881225586,3.426696300506592,11.97101879119873,5.743864059448242
180,ppo_gmm,gaussian,physical,5,True,0.5,10.173654556274414,3.3573269844055176,4.056273460388184,5.476932525634766
180,ppo_gmm,gaussian,physical,6,False,0.0,6.206274032592773,3.387011766433716,10.503533363342285,5.752316474914551
180,ppo_gmm,gaussian,physical,7,False,0.0,6.372358322143555,3.3859872817993164,13.262166023254395,5.752758979797363
181,ppo_gmm,gaussian,physical,0,False,0.0,5.616762161254883,3.3262295722961426,5.083303451538086,5.683696269989014
181,ppo_gmm,gaussian,physical,1,False,0.0,10.037870407104492,3.3675131797790527,7.474508285522461,5.713756561279297
181,ppo_gmm,gaussian,physical,2,False,0.0,2.6545329093933105,3.430384397506714,3.3449137210845947,5.702354431152344
181,ppo_gmm,gaussian,physical,3,True,0.5,6.9284491539001465,3.230424642562866,2.9740095138549805,5.5215301513671875
181,ppo_gmm,gaussian,physical,4,False,0.0,8.372243881225586,3.426696300506592,11.97101879119873,5.743864059448242
181,ppo_gmm,gaussian,physical,5,True,0.5,10.173219680786133,3.356926202774048,4.055686950683594,5.474538803100586
181,ppo_gmm,gaussian,physical,6,False,0.0,6.206274032592773,3.387011766433716,10.503533363342285,5.752316474914551
181,ppo_gmm,gaussian,physical,7,False,0.0,6.372358322143555,3.3859872817993164,13.262166023254395,5.752758979797363
182,ppo_gmm,gaussian,physical,0,False,0.0,5.616762161254883,3.3262295722961426,5.083303451538086,5.683696269989014
182,ppo_gmm,gaussian,physical,1,False,0.0,10.037870407104492,3.3675131797790527,7.474508285522461,5.713756561279297
182,ppo_gmm,gaussian,physical,2,False,0.0,2.6545329093933105,3.430384397506714,3.3449137210845947,5.702354431152344
182,ppo_gmm,gaussian,physical,3,True,0.5,6.928832530975342,3.2285094261169434,2.973454713821411,5.520025253295898
182,ppo_gmm,gaussian,physical,4,False,0.0,8.372243881225586,3.426696300506592,11.97101879119873,5.743864059448242
182,ppo_gmm,gaussian,physical,5,True,0.5,10.172757148742676,3.356611728668213,4.055116653442383,5.472375869750977
182,ppo_gmm,gaussian,physical,6,False,0.0,6.206274032592773,3.387011766433716,10.503533363342285,5.752316474914551
182,ppo_gmm,gaussian,physical,7,False,0.0,6.372358322143555,3.3859872817993164,13.262166023254395,5.752758979797363
183,ppo_gmm,gaussian,physical,0,False,0.0,5.616762161254883,3.3262295722961426,5.083303451538086,5.683696269989014
183,ppo_gmm,gaussian,physical,1,False,0.0,10.037870407104492,3.3675131797790527,7.474508285522461,5.713756561279297
183,ppo_gmm,gaussian,physical,2,False,0.0,2.6545329093933105,3.430384397506714,3.3449137210845947,5.702354431152344
183,ppo_gmm,gaussian,physical,3,True,0.5,6.929189682006836,3.2265849113464355,2.972886562347412,5.519009113311768
183,ppo_gmm,gaussian,physical,4,False,0.0,8.372243881225586,3.426696300506592,11.97101879119873,5.743864059448242
183,ppo_gmm,gaussian,physical,5,True,0.5,10.172320365905762,3.356532096862793,4.054547309875488,5.47037935256958
183,ppo_gmm,gaussian,physical,6,False,0.0,6.206274032592773,3.387011766433716,10.503533363342285,5.752316474914551
183,ppo_gmm,gaussian,physical,7,False,0.0,6.372358322143555,3.3859872817993164,13.262166023254395,5.752758979797363
184,ppo_gmm,gaussian,physical,0,False,0.0,5.616762161254883,3.3262295722961426,5.083303451538086,5.683696269989014
184,ppo_gmm,gaussian,physical,1,False,0.0,10.037870407104492,3.3675131797790527,7.474508285522461,5.713756561279297
184,ppo_gmm,gaussian,physical,2,False,0.0,2.6545329093933105,3.430384397506714,3.3449137210845947,5.702354431152344
184,ppo_gmm,gaussian,physical,3,True,0.5,6.929556846618652,3.2247848510742188,2.972332715988159,5.517475128173828
184,ppo_gmm,gaussian,physical,4,False,0.0,8.372243881225586,3.426696300506592,11.97101879119873,5.743864059448242
184,ppo_gmm,gaussian,physical,5,True,0.5,10.171874046325684,3.356822967529297,4.053966522216797,5.468375205993652
184,ppo_gmm,gaussian,physical,6,False,0.0,6.206274032592773,3.387011766433716,10.503533363342285,5.752316474914551
184,ppo_gmm,gaussian,physical,7,False,0.0,6.372358322143555,3.3859872817993164,13.262166023254395,5.752758979797363
185,ppo_gmm,gaussian,physical,0,False,0.0,5.616762161254883,3.3262295722961426,5.083303451538086,5.683696269989014
185,ppo_gmm,gaussian,physical,1,False,0.0,10.037870407104492,3.3675131797790527,7.474508285522461,5.713756561279297
185,ppo_gmm,gaussian,physical,2,False,0.0,2.6545329093933105,3.430384397506714,3.3449137210845947,5.702354431152344
185,ppo_gmm,gaussian,physical,3,True,0.5,6.92995023727417,3.2231087684631348,2.9718172550201416,5.516064167022705
185,ppo_gmm,gaussian,physical,4,False,0.0,8.372243881225586,3.426696300506592,11.97101879119873,5.743864059448242
185,ppo_gmm,gaussian,physical,5,True,0.5,10.171396255493164,3.356703996658325,4.053371429443359,5.46591854095459
185,ppo_gmm,gaussian,physical,6,False,0.0,6.206274032592773,3.387011766433716,10.503533363342285,5.752316474914551
185,ppo_gmm,gaussian,physical,7,False,0.0,6.372358322143555,3.3859872817993164,13.262166023254395,5.752758979797363
186,ppo_gmm,gaussian,physical,0,False,0.0,5.616762161254883,3.3262295722961426,5.083303451538086,5.683696269989014
186,ppo_gmm,gaussian,physical,1,False,0.0,10.037870407104492,3.3675131797790527,7.474508285522461,5.713756561279297
186,ppo_gmm,gaussian,physical,2,False,0.0,2.6545329093933105,3.430384397506714,3.3449137210845947,5.702354431152344
186,ppo_gmm,gaussian,physical,3,True,0.5,6.9303717613220215,3.2213335037231445,2.9712889194488525,5.5143842697143555
186,ppo_gmm,gaussian,physical,4,False,0.0,8.372243881225586,3.426696300506592,11.97101879119873,5.743864059448242
186,ppo_gmm,gaussian,physical,5,True,0.5,10.170938491821289,3.3567028045654297,4.052802085876465,5.463521957397461
186,ppo_gmm,gaussian,physical,6,False,0.0,6.206274032592773,3.387011766433716,10.503533363342285,5.752316474914551
186,ppo_gmm,gaussian,physical,7,False,0.0,6.372358322143555,3.3859872817993164,13.262166023254395,5.752758979797363
187,ppo_gmm,gaussian,physical,0,False,0.0,5.616762161254883,3.3262295722961426,5.083303451538086,5.683696269989014
187,ppo_gmm,gaussian,physical,1,False,0.0,10.037870407104492,3.3675131797790527,7.474508285522461,5.713756561279297
187,ppo_gmm,gaussian,physical,2,False,0.0,2.6545329093933105,3.430384397506714,3.3449137210845947,5.702354431152344
187,ppo_gmm,gaussian,physical,3,True,0.5,6.930815696716309,3.219440460205078,2.970799207687378,5.513086318969727
187,ppo_gmm,gaussian,physical,4,False,0.0,8.372243881225586,3.426696300506592,11.97101879119873,5.743864059448242
187,ppo_gmm,gaussian,physical,5,True,0.5,10.170496940612793,3.356630325317383,4.052244663238525,5.461435317993164
187,ppo_gmm,gaussian,physical,6,False,0.0,6.206274032592773,3.387011766433716,10.503533363342285,5.752316474914551
187,ppo_gmm,gaussian,physical,7,False,0.0,6.372358322143555,3.3859872817993164,13.262166023254395,5.752758979797363
188,ppo_gmm,gaussian,physical,0,False,0.0,5.616762161254883,3.3262295722961426,5.083303451538086,5.683696269989014
188,ppo_gmm,gaussian,physical,1,False,0.0,10.037870407104492,3.3675131797790527,7.474508285522461,5.713756561279297
188,ppo_gmm,gaussian,physical,2,False,0.0,2.6545329093933105,3.430384397506714,3.3449137210845947,5.702354431152344
188,ppo_gmm,gaussian,physical,3,True,0.5,6.931246757507324,3.217525005340576,2.9702672958374023,5.511401176452637
188,ppo_gmm,gaussian,physical,4,False,0.0,8.372243881225586,3.426696300506592,11.97101879119873,5.743864059448242
188,ppo_gmm,gaussian,physical,5,True,0.5,10.17007827758789,3.356374740600586,4.051693439483643,5.459659099578857
188,ppo_gmm,gaussian,physical,6,False,0.0,6.206274032592773,3.387011766433716,10.503533363342285,5.752316474914551
188,ppo_gmm,gaussian,physical,7,False,0.0,6.372358322143555,3.3859872817993164,13.262166023254395,5.752758979797363
189,ppo_gmm,gaussian,physical,0,False,0.0,5.616762161254883,3.3262295722961426,5.083303451538086,5.683696269989014
189,ppo_gmm,gaussian,physical,1,False,0.0,10.037870407104492,3.3675131797790527,7.474508285522461,5.713756561279297
189,ppo_gmm,gaussian,physical,2,False,0.0,2.6545329093933105,3.430384397506714,3.3449137210845947,5.702354431152344
189,ppo_gmm,gaussian,physical,3,True,0.5,6.931689262390137,3.215531587600708,2.9696967601776123,5.509558200836182
189,ppo_gmm,gaussian,physical,4,False,0.0,8.372243881225586,3.426696300506592,11.97101879119873,5.743864059448242
189,ppo_gmm,gaussian,physical,5,True,0.5,10.169692039489746,3.356092691421509,4.0511369705200195,5.458118915557861
189,ppo_gmm,gaussian,physical,6,False,0.0,6.206274032592773,3.387011766433716,10.503533363342285,5.752316474914551
189,ppo_gmm,gaussian,physical,7,False,0.0,6.372358322143555,3.3859872817993164,13.262166023254395,5.752758979797363
190,ppo_gmm,gaussian,physical,0,False,0.0,5.616762161254883,3.3262295722961426,5.083303451538086,5.683696269989014
190,ppo_gmm,gaussian,physical,1,False,0.0,10.037870407104492,3.3675131797790527,7.474508285522461,5.713756561279297
190,ppo_gmm,gaussian,physical,2,False,0.0,2.6545329093933105,3.430384397506714,3.3449137210845947,5.702354431152344
190,ppo_gmm,gaussian,physical,3,True,0.5,6.932174205780029,3.213566303253174,2.9690780639648438,5.507355690002441
190,ppo_gmm,gaussian,physical,4,False,0.0,8.372243881225586,3.426696300506592,11.97101879119873,5.743864059448242
190,ppo_gmm,gaussian,physical,5,True,0.5,10.169299125671387,3.3558809757232666,4.050614356994629,5.4568939208984375
190,ppo_gmm,gaussian,physical,6,False,0.0,6.206274032592773,3.387011766433716,10.503533363342285,5.752316474914551
190,ppo_gmm,gaussian,physical,7,False,0.0,6.372358322143555,3.3859872817993164,13.262166023254395,5.752758979797363
191,ppo_gmm,gaussian,physical,0,False,0.0,5.616762161254883,3.3262295722961426,5.083303451538086,5.683696269989014
191,ppo_gmm,gaussian,physical,1,False,0.0,10.037870407104492,3.3675131797790527,7.474508285522461,5.713756561279297
191,ppo_gmm,gaussian,physical,2,False,0.0,2.6545329093933105,3.430384397506714,3.3449137210845947,5.702354431152344
191,ppo_gmm,gaussian,physical,3,True,0.5,6.932682514190674,3.2115299701690674,2.968474864959717,5.505521774291992
191,ppo_gmm,gaussian,physical,4,False,0.0,8.372243881225586,3.426696300506592,11.97101879119873,5.743864059448242
191,ppo_gmm,gaussian,physical,5,True,0.5,10.168882369995117,3.355482578277588,4.050093173980713,5.455549240112305
191,ppo_gmm,gaussian,physical,6,False,0.0,6.206274032592773,3.387011766433716,10.503533363342285,5.752316474914551
191,ppo_gmm,gaussian,physical,7,False,0.0,6.372358322143555,3.3859872817993164,13.262166023254395,5.752758979797363
192,ppo_gmm,gaussian,physical,0,False,0.0,5.616762161254883,3.3262295722961426,5.083303451538086,5.683696269989014
192,ppo_gmm,gaussian,physical,1,False,0.0,10.037870407104492,3.3675131797790527,7.474508285522461,5.713756561279297
192,ppo_gmm,gaussian,physical,2,False,0.0,2.6545329093933105,3.430384397506714,3.3449137210845947,5.702354431152344
192,ppo_gmm,gaussian,physical,3,True,0.5,6.933114051818848,3.2094762325286865,2.9678657054901123,5.503486633300781
192,ppo_gmm,gaussian,physical,4,False,0.0,8.372243881225586,3.426696300506592,11.97101879119873,5.743864059448242
192,ppo_gmm,gaussian,physical,5,True,0.5,10.168435096740723,3.3551361560821533,4.049559593200684,5.453949928283691
192,ppo_gmm,gaussian,physical,6,False,0.0,6.206274032592773,3.387011766433716,10.503533363342285,5.752316474914551
192,ppo_gmm,gaussian,physical,7,False,0.0,6.372358322143555,3.3859872817993164,13.262166023254395,5.752758979797363
193,ppo_gmm,gaussian,physical,0,False,0.0,5.616762161254883,3.3262295722961426,5.083303451538086,5.683696269989014
193,ppo_gmm,gaussian,physical,1,False,0.0,10.037870407104492,3.3675131797790527,7.474508285522461,5.713756561279297
193,ppo_gmm,gaussian,physical,2,False,0.0,2.6545329093933105,3.430384397506714,3.3449137210845947,5.702354431152344
193,ppo_gmm,gaussian,physical,3,True,0.5,6.9335856437683105,3.207381010055542,2.967236042022705,5.501317977905273
193,ppo_gmm,gaussian,physical,4,False,0.0,8.372243881225586,3.426696300506592,11.97101879119873,5.743864059448242
193,ppo_gmm,gaussian,physical,5,True,0.5,10.167994499206543,3.3546690940856934,4.049044609069824,5.452597618103027
193,ppo_gmm,gaussian,physical,6,False,0.0,6.206274032592773,3.387011766433716,10.503533363342285,5.752316474914551
193,ppo_gmm,gaussian,physical,7,False,0.0,6.372358322143555,3.3859872817993164,13.262166023254395,5.752758979797363
194,ppo_gmm,gaussian,physical,0,False,0.0,5.616762161254883,3.3262295722961426,5.083303451538086,5.683696269989014
194,ppo_gmm,gaussian,physical,1,False,0.0,10.037870407104492,3.3675131797790527,7.474508285522461,5.713756561279297
194,ppo_gmm,gaussian,physical,2,False,0.0,2.6545329093933105,3.430384397506714,3.3449137210845947,5.702354431152344
194,ppo_gmm,gaussian,physical,3,True,0.5,6.934065818786621,3.20525860786438,2.966620922088623,5.499778747558594
194,ppo_gmm,gaussian,physical,4,False,0.0,8.372243881225586,3.426696300506592,11.97101879119873,5.743864059448242
194,ppo_gmm,gaussian,physical,5,True,0.5,10.167543411254883,3.354323148727417,4.0485429763793945,5.451589584350586
194,ppo_gmm,gaussian,physical,6,False,0.0,6.206274032592773,3.387011766433716,10.503533363342285,5.752316474914551
194,ppo_gmm,gaussian,physical,7,False,0.0,6.372358322143555,3.3859872817993164,13.262166023254395,5.752758979797363
195,ppo_gmm,gaussian,physical,0,False,0.0,5.616762161254883,3.3262295722961426,5.083303451538086,5.683696269989014
195,ppo_gmm,gaussian,physical,1,False,0.0,10.037870407104492,3.3675131797790527,7.474508285522461,5.713756561279297
195,ppo_gmm,gaussian,physical,2,False,0.0,2.6545329093933105,3.430384397506714,3.3449137210845947,5.702354431152344
195,ppo_gmm,gaussian,physical,3,True,0.5,6.934556007385254,3.2030768394470215,2.966041088104248,5.498246669769287
195,ppo_gmm,gaussian,physical,4,False,0.0,8.372243881225586,3.426696300506592,11.97101879119873,5.743864059448242
195,ppo_gmm,gaussian,physical,5,True,0.5,10.167119979858398,3.3539724349975586,4.0480546951293945,5.450594902038574
195,ppo_gmm,gaussian,physical,6,False,0.0,6.206274032592773,3.387011766433716,10.503533363342285,5.752316474914551
195,ppo_gmm,gaussian,physical,7,False,0.0,6.372358322143555,3.3859872817993164,13.262166023254395,5.752758979797363
196,ppo_gmm,gaussian,physical,0,False,0.0,5.616762161254883,3.3262295722961426,5.083303451538086,5.683696269989014
196,ppo_gmm,gaussian,physical,1,False,0.0,10.037870407104492,3.3675131797790527,7.474508285522461,5.713756561279297
196,ppo_gmm,gaussian,physical,2,False,0.0,2.6545329093933105,3.430384397506714,3.3449137210845947,5.702354431152344
196,ppo_gmm,gaussian,physical,3,True,0.5,6.934999942779541,3.2010555267333984,2.965467691421509,5.49650764465332
196,ppo_gmm,gaussian,physical,4,False,0.0,8.372243881225586,3.426696300506592,11.97101879119873,5.743864059448242
196,ppo_gmm,gaussian,physical,5,True,0.5,10.166744232177734,3.354001760482788,4.047555446624756,5.4497151374816895
196,ppo_gmm,gaussian,physical,6,False,0.0,6.206274032592773,3.387011766433716,10.503533363342285,5.752316474914551
196,ppo_gmm,gaussian,physical,7,False,0.0,6.372358322143555,3.3859872817993164,13.262166023254395,5.752758979797363
197,ppo_gmm,gaussian,physical,0,False,0.0,5.616762161254883,3.3262295722961426,5.083303451538086,5.683696269989014
197,ppo_gmm,gaussian,physical,1,False,0.0,10.037870407104492,3.3675131797790527,7.474508285522461,5.713756561279297
197,ppo_gmm,gaussian,physical,2,False,0.0,2.6545329093933105,3.430384397506714,3.3449137210845947,5.702354431152344
197,ppo_gmm,gaussian,physical,3,True,0.5,6.93546199798584,3.1989879608154297,2.964912176132202,5.4947404861450195
197,ppo_gmm,gaussian,physical,4,False,0.0,8.372243881225586,3.426696300506592,11.97101879119873,5.743864059448242
197,ppo_gmm,gaussian,physical,5,True,0.5,10.166359901428223,3.3539540767669678,4.047067165374756,5.448558807373047
197,ppo_gmm,gaussian,physical,6,False,0.0,6.206274032592773,3.387011766433716,10.503533363342285,5.752316474914551
197,ppo_gmm,gaussian,physical,7,False,0.0,6.372358322143555,3.3859872817993164,13.262166023254395,5.752758979797363
198,ppo_gmm,gaussian,physical,0,False,0.0,5.616762161254883,3.3262295722961426,5.083303451538086,5.683696269989014
198,ppo_gmm,gaussian,physical,1,False,0.0,10.037870407104492,3.3675131797790527,7.474508285522461,5.713756561279297
198,ppo_gmm,gaussian,physical,2,False,0.0,2.6545329093933105,3.430384397506714,3.3449137210845947,5.702354431152344
198,ppo_gmm,gaussian,physical,3,True,0.5,6.935965061187744,3.1969242095947266,2.964360475540161,5.492968559265137
198,ppo_gmm,gaussian,physical,4,False,0.0,8.372243881225586,3.426696300506592,11.97101879119873,5.743864059448242
198,ppo_gmm,gaussian,physical,5,True,0.5,10.166000366210938,3.3535776138305664,4.046569347381592,5.447582721710205
198,ppo_gmm,gaussian,physical,6,False,0.0,6.206274032592773,3.387011766433716,10.503533363342285,5.752316474914551
198,ppo_gmm,gaussian,physical,7,False,0.0,6.372358322143555,3.3859872817993164,13.262166023254395,5.752758979797363
199,ppo_gmm,gaussian,physical,0,False,0.0,5.616762161254883,3.3262295722961426,5.083303451538086,5.683696269989014
199,ppo_gmm,gaussian,physical,1,False,0.0,10.037870407104492,3.3675131797790527,7.474508285522461,5.713756561279297
199,ppo_gmm,gaussian,physical,2,False,0.0,2.6545329093933105,3.430384397506714,3.3449137210845947,5.702354431152344
199,ppo_gmm,gaussian,physical,3,True,0.5,6.936450004577637,3.1950435638427734,2.9638168811798096,5.491306304931641
199,ppo_gmm,gaussian,physical,4,False,0.0,8.372243881225586,3.426696300506592,11.97101879119873,5.743864059448242
199,ppo_gmm,gaussian,physical,5,True,0.5,10.165780067443848,3.352672576904297,4.046055316925049,5.446310520172119
199,ppo_gmm,gaussian,physical,6,False,0.0,6.206274032592773,3.387011766433716,10.503533363342285,5.752316474914551
199,ppo_gmm,gaussian,physical,7,False,0.0,6.372358322143555,3.3859872817993164,13.262166023254395,5.752758979797363
200,ppo_gmm,gaussian,physical,0,False,0.0,5.616762161254883,3.3262295722961426,5.083303451538086,5.683696269989014
200,ppo_gmm,gaussian,physical,1,False,0.0,10.037870407104492,3.3675131797790527,7.474508285522461,5.713756561279297
200,ppo_gmm,gaussian,physical,2,False,0.0,2.6545329093933105,3.430384397506714,3.3449137210845947,5.702354431152344
200,ppo_gmm,gaussian,physical,3,True,1.0,6.936940670013428,3.1932568550109863,2.9632887840270996,5.489987850189209
200,ppo_gmm,gaussian,physical,4,False,0.0,8.372243881225586,3.426696300506592,11.97101879119873,5.743864059448242
200,ppo_gmm,gaussian,physical,5,False,0.0,10.16545295715332,3.351379871368408,4.04550313949585,5.445047855377197
200,ppo_gmm,gaussian,physical,6,False,0.0,6.206274032592773,3.387011766433716,10.503533363342285,5.752316474914551
200,ppo_gmm,gaussian,physical,7,False,0.0,6.372358322143555,3.3859872817993164,13.262166023254395,5.752758979797363
201,ppo_gmm,gaussian,physical,0,False,0.0,5.616762161254883,3.3262295722961426,5.083303451538086,5.683696269989014
201,ppo_gmm,gaussian,physical,1,False,0.0,10.037870407104492,3.3675131797790527,7.474508285522461,5.713756561279297
201,ppo_gmm,gaussian,physical,2,False,0.0,2.6545329093933105,3.430384397506714,3.3449137210845947,5.702354431152344
201,ppo_gmm,gaussian,physical,3,True,1.0,6.937540531158447,3.1913416385650635,2.962688684463501,5.486694812774658
201,ppo_gmm,gaussian,physical,4,False,0.0,8.372243881225586,3.426696300506592,11.97101879119873,5.743864059448242
201,ppo_gmm,gaussian,physical,5,False,0.0,10.16545295715332,3.351379871368408,4.04550313949585,5.445047855377197
201,ppo_gmm,gaussian,physical,6,False,0.0,6.206274032592773,3.387011766433716,10.503533363342285,5.752316474914551
201,ppo_gmm,gaussian,physical,7,False,0.0,6.372358322143555,3.3859872817993164,13.262166023254395,5.752758979797363
202,ppo_gmm,gaussian,physical,0,False,0.0,5.616762161254883,3.3262295722961426,5.083303451538086,5.683696269989014
202,ppo_gmm,gaussian,physical,1,False,0.0,10.037870407104492,3.3675131797790527,7.474508285522461,5.713756561279297
202,ppo_gmm,gaussian,physical,2,False,0.0,2.6545329093933105,3.430384397506714,3.3449137210845947,5.702354431152344
202,ppo_gmm,gaussian,physical,3,True,1.0,6.938022613525391,3.1895079612731934,2.9620912075042725,5.485614776611328
202,ppo_gmm,gaussian,physical,4,False,0.0,8.372243881225586,3.426696300506592,11.97101879119873,5.743864059448242
202,ppo_gmm,gaussian,physical,5,False,0.0,10.16545295715332,3.351379871368408,4.04550313949585,5.445047855377197
202,ppo_gmm,gaussian,physical,6,False,0.0,6.206274032592773,3.387011766433716,10.503533363342285,5.752316474914551
202,ppo_gmm,gaussian,physical,7,False,0.0,6.372358322143555,3.3859872817993164,13.262166023254395,5.752758979797363
203,ppo_gmm,gaussian,physical,0,False,0.0,5.616762161254883,3.3262295722961426,5.083303451538086,5.683696269989014
203,ppo_gmm,gaussian,physical,1,False,0.0,10.037870407104492,3.3675131797790527,7.474508285522461,5.713756561279297
203,ppo_gmm,gaussian,physical,2,False,0.0,2.6545329093933105,3.430384397506714,3.3449137210845947,5.702354431152344
203,ppo_gmm,gaussian,physical,3,True,1.0,6.937985420227051,3.1876490116119385,2.9615085124969482,5.484748840332031
203,ppo_gmm,gaussian,physical,4,False,0.0,8.372243881225586,3.426696300506592,11.97101879119873,5.743864059448242
203,ppo_gmm,gaussian,physical,5,False,0.0,10.16545295715332,3.351379871368408,4.04550313949585,5.445047855377197
203,ppo_gmm,gaussian,physical,6,False,0.0,6.206274032592773,3.387011766433716,10.503533363342285,5.752316474914551
203,ppo_gmm,gaussian,physical,7,False,0.0,6.372358322143555,3.3859872817993164,13.262166023254395,5.752758979797363
204,ppo_gmm,gaussian,physical,0,False,0.0,5.616762161254883,3.3262295722961426,5.083303451538086,5.683696269989014
204,ppo_gmm,gaussian,physical,1,False,0.0,10.037870407104492,3.3675131797790527,7.474508285522461,5.713756561279297
204,ppo_gmm,gaussian,physical,2,False,0.0,2.6545329093933105,3.430384397506714,3.3449137210845947,5.702354431152344
204,ppo_gmm,gaussian,physical,3,True,1.0,6.937740325927734,3.1858463287353516,2.9609365463256836,5.483016014099121
204,ppo_gmm,gaussian,physical,4,False,0.0,8.372243881225586,3.426696300506592,11.97101879119873,5.743864059448242
204,ppo_gmm,gaussian,physical,5,False,0.0,10.16545295715332,3.351379871368408,4.04550313949585,5.445047855377197
204,ppo_gmm,gaussian,physical,6,False,0.0,6.206274032592773,3.387011766433716,10.503533363342285,5.752316474914551
204,ppo_gmm,gaussian,physical,7,False,0.0,6.372358322143555,3.3859872817993164,13.262166023254395,5.752758979797363
205,ppo_gmm,gaussian,physical,0,False,0.0,5.616762161254883,3.3262295722961426,5.083303451538086,5.683696269989014
205,ppo_gmm,gaussian,physical,1,False,0.0,10.037870407104492,3.3675131797790527,7.474508285522461,5.713756561279297
205,ppo_gmm,gaussian,physical,2,False,0.0,2.6545329093933105,3.430384397506714,3.3449137210845947,5.702354431152344
205,ppo_gmm,gaussian,physical,3,True,1.0,6.937790393829346,3.1840133666992188,2.960425615310669,5.481696128845215
205,ppo_gmm,gaussian,physical,4,False,0.0,8.372243881225586,3.426696300506592,11.97101879119873,5.743864059448242
205,ppo_gmm,gaussian,physical,5,False,0.0,10.16545295715332,3.351379871368408,4.04550313949585,5.445047855377197
205,ppo_gmm,gaussian,physical,6,False,0.0,6.206274032592773,3.387011766433716,10.503533363342285,5.752316474914551
205,ppo_gmm,gaussian,physical,7,False,0.0,6.372358322143555,3.3859872817993164,13.262166023254395,5.752758979797363
206,ppo_gmm,gaussian,physical,0,False,0.0,5.616762161254883,3.3262295722961426,5.083303451538086,5.683696269989014
206,ppo_gmm,gaussian,physical,1,False,0.0,10.037870407104492,3.3675131797790527,7.474508285522461,5.713756561279297
206,ppo_gmm,gaussian,physical,2,False,0.0,2.6545329093933105,3.430384397506714,3.3449137210845947,5.702354431152344
206,ppo_gmm,gaussian,physical,3,True,1.0,6.938002586364746,3.182163715362549,2.95994234085083,5.480151653289795
206,ppo_gmm,gaussian,physical,4,False,0.0,8.372243881225586,3.426696300506592,11.97101879119873,5.743864059448242
206,ppo_gmm,gaussian,physical,5,False,0.0,10.16545295715332,3.351379871368408,4.04550313949585,5.445047855377197
206,ppo_gmm,gaussian,physical,6,False,0.0,6.206274032592773,3.387011766433716,10.503533363342285,5.752316474914551
206,ppo_gmm,gaussian,physical,7,False,0.0,6.372358322143555,3.3859872817993164,13.262166023254395,5.752758979797363
207,ppo_gmm,gaussian,physical,0,False,0.0,5.616762161254883,3.3262295722961426,5.083303451538086,5.683696269989014
207,ppo_gmm,gaussian,physical,1,False,0.0,10.037870407104492,3.3675131797790527,7.474508285522461,5.713756561279297
207,ppo_gmm,gaussian,physical,2,False,0.0,2.6545329093933105,3.430384397506714,3.3449137210845947,5.702354431152344
207,ppo_gmm,gaussian,physical,3,True,1.0,6.938180923461914,3.1804299354553223,2.959442138671875,5.478062152862549
207,ppo_gmm,gaussian,physical,4,False,0.0,8.372243881225586,3.426696300506592,11.97101879119873,5.743864059448242
207,ppo_gmm,gaussian,physical,5,False,0.0,10.16545295715332,3.351379871368408,4.04550313949585,5.445047855377197
207,ppo_gmm,gaussian,physical,6,False,0.0,6.206274032592773,3.387011766433716,10.503533363342285,5.752316474914551
207,ppo_gmm,gaussian,physical,7,False,0.0,6.372358322143555,3.3859872817993164,13.262166023254395,5.752758979797363
208,ppo_gmm,gaussian,physical,0,False,0.0,5.616762161254883,3.3262295722961426,5.083303451538086,5.683696269989014
208,ppo_gmm,gaussian,physical,1,False,0.0,10.037870407104492,3.3675131797790527,7.474508285522461,5.713756561279297
208,ppo_gmm,gaussian,physical,2,False,0.0,2.6545329093933105,3.430384397506714,3.3449137210845947,5.702354431152344
208,ppo_gmm,gaussian,physical,3,True,1.0,6.938393592834473,3.1786768436431885,2.958944797515869,5.475752830505371
208,ppo_gmm,gaussian,physical,4,False,0.0,8.372243881225586,3.426696300506592,11.97101879119873,5.743864059448242
208,ppo_gmm,gaussian,physical,5,False,0.0,10.16545295715332,3.351379871368408,4.04550313949585,5.445047855377197
208,ppo_gmm,gaussian,physical,6,False,0.0,6.206274032592773,3.387011766433716,10.503533363342285,5.752316474914551
208,ppo_gmm,gaussian,physical,7,False,0.0,6.372358322143555,3.3859872817993164,13.262166023254395,5.752758979797363
209,ppo_gmm,gaussian,physical,0,False,0.0,5.616762161254883,3.3262295722961426,5.083303451538086,5.683696269989014
209,ppo_gmm,gaussian,physical,1,False,0.0,10.037870407104492,3.3675131797790527,7.474508285522461,5.713756561279297
209,ppo_gmm,gaussian,physical,2,False,0.0,2.6545329093933105,3.430384397506714,3.3449137210845947,5.702354431152344
209,ppo_gmm,gaussian,physical,3,True,1.0,6.9386701583862305,3.1769051551818848,2.9584505558013916,5.47331428527832
209,ppo_gmm,gaussian,physical,4,False,0.0,8.372243881225586,3.426696300506592,11.97101879119873,5.743864059448242
209,ppo_gmm,gaussian,physical,5,False,0.0,10.16545295715332,3.351379871368408,4.04550313949585,5.445047855377197
209,ppo_gmm,gaussian,physical,6,False,0.0,6.206274032592773,3.387011766433716,10.503533363342285,5.752316474914551
209,ppo_gmm,gaussian,physical,7,False,0.0,6.372358322143555,3.3859872817993164,13.262166023254395,5.752758979797363
210,ppo_gmm,gaussian,physical,0,False,0.0,5.616762161254883,3.3262295722961426,5.083303451538086,5.683696269989014
210,ppo_gmm,gaussian,physical,1,False,0.0,10.037870407104492,3.3675131797790527,7.474508285522461,5.713756561279297
210,ppo_gmm,gaussian,physical,2,False,0.0,2.6545329093933105,3.430384397506714,3.3449137210845947,5.702354431152344
210,ppo_gmm,gaussian,physical,3,True,1.0,6.93903923034668,3.1751151084899902,2.957970380783081,5.4708356857299805
210,ppo_gmm,gaussian,physical,4,False,0.0,8.372243881225586,3.426696300506592,11.97101879119873,5.743864059448242
210,ppo_gmm,gaussian,physical,5,False,0.0,10.16545295715332,3.351379871368408,4.04550313949585,5.445047855377197
210,ppo_gmm,gaussian,physical,6,False,0.0,6.206274032592773,3.387011766433716,10.503533363342285,5.752316474914551
210,ppo_gmm,gaussian,physical,7,False,0.0,6.372358322143555,3.3859872817993164,13.262166023254395,5.752758979797363
211,ppo_gmm,gaussian,physical,0,False,0.0,5.616762161254883,3.3262295722961426,5.083303451538086,5.683696269989014
211,ppo_gmm,gaussian,physical,1,False,0.0,10.037870407104492,3.3675131797790527,7.474508285522461,5.713756561279297
211,ppo_gmm,gaussian,physical,2,False,0.0,2.6545329093933105,3.430384397506714,3.3449137210845947,5.702354431152344
211,ppo_gmm,gaussian,physical,3,True,1.0,6.939296722412109,3.1734118461608887,2.9574873447418213,5.468157768249512
211,ppo_gmm,gaussian,physical,4,False,0.0,8.372243881225586,3.426696300506592,11.97101879119873,5.743864059448242
211,ppo_gmm,gaussian,physical,5,False,0.0,10.16545295715332,3.351379871368408,4.04550313949585,5.445047855377197
211,ppo_gmm,gaussian,physical,6,False,0.0,6.206274032592773,3.387011766433716,10.503533363342285,5.752316474914551
211,ppo_gmm,gaussian,physical,7,False,0.0,6.372358322143555,3.3859872817993164,13.262166023254395,5.752758979797363
212,ppo_gmm,gaussian,physical,0,False,0.0,5.616762161254883,3.3262295722961426,5.083303451538086,5.683696269989014
212,ppo_gmm,gaussian,physical,1,False,0.0,10.037870407104492,3.3675131797790527,7.474508285522461,5.713756561279297
212,ppo_gmm,gaussian,physical,2,False,0.0,2.6545329093933105,3.430384397506714,3.3449137210845947,5.702354431152344
212,ppo_gmm,gaussian,physical,3,True,1.0,6.939624786376953,3.171671152114868,2.9570364952087402,5.465672492980957
212,ppo_gmm,gaussian,physical,4,False,0.0,8.372243881225586,3.426696300506592,11.97101879119873,5.743864059448242
212,ppo_gmm,gaussian,physical,5,False,0.0,10.16545295715332,3.351379871368408,4.04550313949585,5.445047855377197
212,ppo_gmm,gaussian,physical,6,False,0.0,6.206274032592773,3.387011766433716,10.503533363342285,5.752316474914551
212,ppo_gmm,gaussian,physical,7,False,0.0,6.372358322143555,3.3859872817993164,13.262166023254395,5.752758979797363
213,ppo_gmm,gaussian,physical,0,False,0.0,5.616762161254883,3.3262295722961426,5.083303451538086,5.683696269989014
213,ppo_gmm,gaussian,physical,1,False,0.0,10.037870407104492,3.3675131797790527,7.474508285522461,5.713756561279297
213,ppo_gmm,gaussian,physical,2,False,0.0,2.6545329093933105,3.430384397506714,3.3449137210845947,5.702354431152344
213,ppo_gmm,gaussian,physical,3,True,1.0,6.940016746520996,3.1699037551879883,2.9566116333007812,5.463597774505615
213,ppo_gmm,gaussian,physical,4,False,0.0,8.372243881225586,3.426696300506592,11.97101879119873,5.743864059448242
213,ppo_gmm,gaussian,physical,5,False,0.0,10.16545295715332,3.351379871368408,4.04550313949585,5.445047855377197
213,ppo_gmm,gaussian,physical,6,False,0.0,6.206274032592773,3.387011766433716,10.503533363342285,5.752316474914551
213,ppo_gmm,gaussian,physical,7,False,0.0,6.372358322143555,3.3859872817993164,13.262166023254395,5.752758979797363
214,ppo_gmm,gaussian,physical,0,False,0.0,5.616762161254883,3.3262295722961426,5.083303451538086,5.683696269989014
214,ppo_gmm,gaussian,physical,1,False,0.0,10.037870407104492,3.3675131797790527,7.474508285522461,5.713756561279297
214,ppo_gmm,gaussian,physical,2,False,0.0,2.6545329093933105,3.430384397506714,3.3449137210845947,5.702354431152344
214,ppo_gmm,gaussian,physical,3,True,1.0,6.9404191970825195,3.16817569732666,2.956171751022339,5.4624786376953125
214,ppo_gmm,gaussian,physical,4,False,0.0,8.372243881225586,3.426696300506592,11.97101879119873,5.743864059448242
214,ppo_gmm,gaussian,physical,5,False,0.0,10.16545295715332,3.351379871368408,4.04550313949585,5.445047855377197
214,ppo_gmm,gaussian,physical,6,False,0.0,6.206274032592773,3.387011766433716,10.503533363342285,5.752316474914551
214,ppo_gmm,gaussian,physical,7,False,0.0,6.372358322143555,3.3859872817993164,13.262166023254395,5.752758979797363
215,ppo_gmm,gaussian,physical,0,False,0.0,5.616762161254883,3.3262295722961426,5.083303451538086,5.683696269989014
215,ppo_gmm,gaussian,physical,1,False,0.0,10.037870407104492,3.3675131797790527,7.474508285522461,5.713756561279297
215,ppo_gmm,gaussian,physical,2,False,0.0,2.6545329093933105,3.430384397506714,3.3449137210845947,5.702354431152344
215,ppo_gmm,gaussian,physical,3,True,1.0,6.940809726715088,3.166419267654419,2.9557182788848877,5.461528301239014
215,ppo_gmm,gaussian,physical,4,False,0.0,8.372243881225586,3.426696300506592,11.97101879119873,5.743864059448242
215,ppo_gmm,gaussian,physical,5,False,0.0,10.16545295715332,3.351379871368408,4.04550313949585,5.445047855377197
215,ppo_gmm,gaussian,physical,6,False,0.0,6.206274032592773,3.387011766433716,10.503533363342285,5.752316474914551
215,ppo_gmm,gaussian,physical,7,False,0.0,6.372358322143555,3.3859872817993164,13.262166023254395,5.752758979797363
216,ppo_gmm,gaussian,physical,0,False,0.0,5.616762161254883,3.3262295722961426,5.083303451538086,5.683696269989014
216,ppo_gmm,gaussian,physical,1,False,0.0,10.037870407104492,3.3675131797790527,7.474508285522461,5.713756561279297
216,ppo_gmm,gaussian,physical,2,False,0.0,2.6545329093933105,3.430384397506714,3.3449137210845947,5.702354431152344
216,ppo_gmm,gaussian,physical,3,True,1.0,6.941220760345459,3.164668083190918,2.9552366733551025,5.460963249206543
216,ppo_gmm,gaussian,physical,4,False,0.0,8.372243881225586,3.426696300506592,11.97101879119873,5.743864059448242
216,ppo_gmm,gaussian,physical,5,False,0.0,10.16545295715332,3.351379871368408,4.04550313949585,5.445047855377197
216,ppo_gmm,gaussian,physical,6,False,0.0,6.206274032592773,3.387011766433716,10.503533363342285,5.752316474914551
216,ppo_gmm,gaussian,physical,7,False,0.0,6.372358322143555,3.3859872817993164,13.262166023254395,5.752758979797363
217,ppo_gmm,gaussian,physical,0,False,0.0,5.616762161254883,3.3262295722961426,5.083303451538086,5.683696269989014
217,ppo_gmm,gaussian,physical,1,False,0.0,10.037870407104492,3.3675131797790527,7.474508285522461,5.713756561279297
217,ppo_gmm,gaussian,physical,2,False,0.0,2.6545329093933105,3.430384397506714,3.3449137210845947,5.702354431152344
217,ppo_gmm,gaussian,physical,3,True,1.0,6.94162130355835,3.1628952026367188,2.9547648429870605,5.460539817810059
217,ppo_gmm,gaussian,physical,4,False,0.0,8.372243881225586,3.426696300506592,11.97101879119873,5.743864059448242
217,ppo_gmm,gaussian,physical,5,False,0.0,10.16545295715332,3.351379871368408,4.04550313949585,5.445047855377197
217,ppo_gmm,gaussian,physical,6,False,0.0,6.206274032592773,3.387011766433716,10.503533363342285,5.752316474914551
217,ppo_gmm,gaussian,physical,7,False,0.0,6.372358322143555,3.3859872817993164,13.262166023254395,5.752758979797363
218,ppo_gmm,gaussian,physical,0,False,0.0,5.616762161254883,3.3262295722961426,5.083303451538086,5.683696269989014
218,ppo_gmm,gaussian,physical,1,False,0.0,10.037870407104492,3.3675131797790527,7.474508285522461,5.713756561279297
218,ppo_gmm,gaussian,physical,2,False,0.0,2.6545329093933105,3.430384397506714,3.3449137210845947,5.702354431152344
218,ppo_gmm,gaussian,physical,3,True,1.0,6.942047119140625,3.161135673522949,2.9542829990386963,5.45973014831543
218,ppo_gmm,gaussian,physical,4,False,0.0,8.372243881225586,3.426696300506592,11.97101879119873,5.743864059448242
218,ppo_gmm,gaussian,physical,5,False,0.0,10.16545295715332,3.351379871368408,4.04550313949585,5.445047855377197
218,ppo_gmm,gaussian,physical,6,False,0.0,6.206274032592773,3.387011766433716,10.503533363342285,5.752316474914551
218,ppo_gmm,gaussian,physical,7,False,0.0,6.372358322143555,3.3859872817993164,13.262166023254395,5.752758979797363
219,ppo_gmm,gaussian,physical,0,False,0.0,5.616762161254883,3.3262295722961426,5.083303451538086,5.683696269989014
219,ppo_gmm,gaussian,physical,1,False,0.0,10.037870407104492,3.3675131797790527,7.474508285522461,5.713756561279297
219,ppo_gmm,gaussian,physical,2,False,0.0,2.6545329093933105,3.430384397506714,3.3449137210845947,5.702354431152344
219,ppo_gmm,gaussian,physical,3,True,1.0,6.942523956298828,3.1594388484954834,2.9537956714630127,5.458965301513672
219,ppo_gmm,gaussian,physical,4,False,0.0,8.372243881225586,3.426696300506592,11.97101879119873,5.743864059448242
219,ppo_gmm,gaussian,physical,5,False,0.0,10.16545295715332,3.351379871368408,4.04550313949585,5.445047855377197
219,ppo_gmm,gaussian,physical,6,False,0.0,6.206274032592773,3.387011766433716,10.503533363342285,5.752316474914551
219,ppo_gmm,gaussian,physical,7,False,0.0,6.372358322143555,3.3859872817993164,13.262166023254395,5.752758979797363
220,ppo_gmm,gaussian,physical,0,False,0.0,5.616762161254883,3.3262295722961426,5.083303451538086,5.683696269989014
220,ppo_gmm,gaussian,physical,1,False,0.0,10.037870407104492,3.3675131797790527,7.474508285522461,5.713756561279297
220,ppo_gmm,gaussian,physical,2,False,0.0,2.6545329093933105,3.430384397506714,3.3449137210845947,5.702354431152344
220,ppo_gmm,gaussian,physical,3,True,1.0,6.943034648895264,3.157719135284424,2.953317165374756,5.458103179931641
220,ppo_gmm,gaussian,physical,4,False,0.0,8.372243881225586,3.426696300506592,11.97101879119873,5.743864059448242
220,ppo_gmm,gaussian,physical,5,False,0.0,10.16545295715332,3.351379871368408,4.04550313949585,5.445047855377197
220,ppo_gmm,gaussian,physical,6,False,0.0,6.206274032592773,3.387011766433716,10.503533363342285,5.752316474914551
220,ppo_gmm,gaussian,physical,7,False,0.0,6.372358322143555,3.3859872817993164,13.262166023254395,5.752758979797363
221,ppo_gmm,gaussian,physical,0,False,0.0,5.616762161254883,3.3262295722961426,5.083303451538086,5.683696269989014
221,ppo_gmm,gaussian,physical,1,False,0.0,10.037870407104492,3.3675131797790527,7.474508285522461,5.713756561279297
221,ppo_gmm,gaussian,physical,2,False,0.0,2.6545329093933105,3.430384397506714,3.3449137210845947,5.702354431152344
221,ppo_gmm,gaussian,physical,3,True,1.0,6.943535327911377,3.1559760570526123,2.9528439044952393,5.457363128662109
221,ppo_gmm,gaussian,physical,4,False,0.0,8.372243881225586,3.426696300506592,11.97101879119873,5.743864059448242
221,ppo_gmm,gaussian,physical,5,False,0.0,10.16545295715332,3.351379871368408,4.04550313949585,5.445047855377197
221,ppo_gmm,gaussian,physical,6,False,0.0,6.206274032592773,3.387011766433716,10.503533363342285,5.752316474914551
221,ppo_gmm,gaussian,physical,7,False,0.0,6.372358322143555,3.3859872817993164,13.262166023254395,5.752758979797363
222,ppo_gmm,gaussian,physical,0,False,0.0,5.616762161254883,3.3262295722961426,5.083303451538086,5.683696269989014
222,ppo_gmm,gaussian,physical,1,False,0.0,10.037870407104492,3.3675131797790527,7.474508285522461,5.713756561279297
222,ppo_gmm,gaussian,physical,2,False,0.0,2.6545329093933105,3.430384397506714,3.3449137210845947,5.702354431152344
222,ppo_gmm,gaussian,physical,3,True,1.0,6.9439697265625,3.154259204864502,2.952357530593872,5.456234931945801
222,ppo_gmm,gaussian,physical,4,False,0.0,8.372243881225586,3.426696300506592,11.97101879119873,5.743864059448242
222,ppo_gmm,gaussian,physical,5,False,0.0,10.16545295715332,3.351379871368408,4.04550313949585,5.445047855377197
222,ppo_gmm,gaussian,physical,6,False,0.0,6.206274032592773,3.387011766433716,10.503533363342285,5.752316474914551
222,ppo_gmm,gaussian,physical,7,False,0.0,6.372358322143555,3.3859872817993164,13.262166023254395,5.752758979797363
223,ppo_gmm,gaussian,physical,0,False,0.0,5.616762161254883,3.3262295722961426,5.083303451538086,5.683696269989014
223,ppo_gmm,gaussian,physical,1,False,0.0,10.037870407104492,3.3675131797790527,7.474508285522461,5.713756561279297
223,ppo_gmm,gaussian,physical,2,False,0.0,2.6545329093933105,3.430384397506714,3.3449137210845947,5.702354431152344
223,ppo_gmm,gaussian,physical,3,True,1.0,6.944402694702148,3.1525630950927734,2.951860189437866,5.455135345458984
223,ppo_gmm,gaussian,physical,4,False,0.0,8.372243881225586,3.426696300506592,11.97101879119873,5.743864059448242
223,ppo_gmm,gaussian,physical,5,False,0.0,10.16545295715332,3.351379871368408,4.04550313949585,5.445047855377197
223,ppo_gmm,gaussian,physical,6,False,0.0,6.206274032592773,3.387011766433716,10.503533363342285,5.752316474914551
223,ppo_gmm,gaussian,physical,7,False,0.0,6.372358322143555,3.3859872817993164,13.262166023254395,5.752758979797363
224,ppo_gmm,gaussian,physical,0,False,0.0,5.616762161254883,3.3262295722961426,5.083303451538086,5.683696269989014
224,ppo_gmm,gaussian,physical,1,False,0.0,10.037870407104492,3.3675131797790527,7.474508285522461,5.713756561279297
224,ppo_gmm,gaussian,physical,2,False,0.0,2.6545329093933105,3.430384397506714,3.3449137210845947,5.702354431152344
224,ppo_gmm,gaussian,physical,3,True,1.0,6.9447832107543945,3.1509315967559814,2.951347827911377,5.453633785247803
224,ppo_gmm,gaussian,physical,4,False,0.0,8.372243881225586,3.426696300506592,11.97101879119873,5.743864059448242
224,ppo_gmm,gaussian,physical,5,False,0.0,10.16545295715332,3.351379871368408,4.04550313949585,5.445047855377197
224,ppo_gmm,gaussian,physical,6,False,0.0,6.206274032592773,3.387011766433716,10.503533363342285,5.752316474914551
224,ppo_gmm,gaussian,physical,7,False,0.0,6.372358322143555,3.3859872817993164,13.262166023254395,5.752758979797363
225,ppo_gmm,gaussian,physical,0,False,0.0,5.616762161254883,3.3262295722961426,5.083303451538086,5.683696269989014
225,ppo_gmm,gaussian,physical,1,False,0.0,10.037870407104492,3.3675131797790527,7.474508285522461,5.713756561279297
225,ppo_gmm,gaussian,physical,2,False,0.0,2.6545329093933105,3.430384397506714,3.3449137210845947,5.702354431152344
225,ppo_gmm,gaussian,physical,3,True,1.0,6.945230484008789,3.14941668510437,2.9508204460144043,5.452060222625732
225,ppo_gmm,gaussian,physical,4,False,0.0,8.372243881225586,3.426696300506592,11.97101879119873,5.743864059448242
225,ppo_gmm,gaussian,physical,5,False,0.0,10.16545295715332,3.351379871368408,4.04550313949585,5.445047855377197
225,ppo_gmm,gaussian,physical,6,False,0.0,6.206274032592773,3.387011766433716,10.503533363342285,5.752316474914551
225,ppo_gmm,gaussian,physical,7,False,0.0,6.372358322143555,3.3859872817993164,13.262166023254395,5.752758979797363
226,ppo_gmm,gaussian,physical,0,False,0.0,5.616762161254883,3.3262295722961426,5.083303451538086,5.683696269989014
226,ppo_gmm,gaussian,physical,1,False,0.0,10.037870407104492,3.3675131797790527,7.474508285522461,5.713756561279297
226,ppo_gmm,gaussian,physical,2,False,0.0,2.6545329093933105,3.430384397506714,3.3449137210845947,5.702354431152344
226,ppo_gmm,gaussian,physical,3,True,1.0,6.9456706047058105,3.1479508876800537,2.9502978324890137,5.450167655944824
226,ppo_gmm,gaussian,physical,4,False,0.0,8.372243881225586,3.426696300506592,11.97101879119873,5.743864059448242
226,ppo_gmm,gaussian,physical,5,False,0.0,10.16545295715332,3.351379871368408,4.04550313949585,5.445047855377197
226,ppo_gmm,gaussian,physical,6,False,0.0,6.206274032592773,3.387011766433716,10.503533363342285,5.752316474914551
226,ppo_gmm,gaussian,physical,7,False,0.0,6.372358322143555,3.3859872817993164,13.262166023254395,5.752758979797363
227,ppo_gmm,gaussian,physical,0,False,0.0,5.616762161254883,3.3262295722961426,5.083303451538086,5.683696269989014
227,ppo_gmm,gaussian,physical,1,False,0.0,10.037870407104492,3.3675131797790527,7.474508285522461,5.713756561279297
227,ppo_gmm,gaussian,physical,2,False,0.0,2.6545329093933105,3.430384397506714,3.3449137210845947,5.702354431152344
227,ppo_gmm,gaussian,physical,3,True,1.0,6.946158409118652,3.146432638168335,2.949779987335205,5.448417663574219
227,ppo_gmm,gaussian,physical,4,False,0.0,8.372243881225586,3.426696300506592,11.97101879119873,5.743864059448242
227,ppo_gmm,gaussian,physical,5,False,0.0,10.16545295715332,3.351379871368408,4.04550313949585,5.445047855377197
227,ppo_gmm,gaussian,physical,6,False,0.0,6.206274032592773,3.387011766433716,10.503533363342285,5.752316474914551
227,ppo_gmm,gaussian,physical,7,False,0.0,6.372358322143555,3.3859872817993164,13.262166023254395,5.752758979797363
228,ppo_gmm,gaussian,physical,0,False,0.0,5.616762161254883,3.3262295722961426,5.083303451538086,5.683696269989014
228,ppo_gmm,gaussian,physical,1,False,0.0,10.037870407104492,3.3675131797790527,7.474508285522461,5.713756561279297
228,ppo_gmm,gaussian,physical,2,False,0.0,2.6545329093933105,3.430384397506714,3.3449137210845947,5.702354431152344
228,ppo_gmm,gaussian,physical,3,True,1.0,6.946640968322754,3.144867420196533,2.949291467666626,5.4467339515686035
228,ppo_gmm,gaussian,physical,4,False,0.0,8.372243881225586,3.426696300506592,11.97101879119873,5.743864059448242
228,ppo_gmm,gaussian,physical,5,False,0.0,10.16545295715332,3.351379871368408,4.04550313949585,5.445047855377197
228,ppo_gmm,gaussian,physical,6,False,0.0,6.206274032592773,3.387011766433716,10.503533363342285,5.752316474914551
228,ppo_gmm,gaussian,physical,7,False,0.0,6.372358322143555,3.3859872817993164,13.262166023254395,5.752758979797363
229,ppo_gmm,gaussian,physical,0,False,0.0,5.616762161254883,3.3262295722961426,5.083303451538086,5.683696269989014
229,ppo_gmm,gaussian,physical,1,False,0.0,10.037870407104492,3.3675131797790527,7.474508285522461,5.713756561279297
229,ppo_gmm,gaussian,physical,2,False,0.0,2.6545329093933105,3.430384397506714,3.3449137210845947,5.702354431152344
229,ppo_gmm,gaussian,physical,3,True,1.0,6.947099208831787,3.143261432647705,2.9488232135772705,5.445173740386963
229,ppo_gmm,gaussian,physical,4,False,0.0,8.372243881225586,3.426696300506592,11.97101879119873,5.743864059448242
229,ppo_gmm,gaussian,physical,5,False,0.0,10.16545295715332,3.351379871368408,4.04550313949585,5.445047855377197
229,ppo_gmm,gaussian,physical,6,False,0.0,6.206274032592773,3.387011766433716,10.503533363342285,5.752316474914551
229,ppo_gmm,gaussian,physical,7,False,0.0,6.372358322143555,3.3859872817993164,13.262166023254395,5.752758979797363
230,ppo_gmm,gaussian,physical,0,False,0.0,5.616762161254883,3.3262295722961426,5.083303451538086,5.683696269989014
230,ppo_gmm,gaussian,physical,1,False,0.0,10.037870407104492,3.3675131797790527,7.474508285522461,5.713756561279297
230,ppo_gmm,gaussian,physical,2,False,0.0,2.6545329093933105,3.430384397506714,3.3449137210845947,5.702354431152344
230,ppo_gmm,gaussian,physical,3,True,1.0,6.947601795196533,3.1416397094726562,2.9483401775360107,5.4435224533081055
230,ppo_gmm,gaussian,physical,4,False,0.0,8.372243881225586,3.426696300506592,11.97101879119873,5.743864059448242
230,ppo_gmm,gaussian,physical,5,False,0.0,10.16545295715332,3.351379871368408,4.04550313949585,5.445047855377197
230,ppo_gmm,gaussian,physical,6,False,0.0,6.206274032592773,3.387011766433716,10.503533363342285,5.752316474914551
230,ppo_gmm,gaussian,physical,7,False,0.0,6.372358322143555,3.3859872817993164,13.262166023254395,5.752758979797363
231,ppo_gmm,gaussian,physical,0,False,0.0,5.616762161254883,3.3262295722961426,5.083303451538086,5.683696269989014
231,ppo_gmm,gaussian,physical,1,False,0.0,10.037870407104492,3.3675131797790527,7.474508285522461,5.713756561279297
231,ppo_gmm,gaussian,physical,2,False,0.0,2.6545329093933105,3.430384397506714,3.3449137210845947,5.702354431152344
231,ppo_gmm,gaussian,physical,3,True,1.0,6.9480881690979,3.1400773525238037,2.94785737991333,5.441573143005371
231,ppo_gmm,gaussian,physical,4,False,0.0,8.372243881225586,3.426696300506592,11.97101879119873,5.743864059448242
231,ppo_gmm,gaussian,physical,5,False,0.0,10.16545295715332,3.351379871368408,4.04550313949585,5.445047855377197
231,ppo_gmm,gaussian,physical,6,False,0.0,6.206274032592773,3.387011766433716,10.503533363342285,5.752316474914551
231,ppo_gmm,gaussian,physical,7,False,0.0,6.372358322143555,3.3859872817993164,13.262166023254395,5.752758979797363
232,ppo_gmm,gaussian,physical,0,False,0.0,5.616762161254883,3.3262295722961426,5.083303451538086,5.683696269989014
232,ppo_gmm,gaussian,physical,1,False,0.0,10.037870407104492,3.3675131797790527,7.474508285522461,5.713756561279297
232,ppo_gmm,gaussian,physical,2,False,0.0,2.6545329093933105,3.430384397506714,3.3449137210845947,5.702354431152344
232,ppo_gmm,gaussian,physical,3,True,1.0,6.948592662811279,3.1384785175323486,2.947369337081909,5.4397993087768555
232,ppo_gmm,gaussian,physical,4,False,0.0,8.372243881225586,3.426696300506592,11.97101879119873,5.743864059448242
232,ppo_gmm,gaussian,physical,5,False,0.0,10.16545295715332,3.351379871368408,4.04550313949585,5.445047855377197
232,ppo_gmm,gaussian,physical,6,False,0.0,6.206274032592773,3.387011766433716,10.503533363342285,5.752316474914551
232,ppo_gmm,gaussian,physical,7,False,0.0,6.372358322143555,3.3859872817993164,13.262166023254395,5.752758979797363
233,ppo_gmm,gaussian,physical,0,False,0.0,5.616762161254883,3.3262295722961426,5.083303451538086,5.683696269989014
233,ppo_gmm,gaussian,physical,1,False,0.0,10.037870407104492,3.3675131797790527,7.474508285522461,5.713756561279297
233,ppo_gmm,gaussian,physical,2,False,0.0,2.6545329093933105,3.430384397506714,3.3449137210845947,5.702354431152344
233,ppo_gmm,gaussian,physical,3,True,1.0,6.949085235595703,3.1369030475616455,2.94687557220459,5.437803745269775
233,ppo_gmm,gaussian,physical,4,False,0.0,8.372243881225586,3.426696300506592,11.97101879119873,5.743864059448242
233,ppo_gmm,gaussian,physical,5,False,0.0,10.16545295715332,3.351379871368408,4.04550313949585,5.445047855377197
233,ppo_gmm,gaussian,physical,6,False,0.0,6.206274032592773,3.387011766433716,10.503533363342285,5.752316474914551
233,ppo_gmm,gaussian,physical,7,False,0.0,6.372358322143555,3.3859872817993164,13.262166023254395,5.752758979797363
234,ppo_gmm,gaussian,physical,0,False,0.0,5.616762161254883,3.3262295722961426,5.083303451538086,5.683696269989014
234,ppo_gmm,gaussian,physical,1,False,0.0,10.037870407104492,3.3675131797790527,7.474508285522461,5.713756561279297
234,ppo_gmm,gaussian,physical,2,False,0.0,2.6545329093933105,3.430384397506714,3.3449137210845947,5.702354431152344
234,ppo_gmm,gaussian,physical,3,True,1.0,6.949488639831543,3.1353299617767334,2.9463653564453125,5.435669898986816
234,ppo_gmm,gaussian,physical,4,False,0.0,8.372243881225586,3.426696300506592,11.97101879119873,5.743864059448242
234,ppo_gmm,gaussian,physical,5,False,0.0,10.16545295715332,3.351379871368408,4.04550313949585,5.445047855377197
234,ppo_gmm,gaussian,physical,6,False,0.0,6.206274032592773,3.387011766433716,10.503533363342285,5.752316474914551
234,ppo_gmm,gaussian,physical,7,False,0.0,6.372358322143555,3.3859872817993164,13.262166023254395,5.752758979797363
235,ppo_gmm,gaussian,physical,0,False,0.0,5.616762161254883,3.3262295722961426,5.083303451538086,5.683696269989014
235,ppo_gmm,gaussian,physical,1,False,0.0,10.037870407104492,3.3675131797790527,7.474508285522461,5.713756561279297
235,ppo_gmm,gaussian,physical,2,False,0.0,2.6545329093933105,3.430384397506714,3.3449137210845947,5.702354431152344
235,ppo_gmm,gaussian,physical,3,True,1.0,6.949894428253174,3.13385272026062,2.945847511291504,5.433351993560791
235,ppo_gmm,gaussian,physical,4,False,0.0,8.372243881225586,3.426696300506592,11.97101879119873,5.743864059448242
235,ppo_gmm,gaussian,physical,5,False,0.0,10.16545295715332,3.351379871368408,4.04550313949585,5.445047855377197
235,ppo_gmm,gaussian,physical,6,False,0.0,6.206274032592773,3.387011766433716,10.503533363342285,5.752316474914551
235,ppo_gmm,gaussian,physical,7,False,0.0,6.372358322143555,3.3859872817993164,13.262166023254395,5.752758979797363
236,ppo_gmm,gaussian,physical,0,False,0.0,5.616762161254883,3.3262295722961426,5.083303451538086,5.683696269989014
236,ppo_gmm,gaussian,physical,1,False,0.0,10.037870407104492,3.3675131797790527,7.474508285522461,5.713756561279297
236,ppo_gmm,gaussian,physical,2,False,0.0,2.6545329093933105,3.430384397506714,3.3449137210845947,5.702354431152344
236,ppo_gmm,gaussian,physical,3,True,1.0,6.950311183929443,3.1323866844177246,2.9453113079071045,5.430902481079102
236,ppo_gmm,gaussian,physical,4,False,0.0,8.372243881225586,3.426696300506592,11.97101879119873,5.743864059448242
236,ppo_gmm,gaussian,physical,5,False,0.0,10.16545295715332,3.351379871368408,4.04550313949585,5.445047855377197
236,ppo_gmm,gaussian,physical,6,False,0.0,6.206274032592773,3.387011766433716,10.503533363342285,5.752316474914551
236,ppo_gmm,gaussian,physical,7,False,0.0,6.372358322143555,3.3859872817993164,13.262166023254395,5.752758979797363
237,ppo_gmm,gaussian,physical,0,False,0.0,5.616762161254883,3.3262295722961426,5.083303451538086,5.683696269989014
237,ppo_gmm,gaussian,physical,1,False,0.0,10.037870407104492,3.3675131797790527,7.474508285522461,5.713756561279297
237,ppo_gmm,gaussian,physical,2,False,0.0,2.6545329093933105,3.430384397506714,3.3449137210845947,5.702354431152344
237,ppo_gmm,gaussian,physical,3,True,1.0,6.9507012367248535,3.130937099456787,2.9447991847991943,5.428319931030273
237,ppo_gmm,gaussian,physical,4,False,0.0,8.372243881225586,3.426696300506592,11.97101879119873,5.743864059448242
237,ppo_gmm,gaussian,physical,5,False,0.0,10.16545295715332,3.351379871368408,4.04550313949585,5.445047855377197
237,ppo_gmm,gaussian,physical,6,False,0.0,6.206274032592773,3.387011766433716,10.503533363342285,5.752316474914551
237,ppo_gmm,gaussian,physical,7,False,0.0,6.372358322143555,3.3859872817993164,13.262166023254395,5.752758979797363
238,ppo_gmm,gaussian,physical,0,False,0.0,5.616762161254883,3.3262295722961426,5.083303451538086,5.683696269989014
238,ppo_gmm,gaussian,physical,1,False,0.0,10.037870407104492,3.3675131797790527,7.474508285522461,5.713756561279297
238,ppo_gmm,gaussian,physical,2,False,0.0,2.6545329093933105,3.430384397506714,3.3449137210845947,5.702354431152344
238,ppo_gmm,gaussian,physical,3,True,1.0,6.951110363006592,3.129438638687134,2.9443228244781494,5.425922870635986
238,ppo_gmm,gaussian,physical,4,False,0.0,8.372243881225586,3.426696300506592,11.97101879119873,5.743864059448242
238,ppo_gmm,gaussian,physical,5,False,0.0,10.16545295715332,3.351379871368408,4.04550313949585,5.445047855377197
238,ppo_gmm,gaussian,physical,6,False,0.0,6.206274032592773,3.387011766433716,10.503533363342285,5.752316474914551
238,ppo_gmm,gaussian,physical,7,False,0.0,6.372358322143555,3.3859872817993164,13.262166023254395,5.752758979797363
239,ppo_gmm,gaussian,physical,0,False,0.0,5.616762161254883,3.3262295722961426,5.083303451538086,5.683696269989014
239,ppo_gmm,gaussian,physical,1,False,0.0,10.037870407104492,3.3675131797790527,7.474508285522461,5.713756561279297
239,ppo_gmm,gaussian,physical,2,False,0.0,2.6545329093933105,3.430384397506714,3.3449137210845947,5.702354431152344
239,ppo_gmm,gaussian,physical,3,True,1.0,6.951508522033691,3.1280105113983154,2.9438376426696777,5.423346996307373
239,ppo_gmm,gaussian,physical,4,False,0.0,8.372243881225586,3.426696300506592,11.97101879119873,5.743864059448242
239,ppo_gmm,gaussian,physical,5,False,0.0,10.16545295715332,3.351379871368408,4.04550313949585,5.445047855377197
239,ppo_gmm,gaussian,physical,6,False,0.0,6.206274032592773,3.387011766433716,10.503533363342285,5.752316474914551
239,ppo_gmm,gaussian,physical,7,False,0.0,6.372358322143555,3.3859872817993164,13.262166023254395,5.752758979797363
240,ppo_gmm,gaussian,physical,0,False,0.0,5.616762161254883,3.3262295722961426,5.083303451538086,5.683696269989014
240,ppo_gmm,gaussian,physical,1,False,0.0,10.037870407104492,3.3675131797790527,7.474508285522461,5.713756561279297
240,ppo_gmm,gaussian,physical,2,False,0.0,2.6545329093933105,3.430384397506714,3.3449137210845947,5.702354431152344
240,ppo_gmm,gaussian,physical,3,True,1.0,6.951954364776611,3.126535415649414,2.9433655738830566,5.421061992645264
240,ppo_gmm,gaussian,physical,4,False,0.0,8.372243881225586,3.426696300506592,11.97101879119873,5.743864059448242
240,ppo_gmm,gaussian,physical,5,False,0.0,10.16545295715332,3.351379871368408,4.04550313949585,5.445047855377197
240,ppo_gmm,gaussian,physical,6,False,0.0,6.206274032592773,3.387011766433716,10.503533363342285,5.752316474914551
240,ppo_gmm,gaussian,physical,7,False,0.0,6.372358322143555,3.3859872817993164,13.262166023254395,5.752758979797363
241,ppo_gmm,gaussian,physical,0,False,0.0,5.616762161254883,3.3262295722961426,5.083303451538086,5.683696269989014
241,ppo_gmm,gaussian,physical,1,False,0.0,10.037870407104492,3.3675131797790527,7.474508285522461,5.713756561279297
241,ppo_gmm,gaussian,physical,2,False,0.0,2.6545329093933105,3.430384397506714,3.3449137210845947,5.702354431152344
241,ppo_gmm,gaussian,physical,3,True,1.0,6.952391147613525,3.125056743621826,2.942894458770752,5.418684482574463
241,ppo_gmm,gaussian,physical,4,False,0.0,8.372243881225586,3.426696300506592,11.97101879119873,5.743864059448242
241,ppo_gmm,gaussian,physical,5,False,0.0,10.16545295715332,3.351379871368408,4.04550313949585,5.445047855377197
241,ppo_gmm,gaussian,physical,6,False,0.0,6.206274032592773,3.387011766433716,10.503533363342285,5.752316474914551
241,ppo_gmm,gaussian,physical,7,False,0.0,6.372358322143555,3.3859872817993164,13.262166023254395,5.752758979797363
242,ppo_gmm,gaussian,physical,0,False,0.0,5.616762161254883,3.3262295722961426,5.083303451538086,5.683696269989014
242,ppo_gmm,gaussian,physical,1,False,0.0,10.037870407104492,3.3675131797790527,7.474508285522461,5.713756561279297
242,ppo_gmm,gaussian,physical,2,False,0.0,2.6545329093933105,3.430384397506714,3.3449137210845947,5.702354431152344
242,ppo_gmm,gaussian,physical,3,True,1.0,6.952836513519287,3.1236050128936768,2.94242525100708,5.416659355163574
242,ppo_gmm,gaussian,physical,4,False,0.0,8.372243881225586,3.426696300506592,11.97101879119873,5.743864059448242
242,ppo_gmm,gaussian,physical,5,False,0.0,10.16545295715332,3.351379871368408,4.04550313949585,5.445047855377197
242,ppo_gmm,gaussian,physical,6,False,0.0,6.206274032592773,3.387011766433716,10.503533363342285,5.752316474914551
242,ppo_gmm,gaussian,physical,7,False,0.0,6.372358322143555,3.3859872817993164,13.262166023254395,5.752758979797363
243,ppo_gmm,gaussian,physical,0,False,0.0,5.616762161254883,3.3262295722961426,5.083303451538086,5.683696269989014
243,ppo_gmm,gaussian,physical,1,False,0.0,10.037870407104492,3.3675131797790527,7.474508285522461,5.713756561279297
243,ppo_gmm,gaussian,physical,2,False,0.0,2.6545329093933105,3.430384397506714,3.3449137210845947,5.702354431152344
243,ppo_gmm,gaussian,physical,3,True,1.0,6.9532575607299805,3.122117757797241,2.9419639110565186,5.414639472961426
243,ppo_gmm,gaussian,physical,4,False,0.0,8.372243881225586,3.426696300506592,11.97101879119873,5.743864059448242
243,ppo_gmm,gaussian,physical,5,False,0.0,10.16545295715332,3.351379871368408,4.04550313949585,5.445047855377197
243,ppo_gmm,gaussian,physical,6,False,0.0,6.206274032592773,3.387011766433716,10.503533363342285,5.752316474914551
243,ppo_gmm,gaussian,physical,7,False,0.0,6.372358322143555,3.3859872817993164,13.262166023254395,5.752758979797363
244,ppo_gmm,gaussian,physical,0,False,0.0,5.616762161254883,3.3262295722961426,5.083303451538086,5.683696269989014
244,ppo_gmm,gaussian,physical,1,False,0.0,10.037870407104492,3.3675131797790527,7.474508285522461,5.713756561279297
244,ppo_gmm,gaussian,physical,2,False,0.0,2.6545329093933105,3.430384397506714,3.3449137210845947,5.702354431152344
244,ppo_gmm,gaussian,physical,3,True,1.0,6.953690052032471,3.120615243911743,2.9414620399475098,5.412765026092529
244,ppo_gmm,gaussian,physical,4,False,0.0,8.372243881225586,3.426696300506592,11.97101879119873,5.743864059448242
244,ppo_gmm,gaussian,physical,5,False,0.0,10.16545295715332,3.351379871368408,4.04550313949585,5.445047855377197
244,ppo_gmm,gaussian,physical,6,False,0.0,6.206274032592773,3.387011766433716,10.503533363342285,5.752316474914551
244,ppo_gmm,gaussian,physical,7,False,0.0,6.372358322143555,3.3859872817993164,13.262166023254395,5.752758979797363
245,ppo_gmm,gaussian,physical,0,False,0.0,5.616762161254883,3.3262295722961426,5.083303451538086,5.683696269989014
245,ppo_gmm,gaussian,physical,1,False,0.0,10.037870407104492,3.3675131797790527,7.474508285522461,5.713756561279297
245,ppo_gmm,gaussian,physical,2,False,0.0,2.6545329093933105,3.430384397506714,3.3449137210845947,5.702354431152344
245,ppo_gmm,gaussian,physical,3,True,1.0,6.954152584075928,3.119086265563965,2.9409682750701904,5.410895824432373
245,ppo_gmm,gaussian,physical,4,False,0.0,8.372243881225586,3.426696300506592,11.97101879119873,5.743864059448242
245,ppo_gmm,gaussian,physical,5,False,0.0,10.16545295715332,3.351379871368408,4.04550313949585,5.445047855377197
245,ppo_gmm,gaussian,physical,6,False,0.0,6.206274032592773,3.387011766433716,10.503533363342285,5.752316474914551
245,ppo_gmm,gaussian,physical,7,False,0.0,6.372358322143555,3.3859872817993164,13.262166023254395,5.752758979797363
246,ppo_gmm,gaussian,physical,0,False,0.0,5.616762161254883,3.3262295722961426,5.083303451538086,5.683696269989014
246,ppo_gmm,gaussian,physical,1,False,0.0,10.037870407104492,3.3675131797790527,7.474508285522461,5.713756561279297
246,ppo_gmm,gaussian,physical,2,False,0.0,2.6545329093933105,3.430384397506714,3.3449137210845947,5.702354431152344
246,ppo_gmm,gaussian,physical,3,True,1.0,6.954587936401367,3.1175436973571777,2.9404590129852295,5.409317970275879
246,ppo_gmm,gaussian,physical,4,False,0.0,8.372243881225586,3.426696300506592,11.97101879119873,5.743864059448242
246,ppo_gmm,gaussian,physical,5,False,0.0,10.16545295715332,3.351379871368408,4.04550313949585,5.445047855377197
246,ppo_gmm,gaussian,physical,6,False,0.0,6.206274032592773,3.387011766433716,10.503533363342285,5.752316474914551
246,ppo_gmm,gaussian,physical,7,False,0.0,6.372358322143555,3.3859872817993164,13.262166023254395,5.752758979797363
247,ppo_gmm,gaussian,physical,0,False,0.0,5.616762161254883,3.3262295722961426,5.083303451538086,5.683696269989014
247,ppo_gmm,gaussian,physical,1,False,0.0,10.037870407104492,3.3675131797790527,7.474508285522461,5.713756561279297
247,ppo_gmm,gaussian,physical,2,False,0.0,2.6545329093933105,3.430384397506714,3.3449137210845947,5.702354431152344
247,ppo_gmm,gaussian,physical,3,True,1.0,6.955026149749756,3.116027593612671,2.940009355545044,5.407523155212402
247,ppo_gmm,gaussian,physical,4,False,0.0,8.372243881225586,3.426696300506592,11.97101879119873,5.743864059448242
247,ppo_gmm,gaussian,physical,5,False,0.0,10.16545295715332,3.351379871368408,4.04550313949585,5.445047855377197
247,ppo_gmm,gaussian,physical,6,False,0.0,6.206274032592773,3.387011766433716,10.503533363342285,5.752316474914551
247,ppo_gmm,gaussian,physical,7,False,0.0,6.372358322143555,3.3859872817993164,13.262166023254395,5.752758979797363
248,ppo_gmm,gaussian,physical,0,False,0.0,5.616762161254883,3.3262295722961426,5.083303451538086,5.683696269989014
248,ppo_gmm,gaussian,physical,1,False,0.0,10.037870407104492,3.3675131797790527,7.474508285522461,5.713756561279297
248,ppo_gmm,gaussian,physical,2,False,0.0,2.6545329093933105,3.430384397506714,3.3449137210845947,5.702354431152344
248,ppo_gmm,gaussian,physical,3,True,1.0,6.955461502075195,3.1145284175872803,2.9395511150360107,5.405749797821045
248,ppo_gmm,gaussian,physical,4,False,0.0,8.372243881225586,3.426696300506592,11.97101879119873,5.743864059448242
248,ppo_gmm,gaussian,physical,5,False,0.0,10.16545295715332,3.351379871368408,4.04550313949585,5.445047855377197
248,ppo_gmm,gaussian,physical,6,False,0.0,6.206274032592773,3.387011766433716,10.503533363342285,5.752316474914551
248,ppo_gmm,gaussian,physical,7,False,0.0,6.372358322143555,3.3859872817993164,13.262166023254395,5.752758979797363
249,ppo_gmm,gaussian,physical,0,False,0.0,5.616762161254883,3.3262295722961426,5.083303451538086,5.683696269989014
249,ppo_gmm,gaussian,physical,1,False,0.0,10.037870407104492,3.3675131797790527,7.474508285522461,5.713756561279297
249,ppo_gmm,gaussian,physical,2,False,0.0,2.6545329093933105,3.430384397506714,3.3449137210845947,5.702354431152344
249,ppo_gmm,gaussian,physical,3,True,1.0,6.955859184265137,3.1130471229553223,2.9390857219696045,5.40435791015625
249,ppo_gmm,gaussian,physical,4,False,0.0,8.372243881225586,3.426696300506592,11.97101879119873,5.743864059448242
249,ppo_gmm,gaussian,physical,5,False,0.0,10.16545295715332,3.351379871368408,4.04550313949585,5.445047855377197
249,ppo_gmm,gaussian,physical,6,False,0.0,6.206274032592773,3.387011766433716,10.503533363342285,5.752316474914551
249,ppo_gmm,gaussian,physical,7,False,0.0,6.372358322143555,3.3859872817993164,13.262166023254395,5.752758979797363
250,ppo_gmm,gaussian,physical,0,False,0.0,5.616762161254883,3.3262295722961426,5.083303451538086,5.683696269989014
250,ppo_gmm,gaussian,physical,1,False,0.0,10.037870407104492,3.3675131797790527,7.474508285522461,5.713756561279297
250,ppo_gmm,gaussian,physical,2,False,0.0,2.6545329093933105,3.430384397506714,3.3449137210845947,5.702354431152344
250,ppo_gmm,gaussian,physical,3,True,1.0,6.956287860870361,3.111539840698242,2.9386370182037354,5.402923583984375
250,ppo_gmm,gaussian,physical,4,False,0.0,8.372243881225586,3.426696300506592,11.97101879119873,5.743864059448242
250,ppo_gmm,gaussian,physical,5,False,0.0,10.16545295715332,3.351379871368408,4.04550313949585,5.445047855377197
250,ppo_gmm,gaussian,physical,6,False,0.0,6.206274032592773,3.387011766433716,10.503533363342285,5.752316474914551
250,ppo_gmm,gaussian,physical,7,False,0.0,6.372358322143555,3.3859872817993164,13.262166023254395,5.752758979797363
251,ppo_gmm,gaussian,physical,0,False,0.0,5.616762161254883,3.3262295722961426,5.083303451538086,5.683696269989014
251,ppo_gmm,gaussian,physical,1,False,0.0,10.037870407104492,3.3675131797790527,7.474508285522461,5.713756561279297
251,ppo_gmm,gaussian,physical,2,False,0.0,2.6545329093933105,3.430384397506714,3.3449137210845947,5.702354431152344
251,ppo_gmm,gaussian,physical,3,True,1.0,6.956727027893066,3.110006332397461,2.9381942749023438,5.401492595672607
251,ppo_gmm,gaussian,physical,4,False,0.0,8.372243881225586,3.426696300506592,11.97101879119873,5.743864059448242
251,ppo_gmm,gaussian,physical,5,False,0.0,10.16545295715332,3.351379871368408,4.04550313949585,5.445047855377197
251,ppo_gmm,gaussian,physical,6,False,0.0,6.206274032592773,3.387011766433716,10.503533363342285,5.752316474914551
251,ppo_gmm,gaussian,physical,7,False,0.0,6.372358322143555,3.3859872817993164,13.262166023254395,5.752758979797363
252,ppo_gmm,gaussian,physical,0,False,0.0,5.616762161254883,3.3262295722961426,5.083303451538086,5.683696269989014
252,ppo_gmm,gaussian,physical,1,False,0.0,10.037870407104492,3.3675131797790527,7.474508285522461,5.713756561279297
252,ppo_gmm,gaussian,physical,2,False,0.0,2.6545329093933105,3.430384397506714,3.3449137210845947,5.702354431152344
252,ppo_gmm,gaussian,physical,3,True,1.0,6.95716667175293,3.1084542274475098,2.9377708435058594,5.400014400482178
252,ppo_gmm,gaussian,physical,4,False,0.0,8.372243881225586,3.426696300506592,11.97101879119873,5.743864059448242
252,ppo_gmm,gaussian,physical,5,False,0.0,10.16545295715332,3.351379871368408,4.04550313949585,5.445047855377197
252,ppo_gmm,gaussian,physical,6,False,0.0,6.206274032592773,3.387011766433716,10.503533363342285,5.752316474914551
252,ppo_gmm,gaussian,physical,7,False,0.0,6.372358322143555,3.3859872817993164,13.262166023254395,5.752758979797363
253,ppo_gmm,gaussian,physical,0,False,0.0,5.616762161254883,3.3262295722961426,5.083303451538086,5.683696269989014
253,ppo_gmm,gaussian,physical,1,False,0.0,10.037870407104492,3.3675131797790527,7.474508285522461,5.713756561279297
253,ppo_gmm,gaussian,physical,2,False,0.0,2.6545329093933105,3.430384397506714,3.3449137210845947,5.702354431152344
253,ppo_gmm,gaussian,physical,3,True,1.0,6.957588195800781,3.1070098876953125,2.9373090267181396,5.3983683586120605
253,ppo_gmm,gaussian,physical,4,False,0.0,8.372243881225586,3.426696300506592,11.97101879119873,5.743864059448242
253,ppo_gmm,gaussian,physical,5,False,0.0,10.16545295715332,3.351379871368408,4.04550313949585,5.445047855377197
253,ppo_gmm,gaussian,physical,6,False,0.0,6.206274032592773,3.387011766433716,10.503533363342285,5.752316474914551
253,ppo_gmm,gaussian,physical,7,False,0.0,6.372358322143555,3.3859872817993164,13.262166023254395,5.752758979797363
254,ppo_gmm,gaussian,physical,0,False,0.0,5.616762161254883,3.3262295722961426,5.083303451538086,5.683696269989014
254,ppo_gmm,gaussian,physical,1,False,0.0,10.037870407104492,3.3675131797790527,7.474508285522461,5.713756561279297
254,ppo_gmm,gaussian,physical,2,False,0.0,2.6545329093933105,3.430384397506714,3.3449137210845947,5.702354431152344
254,ppo_gmm,gaussian,physical,3,True,1.0,6.9579572677612305,3.105699062347412,2.936824321746826,5.3964362144470215
254,ppo_gmm,gaussian,physical,4,False,0.0,8.372243881225586,3.426696300506592,11.97101879119873,5.743864059448242
254,ppo_gmm,gaussian,physical,5,False,0.0,10.16545295715332,3.351379871368408,4.04550313949585,5.445047855377197
254,ppo_gmm,gaussian,physical,6,False,0.0,6.206274032592773,3.387011766433716,10.503533363342285,5.752316474914551
254,ppo_gmm,gaussian,physical,7,False,0.0,6.372358322143555,3.3859872817993164,13.262166023254395,5.752758979797363
255,ppo_gmm,gaussian,physical,0,False,0.0,5.616762161254883,3.3262295722961426,5.083303451538086,5.683696269989014
255,ppo_gmm,gaussian,physical,1,False,0.0,10.037870407104492,3.3675131797790527,7.474508285522461,5.713756561279297
255,ppo_gmm,gaussian,physical,2,False,0.0,2.6545329093933105,3.430384397506714,3.3449137210845947,5.702354431152344
255,ppo_gmm,gaussian,physical,3,True,1.0,6.958331108093262,3.104335308074951,2.9363620281219482,5.394652843475342
255,ppo_gmm,gaussian,physical,4,False,0.0,8.372243881225586,3.426696300506592,11.97101879119873,5.743864059448242
255,ppo_gmm,gaussian,physical,5,False,0.0,10.16545295715332,3.351379871368408,4.04550313949585,5.445047855377197
255,ppo_gmm,gaussian,physical,6,False,0.0,6.206274032592773,3.387011766433716,10.503533363342285,5.752316474914551
255,ppo_gmm,gaussian,physical,7,False,0.0,6.372358322143555,3.3859872817993164,13.262166023254395,5.752758979797363
256,ppo_gmm,gaussian,physical,0,False,0.0,5.616762161254883,3.3262295722961426,5.083303451538086,5.683696269989014
256,ppo_gmm,gaussian,physical,1,False,0.0,10.037870407104492,3.3675131797790527,7.474508285522461,5.713756561279297
256,ppo_gmm,gaussian,physical,2,False,0.0,2.6545329093933105,3.430384397506714,3.3449137210845947,5.702354431152344
256,ppo_gmm,gaussian,physical,3,True,1.0,6.958686828613281,3.1030795574188232,2.9358716011047363,5.392613410949707
256,ppo_gmm,gaussian,physical,4,False,0.0,8.372243881225586,3.426696300506592,11.97101879119873,5.743864059448242
256,ppo_gmm,gaussian,physical,5,False,0.0,10.16545295715332,3.351379871368408,4.04550313949585,5.445047855377197
256,ppo_gmm,gaussian,physical,6,False,0.0,6.206274032592773,3.387011766433716,10.503533363342285,5.752316474914551
256,ppo_gmm,gaussian,physical,7,False,0.0,6.372358322143555,3.3859872817993164,13.262166023254395,5.752758979797363
257,ppo_gmm,gaussian,physical,0,False,0.0,5.616762161254883,3.3262295722961426,5.083303451538086,5.683696269989014
257,ppo_gmm,gaussian,physical,1,False,0.0,10.037870407104492,3.3675131797790527,7.474508285522461,5.713756561279297
257,ppo_gmm,gaussian,physical,2,False,0.0,2.6545329093933105,3.430384397506714,3.3449137210845947,5.702354431152344
257,ppo_gmm,gaussian,physical,3,True,1.0,6.959054946899414,3.101769208908081,2.9353885650634766,5.39068603515625
257,ppo_gmm,gaussian,physical,4,False,0.0,8.372243881225586,3.426696300506592,11.97101879119873,5.743864059448242
257,ppo_gmm,gaussian,physical,5,False,0.0,10.16545295715332,3.351379871368408,4.04550313949585,5.445047855377197
257,ppo_gmm,gaussian,physical,6,False,0.0,6.206274032592773,3.387011766433716,10.503533363342285,5.752316474914551
257,ppo_gmm,gaussian,physical,7,False,0.0,6.372358322143555,3.3859872817993164,13.262166023254395,5.752758979797363
258,ppo_gmm,gaussian,physical,0,False,0.0,5.616762161254883,3.3262295722961426,5.083303451538086,5.683696269989014
258,ppo_gmm,gaussian,physical,1,False,0.0,10.037870407104492,3.3675131797790527,7.474508285522461,5.713756561279297
258,ppo_gmm,gaussian,physical,2,False,0.0,2.6545329093933105,3.430384397506714,3.3449137210845947,5.702354431152344
258,ppo_gmm,gaussian,physical,3,True,1.0,6.959454536437988,3.1004419326782227,2.9348976612091064,5.388680934906006
258,ppo_gmm,gaussian,physical,4,False,0.0,8.372243881225586,3.426696300506592,11.97101879119873,5.743864059448242
258,ppo_gmm,gaussian,physical,5,False,0.0,10.16545295715332,3.351379871368408,4.04550313949585,5.445047855377197
258,ppo_gmm,gaussian,physical,6,False,0.0,6.206274032592773,3.387011766433716,10.503533363342285,5.752316474914551
258,ppo_gmm,gaussian,physical,7,False,0.0,6.372358322143555,3.3859872817993164,13.262166023254395,5.752758979797363
259,ppo_gmm,gaussian,physical,0,False,0.0,5.616762161254883,3.3262295722961426,5.083303451538086,5.683696269989014
259,ppo_gmm,gaussian,physical,1,False,0.0,10.037870407104492,3.3675131797790527,7.474508285522461,5.713756561279297
259,ppo_gmm,gaussian,physical,2,False,0.0,2.6545329093933105,3.430384397506714,3.3449137210845947,5.702354431152344
259,ppo_gmm,gaussian,physical,3,True,1.0,6.959886074066162,3.0990874767303467,2.9344165325164795,5.38665771484375
259,ppo_gmm,gaussian,physical,4,False,0.0,8.372243881225586,3.426696300506592,11.97101879119873,5.743864059448242
259,ppo_gmm,gaussian,physical,5,False,0.0,10.16545295715332,3.351379871368408,4.04550313949585,5.445047855377197
259,ppo_gmm,gaussian,physical,6,False,0.0,6.206274032592773,3.387011766433716,10.503533363342285,5.752316474914551
259,ppo_gmm,gaussian,physical,7,False,0.0,6.372358322143555,3.3859872817993164,13.262166023254395,5.752758979797363
260,ppo_gmm,gaussian,physical,0,False,0.0,5.616762161254883,3.3262295722961426,5.083303451538086,5.683696269989014
260,ppo_gmm,gaussian,physical,1,False,0.0,10.037870407104492,3.3675131797790527,7.474508285522461,5.713756561279297
260,ppo_gmm,gaussian,physical,2,False,0.0,2.6545329093933105,3.430384397506714,3.3449137210845947,5.702354431152344
260,ppo_gmm,gaussian,physical,3,True,1.0,6.960278511047363,3.097769260406494,2.9339418411254883,5.384881496429443
260,ppo_gmm,gaussian,physical,4,False,0.0,8.372243881225586,3.426696300506592,11.97101879119873,5.743864059448242
260,ppo_gmm,gaussian,physical,5,False,0.0,10.16545295715332,3.351379871368408,4.04550313949585,5.445047855377197
260,ppo_gmm,gaussian,physical,6,False,0.0,6.206274032592773,3.387011766433716,10.503533363342285,5.752316474914551
260,ppo_gmm,gaussian,physical,7,False,0.0,6.372358322143555,3.3859872817993164,13.262166023254395,5.752758979797363
261,ppo_gmm,gaussian,physical,0,False,0.0,5.616762161254883,3.3262295722961426,5.083303451538086,5.683696269989014
261,ppo_gmm,gaussian,physical,1,False,0.0,10.037870407104492,3.3675131797790527,7.474508285522461,5.713756561279297
261,ppo_gmm,gaussian,physical,2,False,0.0,2.6545329093933105,3.430384397506714,3.3449137210845947,5.702354431152344
261,ppo_gmm,gaussian,physical,3,True,1.0,6.9606032371521,3.0964279174804688,2.9334707260131836,5.38303279876709
261,ppo_gmm,gaussian,physical,4,False,0.0,8.372243881225586,3.426696300506592,11.97101879119873,5.743864059448242
261,ppo_gmm,gaussian,physical,5,False,0.0,10.16545295715332,3.351379871368408,4.04550313949585,5.445047855377197
261,ppo_gmm,gaussian,physical,6,False,0.0,6.206274032592773,3.387011766433716,10.503533363342285,5.752316474914551
261,ppo_gmm,gaussian,physical,7,False,0.0,6.372358322143555,3.3859872817993164,13.262166023254395,5.752758979797363
262,ppo_gmm,gaussian,physical,0,False,0.0,5.616762161254883,3.3262295722961426,5.083303451538086,5.683696269989014
262,ppo_gmm,gaussian,physical,1,False,0.0,10.037870407104492,3.3675131797790527,7.474508285522461,5.713756561279297
262,ppo_gmm,gaussian,physical,2,False,0.0,2.6545329093933105,3.430384397506714,3.3449137210845947,5.702354431152344
262,ppo_gmm,gaussian,physical,3,True,1.0,6.960887432098389,3.0950679779052734,2.9330008029937744,5.381115436553955
262,ppo_gmm,gaussian,physical,4,False,0.0,8.372243881225586,3.426696300506592,11.97101879119873,5.743864059448242
262,ppo_gmm,gaussian,physical,5,False,0.0,10.16545295715332,3.351379871368408,4.04550313949585,5.445047855377197
262,ppo_gmm,gaussian,physical,6,False,0.0,6.206274032592773,3.387011766433716,10.503533363342285,5.752316474914551
262,ppo_gmm,gaussian,physical,7,False,0.0,6.372358322143555,3.3859872817993164,13.262166023254395,5.752758979797363
263,ppo_gmm,gaussian,physical,0,False,0.0,5.616762161254883,3.3262295722961426,5.083303451538086,5.683696269989014
263,ppo_gmm,gaussian,physical,1,False,0.0,10.037870407104492,3.3675131797790527,7.474508285522461,5.713756561279297
263,ppo_gmm,gaussian,physical,2,False,0.0,2.6545329093933105,3.430384397506714,3.3449137210845947,5.702354431152344
263,ppo_gmm,gaussian,physical,3,True,1.0,6.961212635040283,3.093676805496216,2.9325428009033203,5.379238605499268
263,ppo_gmm,gaussian,physical,4,False,0.0,8.372243881225586,3.426696300506592,11.97101879119873,5.743864059448242
263,ppo_gmm,gaussian,physical,5,False,0.0,10.16545295715332,3.351379871368408,4.04550313949585,5.445047855377197
263,ppo_gmm,gaussian,physical,6,False,0.0,6.206274032592773,3.387011766433716,10.503533363342285,5.752316474914551
263,ppo_gmm,gaussian,physical,7,False,0.0,6.372358322143555,3.3859872817993164,13.262166023254395,5.752758979797363
264,ppo_gmm,gaussian,physical,0,False,0.0,5.616762161254883,3.3262295722961426,5.083303451538086,5.683696269989014
264,ppo_gmm,gaussian,physical,1,False,0.0,10.037870407104492,3.3675131797790527,7.474508285522461,5.713756561279297
264,ppo_gmm,gaussian,physical,2,False,0.0,2.6545329093933105,3.430384397506714,3.3449137210845947,5.702354431152344
264,ppo_gmm,gaussian,physical,3,True,1.0,6.961544513702393,3.0923163890838623,2.932101249694824,5.377187728881836
264,ppo_gmm,gaussian,physical,4,False,0.0,8.372243881225586,3.426696300506592,11.97101879119873,5.743864059448242
264,ppo_gmm,gaussian,physical,5,False,0.0,10.16545295715332,3.351379871368408,4.04550313949585,5.445047855377197
264,ppo_gmm,gaussian,physical,6,False,0.0,6.206274032592773,3.387011766433716,10.503533363342285,5.752316474914551
264,ppo_gmm,gaussian,physical,7,False,0.0,6.372358322143555,3.3859872817993164,13.262166023254395,5.752758979797363
265,ppo_gmm,gaussian,physical,0,False,0.0,5.616762161254883,3.3262295722961426,5.083303451538086,5.683696269989014
265,ppo_gmm,gaussian,physical,1,False,0.0,10.037870407104492,3.3675131797790527,7.474508285522461,5.713756561279297
265,ppo_gmm,gaussian,physical,2,False,0.0,2.6545329093933105,3.430384397506714,3.3449137210845947,5.702354431152344
265,ppo_gmm,gaussian,physical,3,True,1.0,6.96182918548584,3.0909218788146973,2.931670904159546,5.375215530395508
265,ppo_gmm,gaussian,physical,4,False,0.0,8.372243881225586,3.426696300506592,11.97101879119873,5.743864059448242
265,ppo_gmm,gaussian,physical,5,False,0.0,10.16545295715332,3.351379871368408,4.04550313949585,5.445047855377197
265,ppo_gmm,gaussian,physical,6,False,0.0,6.206274032592773,3.387011766433716,10.503533363342285,5.752316474914551
265,ppo_gmm,gaussian,physical,7,False,0.0,6.372358322143555,3.3859872817993164,13.262166023254395,5.752758979797363
266,ppo_gmm,gaussian,physical,0,False,0.0,5.616762161254883,3.3262295722961426,5.083303451538086,5.683696269989014
266,ppo_gmm,gaussian,physical,1,False,0.0,10.037870407104492,3.3675131797790527,7.474508285522461,5.713756561279297
266,ppo_gmm,gaussian,physical,2,False,0.0,2.6545329093933105,3.430384397506714,3.3449137210845947,5.702354431152344
266,ppo_gmm,gaussian,physical,3,True,1.0,6.962149620056152,3.089576244354248,2.9312245845794678,5.373189926147461
266,ppo_gmm,gaussian,physical,4,False,0.0,8.372243881225586,3.426696300506592,11.97101879119873,5.743864059448242
266,ppo_gmm,gaussian,physical,5,False,0.0,10.16545295715332,3.351379871368408,4.04550313949585,5.445047855377197
266,ppo_gmm,gaussian,physical,6,False,0.0,6.206274032592773,3.387011766433716,10.503533363342285,5.752316474914551
266,ppo_gmm,gaussian,physical,7,False,0.0,6.372358322143555,3.3859872817993164,13.262166023254395,5.752758979797363
267,ppo_gmm,gaussian,physical,0,False,0.0,5.616762161254883,3.3262295722961426,5.083303451538086,5.683696269989014
267,ppo_gmm,gaussian,physical,1,False,0.0,10.037870407104492,3.3675131797790527,7.474508285522461,5.713756561279297
267,ppo_gmm,gaussian,physical,2,False,0.0,2.6545329093933105,3.430384397506714,3.3449137210845947,5.702354431152344
267,ppo_gmm,gaussian,physical,3,True,1.0,6.96245002746582,3.08821439743042,2.93078875541687,5.371127128601074
267,ppo_gmm,gaussian,physical,4,False,0.0,8.372243881225586,3.426696300506592,11.97101879119873,5.743864059448242
267,ppo_gmm,gaussian,physical,5,False,0.0,10.16545295715332,3.351379871368408,4.04550313949585,5.445047855377197
267,ppo_gmm,gaussian,physical,6,False,0.0,6.206274032592773,3.387011766433716,10.503533363342285,5.752316474914551
267,ppo_gmm,gaussian,physical,7,False,0.0,6.372358322143555,3.3859872817993164,13.262166023254395,5.752758979797363
268,ppo_gmm,gaussian,physical,0,False,0.0,5.616762161254883,3.3262295722961426,5.083303451538086,5.683696269989014
268,ppo_gmm,gaussian,physical,1,False,0.0,10.037870407104492,3.3675131797790527,7.474508285522461,5.713756561279297
268,ppo_gmm,gaussian,physical,2,False,0.0,2.6545329093933105,3.430384397506714,3.3449137210845947,5.702354431152344
268,ppo_gmm,gaussian,physical,3,True,1.0,6.962721347808838,3.0869035720825195,2.9303369522094727,5.368971824645996
268,ppo_gmm,gaussian,physical,4,False,0.0,8.372243881225586,3.426696300506592,11.97101879119873,5.743864059448242
268,ppo_gmm,gaussian,physical,5,False,0.0,10.16545295715332,3.351379871368408,4.04550313949585,5.445047855377197
268,ppo_gmm,gaussian,physical,6,False,0.0,6.206274032592773,3.387011766433716,10.503533363342285,5.752316474914551
268,ppo_gmm,gaussian,physical,7,False,0.0,6.372358322143555,3.3859872817993164,13.262166023254395,5.752758979797363
269,ppo_gmm,gaussian,physical,0,False,0.0,5.616762161254883,3.3262295722961426,5.083303451538086,5.683696269989014
269,ppo_gmm,gaussian,physical,1,False,0.0,10.037870407104492,3.3675131797790527,7.474508285522461,5.713756561279297
269,ppo_gmm,gaussian,physical,2,False,0.0,2.6545329093933105,3.430384397506714,3.3449137210845947,5.702354431152344
269,ppo_gmm,gaussian,physical,3,True,1.0,6.963095664978027,3.0856211185455322,2.9298577308654785,5.3670525550842285
269,ppo_gmm,gaussian,physical,4,False,0.0,8.372243881225586,3.426696300506592,11.97101879119873,5.743864059448242
269,ppo_gmm,gaussian,physical,5,False,0.0,10.16545295715332,3.351379871368408,4.04550313949585,5.445047855377197
269,ppo_gmm,gaussian,physical,6,False,0.0,6.206274032592773,3.387011766433716,10.503533363342285,5.752316474914551
269,ppo_gmm,gaussian,physical,7,False,0.0,6.372358322143555,3.3859872817993164,13.262166023254395,5.752758979797363
270,ppo_gmm,gaussian,physical,0,False,0.0,5.616762161254883,3.3262295722961426,5.083303451538086,5.683696269989014
270,ppo_gmm,gaussian,physical,1,False,0.0,10.037870407104492,3.3675131797790527,7.474508285522461,5.713756561279297
270,ppo_gmm,gaussian,physical,2,False,0.0,2.6545329093933105,3.430384397506714,3.3449137210845947,5.702354431152344
270,ppo_gmm,gaussian,physical,3,True,1.0,6.963474750518799,3.0842933654785156,2.9294192790985107,5.365324974060059
270,ppo_gmm,gaussian,physical,4,False,0.0,8.372243881225586,3.426696300506592,11.97101879119873,5.743864059448242
270,ppo_gmm,gaussian,physical,5,False,0.0,10.16545295715332,3.351379871368408,4.04550313949585,5.445047855377197
270,ppo_gmm,gaussian,physical,6,False,0.0,6.206274032592773,3.387011766433716,10.503533363342285,5.752316474914551
270,ppo_gmm,gaussian,physical,7,False,0.0,6.372358322143555,3.3859872817993164,13.262166023254395,5.752758979797363
271,ppo_gmm,gaussian,physical,0,False,0.0,5.616762161254883,3.3262295722961426,5.083303451538086,5.683696269989014
271,ppo_gmm,gaussian,physical,1,False,0.0,10.037870407104492,3.3675131797790527,7.474508285522461,5.713756561279297
271,ppo_gmm,gaussian,physical,2,False,0.0,2.6545329093933105,3.430384397506714,3.3449137210845947,5.702354431152344
271,ppo_gmm,gaussian,physical,3,True,1.0,6.9638261795043945,3.0830225944519043,2.928985834121704,5.363584518432617
271,ppo_gmm,gaussian,physical,4,False,0.0,8.372243881225586,3.426696300506592,11.97101879119873,5.743864059448242
271,ppo_gmm,gaussian,physical,5,False,0.0,10.16545295715332,3.351379871368408,4.04550313949585,5.445047855377197
271,ppo_gmm,gaussian,physical,6,False,0.0,6.206274032592773,3.387011766433716,10.503533363342285,5.752316474914551
271,ppo_gmm,gaussian,physical,7,False,0.0,6.372358322143555,3.3859872817993164,13.262166023254395,5.752758979797363
272,ppo_gmm,gaussian,physical,0,False,0.0,5.616762161254883,3.3262295722961426,5.083303451538086,5.683696269989014
272,ppo_gmm,gaussian,physical,1,False,0.0,10.037870407104492,3.3675131797790527,7.474508285522461,5.713756561279297
272,ppo_gmm,gaussian,physical,2,False,0.0,2.6545329093933105,3.430384397506714,3.3449137210845947,5.702354431152344
272,ppo_gmm,gaussian,physical,3,True,1.0,6.964201927185059,3.0817086696624756,2.928579568862915,5.362030506134033
272,ppo_gmm,gaussian,physical,4,False,0.0,8.372243881225586,3.426696300506592,11.97101879119873,5.743864059448242
272,ppo_gmm,gaussian,physical,5,False,0.0,10.16545295715332,3.351379871368408,4.04550313949585,5.445047855377197
272,ppo_gmm,gaussian,physical,6,False,0.0,6.206274032592773,3.387011766433716,10.503533363342285,5.752316474914551
272,ppo_gmm,gaussian,physical,7,False,0.0,6.372358322143555,3.3859872817993164,13.262166023254395,5.752758979797363
273,ppo_gmm,gaussian,physical,0,False,0.0,5.616762161254883,3.3262295722961426,5.083303451538086,5.683696269989014
273,ppo_gmm,gaussian,physical,1,False,0.0,10.037870407104492,3.3675131797790527,7.474508285522461,5.713756561279297
273,ppo_gmm,gaussian,physical,2,False,0.0,2.6545329093933105,3.430384397506714,3.3449137210845947,5.702354431152344
273,ppo_gmm,gaussian,physical,3,True,1.0,6.964580535888672,3.0803656578063965,2.9281744956970215,5.360783100128174
273,ppo_gmm,gaussian,physical,4,False,0.0,8.372243881225586,3.426696300506592,11.97101879119873,5.743864059448242
273,ppo_gmm,gaussian,physical,5,False,0.0,10.16545295715332,3.351379871368408,4.04550313949585,5.445047855377197
273,ppo_gmm,gaussian,physical,6,False,0.0,6.206274032592773,3.387011766433716,10.503533363342285,5.752316474914551
273,ppo_gmm,gaussian,physical,7,False,0.0,6.372358322143555,3.3859872817993164,13.262166023254395,5.752758979797363
274,ppo_gmm,gaussian,physical,0,False,0.0,5.616762161254883,3.3262295722961426,5.083303451538086,5.683696269989014
274,ppo_gmm,gaussian,physical,1,False,0.0,10.037870407104492,3.3675131797790527,7.474508285522461,5.713756561279297
274,ppo_gmm,gaussian,physical,2,False,0.0,2.6545329093933105,3.430384397506714,3.3449137210845947,5.702354431152344
274,ppo_gmm,gaussian,physical,3,True,1.0,6.964910984039307,3.079007148742676,2.9277589321136475,5.359443187713623
274,ppo_gmm,gaussian,physical,4,False,0.0,8.372243881225586,3.426696300506592,11.97101879119873,5.743864059448242
274,ppo_gmm,gaussian,physical,5,False,0.0,10.16545295715332,3.351379871368408,4.04550313949585,5.445047855377197
274,ppo_gmm,gaussian,physical,6,False,0.0,6.206274032592773,3.387011766433716,10.503533363342285,5.752316474914551
274,ppo_gmm,gaussian,physical,7,False,0.0,6.372358322143555,3.3859872817993164,13.262166023254395,5.752758979797363
275,ppo_gmm,gaussian,physical,0,False,0.0,5.616762161254883,3.3262295722961426,5.083303451538086,5.683696269989014
275,ppo_gmm,gaussian,physical,1,False,0.0,10.037870407104492,3.3675131797790527,7.474508285522461,5.713756561279297
275,ppo_gmm,gaussian,physical,2,False,0.0,2.6545329093933105,3.430384397506714,3.3449137210845947,5.702354431152344
275,ppo_gmm,gaussian,physical,3,True,1.0,6.965220928192139,3.077687978744507,2.9273390769958496,5.358347415924072
275,ppo_gmm,gaussian,physical,4,False,0.0,8.372243881225586,3.426696300506592,11.97101879119873,5.743864059448242
275,ppo_gmm,gaussian,physical,5,False,0.0,10.16545295715332,3.351379871368408,4.04550313949585,5.445047855377197
275,ppo_gmm,gaussian,physical,6,False,0.0,6.206274032592773,3.387011766433716,10.503533363342285,5.752316474914551
275,ppo_gmm,gaussian,physical,7,False,0.0,6.372358322143555,3.3859872817993164,13.262166023254395,5.752758979797363
276,ppo_gmm,gaussian,physical,0,False,0.0,5.616762161254883,3.3262295722961426,5.083303451538086,5.683696269989014
276,ppo_gmm,gaussian,physical,1,False,0.0,10.037870407104492,3.3675131797790527,7.474508285522461,5.713756561279297
276,ppo_gmm,gaussian,physical,2,False,0.0,2.6545329093933105,3.430384397506714,3.3449137210845947,5.702354431152344
276,ppo_gmm,gaussian,physical,3,True,1.0,6.965583324432373,3.0763392448425293,2.9269165992736816,5.35733699798584
276,ppo_gmm,gaussian,physical,4,False,0.0,8.372243881225586,3.426696300506592,11.97101879119873,5.743864059448242
276,ppo_gmm,gaussian,physical,5,False,0.0,10.16545295715332,3.351379871368408,4.04550313949585,5.445047855377197
276,ppo_gmm,gaussian,physical,6,False,0.0,6.206274032592773,3.387011766433716,10.503533363342285,5.752316474914551
276,ppo_gmm,gaussian,physical,7,False,0.0,6.372358322143555,3.3859872817993164,13.262166023254395,5.752758979797363
277,ppo_gmm,gaussian,physical,0,False,0.0,5.616762161254883,3.3262295722961426,5.083303451538086,5.683696269989014
277,ppo_gmm,gaussian,physical,1,False,0.0,10.037870407104492,3.3675131797790527,7.474508285522461,5.713756561279297
277,ppo_gmm,gaussian,physical,2,False,0.0,2.6545329093933105,3.430384397506714,3.3449137210845947,5.702354431152344
277,ppo_gmm,gaussian,physical,3,True,1.0,6.965954303741455,3.075056552886963,2.9264755249023438,5.356368064880371
277,ppo_gmm,gaussian,physical,4,False,0.0,8.372243881225586,3.426696300506592,11.97101879119873,5.743864059448242
277,ppo_gmm,gaussian,physical,5,False,0.0,10.16545295715332,3.351379871368408,4.04550313949585,5.445047855377197
277,ppo_gmm,gaussian,physical,6,False,0.0,6.206274032592773,3.387011766433716,10.503533363342285,5.752316474914551
277,ppo_gmm,gaussian,physical,7,False,0.0,6.372358322143555,3.3859872817993164,13.262166023254395,5.752758979797363
278,ppo_gmm,gaussian,physical,0,False,0.0,5.616762161254883,3.3262295722961426,5.083303451538086,5.683696269989014
278,ppo_gmm,gaussian,physical,1,False,0.0,10.037870407104492,3.3675131797790527,7.474508285522461,5.713756561279297
278,ppo_gmm,gaussian,physical,2,False,0.0,2.6545329093933105,3.430384397506714,3.3449137210845947,5.702354431152344
278,ppo_gmm,gaussian,physical,3,True,1.0,6.966333866119385,3.0738868713378906,2.926042079925537,5.355059623718262
278,ppo_gmm,gaussian,physical,4,False,0.0,8.372243881225586,3.426696300506592,11.97101879119873,5.743864059448242
278,ppo_gmm,gaussian,physical,5,False,0.0,10.16545295715332,3.351379871368408,4.04550313949585,5.445047855377197
278,ppo_gmm,gaussian,physical,6,False,0.0,6.206274032592773,3.387011766433716,10.503533363342285,5.752316474914551
278,ppo_gmm,gaussian,physical,7,False,0.0,6.372358322143555,3.3859872817993164,13.262166023254395,5.752758979797363
279,ppo_gmm,gaussian,physical,0,False,0.0,5.616762161254883,3.3262295722961426,5.083303451538086,5.683696269989014
279,ppo_gmm,gaussian,physical,1,False,0.0,10.037870407104492,3.3675131797790527,7.474508285522461,5.713756561279297
279,ppo_gmm,gaussian,physical,2,False,0.0,2.6545329093933105,3.430384397506714,3.3449137210845947,5.702354431152344
279,ppo_gmm,gaussian,physical,3,True,1.0,6.966704368591309,3.072711944580078,2.925625801086426,5.353571891784668
279,ppo_gmm,gaussian,physical,4,False,0.0,8.372243881225586,3.426696300506592,11.97101879119873,5.743864059448242
279,ppo_gmm,gaussian,physical,5,False,0.0,10.16545295715332,3.351379871368408,4.04550313949585,5.445047855377197
279,ppo_gmm,gaussian,physical,6,False,0.0,6.206274032592773,3.387011766433716,10.503533363342285,5.752316474914551
279,ppo_gmm,gaussian,physical,7,False,0.0,6.372358322143555,3.3859872817993164,13.262166023254395,5.752758979797363
280,ppo_gmm,gaussian,physical,0,False,0.0,5.616762161254883,3.3262295722961426,5.083303451538086,5.683696269989014
280,ppo_gmm,gaussian,physical,1,False,0.0,10.037870407104492,3.3675131797790527,7.474508285522461,5.713756561279297
280,ppo_gmm,gaussian,physical,2,False,0.0,2.6545329093933105,3.430384397506714,3.3449137210845947,5.702354431152344
280,ppo_gmm,gaussian,physical,3,True,1.0,6.967043876647949,3.0714974403381348,2.9252359867095947,5.352070331573486
280,ppo_gmm,gaussian,physical,4,False,0.0,8.372243881225586,3.426696300506592,11.97101879119873,5.743864059448242
280,ppo_gmm,gaussian,physical,5,False,0.0,10.16545295715332,3.351379871368408,4.04550313949585,5.445047855377197
280,ppo_gmm,gaussian,physical,6,False,0.0,6.206274032592773,3.387011766433716,10.503533363342285,5.752316474914551
280,ppo_gmm,gaussian,physical,7,False,0.0,6.372358322143555,3.3859872817993164,13.262166023254395,5.752758979797363
281,ppo_gmm,gaussian,physical,0,False,0.0,5.616762161254883,3.3262295722961426,5.083303451538086,5.683696269989014
281,ppo_gmm,gaussian,physical,1,False,0.0,10.037870407104492,3.3675131797790527,7.474508285522461,5.713756561279297
281,ppo_gmm,gaussian,physical,2,False,0.0,2.6545329093933105,3.430384397506714,3.3449137210845947,5.702354431152344
281,ppo_gmm,gaussian,physical,3,True,1.0,6.967374801635742,3.0703039169311523,2.9248242378234863,5.350645542144775
281,ppo_gmm,gaussian,physical,4,False,0.0,8.372243881225586,3.426696300506592,11.97101879119873,5.743864059448242
281,ppo_gmm,gaussian,physical,5,False,0.0,10.16545295715332,3.351379871368408,4.04550313949585,5.445047855377197
281,ppo_gmm,gaussian,physical,6,False,0.0,6.206274032592773,3.387011766433716,10.503533363342285,5.752316474914551
281,ppo_gmm,gaussian,physical,7,False,0.0,6.372358322143555,3.3859872817993164,13.262166023254395,5.752758979797363
282,ppo_gmm,gaussian,physical,0,False,0.0,5.616762161254883,3.3262295722961426,5.083303451538086,5.683696269989014
282,ppo_gmm,gaussian,physical,1,False,0.0,10.037870407104492,3.3675131797790527,7.474508285522461,5.713756561279297
282,ppo_gmm,gaussian,physical,2,False,0.0,2.6545329093933105,3.430384397506714,3.3449137210845947,5.702354431152344
282,ppo_gmm,gaussian,physical,3,True,1.0,6.967708587646484,3.069152355194092,2.9244048595428467,5.3489885330200195
282,ppo_gmm,gaussian,physical,4,False,0.0,8.372243881225586,3.426696300506592,11.97101879119873,5.743864059448242
282,ppo_gmm,gaussian,physical,5,False,0.0,10.16545295715332,3.351379871368408,4.04550313949585,5.445047855377197
282,ppo_gmm,gaussian,physical,6,False,0.0,6.206274032592773,3.387011766433716,10.503533363342285,5.752316474914551
282,ppo_gmm,gaussian,physical,7,False,0.0,6.372358322143555,3.3859872817993164,13.262166023254395,5.752758979797363
283,ppo_gmm,gaussian,physical,0,False,0.0,5.616762161254883,3.3262295722961426,5.083303451538086,5.683696269989014
283,ppo_gmm,gaussian,physical,1,False,0.0,10.037870407104492,3.3675131797790527,7.474508285522461,5.713756561279297
283,ppo_gmm,gaussian,physical,2,False,0.0,2.6545329093933105,3.430384397506714,3.3449137210845947,5.702354431152344
283,ppo_gmm,gaussian,physical,3,True,1.0,6.968029022216797,3.0679657459259033,2.9239723682403564,5.347323417663574
283,ppo_gmm,gaussian,physical,4,False,0.0,8.372243881225586,3.426696300506592,11.97101879119873,5.743864059448242
283,ppo_gmm,gaussian,physical,5,False,0.0,10.16545295715332,3.351379871368408,4.04550313949585,5.445047855377197
283,ppo_gmm,gaussian,physical,6,False,0.0,6.206274032592773,3.387011766433716,10.503533363342285,5.752316474914551
283,ppo_gmm,gaussian,physical,7,False,0.0,6.372358322143555,3.3859872817993164,13.262166023254395,5.752758979797363
284,ppo_gmm,gaussian,physical,0,False,0.0,5.616762161254883,3.3262295722961426,5.083303451538086,5.683696269989014
284,ppo_gmm,gaussian,physical,1,False,0.0,10.037870407104492,3.3675131797790527,7.474508285522461,5.713756561279297
284,ppo_gmm,gaussian,physical,2,False,0.0,2.6545329093933105,3.430384397506714,3.3449137210845947,5.702354431152344
284,ppo_gmm,gaussian,physical,3,True,1.0,6.968336582183838,3.066765308380127,2.923544406890869,5.345611572265625
284,ppo_gmm,gaussian,physical,4,False,0.0,8.372243881225586,3.426696300506592,11.97101879119873,5.743864059448242
284,ppo_gmm,gaussian,physical,5,False,0.0,10.16545295715332,3.351379871368408,4.04550313949585,5.445047855377197
284,ppo_gmm,gaussian,physical,6,False,0.0,6.206274032592773,3.387011766433716,10.503533363342285,5.752316474914551
284,ppo_gmm,gaussian,physical,7,False,0.0,6.372358322143555,3.3859872817993164,13.262166023254395,5.752758979797363
285,ppo_gmm,gaussian,physical,0,False,0.0,5.616762161254883,3.3262295722961426,5.083303451538086,5.683696269989014
285,ppo_gmm,gaussian,physical,1,False,0.0,10.037870407104492,3.3675131797790527,7.474508285522461,5.713756561279297
285,ppo_gmm,gaussian,physical,2,False,0.0,2.6545329093933105,3.430384397506714,3.3449137210845947,5.702354431152344
285,ppo_gmm,gaussian,physical,3,True,1.0,6.96864652633667,3.06569504737854,2.9230947494506836,5.34376335144043
285,ppo_gmm,gaussian,physical,4,False,0.0,8.372243881225586,3.426696300506592,11.97101879119873,5.743864059448242
285,ppo_gmm,gaussian,physical,5,False,0.0,10.16545295715332,3.351379871368408,4.04550313949585,5.445047855377197
285,ppo_gmm,gaussian,physical,6,False,0.0,6.206274032592773,3.387011766433716,10.503533363342285,5.752316474914551
285,ppo_gmm,gaussian,physical,7,False,0.0,6.372358322143555,3.3859872817993164,13.262166023254395,5.752758979797363
286,ppo_gmm,gaussian,physical,0,False,0.0,5.616762161254883,3.3262295722961426,5.083303451538086,5.683696269989014
286,ppo_gmm,gaussian,physical,1,False,0.0,10.037870407104492,3.3675131797790527,7.474508285522461,5.713756561279297
286,ppo_gmm,gaussian,physical,2,False,0.0,2.6545329093933105,3.430384397506714,3.3449137210845947,5.702354431152344
286,ppo_gmm,gaussian,physical,3,True,1.0,6.968934535980225,3.064606189727783,2.922656297683716,5.341825008392334
286,ppo_gmm,gaussian,physical,4,False,0.0,8.372243881225586,3.426696300506592,11.97101879119873,5.743864059448242
286,ppo_gmm,gaussian,physical,5,False,0.0,10.16545295715332,3.351379871368408,4.04550313949585,5.445047855377197
286,ppo_gmm,gaussian,physical,6,False,0.0,6.206274032592773,3.387011766433716,10.503533363342285,5.752316474914551
286,ppo_gmm,gaussian,physical,7,False,0.0,6.372358322143555,3.3859872817993164,13.262166023254395,5.752758979797363
287,ppo_gmm,gaussian,physical,0,False,0.0,5.616762161254883,3.3262295722961426,5.083303451538086,5.683696269989014
287,ppo_gmm,gaussian,physical,1,False,0.0,10.037870407104492,3.3675131797790527,7.474508285522461,5.713756561279297
287,ppo_gmm,gaussian,physical,2,False,0.0,2.6545329093933105,3.430384397506714,3.3449137210845947,5.702354431152344
287,ppo_gmm,gaussian,physical,3,True,1.0,6.969199180603027,3.06361722946167,2.9222280979156494,5.339688301086426
287,ppo_gmm,gaussian,physical,4,False,0.0,8.372243881225586,3.426696300506592,11.97101879119873,5.743864059448242
287,ppo_gmm,gaussian,physical,5,False,0.0,10.16545295715332,3.351379871368408,4.04550313949585,5.445047855377197
287,ppo_gmm,gaussian,physical,6,False,0.0,6.206274032592773,3.387011766433716,10.503533363342285,5.752316474914551
287,ppo_gmm,gaussian,physical,7,False,0.0,6.372358322143555,3.3859872817993164,13.262166023254395,5.752758979797363
288,ppo_gmm,gaussian,physical,0,False,0.0,5.616762161254883,3.3262295722961426,5.083303451538086,5.683696269989014
288,ppo_gmm,gaussian,physical,1,False,0.0,10.037870407104492,3.3675131797790527,7.474508285522461,5.713756561279297
288,ppo_gmm,gaussian,physical,2,False,0.0,2.6545329093933105,3.430384397506714,3.3449137210845947,5.702354431152344
288,ppo_gmm,gaussian,physical,3,True,1.0,6.969454765319824,3.0626273155212402,2.921799898147583,5.338127136230469
288,ppo_gmm,gaussian,physical,4,False,0.0,8.372243881225586,3.426696300506592,11.97101879119873,5.743864059448242
288,ppo_gmm,gaussian,physical,5,False,0.0,10.16545295715332,3.351379871368408,4.04550313949585,5.445047855377197
288,ppo_gmm,gaussian,physical,6,False,0.0,6.206274032592773,3.387011766433716,10.503533363342285,5.752316474914551
288,ppo_gmm,gaussian,physical,7,False,0.0,6.372358322143555,3.3859872817993164,13.262166023254395,5.752758979797363
289,ppo_gmm,gaussian,physical,0,False,0.0,5.616762161254883,3.3262295722961426,5.083303451538086,5.683696269989014
289,ppo_gmm,gaussian,physical,1,False,0.0,10.037870407104492,3.3675131797790527,7.474508285522461,5.713756561279297
289,ppo_gmm,gaussian,physical,2,False,0.0,2.6545329093933105,3.430384397506714,3.3449137210845947,5.702354431152344
289,ppo_gmm,gaussian,physical,3,True,1.0,6.969651699066162,3.061602830886841,2.9213783740997314,5.336556911468506
289,ppo_gmm,gaussian,physical,4,False,0.0,8.372243881225586,3.426696300506592,11.97101879119873,5.743864059448242
289,ppo_gmm,gaussian,physical,5,False,0.0,10.16545295715332,3.351379871368408,4.04550313949585,5.445047855377197
289,ppo_gmm,gaussian,physical,6,False,0.0,6.206274032592773,3.387011766433716,10.503533363342285,5.752316474914551
289,ppo_gmm,gaussian,physical,7,False,0.0,6.372358322143555,3.3859872817993164,13.262166023254395,5.752758979797363
290,ppo_gmm,gaussian,physical,0,False,0.0,5.616762161254883,3.3262295722961426,5.083303451538086,5.683696269989014
290,ppo_gmm,gaussian,physical,1,False,0.0,10.037870407104492,3.3675131797790527,7.474508285522461,5.713756561279297
290,ppo_gmm,gaussian,physical,2,False,0.0,2.6545329093933105,3.430384397506714,3.3449137210845947,5.702354431152344
290,ppo_gmm,gaussian,physical,3,True,1.0,6.9698710441589355,3.060539484024048,2.9209697246551514,5.3349432945251465
290,ppo_gmm,gaussian,physical,4,False,0.0,8.372243881225586,3.426696300506592,11.97101879119873,5.743864059448242
290,ppo_gmm,gaussian,physical,5,False,0.0,10.16545295715332,3.351379871368408,4.04550313949585,5.445047855377197
290,ppo_gmm,gaussian,physical,6,False,0.0,6.206274032592773,3.387011766433716,10.503533363342285,5.752316474914551
290,ppo_gmm,gaussian,physical,7,False,0.0,6.372358322143555,3.3859872817993164,13.262166023254395,5.752758979797363
291,ppo_gmm,gaussian,physical,0,False,0.0,5.616762161254883,3.3262295722961426,5.083303451538086,5.683696269989014
291,ppo_gmm,gaussian,physical,1,False,0.0,10.037870407104492,3.3675131797790527,7.474508285522461,5.713756561279297
291,ppo_gmm,gaussian,physical,2,False,0.0,2.6545329093933105,3.430384397506714,3.3449137210845947,5.702354431152344
291,ppo_gmm,gaussian,physical,3,True,1.0,6.970101833343506,3.0594632625579834,2.9205455780029297,5.333654403686523
291,ppo_gmm,gaussian,physical,4,False,0.0,8.372243881225586,3.426696300506592,11.97101879119873,5.743864059448242
291,ppo_gmm,gaussian,physical,5,False,0.0,10.16545295715332,3.351379871368408,4.04550313949585,5.445047855377197
291,ppo_gmm,gaussian,physical,6,False,0.0,6.206274032592773,3.387011766433716,10.503533363342285,5.752316474914551
291,ppo_gmm,gaussian,physical,7,False,0.0,6.372358322143555,3.3859872817993164,13.262166023254395,5.752758979797363
292,ppo_gmm,gaussian,physical,0,False,0.0,5.616762161254883,3.3262295722961426,5.083303451538086,5.683696269989014
292,ppo_gmm,gaussian,physical,1,False,0.0,10.037870407104492,3.3675131797790527,7.474508285522461,5.713756561279297
292,ppo_gmm,gaussian,physical,2,False,0.0,2.6545329093933105,3.430384397506714,3.3449137210845947,5.702354431152344
292,ppo_gmm,gaussian,physical,3,True,1.0,6.970319747924805,3.0583832263946533,2.9201064109802246,5.332210063934326
292,ppo_gmm,gaussian,physical,4,False,0.0,8.372243881225586,3.426696300506592,11.97101879119873,5.743864059448242
292,ppo_gmm,gaussian,physical,5,False,0.0,10.16545295715332,3.351379871368408,4.04550313949585,5.445047855377197
292,ppo_gmm,gaussian,physical,6,False,0.0,6.206274032592773,3.387011766433716,10.503533363342285,5.752316474914551
292,ppo_gmm,gaussian,physical,7,False,0.0,6.372358322143555,3.3859872817993164,13.262166023254395,5.752758979797363
293,ppo_gmm,gaussian,physical,0,False,0.0,5.616762161254883,3.3262295722961426,5.083303451538086,5.683696269989014
293,ppo_gmm,gaussian,physical,1,False,0.0,10.037870407104492,3.3675131797790527,7.474508285522461,5.713756561279297
293,ppo_gmm,gaussian,physical,2,False,0.0,2.6545329093933105,3.430384397506714,3.3449137210845947,5.702354431152344
293,ppo_gmm,gaussian,physical,3,True,1.0,6.9705586433410645,3.057253360748291,2.919696569442749,5.330933094024658
293,ppo_gmm,gaussian,physical,4,False,0.0,8.372243881225586,3.426696300506592,11.97101879119873,5.743864059448242
293,ppo_gmm,gaussian,physical,5,False,0.0,10.16545295715332,3.351379871368408,4.04550313949585,5.445047855377197
293,ppo_gmm,gaussian,physical,6,False,0.0,6.206274032592773,3.387011766433716,10.503533363342285,5.752316474914551
293,ppo_gmm,gaussian,physical,7,False,0.0,6.372358322143555,3.3859872817993164,13.262166023254395,5.752758979797363
294,ppo_gmm,gaussian,physical,0,False,0.0,5.616762161254883,3.3262295722961426,5.083303451538086,5.683696269989014
294,ppo_gmm,gaussian,physical,1,False,0.0,10.037870407104492,3.3675131797790527,7.474508285522461,5.713756561279297
294,ppo_gmm,gaussian,physical,2,False,0.0,2.6545329093933105,3.430384397506714,3.3449137210845947,5.702354431152344
294,ppo_gmm,gaussian,physical,3,True,1.0,6.9708476066589355,3.0561609268188477,2.919290065765381,5.329578876495361
294,ppo_gmm,gaussian,physical,4,False,0.0,8.372243881225586,3.426696300506592,11.97101879119873,5.743864059448242
294,ppo_gmm,gaussian,physical,5,False,0.0,10.16545295715332,3.351379871368408,4.04550313949585,5.445047855377197
294,ppo_gmm,gaussian,physical,6,False,0.0,6.206274032592773,3.387011766433716,10.503533363342285,5.752316474914551
294,ppo_gmm,gaussian,physical,7,False,0.0,6.372358322143555,3.3859872817993164,13.262166023254395,5.752758979797363
295,ppo_gmm,gaussian,physical,0,False,0.0,5.616762161254883,3.3262295722961426,5.083303451538086,5.683696269989014
295,ppo_gmm,gaussian,physical,1,False,0.0,10.037870407104492,3.3675131797790527,7.474508285522461,5.713756561279297
295,ppo_gmm,gaussian,physical,2,False,0.0,2.6545329093933105,3.430384397506714,3.3449137210845947,5.702354431152344
295,ppo_gmm,gaussian,physical,3,True,1.0,6.971137523651123,3.0550265312194824,2.918912172317505,5.3282470703125
295,ppo_gmm,gaussian,physical,4,False,0.0,8.372243881225586,3.426696300506592,11.97101879119873,5.743864059448242
295,ppo_gmm,gaussian,physical,5,False,0.0,10.16545295715332,3.351379871368408,4.04550313949585,5.445047855377197
295,ppo_gmm,gaussian,physical,6,False,0.0,6.206274032592773,3.387011766433716,10.503533363342285,5.752316474914551
295,ppo_gmm,gaussian,physical,7,False,0.0,6.372358322143555,3.3859872817993164,13.262166023254395,5.752758979797363
296,ppo_gmm,gaussian,physical,0,False,0.0,5.616762161254883,3.3262295722961426,5.083303451538086,5.683696269989014
296,ppo_gmm,gaussian,physical,1,False,0.0,10.037870407104492,3.3675131797790527,7.474508285522461,5.713756561279297
296,ppo_gmm,gaussian,physical,2,False,0.0,2.6545329093933105,3.430384397506714,3.3449137210845947,5.702354431152344
296,ppo_gmm,gaussian,physical,3,True,1.0,6.971420764923096,3.053905487060547,2.9185173511505127,5.326750755310059
296,ppo_gmm,gaussian,physical,4,False,0.0,8.372243881225586,3.426696300506592,11.97101879119873,5.743864059448242
296,ppo_gmm,gaussian,physical,5,False,0.0,10.16545295715332,3.351379871368408,4.04550313949585,5.445047855377197
296,ppo_gmm,gaussian,physical,6,False,0.0,6.206274032592773,3.387011766433716,10.503533363342285,5.752316474914551
296,ppo_gmm,gaussian,physical,7,False,0.0,6.372358322143555,3.3859872817993164,13.262166023254395,5.752758979797363
297,ppo_gmm,gaussian,physical,0,False,0.0,5.616762161254883,3.3262295722961426,5.083303451538086,5.683696269989014
297,ppo_gmm,gaussian,physical,1,False,0.0,10.037870407104492,3.3675131797790527,7.474508285522461,5.713756561279297
297,ppo_gmm,gaussian,physical,2,False,0.0,2.6545329093933105,3.430384397506714,3.3449137210845947,5.702354431152344
297,ppo_gmm,gaussian,physical,3,True,1.0,6.971682071685791,3.052797794342041,2.918107748031616,5.325366497039795
297,ppo_gmm,gaussian,physical,4,False,0.0,8.372243881225586,3.426696300506592,11.97101879119873,5.743864059448242
297,ppo_gmm,gaussian,physical,5,False,0.0,10.16545295715332,3.351379871368408,4.04550313949585,5.445047855377197
297,ppo_gmm,gaussian,physical,6,False,0.0,6.206274032592773,3.387011766433716,10.503533363342285,5.752316474914551
297,ppo_gmm,gaussian,physical,7,False,0.0,6.372358322143555,3.3859872817993164,13.262166023254395,5.752758979797363
298,ppo_gmm,gaussian,physical,0,False,0.0,5.616762161254883,3.3262295722961426,5.083303451538086,5.683696269989014
298,ppo_gmm,gaussian,physical,1,False,0.0,10.037870407104492,3.3675131797790527,7.474508285522461,5.713756561279297
298,ppo_gmm,gaussian,physical,2,False,0.0,2.6545329093933105,3.430384397506714,3.3449137210845947,5.702354431152344
298,ppo_gmm,gaussian,physical,3,True,1.0,6.971960544586182,3.0516510009765625,2.917703151702881,5.324196815490723
298,ppo_gmm,gaussian,physical,4,False,0.0,8.372243881225586,3.426696300506592,11.97101879119873,5.743864059448242
298,ppo_gmm,gaussian,physical,5,False,0.0,10.16545295715332,3.351379871368408,4.04550313949585,5.445047855377197
298,ppo_gmm,gaussian,physical,6,False,0.0,6.206274032592773,3.387011766433716,10.503533363342285,5.752316474914551
298,ppo_gmm,gaussian,physical,7,False,0.0,6.372358322143555,3.3859872817993164,13.262166023254395,5.752758979797363
299,ppo_gmm,gaussian,physical,0,False,0.0,5.616762161254883,3.3262295722961426,5.083303451538086,5.683696269989014
299,ppo_gmm,gaussian,physical,1,False,0.0,10.037870407104492,3.3675131797790527,7.474508285522461,5.713756561279297
299,ppo_gmm,gaussian,physical,2,False,0.0,2.6545329093933105,3.430384397506714,3.3449137210845947,5.702354431152344
299,ppo_gmm,gaussian,physical,3,True,1.0,6.972232818603516,3.0504767894744873,2.9173073768615723,5.323299407958984
299,ppo_gmm,gaussian,physical,4,False,0.0,8.372243881225586,3.426696300506592,11.97101879119873,5.743864059448242
299,ppo_gmm,gaussian,physical,5,False,0.0,10.16545295715332,3.351379871368408,4.04550313949585,5.445047855377197
299,ppo_gmm,gaussian,physical,6,False,0.0,6.206274032592773,3.387011766433716,10.503533363342285,5.752316474914551
299,ppo_gmm,gaussian,physical,7,False,0.0,6.372358322143555,3.3859872817993164,13.262166023254395,5.752758979797363
300,ppo_gmm,gaussian,physical,0,False,0.0,5.616762161254883,3.3262295722961426,5.083303451538086,5.683696269989014
300,ppo_gmm,gaussian,physical,1,False,0.0,10.037870407104492,3.3675131797790527,7.474508285522461,5.713756561279297
300,ppo_gmm,gaussian,physical,2,False,0.0,2.6545329093933105,3.430384397506714,3.3449137210845947,5.702354431152344
300,ppo_gmm,gaussian,physical,3,True,1.0,6.972521781921387,3.049273729324341,2.916936159133911,5.322396755218506
300,ppo_gmm,gaussian,physical,4,False,0.0,8.372243881225586,3.426696300506592,11.97101879119873,5.743864059448242
300,ppo_gmm,gaussian,physical,5,False,0.0,10.16545295715332,3.351379871368408,4.04550313949585,5.445047855377197
300,ppo_gmm,gaussian,physical,6,False,0.0,6.206274032592773,3.387011766433716,10.503533363342285,5.752316474914551
300,ppo_gmm,gaussian,physical,7,False,0.0,6.372358322143555,3.3859872817993164,13.262166023254395,5.752758979797363
301,ppo_gmm,gaussian,physical,0,False,0.0,5.616762161254883,3.3262295722961426,5.083303451538086,5.683696269989014
301,ppo_gmm,gaussian,physical,1,False,0.0,10.037870407104492,3.3675131797790527,7.474508285522461,5.713756561279297
301,ppo_gmm,gaussian,physical,2,False,0.0,2.6545329093933105,3.430384397506714,3.3449137210845947,5.702354431152344
301,ppo_gmm,gaussian,physical,3,True,1.0,6.972784996032715,3.04811954498291,2.9165570735931396,5.321242809295654
301,ppo_gmm,gaussian,physical,4,False,0.0,8.372243881225586,3.426696300506592,11.97101879119873,5.743864059448242
301,ppo_gmm,gaussian,physical,5,False,0.0,10.16545295715332,3.351379871368408,4.04550313949585,5.445047855377197
301,ppo_gmm,gaussian,physical,6,False,0.0,6.206274032592773,3.387011766433716,10.503533363342285,5.752316474914551
301,ppo_gmm,gaussian,physical,7,False,0.0,6.372358322143555,3.3859872817993164,13.262166023254395,5.752758979797363
302,ppo_gmm,gaussian,physical,0,False,0.0,5.616762161254883,3.3262295722961426,5.083303451538086,5.683696269989014
302,ppo_gmm,gaussian,physical,1,False,0.0,10.037870407104492,3.3675131797790527,7.474508285522461,5.713756561279297
302,ppo_gmm,gaussian,physical,2,False,0.0,2.6545329093933105,3.430384397506714,3.3449137210845947,5.702354431152344
302,ppo_gmm,gaussian,physical,3,True,1.0,6.973107814788818,3.04701566696167,2.9161667823791504,5.319879531860352
302,ppo_gmm,gaussian,physical,4,False,0.0,8.372243881225586,3.426696300506592,11.97101879119873,5.743864059448242
302,ppo_gmm,gaussian,physical,5,False,0.0,10.16545295715332,3.351379871368408,4.04550313949585,5.445047855377197
302,ppo_gmm,gaussian,physical,6,False,0.0,6.206274032592773,3.387011766433716,10.503533363342285,5.752316474914551
302,ppo_gmm,gaussian,physical,7,False,0.0,6.372358322143555,3.3859872817993164,13.262166023254395,5.752758979797363
303,ppo_gmm,gaussian,physical,0,False,0.0,5.616762161254883,3.3262295722961426,5.083303451538086,5.683696269989014
303,ppo_gmm,gaussian,physical,1,False,0.0,10.037870407104492,3.3675131797790527,7.474508285522461,5.713756561279297
303,ppo_gmm,gaussian,physical,2,False,0.0,2.6545329093933105,3.430384397506714,3.3449137210845947,5.702354431152344
303,ppo_gmm,gaussian,physical,3,True,1.0,6.97343111038208,3.045912027359009,2.915756940841675,5.31850528717041
303,ppo_gmm,gaussian,physical,4,False,0.0,8.372243881225586,3.426696300506592,11.97101879119873,5.743864059448242
303,ppo_gmm,gaussian,physical,5,False,0.0,10.16545295715332,3.351379871368408,4.04550313949585,5.445047855377197
303,ppo_gmm,gaussian,physical,6,False,0.0,6.206274032592773,3.387011766433716,10.503533363342285,5.752316474914551
303,ppo_gmm,gaussian,physical,7,False,0.0,6.372358322143555,3.3859872817993164,13.262166023254395,5.752758979797363
304,ppo_gmm,gaussian,physical,0,False,0.0,5.616762161254883,3.3262295722961426,5.083303451538086,5.683696269989014
304,ppo_gmm,gaussian,physical,1,False,0.0,10.037870407104492,3.3675131797790527,7.474508285522461,5.713756561279297
304,ppo_gmm,gaussian,physical,2,False,0.0,2.6545329093933105,3.430384397506714,3.3449137210845947,5.702354431152344
304,ppo_gmm,gaussian,physical,3,True,1.0,6.973749160766602,3.044790029525757,2.9153552055358887,5.317075729370117
304,ppo_gmm,gaussian,physical,4,False,0.0,8.372243881225586,3.426696300506592,11.97101879119873,5.743864059448242
304,ppo_gmm,gaussian,physical,5,False,0.0,10.16545295715332,3.351379871368408,4.04550313949585,5.445047855377197
304,ppo_gmm,gaussian,physical,6,False,0.0,6.206274032592773,3.387011766433716,10.503533363342285,5.752316474914551
304,ppo_gmm,gaussian,physical,7,False,0.0,6.372358322143555,3.3859872817993164,13.262166023254395,5.752758979797363
305,ppo_gmm,gaussian,physical,0,False,0.0,5.616762161254883,3.3262295722961426,5.083303451538086,5.683696269989014
305,ppo_gmm,gaussian,physical,1,False,0.0,10.037870407104492,3.3675131797790527,7.474508285522461,5.713756561279297
305,ppo_gmm,gaussian,physical,2,False,0.0,2.6545329093933105,3.430384397506714,3.3449137210845947,5.702354431152344
305,ppo_gmm,gaussian,physical,3,True,1.0,6.97405481338501,3.0437278747558594,2.9149973392486572,5.315736770629883
305,ppo_gmm,gaussian,physical,4,False,0.0,8.372243881225586,3.426696300506592,11.97101879119873,5.743864059448242
305,ppo_gmm,gaussian,physical,5,False,0.0,10.16545295715332,3.351379871368408,4.04550313949585,5.445047855377197
305,ppo_gmm,gaussian,physical,6,False,0.0,6.206274032592773,3.387011766433716,10.503533363342285,5.752316474914551
305,ppo_gmm,gaussian,physical,7,False,0.0,6.372358322143555,3.3859872817993164,13.262166023254395,5.752758979797363
306,ppo_gmm,gaussian,physical,0,False,0.0,5.616762161254883,3.3262295722961426,5.083303451538086,5.683696269989014
306,ppo_gmm,gaussian,physical,1,False,0.0,10.037870407104492,3.3675131797790527,7.474508285522461,5.713756561279297
306,ppo_gmm,gaussian,physical,2,False,0.0,2.6545329093933105,3.430384397506714,3.3449137210845947,5.702354431152344
306,ppo_gmm,gaussian,physical,3,True,1.0,6.974321365356445,3.0426440238952637,2.9146151542663574,5.314467906951904
306,ppo_gmm,gaussian,physical,4,False,0.0,8.372243881225586,3.426696300506592,11.97101879119873,5.743864059448242
306,ppo_gmm,gaussian,physical,5,False,0.0,10.16545295715332,3.351379871368408,4.04550313949585,5.445047855377197
306,ppo_gmm,gaussian,physical,6,False,0.0,6.206274032592773,3.387011766433716,10.503533363342285,5.752316474914551
306,ppo_gmm,gaussian,physical,7,False,0.0,6.372358322143555,3.3859872817993164,13.262166023254395,5.752758979797363
307,ppo_gmm,gaussian,physical,0,False,0.0,5.616762161254883,3.3262295722961426,5.083303451538086,5.683696269989014
307,ppo_gmm,gaussian,physical,1,False,0.0,10.037870407104492,3.3675131797790527,7.474508285522461,5.713756561279297
307,ppo_gmm,gaussian,physical,2,False,0.0,2.6545329093933105,3.430384397506714,3.3449137210845947,5.702354431152344
307,ppo_gmm,gaussian,physical,3,True,1.0,6.974576473236084,3.0416109561920166,2.9142403602600098,5.312987327575684
307,ppo_gmm,gaussian,physical,4,False,0.0,8.372243881225586,3.426696300506592,11.97101879119873,5.743864059448242
307,ppo_gmm,gaussian,physical,5,False,0.0,10.16545295715332,3.351379871368408,4.04550313949585,5.445047855377197
307,ppo_gmm,gaussian,physical,6,False,0.0,6.206274032592773,3.387011766433716,10.503533363342285,5.752316474914551
307,ppo_gmm,gaussian,physical,7,False,0.0,6.372358322143555,3.3859872817993164,13.262166023254395,5.752758979797363
308,ppo_gmm,gaussian,physical,0,False,0.0,5.616762161254883,3.3262295722961426,5.083303451538086,5.683696269989014
308,ppo_gmm,gaussian,physical,1,False,0.0,10.037870407104492,3.3675131797790527,7.474508285522461,5.713756561279297
308,ppo_gmm,gaussian,physical,2,False,0.0,2.6545329093933105,3.430384397506714,3.3449137210845947,5.702354431152344
308,ppo_gmm,gaussian,physical,3,True,1.0,6.974862575531006,3.0406360626220703,2.9138667583465576,5.311644554138184
308,ppo_gmm,gaussian,physical,4,False,0.0,8.372243881225586,3.426696300506592,11.97101879119873,5.743864059448242
308,ppo_gmm,gaussian,physical,5,False,0.0,10.16545295715332,3.351379871368408,4.04550313949585,5.445047855377197
308,ppo_gmm,gaussian,physical,6,False,0.0,6.206274032592773,3.387011766433716,10.503533363342285,5.752316474914551
308,ppo_gmm,gaussian,physical,7,False,0.0,6.372358322143555,3.3859872817993164,13.262166023254395,5.752758979797363
309,ppo_gmm,gaussian,physical,0,False,0.0,5.616762161254883,3.3262295722961426,5.083303451538086,5.683696269989014
309,ppo_gmm,gaussian,physical,1,False,0.0,10.037870407104492,3.3675131797790527,7.474508285522461,5.713756561279297
309,ppo_gmm,gaussian,physical,2,False,0.0,2.6545329093933105,3.430384397506714,3.3449137210845947,5.702354431152344
309,ppo_gmm,gaussian,physical,3,True,1.0,6.975122928619385,3.039672374725342,2.9135024547576904,5.310251712799072
309,ppo_gmm,gaussian,physical,4,False,0.0,8.372243881225586,3.426696300506592,11.97101879119873,5.743864059448242
309,ppo_gmm,gaussian,physical,5,False,0.0,10.16545295715332,3.351379871368408,4.04550313949585,5.445047855377197
309,ppo_gmm,gaussian,physical,6,False,0.0,6.206274032592773,3.387011766433716,10.503533363342285,5.752316474914551
309,ppo_gmm,gaussian,physical,7,False,0.0,6.372358322143555,3.3859872817993164,13.262166023254395,5.752758979797363
310,ppo_gmm,gaussian,physical,0,False,0.0,5.616762161254883,3.3262295722961426,5.083303451538086,5.683696269989014
310,ppo_gmm,gaussian,physical,1,False,0.0,10.037870407104492,3.3675131797790527,7.474508285522461,5.713756561279297
310,ppo_gmm,gaussian,physical,2,False,0.0,2.6545329093933105,3.430384397506714,3.3449137210845947,5.702354431152344
310,ppo_gmm,gaussian,physical,3,True,1.0,6.975378513336182,3.038778781890869,2.913125514984131,5.308974266052246
310,ppo_gmm,gaussian,physical,4,False,0.0,8.372243881225586,3.426696300506592,11.97101879119873,5.743864059448242
310,ppo_gmm,gaussian,physical,5,False,0.0,10.16545295715332,3.351379871368408,4.04550313949585,5.445047855377197
310,ppo_gmm,gaussian,physical,6,False,0.0,6.206274032592773,3.387011766433716,10.503533363342285,5.752316474914551
310,ppo_gmm,gaussian,physical,7,False,0.0,6.372358322143555,3.3859872817993164,13.262166023254395,5.752758979797363
311,ppo_gmm,gaussian,physical,0,False,0.0,5.616762161254883,3.3262295722961426,5.083303451538086,5.683696269989014
311,ppo_gmm,gaussian,physical,1,False,0.0,10.037870407104492,3.3675131797790527,7.474508285522461,5.713756561279297
311,ppo_gmm,gaussian,physical,2,False,0.0,2.6545329093933105,3.430384397506714,3.3449137210845947,5.702354431152344
311,ppo_gmm,gaussian,physical,3,True,1.0,6.975621223449707,3.0379369258880615,2.9127564430236816,5.307925224304199
311,ppo_gmm,gaussian,physical,4,False,0.0,8.372243881225586,3.426696300506592,11.97101879119873,5.743864059448242
311,ppo_gmm,gaussian,physical,5,False,0.0,10.16545295715332,3.351379871368408,4.04550313949585,5.445047855377197
311,ppo_gmm,gaussian,physical,6,False,0.0,6.206274032592773,3.387011766433716,10.503533363342285,5.752316474914551
311,ppo_gmm,gaussian,physical,7,False,0.0,6.372358322143555,3.3859872817993164,13.262166023254395,5.752758979797363
312,ppo_gmm,gaussian,physical,0,False,0.0,5.616762161254883,3.3262295722961426,5.083303451538086,5.683696269989014
312,ppo_gmm,gaussian,physical,1,False,0.0,10.037870407104492,3.3675131797790527,7.474508285522461,5.713756561279297
312,ppo_gmm,gaussian,physical,2,False,0.0,2.6545329093933105,3.430384397506714,3.3449137210845947,5.702354431152344
312,ppo_gmm,gaussian,physical,3,True,1.0,6.975894927978516,3.037100076675415,2.9123804569244385,5.307083606719971
312,ppo_gmm,gaussian,physical,4,False,0.0,8.372243881225586,3.426696300506592,11.97101879119873,5.743864059448242
312,ppo_gmm,gaussian,physical,5,False,0.0,10.16545295715332,3.351379871368408,4.04550313949585,5.445047855377197
312,ppo_gmm,gaussian,physical,6,False,0.0,6.206274032592773,3.387011766433716,10.503533363342285,5.752316474914551
312,ppo_gmm,gaussian,physical,7,False,0.0,6.372358322143555,3.3859872817993164,13.262166023254395,5.752758979797363
313,ppo_gmm,gaussian,physical,0,False,0.0,5.616762161254883,3.3262295722961426,5.083303451538086,5.683696269989014
313,ppo_gmm,gaussian,physical,1,False,0.0,10.037870407104492,3.3675131797790527,7.474508285522461,5.713756561279297
313,ppo_gmm,gaussian,physical,2,False,0.0,2.6545329093933105,3.430384397506714,3.3449137210845947,5.702354431152344
313,ppo_gmm,gaussian,physical,3,True,1.0,6.976146221160889,3.036308765411377,2.9119887351989746,5.30656623840332
313,ppo_gmm,gaussian,physical,4,False,0.0,8.372243881225586,3.426696300506592,11.97101879119873,5.743864059448242
313,ppo_gmm,gaussian,physical,5,False,0.0,10.16545295715332,3.351379871368408,4.04550313949585,5.445047855377197
313,ppo_gmm,gaussian,physical,6,False,0.0,6.206274032592773,3.387011766433716,10.503533363342285,5.752316474914551
313,ppo_gmm,gaussian,physical,7,False,0.0,6.372358322143555,3.3859872817993164,13.262166023254395,5.752758979797363
314,ppo_gmm,gaussian,physical,0,False,0.0,5.616762161254883,3.3262295722961426,5.083303451538086,5.683696269989014
314,ppo_gmm,gaussian,physical,1,False,0.0,10.037870407104492,3.3675131797790527,7.474508285522461,5.713756561279297
314,ppo_gmm,gaussian,physical,2,False,0.0,2.6545329093933105,3.430384397506714,3.3449137210845947,5.702354431152344
314,ppo_gmm,gaussian,physical,3,True,1.0,6.976422309875488,3.035451889038086,2.911618947982788,5.306121826171875
314,ppo_gmm,gaussian,physical,4,False,0.0,8.372243881225586,3.426696300506592,11.97101879119873,5.743864059448242
314,ppo_gmm,gaussian,physical,5,False,0.0,10.16545295715332,3.351379871368408,4.04550313949585,5.445047855377197
314,ppo_gmm,gaussian,physical,6,False,0.0,6.206274032592773,3.387011766433716,10.503533363342285,5.752316474914551
314,ppo_gmm,gaussian,physical,7,False,0.0,6.372358322143555,3.3859872817993164,13.262166023254395,5.752758979797363
315,ppo_gmm,gaussian,physical,0,False,0.0,5.616762161254883,3.3262295722961426,5.083303451538086,5.683696269989014
315,ppo_gmm,gaussian,physical,1,False,0.0,10.037870407104492,3.3675131797790527,7.474508285522461,5.713756561279297
315,ppo_gmm,gaussian,physical,2,False,0.0,2.6545329093933105,3.430384397506714,3.3449137210845947,5.702354431152344
315,ppo_gmm,gaussian,physical,3,True,1.0,6.976705074310303,3.034658432006836,2.9112257957458496,5.3056111335754395
315,ppo_gmm,gaussian,physical,4,False,0.0,8.372243881225586,3.426696300506592,11.97101879119873,5.743864059448242
315,ppo_gmm,gaussian,physical,5,False,0.0,10.16545295715332,3.351379871368408,4.04550313949585,5.445047855377197
315,ppo_gmm,gaussian,physical,6,False,0.0,6.206274032592773,3.387011766433716,10.503533363342285,5.752316474914551
315,ppo_gmm,gaussian,physical,7,False,0.0,6.372358322143555,3.3859872817993164,13.262166023254395,5.752758979797363
316,ppo_gmm,gaussian,physical,0,False,0.0,5.616762161254883,3.3262295722961426,5.083303451538086,5.683696269989014
316,ppo_gmm,gaussian,physical,1,False,0.0,10.037870407104492,3.3675131797790527,7.474508285522461,5.713756561279297
316,ppo_gmm,gaussian,physical,2,False,0.0,2.6545329093933105,3.430384397506714,3.3449137210845947,5.702354431152344
316,ppo_gmm,gaussian,physical,3,True,1.0,6.977016448974609,3.0338268280029297,2.910839319229126,5.305041313171387
316,ppo_gmm,gaussian,physical,4,False,0.0,8.372243881225586,3.426696300506592,11.97101879119873,5.743864059448242
316,ppo_gmm,gaussian,physical,5,False,0.0,10.16545295715332,3.351379871368408,4.04550313949585,5.445047855377197
316,ppo_gmm,gaussian,physical,6,False,0.0,6.206274032592773,3.387011766433716,10.503533363342285,5.752316474914551
316,ppo_gmm,gaussian,physical,7,False,0.0,6.372358322143555,3.3859872817993164,13.262166023254395,5.752758979797363
317,ppo_gmm,gaussian,physical,0,False,0.0,5.616762161254883,3.3262295722961426,5.083303451538086,5.683696269989014
317,ppo_gmm,gaussian,physical,1,False,0.0,10.037870407104492,3.3675131797790527,7.474508285522461,5.713756561279297
317,ppo_gmm,gaussian,physical,2,False,0.0,2.6545329093933105,3.430384397506714,3.3449137210845947,5.702354431152344
317,ppo_gmm,gaussian,physical,3,True,1.0,6.977377414703369,3.0329537391662598,2.9104790687561035,5.30436897277832
317,ppo_gmm,gaussian,physical,4,False,0.0,8.372243881225586,3.426696300506592,11.97101879119873,5.743864059448242
317,ppo_gmm,gaussian,physical,5,False,0.0,10.16545295715332,3.351379871368408,4.04550313949585,5.445047855377197
317,ppo_gmm,gaussian,physical,6,False,0.0,6.206274032592773,3.387011766433716,10.503533363342285,5.752316474914551
317,ppo_gmm,gaussian,physical,7,False,0.0,6.372358322143555,3.3859872817993164,13.262166023254395,5.752758979797363
318,ppo_gmm,gaussian,physical,0,False,0.0,5.616762161254883,3.3262295722961426,5.083303451538086,5.683696269989014
318,ppo_gmm,gaussian,physical,1,False,0.0,10.037870407104492,3.3675131797790527,7.474508285522461,5.713756561279297
318,ppo_gmm,gaussian,physical,2,False,0.0,2.6545329093933105,3.430384397506714,3.3449137210845947,5.702354431152344
318,ppo_gmm,gaussian,physical,3,True,1.0,6.977733612060547,3.032071113586426,2.9101202487945557,5.303861141204834
318,ppo_gmm,gaussian,physical,4,False,0.0,8.372243881225586,3.426696300506592,11.97101879119873,5.743864059448242
318,ppo_gmm,gaussian,physical,5,False,0.0,10.16545295715332,3.351379871368408,4.04550313949585,5.445047855377197
318,ppo_gmm,gaussian,physical,6,False,0.0,6.206274032592773,3.387011766433716,10.503533363342285,5.752316474914551
318,ppo_gmm,gaussian,physical,7,False,0.0,6.372358322143555,3.3859872817993164,13.262166023254395,5.752758979797363
319,ppo_gmm,gaussian,physical,0,False,0.0,5.616762161254883,3.3262295722961426,5.083303451538086,5.683696269989014
319,ppo_gmm,gaussian,physical,1,False,0.0,10.037870407104492,3.3675131797790527,7.474508285522461,5.713756561279297
319,ppo_gmm,gaussian,physical,2,False,0.0,2.6545329093933105,3.430384397506714,3.3449137210845947,5.702354431152344
319,ppo_gmm,gaussian,physical,3,True,1.0,6.978061676025391,3.031233310699463,2.909770965576172,5.3033552169799805
319,ppo_gmm,gaussian,physical,4,False,0.0,8.372243881225586,3.426696300506592,11.97101879119873,5.743864059448242
319,ppo_gmm,gaussian,physical,5,False,0.0,10.16545295715332,3.351379871368408,4.04550313949585,5.445047855377197
319,ppo_gmm,gaussian,physical,6,False,0.0,6.206274032592773,3.387011766433716,10.503533363342285,5.752316474914551
319,ppo_gmm,gaussian,physical,7,False,0.0,6.372358322143555,3.3859872817993164,13.262166023254395,5.752758979797363
320,ppo_gmm,gaussian,physical,0,False,0.0,5.616762161254883,3.3262295722961426,5.083303451538086,5.683696269989014
320,ppo_gmm,gaussian,physical,1,False,0.0,10.037870407104492,3.3675131797790527,7.474508285522461,5.713756561279297
320,ppo_gmm,gaussian,physical,2,False,0.0,2.6545329093933105,3.430384397506714,3.3449137210845947,5.702354431152344
320,ppo_gmm,gaussian,physical,3,True,1.0,6.9784088134765625,3.030359983444214,2.90942120552063,5.3027143478393555
320,ppo_gmm,gaussian,physical,4,False,0.0,8.372243881225586,3.426696300506592,11.97101879119873,5.743864059448242
320,ppo_gmm,gaussian,physical,5,False,0.0,10.16545295715332,3.351379871368408,4.04550313949585,5.445047855377197
320,ppo_gmm,gaussian,physical,6,False,0.0,6.206274032592773,3.387011766433716,10.503533363342285,5.752316474914551
320,ppo_gmm,gaussian,physical,7,False,0.0,6.372358322143555,3.3859872817993164,13.262166023254395,5.752758979797363
321,ppo_gmm,gaussian,physical,0,False,0.0,5.616762161254883,3.3262295722961426,5.083303451538086,5.683696269989014
321,ppo_gmm,gaussian,physical,1,False,0.0,10.037870407104492,3.3675131797790527,7.474508285522461,5.713756561279297
321,ppo_gmm,gaussian,physical,2,False,0.0,2.6545329093933105,3.430384397506714,3.3449137210845947,5.702354431152344
321,ppo_gmm,gaussian,physical,3,True,1.0,6.978752136230469,3.02943754196167,2.9090607166290283,5.302090644836426
321,ppo_gmm,gaussian,physical,4,False,0.0,8.372243881225586,3.426696300506592,11.97101879119873,5.743864059448242
321,ppo_gmm,gaussian,physical,5,False,0.0,10.16545295715332,3.351379871368408,4.04550313949585,5.445047855377197
321,ppo_gmm,gaussian,physical,6,False,0.0,6.206274032592773,3.387011766433716,10.503533363342285,5.752316474914551
321,ppo_gmm,gaussian,physical,7,False,0.0,6.372358322143555,3.3859872817993164,13.262166023254395,5.752758979797363
322,ppo_gmm,gaussian,physical,0,False,0.0,5.616762161254883,3.3262295722961426,5.083303451538086,5.683696269989014
322,ppo_gmm,gaussian,physical,1,False,0.0,10.037870407104492,3.3675131797790527,7.474508285522461,5.713756561279297
322,ppo_gmm,gaussian,physical,2,False,0.0,2.6545329093933105,3.430384397506714,3.3449137210845947,5.702354431152344
322,ppo_gmm,gaussian,physical,3,True,1.0,6.9791107177734375,3.028475284576416,2.9087114334106445,5.30143928527832
322,ppo_gmm,gaussian,physical,4,False,0.0,8.372243881225586,3.426696300506592,11.97101879119873,5.743864059448242
322,ppo_gmm,gaussian,physical,5,False,0.0,10.16545295715332,3.351379871368408,4.04550313949585,5.445047855377197
322,ppo_gmm,gaussian,physical,6,False,0.0,6.206274032592773,3.387011766433716,10.503533363342285,5.752316474914551
322,ppo_gmm,gaussian,physical,7,False,0.0,6.372358322143555,3.3859872817993164,13.262166023254395,5.752758979797363
323,ppo_gmm,gaussian,physical,0,False,0.0,5.616762161254883,3.3262295722961426,5.083303451538086,5.683696269989014
323,ppo_gmm,gaussian,physical,1,False,0.0,10.037870407104492,3.3675131797790527,7.474508285522461,5.713756561279297
323,ppo_gmm,gaussian,physical,2,False,0.0,2.6545329093933105,3.430384397506714,3.3449137210845947,5.702354431152344
323,ppo_gmm,gaussian,physical,3,True,1.0,6.979465961456299,3.0274736881256104,2.9083757400512695,5.300815105438232
323,ppo_gmm,gaussian,physical,4,False,0.0,8.372243881225586,3.426696300506592,11.97101879119873,5.743864059448242
323,ppo_gmm,gaussian,physical,5,False,0.0,10.16545295715332,3.351379871368408,4.04550313949585,5.445047855377197
323,ppo_gmm,gaussian,physical,6,False,0.0,6.206274032592773,3.387011766433716,10.503533363342285,5.752316474914551
323,ppo_gmm,gaussian,physical,7,False,0.0,6.372358322143555,3.3859872817993164,13.262166023254395,5.752758979797363
324,ppo_gmm,gaussian,physical,0,False,0.0,5.616762161254883,3.3262295722961426,5.083303451538086,5.683696269989014
324,ppo_gmm,gaussian,physical,1,False,0.0,10.037870407104492,3.3675131797790527,7.474508285522461,5.713756561279297
324,ppo_gmm,gaussian,physical,2,False,0.0,2.6545329093933105,3.430384397506714,3.3449137210845947,5.702354431152344
324,ppo_gmm,gaussian,physical,3,True,1.0,6.979825496673584,3.026529550552368,2.908036947250366,5.3000569343566895
324,ppo_gmm,gaussian,physical,4,False,0.0,8.372243881225586,3.426696300506592,11.97101879119873,5.743864059448242
324,ppo_gmm,gaussian,physical,5,False,0.0,10.16545295715332,3.351379871368408,4.04550313949585,5.445047855377197
324,ppo_gmm,gaussian,physical,6,False,0.0,6.206274032592773,3.387011766433716,10.503533363342285,5.752316474914551
324,ppo_gmm,gaussian,physical,7,False,0.0,6.372358322143555,3.3859872817993164,13.262166023254395,5.752758979797363
325,ppo_gmm,gaussian,physical,0,False,0.0,5.616762161254883,3.3262295722961426,5.083303451538086,5.683696269989014
325,ppo_gmm,gaussian,physical,1,False,0.0,10.037870407104492,3.3675131797790527,7.474508285522461,5.713756561279297
325,ppo_gmm,gaussian,physical,2,False,0.0,2.6545329093933105,3.430384397506714,3.3449137210845947,5.702354431152344
325,ppo_gmm,gaussian,physical,3,True,1.0,6.9802021980285645,3.0255484580993652,2.9077134132385254,5.29932165145874
325,ppo_gmm,gaussian,physical,4,False,0.0,8.372243881225586,3.426696300506592,11.97101879119873,5.743864059448242
325,ppo_gmm,gaussian,physical,5,False,0.0,10.16545295715332,3.351379871368408,4.04550313949585,5.445047855377197
325,ppo_gmm,gaussian,physical,6,False,0.0,6.206274032592773,3.387011766433716,10.503533363342285,5.752316474914551
325,ppo_gmm,gaussian,physical,7,False,0.0,6.372358322143555,3.3859872817993164,13.262166023254395,5.752758979797363
326,ppo_gmm,gaussian,physical,0,False,0.0,5.616762161254883,3.3262295722961426,5.083303451538086,5.683696269989014
326,ppo_gmm,gaussian,physical,1,False,0.0,10.037870407104492,3.3675131797790527,7.474508285522461,5.713756561279297
326,ppo_gmm,gaussian,physical,2,False,0.0,2.6545329093933105,3.430384397506714,3.3449137210845947,5.702354431152344
326,ppo_gmm,gaussian,physical,3,True,1.0,6.980580806732178,3.0246448516845703,2.9073801040649414,5.298335075378418
326,ppo_gmm,gaussian,physical,4,False,0.0,8.372243881225586,3.426696300506592,11.97101879119873,5.743864059448242
326,ppo_gmm,gaussian,physical,5,False,0.0,10.16545295715332,3.351379871368408,4.04550313949585,5.445047855377197
326,ppo_gmm,gaussian,physical,6,False,0.0,6.206274032592773,3.387011766433716,10.503533363342285,5.752316474914551
326,ppo_gmm,gaussian,physical,7,False,0.0,6.372358322143555,3.3859872817993164,13.262166023254395,5.752758979797363
327,ppo_gmm,gaussian,physical,0,False,0.0,5.616762161254883,3.3262295722961426,5.083303451538086,5.683696269989014
327,ppo_gmm,gaussian,physical,1,False,0.0,10.037870407104492,3.3675131797790527,7.474508285522461,5.713756561279297
327,ppo_gmm,gaussian,physical,2,False,0.0,2.6545329093933105,3.430384397506714,3.3449137210845947,5.702354431152344
327,ppo_gmm,gaussian,physical,3,True,1.0,6.980960845947266,3.0237135887145996,2.9070420265197754,5.297290802001953
327,ppo_gmm,gaussian,physical,4,False,0.0,8.372243881225586,3.426696300506592,11.97101879119873,5.743864059448242
327,ppo_gmm,gaussian,physical,5,False,0.0,10.16545295715332,3.351379871368408,4.04550313949585,5.445047855377197
327,ppo_gmm,gaussian,physical,6,False,0.0,6.206274032592773,3.387011766433716,10.503533363342285,5.752316474914551
327,ppo_gmm,gaussian,physical,7,False,0.0,6.372358322143555,3.3859872817993164,13.262166023254395,5.752758979797363
328,ppo_gmm,gaussian,physical,0,False,0.0,5.616762161254883,3.3262295722961426,5.083303451538086,5.683696269989014
328,ppo_gmm,gaussian,physical,1,False,0.0,10.037870407104492,3.3675131797790527,7.474508285522461,5.713756561279297
328,ppo_gmm,gaussian,physical,2,False,0.0,2.6545329093933105,3.430384397506714,3.3449137210845947,5.702354431152344
328,ppo_gmm,gaussian,physical,3,True,1.0,6.98133659362793,3.0227818489074707,2.906719923019409,5.296106338500977
328,ppo_gmm,gaussian,physical,4,False,0.0,8.372243881225586,3.426696300506592,11.97101879119873,5.743864059448242
328,ppo_gmm,gaussian,physical,5,False,0.0,10.16545295715332,3.351379871368408,4.04550313949585,5.445047855377197
328,ppo_gmm,gaussian,physical,6,False,0.0,6.206274032592773,3.387011766433716,10.503533363342285,5.752316474914551
328,ppo_gmm,gaussian,physical,7,False,0.0,6.372358322143555,3.3859872817993164,13.262166023254395,5.752758979797363
329,ppo_gmm,gaussian,physical,0,False,0.0,5.616762161254883,3.3262295722961426,5.083303451538086,5.683696269989014
329,ppo_gmm,gaussian,physical,1,False,0.0,10.037870407104492,3.3675131797790527,7.474508285522461,5.713756561279297
329,ppo_gmm,gaussian,physical,2,False,0.0,2.6545329093933105,3.430384397506714,3.3449137210845947,5.702354431152344
329,ppo_gmm,gaussian,physical,3,True,1.0,6.981725215911865,3.0218169689178467,2.906379222869873,5.295080184936523
329,ppo_gmm,gaussian,physical,4,False,0.0,8.372243881225586,3.426696300506592,11.97101879119873,5.743864059448242
329,ppo_gmm,gaussian,physical,5,False,0.0,10.16545295715332,3.351379871368408,4.04550313949585,5.445047855377197
329,ppo_gmm,gaussian,physical,6,False,0.0,6.206274032592773,3.387011766433716,10.503533363342285,5.752316474914551
329,ppo_gmm,gaussian,physical,7,False,0.0,6.372358322143555,3.3859872817993164,13.262166023254395,5.752758979797363
330,ppo_gmm,gaussian,physical,0,False,0.0,5.616762161254883,3.3262295722961426,5.083303451538086,5.683696269989014
330,ppo_gmm,gaussian,physical,1,False,0.0,10.037870407104492,3.3675131797790527,7.474508285522461,5.713756561279297
330,ppo_gmm,gaussian,physical,2,False,0.0,2.6545329093933105,3.430384397506714,3.3449137210845947,5.702354431152344
330,ppo_gmm,gaussian,physical,3,True,1.0,6.982117652893066,3.0208942890167236,2.9060356616973877,5.294010639190674
330,ppo_gmm,gaussian,physical,4,False,0.0,8.372243881225586,3.426696300506592,11.97101879119873,5.743864059448242
330,ppo_gmm,gaussian,physical,5,False,0.0,10.16545295715332,3.351379871368408,4.04550313949585,5.445047855377197
330,ppo_gmm,gaussian,physical,6,False,0.0,6.206274032592773,3.387011766433716,10.503533363342285,5.752316474914551
330,ppo_gmm,gaussian,physical,7,False,0.0,6.372358322143555,3.3859872817993164,13.262166023254395,5.752758979797363
331,ppo_gmm,gaussian,physical,0,False,0.0,5.616762161254883,3.3262295722961426,5.083303451538086,5.683696269989014
331,ppo_gmm,gaussian,physical,1,False,0.0,10.037870407104492,3.3675131797790527,7.474508285522461,5.713756561279297
331,ppo_gmm,gaussian,physical,2,False,0.0,2.6545329093933105,3.430384397506714,3.3449137210845947,5.702354431152344
331,ppo_gmm,gaussian,physical,3,True,1.0,6.982511520385742,3.019979476928711,2.9057095050811768,5.292793273925781
331,ppo_gmm,gaussian,physical,4,False,0.0,8.372243881225586,3.426696300506592,11.97101879119873,5.743864059448242
331,ppo_gmm,gaussian,physical,5,False,0.0,10.16545295715332,3.351379871368408,4.04550313949585,5.445047855377197
331,ppo_gmm,gaussian,physical,6,False,0.0,6.206274032592773,3.387011766433716,10.503533363342285,5.752316474914551
331,ppo_gmm,gaussian,physical,7,False,0.0,6.372358322143555,3.3859872817993164,13.262166023254395,5.752758979797363
332,ppo_gmm,gaussian,physical,0,False,0.0,5.616762161254883,3.3262295722961426,5.083303451538086,5.683696269989014
332,ppo_gmm,gaussian,physical,1,False,0.0,10.037870407104492,3.3675131797790527,7.474508285522461,5.713756561279297
332,ppo_gmm,gaussian,physical,2,False,0.0,2.6545329093933105,3.430384397506714,3.3449137210845947,5.702354431152344
332,ppo_gmm,gaussian,physical,3,True,1.0,6.982893466949463,3.019052505493164,2.9053962230682373,5.291495323181152
332,ppo_gmm,gaussian,physical,4,False,0.0,8.372243881225586,3.426696300506592,11.97101879119873,5.743864059448242
332,ppo_gmm,gaussian,physical,5,False,0.0,10.16545295715332,3.351379871368408,4.04550313949585,5.445047855377197
332,ppo_gmm,gaussian,physical,6,False,0.0,6.206274032592773,3.387011766433716,10.503533363342285,5.752316474914551
332,ppo_gmm,gaussian,physical,7,False,0.0,6.372358322143555,3.3859872817993164,13.262166023254395,5.752758979797363
333,ppo_gmm,gaussian,physical,0,False,0.0,5.616762161254883,3.3262295722961426,5.083303451538086,5.683696269989014
333,ppo_gmm,gaussian,physical,1,False,0.0,10.037870407104492,3.3675131797790527,7.474508285522461,5.713756561279297
333,ppo_gmm,gaussian,physical,2,False,0.0,2.6545329093933105,3.430384397506714,3.3449137210845947,5.702354431152344
333,ppo_gmm,gaussian,physical,3,True,1.0,6.983243942260742,3.0180909633636475,2.905109167098999,5.29026985168457
333,ppo_gmm,gaussian,physical,4,False,0.0,8.372243881225586,3.426696300506592,11.97101879119873,5.743864059448242
333,ppo_gmm,gaussian,physical,5,False,0.0,10.16545295715332,3.351379871368408,4.04550313949585,5.445047855377197
333,ppo_gmm,gaussian,physical,6,False,0.0,6.206274032592773,3.387011766433716,10.503533363342285,5.752316474914551
333,ppo_gmm,gaussian,physical,7,False,0.0,6.372358322143555,3.3859872817993164,13.262166023254395,5.752758979797363
334,ppo_gmm,gaussian,physical,0,False,0.0,5.616762161254883,3.3262295722961426,5.083303451538086,5.683696269989014
334,ppo_gmm,gaussian,physical,1,False,0.0,10.037870407104492,3.3675131797790527,7.474508285522461,5.713756561279297
334,ppo_gmm,gaussian,physical,2,False,0.0,2.6545329093933105,3.430384397506714,3.3449137210845947,5.702354431152344
334,ppo_gmm,gaussian,physical,3,True,1.0,6.983602523803711,3.0171027183532715,2.9048240184783936,5.289236068725586
334,ppo_gmm,gaussian,physical,4,False,0.0,8.372243881225586,3.426696300506592,11.97101879119873,5.743864059448242
334,ppo_gmm,gaussian,physical,5,False,0.0,10.16545295715332,3.351379871368408,4.04550313949585,5.445047855377197
334,ppo_gmm,gaussian,physical,6,False,0.0,6.206274032592773,3.387011766433716,10.503533363342285,5.752316474914551
334,ppo_gmm,gaussian,physical,7,False,0.0,6.372358322143555,3.3859872817993164,13.262166023254395,5.752758979797363
335,ppo_gmm,gaussian,physical,0,False,0.0,5.616762161254883,3.3262295722961426,5.083303451538086,5.683696269989014
335,ppo_gmm,gaussian,physical,1,False,0.0,10.037870407104492,3.3675131797790527,7.474508285522461,5.713756561279297
335,ppo_gmm,gaussian,physical,2,False,0.0,2.6545329093933105,3.430384397506714,3.3449137210845947,5.702354431152344
335,ppo_gmm,gaussian,physical,3,True,1.0,6.983987331390381,3.0160951614379883,2.904552698135376,5.288227081298828
335,ppo_gmm,gaussian,physical,4,False,0.0,8.372243881225586,3.426696300506592,11.97101879119873,5.743864059448242
335,ppo_gmm,gaussian,physical,5,False,0.0,10.16545295715332,3.351379871368408,4.04550313949585,5.445047855377197
335,ppo_gmm,gaussian,physical,6,False,0.0,6.206274032592773,3.387011766433716,10.503533363342285,5.752316474914551
335,ppo_gmm,gaussian,physical,7,False,0.0,6.372358322143555,3.3859872817993164,13.262166023254395,5.752758979797363
336,ppo_gmm,gaussian,physical,0,False,0.0,5.616762161254883,3.3262295722961426,5.083303451538086,5.683696269989014
336,ppo_gmm,gaussian,physical,1,False,0.0,10.037870407104492,3.3675131797790527,7.474508285522461,5.713756561279297
336,ppo_gmm,gaussian,physical,2,False,0.0,2.6545329093933105,3.430384397506714,3.3449137210845947,5.702354431152344
336,ppo_gmm,gaussian,physical,3,True,1.0,6.984375,3.015101194381714,2.9042747020721436,5.287089824676514
336,ppo_gmm,gaussian,physical,4,False,0.0,8.372243881225586,3.426696300506592,11.97101879119873,5.743864059448242
336,ppo_gmm,gaussian,physical,5,False,0.0,10.16545295715332,3.351379871368408,4.04550313949585,5.445047855377197
336,ppo_gmm,gaussian,physical,6,False,0.0,6.206274032592773,3.387011766433716,10.503533363342285,5.752316474914551
336,ppo_gmm,gaussian,physical,7,False,0.0,6.372358322143555,3.3859872817993164,13.262166023254395,5.752758979797363
337,ppo_gmm,gaussian,physical,0,False,0.0,5.616762161254883,3.3262295722961426,5.083303451538086,5.683696269989014
337,ppo_gmm,gaussian,physical,1,False,0.0,10.037870407104492,3.3675131797790527,7.474508285522461,5.713756561279297
337,ppo_gmm,gaussian,physical,2,False,0.0,2.6545329093933105,3.430384397506714,3.3449137210845947,5.702354431152344
337,ppo_gmm,gaussian,physical,3,True,1.0,6.984748840332031,3.0141327381134033,2.9039924144744873,5.285809516906738
337,ppo_gmm,gaussian,physical,4,False,0.0,8.372243881225586,3.426696300506592,11.97101879119873,5.743864059448242
337,ppo_gmm,gaussian,physical,5,False,0.0,10.16545295715332,3.351379871368408,4.04550313949585,5.445047855377197
337,ppo_gmm,gaussian,physical,6,False,0.0,6.206274032592773,3.387011766433716,10.503533363342285,5.752316474914551
337,ppo_gmm,gaussian,physical,7,False,0.0,6.372358322143555,3.3859872817993164,13.262166023254395,5.752758979797363
338,ppo_gmm,gaussian,physical,0,False,0.0,5.616762161254883,3.3262295722961426,5.083303451538086,5.683696269989014
338,ppo_gmm,gaussian,physical,1,False,0.0,10.037870407104492,3.3675131797790527,7.474508285522461,5.713756561279297
338,ppo_gmm,gaussian,physical,2,False,0.0,2.6545329093933105,3.430384397506714,3.3449137210845947,5.702354431152344
338,ppo_gmm,gaussian,physical,3,True,1.0,6.985123634338379,3.013174533843994,2.903735399246216,5.2844319343566895
338,ppo_gmm,gaussian,physical,4,False,0.0,8.372243881225586,3.426696300506592,11.97101879119873,5.743864059448242
338,ppo_gmm,gaussian,physical,5,False,0.0,10.16545295715332,3.351379871368408,4.04550313949585,5.445047855377197
338,ppo_gmm,gaussian,physical,6,False,0.0,6.206274032592773,3.387011766433716,10.503533363342285,5.752316474914551
338,ppo_gmm,gaussian,physical,7,False,0.0,6.372358322143555,3.3859872817993164,13.262166023254395,5.752758979797363
339,ppo_gmm,gaussian,physical,0,False,0.0,5.616762161254883,3.3262295722961426,5.083303451538086,5.683696269989014
339,ppo_gmm,gaussian,physical,1,False,0.0,10.037870407104492,3.3675131797790527,7.474508285522461,5.713756561279297
339,ppo_gmm,gaussian,physical,2,False,0.0,2.6545329093933105,3.430384397506714,3.3449137210845947,5.702354431152344
339,ppo_gmm,gaussian,physical,3,True,1.0,6.985513210296631,3.0122904777526855,2.9034972190856934,5.283092021942139
339,ppo_gmm,gaussian,physical,4,False,0.0,8.372243881225586,3.426696300506592,11.97101879119873,5.743864059448242
339,ppo_gmm,gaussian,physical,5,False,0.0,10.16545295715332,3.351379871368408,4.04550313949585,5.445047855377197
339,ppo_gmm,gaussian,physical,6,False,0.0,6.206274032592773,3.387011766433716,10.503533363342285,5.752316474914551
339,ppo_gmm,gaussian,physical,7,False,0.0,6.372358322143555,3.3859872817993164,13.262166023254395,5.752758979797363
340,ppo_gmm,gaussian,physical,0,False,0.0,5.616762161254883,3.3262295722961426,5.083303451538086,5.683696269989014
340,ppo_gmm,gaussian,physical,1,False,0.0,10.037870407104492,3.3675131797790527,7.474508285522461,5.713756561279297
340,ppo_gmm,gaussian,physical,2,False,0.0,2.6545329093933105,3.430384397506714,3.3449137210845947,5.702354431152344
340,ppo_gmm,gaussian,physical,3,True,1.0,6.9858903884887695,3.011378765106201,2.903250217437744,5.281791687011719
340,ppo_gmm,gaussian,physical,4,False,0.0,8.372243881225586,3.426696300506592,11.97101879119873,5.743864059448242
340,ppo_gmm,gaussian,physical,5,False,0.0,10.16545295715332,3.351379871368408,4.04550313949585,5.445047855377197
340,ppo_gmm,gaussian,physical,6,False,0.0,6.206274032592773,3.387011766433716,10.503533363342285,5.752316474914551
340,ppo_gmm,gaussian,physical,7,False,0.0,6.372358322143555,3.3859872817993164,13.262166023254395,5.752758979797363
341,ppo_gmm,gaussian,physical,0,False,0.0,5.616762161254883,3.3262295722961426,5.083303451538086,5.683696269989014
341,ppo_gmm,gaussian,physical,1,False,0.0,10.037870407104492,3.3675131797790527,7.474508285522461,5.713756561279297
341,ppo_gmm,gaussian,physical,2,False,0.0,2.6545329093933105,3.430384397506714,3.3449137210845947,5.702354431152344
341,ppo_gmm,gaussian,physical,3,True,1.0,6.986198902130127,3.010477066040039,2.9029765129089355,5.280564785003662
341,ppo_gmm,gaussian,physical,4,False,0.0,8.372243881225586,3.426696300506592,11.97101879119873,5.743864059448242
341,ppo_gmm,gaussian,physical,5,False,0.0,10.16545295715332,3.351379871368408,4.04550313949585,5.445047855377197
341,ppo_gmm,gaussian,physical,6,False,0.0,6.206274032592773,3.387011766433716,10.503533363342285,5.752316474914551
341,ppo_gmm,gaussian,physical,7,False,0.0,6.372358322143555,3.3859872817993164,13.262166023254395,5.752758979797363
342,ppo_gmm,gaussian,physical,0,False,0.0,5.616762161254883,3.3262295722961426,5.083303451538086,5.683696269989014
342,ppo_gmm,gaussian,physical,1,False,0.0,10.037870407104492,3.3675131797790527,7.474508285522461,5.713756561279297
342,ppo_gmm,gaussian,physical,2,False,0.0,2.6545329093933105,3.430384397506714,3.3449137210845947,5.702354431152344
342,ppo_gmm,gaussian,physical,3,True,1.0,6.986505508422852,3.0096280574798584,2.9026992321014404,5.279171943664551
342,ppo_gmm,gaussian,physical,4,False,0.0,8.372243881225586,3.426696300506592,11.97101879119873,5.743864059448242
342,ppo_gmm,gaussian,physical,5,False,0.0,10.16545295715332,3.351379871368408,4.04550313949585,5.445047855377197
342,ppo_gmm,gaussian,physical,6,False,0.0,6.206274032592773,3.387011766433716,10.503533363342285,5.752316474914551
342,ppo_gmm,gaussian,physical,7,False,0.0,6.372358322143555,3.3859872817993164,13.262166023254395,5.752758979797363
343,ppo_gmm,gaussian,physical,0,False,0.0,5.616762161254883,3.3262295722961426,5.083303451538086,5.683696269989014
343,ppo_gmm,gaussian,physical,1,False,0.0,10.037870407104492,3.3675131797790527,7.474508285522461,5.713756561279297
343,ppo_gmm,gaussian,physical,2,False,0.0,2.6545329093933105,3.430384397506714,3.3449137210845947,5.702354431152344
343,ppo_gmm,gaussian,physical,3,True,1.0,6.986794948577881,3.008852481842041,2.9024219512939453,5.277620792388916
343,ppo_gmm,gaussian,physical,4,False,0.0,8.372243881225586,3.426696300506592,11.97101879119873,5.743864059448242
343,ppo_gmm,gaussian,physical,5,False,0.0,10.16545295715332,3.351379871368408,4.04550313949585,5.445047855377197
343,ppo_gmm,gaussian,physical,6,False,0.0,6.206274032592773,3.387011766433716,10.503533363342285,5.752316474914551
343,ppo_gmm,gaussian,physical,7,False,0.0,6.372358322143555,3.3859872817993164,13.262166023254395,5.752758979797363
344,ppo_gmm,gaussian,physical,0,False,0.0,5.616762161254883,3.3262295722961426,5.083303451538086,5.683696269989014
344,ppo_gmm,gaussian,physical,1,False,0.0,10.037870407104492,3.3675131797790527,7.474508285522461,5.713756561279297
344,ppo_gmm,gaussian,physical,2,False,0.0,2.6545329093933105,3.430384397506714,3.3449137210845947,5.702354431152344
344,ppo_gmm,gaussian,physical,3,True,1.0,6.987088203430176,3.0081241130828857,2.9021480083465576,5.276055812835693
344,ppo_gmm,gaussian,physical,4,False,0.0,8.372243881225586,3.426696300506592,11.97101879119873,5.743864059448242
344,ppo_gmm,gaussian,physical,5,False,0.0,10.16545295715332,3.351379871368408,4.04550313949585,5.445047855377197
344,ppo_gmm,gaussian,physical,6,False,0.0,6.206274032592773,3.387011766433716,10.503533363342285,5.752316474914551
344,ppo_gmm,gaussian,physical,7,False,0.0,6.372358322143555,3.3859872817993164,13.262166023254395,5.752758979797363
345,ppo_gmm,gaussian,physical,0,False,0.0,5.616762161254883,3.3262295722961426,5.083303451538086,5.683696269989014
345,ppo_gmm,gaussian,physical,1,False,0.0,10.037870407104492,3.3675131797790527,7.474508285522461,5.713756561279297
345,ppo_gmm,gaussian,physical,2,False,0.0,2.6545329093933105,3.430384397506714,3.3449137210845947,5.702354431152344
345,ppo_gmm,gaussian,physical,3,True,1.0,6.987351894378662,3.0073580741882324,2.901886463165283,5.2745232582092285
345,ppo_gmm,gaussian,physical,4,False,0.0,8.372243881225586,3.426696300506592,11.97101879119873,5.743864059448242
345,ppo_gmm,gaussian,physical,5,False,0.0,10.16545295715332,3.351379871368408,4.04550313949585,5.445047855377197
345,ppo_gmm,gaussian,physical,6,False,0.0,6.206274032592773,3.387011766433716,10.503533363342285,5.752316474914551
345,ppo_gmm,gaussian,physical,7,False,0.0,6.372358322143555,3.3859872817993164,13.262166023254395,5.752758979797363
346,ppo_gmm,gaussian,physical,0,False,0.0,5.616762161254883,3.3262295722961426,5.083303451538086,5.683696269989014
346,ppo_gmm,gaussian,physical,1,False,0.0,10.037870407104492,3.3675131797790527,7.474508285522461,5.713756561279297
346,ppo_gmm,gaussian,physical,2,False,0.0,2.6545329093933105,3.430384397506714,3.3449137210845947,5.702354431152344
346,ppo_gmm,gaussian,physical,3,True,1.0,6.9876017570495605,3.006636619567871,2.9016146659851074,5.2728681564331055
346,ppo_gmm,gaussian,physical,4,False,0.0,8.372243881225586,3.426696300506592,11.97101879119873,5.743864059448242
346,ppo_gmm,gaussian,physical,5,False,0.0,10.16545295715332,3.351379871368408,4.04550313949585,5.445047855377197
346,ppo_gmm,gaussian,physical,6,False,0.0,6.206274032592773,3.387011766433716,10.503533363342285,5.752316474914551
346,ppo_gmm,gaussian,physical,7,False,0.0,6.372358322143555,3.3859872817993164,13.262166023254395,5.752758979797363
347,ppo_gmm,gaussian,physical,0,False,0.0,5.616762161254883,3.3262295722961426,5.083303451538086,5.683696269989014
347,ppo_gmm,gaussian,physical,1,False,0.0,10.037870407104492,3.3675131797790527,7.474508285522461,5.713756561279297
347,ppo_gmm,gaussian,physical,2,False,0.0,2.6545329093933105,3.430384397506714,3.3449137210845947,5.702354431152344
347,ppo_gmm,gaussian,physical,3,True,1.0,6.987854957580566,3.005958080291748,2.9013450145721436,5.271456718444824
347,ppo_gmm,gaussian,physical,4,False,0.0,8.372243881225586,3.426696300506592,11.97101879119873,5.743864059448242
347,ppo_gmm,gaussian,physical,5,False,0.0,10.16545295715332,3.351379871368408,4.04550313949585,5.445047855377197
347,ppo_gmm,gaussian,physical,6,False,0.0,6.206274032592773,3.387011766433716,10.503533363342285,5.752316474914551
347,ppo_gmm,gaussian,physical,7,False,0.0,6.372358322143555,3.3859872817993164,13.262166023254395,5.752758979797363
348,ppo_gmm,gaussian,physical,0,False,0.0,5.616762161254883,3.3262295722961426,5.083303451538086,5.683696269989014
348,ppo_gmm,gaussian,physical,1,False,0.0,10.037870407104492,3.3675131797790527,7.474508285522461,5.713756561279297
348,ppo_gmm,gaussian,physical,2,False,0.0,2.6545329093933105,3.430384397506714,3.3449137210845947,5.702354431152344
348,ppo_gmm,gaussian,physical,3,True,1.0,6.988117694854736,3.005314826965332,2.9010651111602783,5.269918441772461
348,ppo_gmm,gaussian,physical,4,False,0.0,8.372243881225586,3.426696300506592,11.97101879119873,5.743864059448242
348,ppo_gmm,gaussian,physical,5,False,0.0,10.16545295715332,3.351379871368408,4.04550313949585,5.445047855377197
348,ppo_gmm,gaussian,physical,6,False,0.0,6.206274032592773,3.387011766433716,10.503533363342285,5.752316474914551
348,ppo_gmm,gaussian,physical,7,False,0.0,6.372358322143555,3.3859872817993164,13.262166023254395,5.752758979797363
349,ppo_gmm,gaussian,physical,0,False,0.0,5.616762161254883,3.3262295722961426,5.083303451538086,5.683696269989014
349,ppo_gmm,gaussian,physical,1,False,0.0,10.037870407104492,3.3675131797790527,7.474508285522461,5.713756561279297
349,ppo_gmm,gaussian,physical,2,False,0.0,2.6545329093933105,3.430384397506714,3.3449137210845947,5.702354431152344
349,ppo_gmm,gaussian,physical,3,True,1.0,6.988379955291748,3.00469970703125,2.9007837772369385,5.2682695388793945
349,ppo_gmm,gaussian,physical,4,False,0.0,8.372243881225586,3.426696300506592,11.97101879119873,5.743864059448242
349,ppo_gmm,gaussian,physical,5,False,0.0,10.16545295715332,3.351379871368408,4.04550313949585,5.445047855377197
349,ppo_gmm,gaussian,physical,6,False,0.0,6.206274032592773,3.387011766433716,10.503533363342285,5.752316474914551
349,ppo_gmm,gaussian,physical,7,False,0.0,6.372358322143555,3.3859872817993164,13.262166023254395,5.752758979797363
350,ppo_gmm,gaussian,physical,0,False,0.0,5.616762161254883,3.3262295722961426,5.083303451538086,5.683696269989014
350,ppo_gmm,gaussian,physical,1,False,0.0,10.037870407104492,3.3675131797790527,7.474508285522461,5.713756561279297
350,ppo_gmm,gaussian,physical,2,False,0.0,2.6545329093933105,3.430384397506714,3.3449137210845947,5.702354431152344
350,ppo_gmm,gaussian,physical,3,True,1.0,6.988640308380127,3.004092216491699,2.9005208015441895,5.266540050506592
350,ppo_gmm,gaussian,physical,4,False,0.0,8.372243881225586,3.426696300506592,11.97101879119873,5.743864059448242
350,ppo_gmm,gaussian,physical,5,False,0.0,10.16545295715332,3.351379871368408,4.04550313949585,5.445047855377197
350,ppo_gmm,gaussian,physical,6,False,0.0,6.206274032592773,3.387011766433716,10.503533363342285,5.752316474914551
350,ppo_gmm,gaussian,physical,7,False,0.0,6.372358322143555,3.3859872817993164,13.262166023254395,5.752758979797363
351,ppo_gmm,gaussian,physical,0,False,0.0,5.616762161254883,3.3262295722961426,5.083303451538086,5.683696269989014
351,ppo_gmm,gaussian,physical,1,False,0.0,10.037870407104492,3.3675131797790527,7.474508285522461,5.713756561279297
351,ppo_gmm,gaussian,physical,2,False,0.0,2.6545329093933105,3.430384397506714,3.3449137210845947,5.702354431152344
351,ppo_gmm,gaussian,physical,3,True,1.0,6.988874435424805,3.0034689903259277,2.900247812271118,5.2647786140441895
351,ppo_gmm,gaussian,physical,4,False,0.0,8.372243881225586,3.426696300506592,11.97101879119873,5.743864059448242
351,ppo_gmm,gaussian,physical,5,False,0.0,10.16545295715332,3.351379871368408,4.04550313949585,5.445047855377197
351,ppo_gmm,gaussian,physical,6,False,0.0,6.206274032592773,3.387011766433716,10.503533363342285,5.752316474914551
351,ppo_gmm,gaussian,physical,7,False,0.0,6.372358322143555,3.3859872817993164,13.262166023254395,5.752758979797363
352,ppo_gmm,gaussian,physical,0,False,0.0,5.616762161254883,3.3262295722961426,5.083303451538086,5.683696269989014
352,ppo_gmm,gaussian,physical,1,False,0.0,10.037870407104492,3.3675131797790527,7.474508285522461,5.713756561279297
352,ppo_gmm,gaussian,physical,2,False,0.0,2.6545329093933105,3.430384397506714,3.3449137210845947,5.702354431152344
352,ppo_gmm,gaussian,physical,3,True,1.0,6.9891037940979,3.002793073654175,2.90000319480896,5.263134956359863
352,ppo_gmm,gaussian,physical,4,False,0.0,8.372243881225586,3.426696300506592,11.97101879119873,5.743864059448242
352,ppo_gmm,gaussian,physical,5,False,0.0,10.16545295715332,3.351379871368408,4.04550313949585,5.445047855377197
352,ppo_gmm,gaussian,physical,6,False,0.0,6.206274032592773,3.387011766433716,10.503533363342285,5.752316474914551
352,ppo_gmm,gaussian,physical,7,False,0.0,6.372358322143555,3.3859872817993164,13.262166023254395,5.752758979797363
353,ppo_gmm,gaussian,physical,0,False,0.0,5.616762161254883,3.3262295722961426,5.083303451538086,5.683696269989014
353,ppo_gmm,gaussian,physical,1,False,0.0,10.037870407104492,3.3675131797790527,7.474508285522461,5.713756561279297
353,ppo_gmm,gaussian,physical,2,False,0.0,2.6545329093933105,3.430384397506714,3.3449137210845947,5.702354431152344
353,ppo_gmm,gaussian,physical,3,True,1.0,6.989362716674805,3.002110719680786,2.8997445106506348,5.261562347412109
353,ppo_gmm,gaussian,physical,4,False,0.0,8.372243881225586,3.426696300506592,11.97101879119873,5.743864059448242
353,ppo_gmm,gaussian,physical,5,False,0.0,10.16545295715332,3.351379871368408,4.04550313949585,5.445047855377197
353,ppo_gmm,gaussian,physical,6,False,0.0,6.206274032592773,3.387011766433716,10.503533363342285,5.752316474914551
353,ppo_gmm,gaussian,physical,7,False,0.0,6.372358322143555,3.3859872817993164,13.262166023254395,5.752758979797363
354,ppo_gmm,gaussian,physical,0,False,0.0,5.616762161254883,3.3262295722961426,5.083303451538086,5.683696269989014
354,ppo_gmm,gaussian,physical,1,False,0.0,10.037870407104492,3.3675131797790527,7.474508285522461,5.713756561279297
354,ppo_gmm,gaussian,physical,2,False,0.0,2.6545329093933105,3.430384397506714,3.3449137210845947,5.702354431152344
354,ppo_gmm,gaussian,physical,3,True,1.0,6.9896063804626465,3.001507520675659,2.8994808197021484,5.260035991668701
354,ppo_gmm,gaussian,physical,4,False,0.0,8.372243881225586,3.426696300506592,11.97101879119873,5.743864059448242
354,ppo_gmm,gaussian,physical,5,False,0.0,10.16545295715332,3.351379871368408,4.04550313949585,5.445047855377197
354,ppo_gmm,gaussian,physical,6,False,0.0,6.206274032592773,3.387011766433716,10.503533363342285,5.752316474914551
354,ppo_gmm,gaussian,physical,7,False,0.0,6.372358322143555,3.3859872817993164,13.262166023254395,5.752758979797363
355,ppo_gmm,gaussian,physical,0,False,0.0,5.616762161254883,3.3262295722961426,5.083303451538086,5.683696269989014
355,ppo_gmm,gaussian,physical,1,False,0.0,10.037870407104492,3.3675131797790527,7.474508285522461,5.713756561279297
355,ppo_gmm,gaussian,physical,2,False,0.0,2.6545329093933105,3.430384397506714,3.3449137210845947,5.702354431152344
355,ppo_gmm,gaussian,physical,3,True,1.0,6.98981237411499,3.000868082046509,2.8992087841033936,5.258541584014893
355,ppo_gmm,gaussian,physical,4,False,0.0,8.372243881225586,3.426696300506592,11.97101879119873,5.743864059448242
355,ppo_gmm,gaussian,physical,5,False,0.0,10.16545295715332,3.351379871368408,4.04550313949585,5.445047855377197
355,ppo_gmm,gaussian,physical,6,False,0.0,6.206274032592773,3.387011766433716,10.503533363342285,5.752316474914551
355,ppo_gmm,gaussian,physical,7,False,0.0,6.372358322143555,3.3859872817993164,13.262166023254395,5.752758979797363
356,ppo_gmm,gaussian,physical,0,False,0.0,5.616762161254883,3.3262295722961426,5.083303451538086,5.683696269989014
356,ppo_gmm,gaussian,physical,1,False,0.0,10.037870407104492,3.3675131797790527,7.474508285522461,5.713756561279297
356,ppo_gmm,gaussian,physical,2,False,0.0,2.6545329093933105,3.430384397506714,3.3449137210845947,5.702354431152344
356,ppo_gmm,gaussian,physical,3,True,1.0,6.990034103393555,3.0002832412719727,2.898926019668579,5.2570085525512695
356,ppo_gmm,gaussian,physical,4,False,0.0,8.372243881225586,3.426696300506592,11.97101879119873,5.743864059448242
356,ppo_gmm,gaussian,physical,5,False,0.0,10.16545295715332,3.351379871368408,4.04550313949585,5.445047855377197
356,ppo_gmm,gaussian,physical,6,False,0.0,6.206274032592773,3.387011766433716,10.503533363342285,5.752316474914551
356,ppo_gmm,gaussian,physical,7,False,0.0,6.372358322143555,3.3859872817993164,13.262166023254395,5.752758979797363
357,ppo_gmm,gaussian,physical,0,False,0.0,5.616762161254883,3.3262295722961426,5.083303451538086,5.683696269989014
357,ppo_gmm,gaussian,physical,1,False,0.0,10.037870407104492,3.3675131797790527,7.474508285522461,5.713756561279297
357,ppo_gmm,gaussian,physical,2,False,0.0,2.6545329093933105,3.430384397506714,3.3449137210845947,5.702354431152344
357,ppo_gmm,gaussian,physical,3,True,1.0,6.990299224853516,2.9996871948242188,2.898662567138672,5.255434989929199
357,ppo_gmm,gaussian,physical,4,False,0.0,8.372243881225586,3.426696300506592,11.97101879119873,5.743864059448242
357,ppo_gmm,gaussian,physical,5,False,0.0,10.16545295715332,3.351379871368408,4.04550313949585,5.445047855377197
357,ppo_gmm,gaussian,physical,6,False,0.0,6.206274032592773,3.387011766433716,10.503533363342285,5.752316474914551
357,ppo_gmm,gaussian,physical,7,False,0.0,6.372358322143555,3.3859872817993164,13.262166023254395,5.752758979797363
358,ppo_gmm,gaussian,physical,0,False,0.0,5.616762161254883,3.3262295722961426,5.083303451538086,5.683696269989014
358,ppo_gmm,gaussian,physical,1,False,0.0,10.037870407104492,3.3675131797790527,7.474508285522461,5.713756561279297
358,ppo_gmm,gaussian,physical,2,False,0.0,2.6545329093933105,3.430384397506714,3.3449137210845947,5.702354431152344
358,ppo_gmm,gaussian,physical,3,True,1.0,6.990535736083984,2.9991455078125,2.8984129428863525,5.2537617683410645
358,ppo_gmm,gaussian,physical,4,False,0.0,8.372243881225586,3.426696300506592,11.97101879119873,5.743864059448242
358,ppo_gmm,gaussian,physical,5,False,0.0,10.16545295715332,3.351379871368408,4.04550313949585,5.445047855377197
358,ppo_gmm,gaussian,physical,6,False,0.0,6.206274032592773,3.387011766433716,10.503533363342285,5.752316474914551
358,ppo_gmm,gaussian,physical,7,False,0.0,6.372358322143555,3.3859872817993164,13.262166023254395,5.752758979797363
359,ppo_gmm,gaussian,physical,0,False,0.0,5.616762161254883,3.3262295722961426,5.083303451538086,5.683696269989014
359,ppo_gmm,gaussian,physical,1,False,0.0,10.037870407104492,3.3675131797790527,7.474508285522461,5.713756561279297
359,ppo_gmm,gaussian,physical,2,False,0.0,2.6545329093933105,3.430384397506714,3.3449137210845947,5.702354431152344
359,ppo_gmm,gaussian,physical,3,True,1.0,6.990787029266357,2.998556137084961,2.898172616958618,5.252153396606445
359,ppo_gmm,gaussian,physical,4,False,0.0,8.372243881225586,3.426696300506592,11.97101879119873,5.743864059448242
359,ppo_gmm,gaussian,physical,5,False,0.0,10.16545295715332,3.351379871368408,4.04550313949585,5.445047855377197
359,ppo_gmm,gaussian,physical,6,False,0.0,6.206274032592773,3.387011766433716,10.503533363342285,5.752316474914551
359,ppo_gmm,gaussian,physical,7,False,0.0,6.372358322143555,3.3859872817993164,13.262166023254395,5.752758979797363
360,ppo_gmm,gaussian,physical,0,False,0.0,5.616762161254883,3.3262295722961426,5.083303451538086,5.683696269989014
360,ppo_gmm,gaussian,physical,1,False,0.0,10.037870407104492,3.3675131797790527,7.474508285522461,5.713756561279297
360,ppo_gmm,gaussian,physical,2,False,0.0,2.6545329093933105,3.430384397506714,3.3449137210845947,5.702354431152344
360,ppo_gmm,gaussian,physical,3,True,1.0,6.991031169891357,2.9979238510131836,2.8979458808898926,5.250601291656494
360,ppo_gmm,gaussian,physical,4,False,0.0,8.372243881225586,3.426696300506592,11.97101879119873,5.743864059448242
360,ppo_gmm,gaussian,physical,5,False,0.0,10.16545295715332,3.351379871368408,4.04550313949585,5.445047855377197
360,ppo_gmm,gaussian,physical,6,False,0.0,6.206274032592773,3.387011766433716,10.503533363342285,5.752316474914551
360,ppo_gmm,gaussian,physical,7,False,0.0,6.372358322143555,3.3859872817993164,13.262166023254395,5.752758979797363
361,ppo_gmm,gaussian,physical,0,False,0.0,5.616762161254883,3.3262295722961426,5.083303451538086,5.683696269989014
361,ppo_gmm,gaussian,physical,1,False,0.0,10.037870407104492,3.3675131797790527,7.474508285522461,5.713756561279297
361,ppo_gmm,gaussian,physical,2,False,0.0,2.6545329093933105,3.430384397506714,3.3449137210845947,5.702354431152344
361,ppo_gmm,gaussian,physical,3,True,1.0,6.991287708282471,2.9972805976867676,2.897714614868164,5.249234199523926
361,ppo_gmm,gaussian,physical,4,False,0.0,8.372243881225586,3.426696300506592,11.97101879119873,5.743864059448242
361,ppo_gmm,gaussian,physical,5,False,0.0,10.16545295715332,3.351379871368408,4.04550313949585,5.445047855377197
361,ppo_gmm,gaussian,physical,6,False,0.0,6.206274032592773,3.387011766433716,10.503533363342285,5.752316474914551
361,ppo_gmm,gaussian,physical,7,False,0.0,6.372358322143555,3.3859872817993164,13.262166023254395,5.752758979797363
362,ppo_gmm,gaussian,physical,0,False,0.0,5.616762161254883,3.3262295722961426,5.083303451538086,5.683696269989014
362,ppo_gmm,gaussian,physical,1,False,0.0,10.037870407104492,3.3675131797790527,7.474508285522461,5.713756561279297
362,ppo_gmm,gaussian,physical,2,False,0.0,2.6545329093933105,3.430384397506714,3.3449137210845947,5.702354431152344
362,ppo_gmm,gaussian,physical,3,True,1.0,6.991518020629883,2.9966349601745605,2.897472858428955,5.2479658126831055
362,ppo_gmm,gaussian,physical,4,False,0.0,8.372243881225586,3.426696300506592,11.97101879119873,5.743864059448242
362,ppo_gmm,gaussian,physical,5,False,0.0,10.16545295715332,3.351379871368408,4.04550313949585,5.445047855377197
362,ppo_gmm,gaussian,physical,6,False,0.0,6.206274032592773,3.387011766433716,10.503533363342285,5.752316474914551
362,ppo_gmm,gaussian,physical,7,False,0.0,6.372358322143555,3.3859872817993164,13.262166023254395,5.752758979797363
363,ppo_gmm,gaussian,physical,0,False,0.0,5.616762161254883,3.3262295722961426,5.083303451538086,5.683696269989014
363,ppo_gmm,gaussian,physical,1,False,0.0,10.037870407104492,3.3675131797790527,7.474508285522461,5.713756561279297
363,ppo_gmm,gaussian,physical,2,False,0.0,2.6545329093933105,3.430384397506714,3.3449137210845947,5.702354431152344
363,ppo_gmm,gaussian,physical,3,True,1.0,6.991742134094238,2.9959805011749268,2.8972198963165283,5.246829986572266
363,ppo_gmm,gaussian,physical,4,False,0.0,8.372243881225586,3.426696300506592,11.97101879119873,5.743864059448242
363,ppo_gmm,gaussian,physical,5,False,0.0,10.16545295715332,3.351379871368408,4.04550313949585,5.445047855377197
363,ppo_gmm,gaussian,physical,6,False,0.0,6.206274032592773,3.387011766433716,10.503533363342285,5.752316474914551
363,ppo_gmm,gaussian,physical,7,False,0.0,6.372358322143555,3.3859872817993164,13.262166023254395,5.752758979797363
364,ppo_gmm,gaussian,physical,0,False,0.0,5.616762161254883,3.3262295722961426,5.083303451538086,5.683696269989014
364,ppo_gmm,gaussian,physical,1,False,0.0,10.037870407104492,3.3675131797790527,7.474508285522461,5.713756561279297
364,ppo_gmm,gaussian,physical,2,False,0.0,2.6545329093933105,3.430384397506714,3.3449137210845947,5.702354431152344
364,ppo_gmm,gaussian,physical,3,True,1.0,6.991954803466797,2.9953389167785645,2.8969624042510986,5.245833396911621
364,ppo_gmm,gaussian,physical,4,False,0.0,8.372243881225586,3.426696300506592,11.97101879119873,5.743864059448242
364,ppo_gmm,gaussian,physical,5,False,0.0,10.16545295715332,3.351379871368408,4.04550313949585,5.445047855377197
364,ppo_gmm,gaussian,physical,6,False,0.0,6.206274032592773,3.387011766433716,10.503533363342285,5.752316474914551
364,ppo_gmm,gaussian,physical,7,False,0.0,6.372358322143555,3.3859872817993164,13.262166023254395,5.752758979797363
365,ppo_gmm,gaussian,physical,0,False,0.0,5.616762161254883,3.3262295722961426,5.083303451538086,5.683696269989014
365,ppo_gmm,gaussian,physical,1,False,0.0,10.037870407104492,3.3675131797790527,7.474508285522461,5.713756561279297
365,ppo_gmm,gaussian,physical,2,False,0.0,2.6545329093933105,3.430384397506714,3.3449137210845947,5.702354431152344
365,ppo_gmm,gaussian,physical,3,True,1.0,6.992172718048096,2.9947166442871094,2.8967044353485107,5.244709491729736
365,ppo_gmm,gaussian,physical,4,False,0.0,8.372243881225586,3.426696300506592,11.97101879119873,5.743864059448242
365,ppo_gmm,gaussian,physical,5,False,0.0,10.16545295715332,3.351379871368408,4.04550313949585,5.445047855377197
365,ppo_gmm,gaussian,physical,6,False,0.0,6.206274032592773,3.387011766433716,10.503533363342285,5.752316474914551
365,ppo_gmm,gaussian,physical,7,False,0.0,6.372358322143555,3.3859872817993164,13.262166023254395,5.752758979797363
366,ppo_gmm,gaussian,physical,0,False,0.0,5.616762161254883,3.3262295722961426,5.083303451538086,5.683696269989014
366,ppo_gmm,gaussian,physical,1,False,0.0,10.037870407104492,3.3675131797790527,7.474508285522461,5.713756561279297
366,ppo_gmm,gaussian,physical,2,False,0.0,2.6545329093933105,3.430384397506714,3.3449137210845947,5.702354431152344
366,ppo_gmm,gaussian,physical,3,True,1.0,6.9923577308654785,2.9940614700317383,2.8964664936065674,5.243587017059326
366,ppo_gmm,gaussian,physical,4,False,0.0,8.372243881225586,3.426696300506592,11.97101879119873,5.743864059448242
366,ppo_gmm,gaussian,physical,5,False,0.0,10.16545295715332,3.351379871368408,4.04550313949585,5.445047855377197
366,ppo_gmm,gaussian,physical,6,False,0.0,6.206274032592773,3.387011766433716,10.503533363342285,5.752316474914551
366,ppo_gmm,gaussian,physical,7,False,0.0,6.372358322143555,3.3859872817993164,13.262166023254395,5.752758979797363
367,ppo_gmm,gaussian,physical,0,False,0.0,5.616762161254883,3.3262295722961426,5.083303451538086,5.683696269989014
367,ppo_gmm,gaussian,physical,1,False,0.0,10.037870407104492,3.3675131797790527,7.474508285522461,5.713756561279297
367,ppo_gmm,gaussian,physical,2,False,0.0,2.6545329093933105,3.430384397506714,3.3449137210845947,5.702354431152344
367,ppo_gmm,gaussian,physical,3,True,1.0,6.992529392242432,2.993391990661621,2.8962347507476807,5.24241304397583
367,ppo_gmm,gaussian,physical,4,False,0.0,8.372243881225586,3.426696300506592,11.97101879119873,5.743864059448242
367,ppo_gmm,gaussian,physical,5,False,0.0,10.16545295715332,3.351379871368408,4.04550313949585,5.445047855377197
367,ppo_gmm,gaussian,physical,6,False,0.0,6.206274032592773,3.387011766433716,10.503533363342285,5.752316474914551
367,ppo_gmm,gaussian,physical,7,False,0.0,6.372358322143555,3.3859872817993164,13.262166023254395,5.752758979797363
368,ppo_gmm,gaussian,physical,0,False,0.0,5.616762161254883,3.3262295722961426,5.083303451538086,5.683696269989014
368,ppo_gmm,gaussian,physical,1,False,0.0,10.037870407104492,3.3675131797790527,7.474508285522461,5.713756561279297
368,ppo_gmm,gaussian,physical,2,False,0.0,2.6545329093933105,3.430384397506714,3.3449137210845947,5.702354431152344
368,ppo_gmm,gaussian,physical,3,True,1.0,6.992707252502441,2.9926962852478027,2.8960094451904297,5.2414751052856445
368,ppo_gmm,gaussian,physical,4,False,0.0,8.372243881225586,3.426696300506592,11.97101879119873,5.743864059448242
368,ppo_gmm,gaussian,physical,5,False,0.0,10.16545295715332,3.351379871368408,4.04550313949585,5.445047855377197
368,ppo_gmm,gaussian,physical,6,False,0.0,6.206274032592773,3.387011766433716,10.503533363342285,5.752316474914551
368,ppo_gmm,gaussian,physical,7,False,0.0,6.372358322143555,3.3859872817993164,13.262166023254395,5.752758979797363
369,ppo_gmm,gaussian,physical,0,False,0.0,5.616762161254883,3.3262295722961426,5.083303451538086,5.683696269989014
369,ppo_gmm,gaussian,physical,1,False,0.0,10.037870407104492,3.3675131797790527,7.474508285522461,5.713756561279297
369,ppo_gmm,gaussian,physical,2,False,0.0,2.6545329093933105,3.430384397506714,3.3449137210845947,5.702354431152344
369,ppo_gmm,gaussian,physical,3,True,1.0,6.9929094314575195,2.991971731185913,2.8957712650299072,5.240610599517822
369,ppo_gmm,gaussian,physical,4,False,0.0,8.372243881225586,3.426696300506592,11.97101879119873,5.743864059448242
369,ppo_gmm,gaussian,physical,5,False,0.0,10.16545295715332,3.351379871368408,4.04550313949585,5.445047855377197
369,ppo_gmm,gaussian,physical,6,False,0.0,6.206274032592773,3.387011766433716,10.503533363342285,5.752316474914551
369,ppo_gmm,gaussian,physical,7,False,0.0,6.372358322143555,3.3859872817993164,13.262166023254395,5.752758979797363
370,ppo_gmm,gaussian,physical,0,False,0.0,5.616762161254883,3.3262295722961426,5.083303451538086,5.683696269989014
370,ppo_gmm,gaussian,physical,1,False,0.0,10.037870407104492,3.3675131797790527,7.474508285522461,5.713756561279297
370,ppo_gmm,gaussian,physical,2,False,0.0,2.6545329093933105,3.430384397506714,3.3449137210845947,5.702354431152344
370,ppo_gmm,gaussian,physical,3,True,1.0,6.993098735809326,2.9912309646606445,2.895533561706543,5.239716529846191
370,ppo_gmm,gaussian,physical,4,False,0.0,8.372243881225586,3.426696300506592,11.97101879119873,5.743864059448242
370,ppo_gmm,gaussian,physical,5,False,0.0,10.16545295715332,3.351379871368408,4.04550313949585,5.445047855377197
370,ppo_gmm,gaussian,physical,6,False,0.0,6.206274032592773,3.387011766433716,10.503533363342285,5.752316474914551
370,ppo_gmm,gaussian,physical,7,False,0.0,6.372358322143555,3.3859872817993164,13.262166023254395,5.752758979797363
371,ppo_gmm,gaussian,physical,0,False,0.0,5.616762161254883,3.3262295722961426,5.083303451538086,5.683696269989014
371,ppo_gmm,gaussian,physical,1,False,0.0,10.037870407104492,3.3675131797790527,7.474508285522461,5.713756561279297
371,ppo_gmm,gaussian,physical,2,False,0.0,2.6545329093933105,3.430384397506714,3.3449137210845947,5.702354431152344
371,ppo_gmm,gaussian,physical,3,True,1.0,6.993256568908691,2.990528106689453,2.8953020572662354,5.238687515258789
371,ppo_gmm,gaussian,physical,4,False,0.0,8.372243881225586,3.426696300506592,11.97101879119873,5.743864059448242
371,ppo_gmm,gaussian,physical,5,False,0.0,10.16545295715332,3.351379871368408,4.04550313949585,5.445047855377197
371,ppo_gmm,gaussian,physical,6,False,0.0,6.206274032592773,3.387011766433716,10.503533363342285,5.752316474914551
371,ppo_gmm,gaussian,physical,7,False,0.0,6.372358322143555,3.3859872817993164,13.262166023254395,5.752758979797363
372,ppo_gmm,gaussian,physical,0,False,0.0,5.616762161254883,3.3262295722961426,5.083303451538086,5.683696269989014
372,ppo_gmm,gaussian,physical,1,False,0.0,10.037870407104492,3.3675131797790527,7.474508285522461,5.713756561279297
372,ppo_gmm,gaussian,physical,2,False,0.0,2.6545329093933105,3.430384397506714,3.3449137210845947,5.702354431152344
372,ppo_gmm,gaussian,physical,3,True,1.0,6.993422031402588,2.989809989929199,2.8950726985931396,5.237643241882324
372,ppo_gmm,gaussian,physical,4,False,0.0,8.372243881225586,3.426696300506592,11.97101879119873,5.743864059448242
372,ppo_gmm,gaussian,physical,5,False,0.0,10.16545295715332,3.351379871368408,4.04550313949585,5.445047855377197
372,ppo_gmm,gaussian,physical,6,False,0.0,6.206274032592773,3.387011766433716,10.503533363342285,5.752316474914551
372,ppo_gmm,gaussian,physical,7,False,0.0,6.372358322143555,3.3859872817993164,13.262166023254395,5.752758979797363
373,ppo_gmm,gaussian,physical,0,False,0.0,5.616762161254883,3.3262295722961426,5.083303451538086,5.683696269989014
373,ppo_gmm,gaussian,physical,1,False,0.0,10.037870407104492,3.3675131797790527,7.474508285522461,5.713756561279297
373,ppo_gmm,gaussian,physical,2,False,0.0,2.6545329093933105,3.430384397506714,3.3449137210845947,5.702354431152344
373,ppo_gmm,gaussian,physical,3,True,1.0,6.9935784339904785,2.9891066551208496,2.894855260848999,5.23651123046875
373,ppo_gmm,gaussian,physical,4,False,0.0,8.372243881225586,3.426696300506592,11.97101879119873,5.743864059448242
373,ppo_gmm,gaussian,physical,5,False,0.0,10.16545295715332,3.351379871368408,4.04550313949585,5.445047855377197
373,ppo_gmm,gaussian,physical,6,False,0.0,6.206274032592773,3.387011766433716,10.503533363342285,5.752316474914551
373,ppo_gmm,gaussian,physical,7,False,0.0,6.372358322143555,3.3859872817993164,13.262166023254395,5.752758979797363
374,ppo_gmm,gaussian,physical,0,False,0.0,5.616762161254883,3.3262295722961426,5.083303451538086,5.683696269989014
374,ppo_gmm,gaussian,physical,1,False,0.0,10.037870407104492,3.3675131797790527,7.474508285522461,5.713756561279297
374,ppo_gmm,gaussian,physical,2,False,0.0,2.6545329093933105,3.430384397506714,3.3449137210845947,5.702354431152344
374,ppo_gmm,gaussian,physical,3,True,1.0,6.993731498718262,2.988410472869873,2.894634962081909,5.235317230224609
374,ppo_gmm,gaussian,physical,4,False,0.0,8.372243881225586,3.426696300506592,11.97101879119873,5.743864059448242
374,ppo_gmm,gaussian,physical,5,False,0.0,10.16545295715332,3.351379871368408,4.04550313949585,5.445047855377197
374,ppo_gmm,gaussian,physical,6,False,0.0,6.206274032592773,3.387011766433716,10.503533363342285,5.752316474914551
374,ppo_gmm,gaussian,physical,7,False,0.0,6.372358322143555,3.3859872817993164,13.262166023254395,5.752758979797363
375,ppo_gmm,gaussian,physical,0,False,0.0,5.616762161254883,3.3262295722961426,5.083303451538086,5.683696269989014
375,ppo_gmm,gaussian,physical,1,False,0.0,10.037870407104492,3.3675131797790527,7.474508285522461,5.713756561279297
375,ppo_gmm,gaussian,physical,2,False,0.0,2.6545329093933105,3.430384397506714,3.3449137210845947,5.702354431152344
375,ppo_gmm,gaussian,physical,3,True,1.0,6.993873119354248,2.987783432006836,2.8944177627563477,5.2340168952941895
375,ppo_gmm,gaussian,physical,4,False,0.0,8.372243881225586,3.426696300506592,11.97101879119873,5.743864059448242
375,ppo_gmm,gaussian,physical,5,False,0.0,10.16545295715332,3.351379871368408,4.04550313949585,5.445047855377197
375,ppo_gmm,gaussian,physical,6,False,0.0,6.206274032592773,3.387011766433716,10.503533363342285,5.752316474914551
375,ppo_gmm,gaussian,physical,7,False,0.0,6.372358322143555,3.3859872817993164,13.262166023254395,5.752758979797363
376,ppo_gmm,gaussian,physical,0,False,0.0,5.616762161254883,3.3262295722961426,5.083303451538086,5.683696269989014
376,ppo_gmm,gaussian,physical,1,False,0.0,10.037870407104492,3.3675131797790527,7.474508285522461,5.713756561279297
376,ppo_gmm,gaussian,physical,2,False,0.0,2.6545329093933105,3.430384397506714,3.3449137210845947,5.702354431152344
376,ppo_gmm,gaussian,physical,3,True,1.0,6.993990421295166,2.987173557281494,2.894209146499634,5.232786655426025
376,ppo_gmm,gaussian,physical,4,False,0.0,8.372243881225586,3.426696300506592,11.97101879119873,5.743864059448242
376,ppo_gmm,gaussian,physical,5,False,0.0,10.16545295715332,3.351379871368408,4.04550313949585,5.445047855377197
376,ppo_gmm,gaussian,physical,6,False,0.0,6.206274032592773,3.387011766433716,10.503533363342285,5.752316474914551
376,ppo_gmm,gaussian,physical,7,False,0.0,6.372358322143555,3.3859872817993164,13.262166023254395,5.752758979797363
377,ppo_gmm,gaussian,physical,0,False,0.0,5.616762161254883,3.3262295722961426,5.083303451538086,5.683696269989014
377,ppo_gmm,gaussian,physical,1,False,0.0,10.037870407104492,3.3675131797790527,7.474508285522461,5.713756561279297
377,ppo_gmm,gaussian,physical,2,False,0.0,2.6545329093933105,3.430384397506714,3.3449137210845947,5.702354431152344
377,ppo_gmm,gaussian,physical,3,True,1.0,6.9941301345825195,2.986529588699341,2.894014358520508,5.231701374053955
377,ppo_gmm,gaussian,physical,4,False,0.0,8.372243881225586,3.426696300506592,11.97101879119873,5.743864059448242
377,ppo_gmm,gaussian,physical,5,False,0.0,10.16545295715332,3.351379871368408,4.04550313949585,5.445047855377197
377,ppo_gmm,gaussian,physical,6,False,0.0,6.206274032592773,3.387011766433716,10.503533363342285,5.752316474914551
377,ppo_gmm,gaussian,physical,7,False,0.0,6.372358322143555,3.3859872817993164,13.262166023254395,5.752758979797363
378,ppo_gmm,gaussian,physical,0,False,0.0,5.616762161254883,3.3262295722961426,5.083303451538086,5.683696269989014
378,ppo_gmm,gaussian,physical,1,False,0.0,10.037870407104492,3.3675131797790527,7.474508285522461,5.713756561279297
378,ppo_gmm,gaussian,physical,2,False,0.0,2.6545329093933105,3.430384397506714,3.3449137210845947,5.702354431152344
378,ppo_gmm,gaussian,physical,3,True,1.0,6.994263648986816,2.985941171646118,2.893803119659424,5.230607509613037
378,ppo_gmm,gaussian,physical,4,False,0.0,8.372243881225586,3.426696300506592,11.97101879119873,5.743864059448242
378,ppo_gmm,gaussian,physical,5,False,0.0,10.16545295715332,3.351379871368408,4.04550313949585,5.445047855377197
378,ppo_gmm,gaussian,physical,6,False,0.0,6.206274032592773,3.387011766433716,10.503533363342285,5.752316474914551
378,ppo_gmm,gaussian,physical,7,False,0.0,6.372358322143555,3.3859872817993164,13.262166023254395,5.752758979797363
379,ppo_gmm,gaussian,physical,0,False,0.0,5.616762161254883,3.3262295722961426,5.083303451538086,5.683696269989014
379,ppo_gmm,gaussian,physical,1,False,0.0,10.037870407104492,3.3675131797790527,7.474508285522461,5.713756561279297
379,ppo_gmm,gaussian,physical,2,False,0.0,2.6545329093933105,3.430384397506714,3.3449137210845947,5.702354431152344
379,ppo_gmm,gaussian,physical,3,True,1.0,6.99439811706543,2.9853334426879883,2.8935959339141846,5.229497909545898
379,ppo_gmm,gaussian,physical,4,False,0.0,8.372243881225586,3.426696300506592,11.97101879119873,5.743864059448242
379,ppo_gmm,gaussian,physical,5,False,0.0,10.16545295715332,3.351379871368408,4.04550313949585,5.445047855377197
379,ppo_gmm,gaussian,physical,6,False,0.0,6.206274032592773,3.387011766433716,10.503533363342285,5.752316474914551
379,ppo_gmm,gaussian,physical,7,False,0.0,6.372358322143555,3.3859872817993164,13.262166023254395,5.752758979797363
380,ppo_gmm,gaussian,physical,0,False,0.0,5.616762161254883,3.3262295722961426,5.083303451538086,5.683696269989014
380,ppo_gmm,gaussian,physical,1,False,0.0,10.037870407104492,3.3675131797790527,7.474508285522461,5.713756561279297
380,ppo_gmm,gaussian,physical,2,False,0.0,2.6545329093933105,3.430384397506714,3.3449137210845947,5.702354431152344
380,ppo_gmm,gaussian,physical,3,True,1.0,6.9945244789123535,2.9847371578216553,2.8933916091918945,5.22831392288208
380,ppo_gmm,gaussian,physical,4,False,0.0,8.372243881225586,3.426696300506592,11.97101879119873,5.743864059448242
380,ppo_gmm,gaussian,physical,5,False,0.0,10.16545295715332,3.351379871368408,4.04550313949585,5.445047855377197
380,ppo_gmm,gaussian,physical,6,False,0.0,6.206274032592773,3.387011766433716,10.503533363342285,5.752316474914551
380,ppo_gmm,gaussian,physical,7,False,0.0,6.372358322143555,3.3859872817993164,13.262166023254395,5.752758979797363
381,ppo_gmm,gaussian,physical,0,False,0.0,5.616762161254883,3.3262295722961426,5.083303451538086,5.683696269989014
381,ppo_gmm,gaussian,physical,1,False,0.0,10.037870407104492,3.3675131797790527,7.474508285522461,5.713756561279297
381,ppo_gmm,gaussian,physical,2,False,0.0,2.6545329093933105,3.430384397506714,3.3449137210845947,5.702354431152344
381,ppo_gmm,gaussian,physical,3,True,1.0,6.994664669036865,2.9841573238372803,2.8931944370269775,5.227062225341797
381,ppo_gmm,gaussian,physical,4,False,0.0,8.372243881225586,3.426696300506592,11.97101879119873,5.743864059448242
381,ppo_gmm,gaussian,physical,5,False,0.0,10.16545295715332,3.351379871368408,4.04550313949585,5.445047855377197
381,ppo_gmm,gaussian,physical,6,False,0.0,6.206274032592773,3.387011766433716,10.503533363342285,5.752316474914551
381,ppo_gmm,gaussian,physical,7,False,0.0,6.372358322143555,3.3859872817993164,13.262166023254395,5.752758979797363
382,ppo_gmm,gaussian,physical,0,False,0.0,5.616762161254883,3.3262295722961426,5.083303451538086,5.683696269989014
382,ppo_gmm,gaussian,physical,1,False,0.0,10.037870407104492,3.3675131797790527,7.474508285522461,5.713756561279297
382,ppo_gmm,gaussian,physical,2,False,0.0,2.6545329093933105,3.430384397506714,3.3449137210845947,5.702354431152344
382,ppo_gmm,gaussian,physical,3,True,1.0,6.99479866027832,2.9835422039031982,2.8930084705352783,5.2259416580200195
382,ppo_gmm,gaussian,physical,4,False,0.0,8.372243881225586,3.426696300506592,11.97101879119873,5.743864059448242
382,ppo_gmm,gaussian,physical,5,False,0.0,10.16545295715332,3.351379871368408,4.04550313949585,5.445047855377197
382,ppo_gmm,gaussian,physical,6,False,0.0,6.206274032592773,3.387011766433716,10.503533363342285,5.752316474914551
382,ppo_gmm,gaussian,physical,7,False,0.0,6.372358322143555,3.3859872817993164,13.262166023254395,5.752758979797363
383,ppo_gmm,gaussian,physical,0,False,0.0,5.616762161254883,3.3262295722961426,5.083303451538086,5.683696269989014
383,ppo_gmm,gaussian,physical,1,False,0.0,10.037870407104492,3.3675131797790527,7.474508285522461,5.713756561279297
383,ppo_gmm,gaussian,physical,2,False,0.0,2.6545329093933105,3.430384397506714,3.3449137210845947,5.702354431152344
383,ppo_gmm,gaussian,physical,3,True,1.0,6.994934558868408,2.9829156398773193,2.8928279876708984,5.224807262420654
383,ppo_gmm,gaussian,physical,4,False,0.0,8.372243881225586,3.426696300506592,11.97101879119873,5.743864059448242
383,ppo_gmm,gaussian,physical,5,False,0.0,10.16545295715332,3.351379871368408,4.04550313949585,5.445047855377197
383,ppo_gmm,gaussian,physical,6,False,0.0,6.206274032592773,3.387011766433716,10.503533363342285,5.752316474914551
383,ppo_gmm,gaussian,physical,7,False,0.0,6.372358322143555,3.3859872817993164,13.262166023254395,5.752758979797363
384,ppo_gmm,gaussian,physical,0,False,0.0,5.616762161254883,3.3262295722961426,5.083303451538086,5.683696269989014
384,ppo_gmm,gaussian,physical,1,False,0.0,10.037870407104492,3.3675131797790527,7.474508285522461,5.713756561279297
384,ppo_gmm,gaussian,physical,2,False,0.0,2.6545329093933105,3.430384397506714,3.3449137210845947,5.702354431152344
384,ppo_gmm,gaussian,physical,3,True,1.0,6.9950666427612305,2.9822659492492676,2.892652988433838,5.223721504211426
384,ppo_gmm,gaussian,physical,4,False,0.0,8.372243881225586,3.426696300506592,11.97101879119873,5.743864059448242
384,ppo_gmm,gaussian,physical,5,False,0.0,10.16545295715332,3.351379871368408,4.04550313949585,5.445047855377197
384,ppo_gmm,gaussian,physical,6,False,0.0,6.206274032592773,3.387011766433716,10.503533363342285,5.752316474914551
384,ppo_gmm,gaussian,physical,7,False,0.0,6.372358322143555,3.3859872817993164,13.262166023254395,5.752758979797363
385,ppo_gmm,gaussian,physical,0,False,0.0,5.616762161254883,3.3262295722961426,5.083303451538086,5.683696269989014
385,ppo_gmm,gaussian,physical,1,False,0.0,10.037870407104492,3.3675131797790527,7.474508285522461,5.713756561279297
385,ppo_gmm,gaussian,physical,2,False,0.0,2.6545329093933105,3.430384397506714,3.3449137210845947,5.702354431152344
385,ppo_gmm,gaussian,physical,3,True,1.0,6.995214462280273,2.9815993309020996,2.892484188079834,5.2226715087890625
385,ppo_gmm,gaussian,physical,4,False,0.0,8.372243881225586,3.426696300506592,11.97101879119873,5.743864059448242
385,ppo_gmm,gaussian,physical,5,False,0.0,10.16545295715332,3.351379871368408,4.04550313949585,5.445047855377197
385,ppo_gmm,gaussian,physical,6,False,0.0,6.206274032592773,3.387011766433716,10.503533363342285,5.752316474914551
385,ppo_gmm,gaussian,physical,7,False,0.0,6.372358322143555,3.3859872817993164,13.262166023254395,5.752758979797363
386,ppo_gmm,gaussian,physical,0,False,0.0,5.616762161254883,3.3262295722961426,5.083303451538086,5.683696269989014
386,ppo_gmm,gaussian,physical,1,False,0.0,10.037870407104492,3.3675131797790527,7.474508285522461,5.713756561279297
386,ppo_gmm,gaussian,physical,2,False,0.0,2.6545329093933105,3.430384397506714,3.3449137210845947,5.702354431152344
386,ppo_gmm,gaussian,physical,3,True,1.0,6.995362758636475,2.980945587158203,2.8923118114471436,5.221565246582031
386,ppo_gmm,gaussian,physical,4,False,0.0,8.372243881225586,3.426696300506592,11.97101879119873,5.743864059448242
386,ppo_gmm,gaussian,physical,5,False,0.0,10.16545295715332,3.351379871368408,4.04550313949585,5.445047855377197
386,ppo_gmm,gaussian,physical,6,False,0.0,6.206274032592773,3.387011766433716,10.503533363342285,5.752316474914551
386,ppo_gmm,gaussian,physical,7,False,0.0,6.372358322143555,3.3859872817993164,13.262166023254395,5.752758979797363
387,ppo_gmm,gaussian,physical,0,False,0.0,5.616762161254883,3.3262295722961426,5.083303451538086,5.683696269989014
387,ppo_gmm,gaussian,physical,1,False,0.0,10.037870407104492,3.3675131797790527,7.474508285522461,5.713756561279297
387,ppo_gmm,gaussian,physical,2,False,0.0,2.6545329093933105,3.430384397506714,3.3449137210845947,5.702354431152344
387,ppo_gmm,gaussian,physical,3,True,1.0,6.995541572570801,2.980285406112671,2.8921327590942383,5.2204718589782715
387,ppo_gmm,gaussian,physical,4,False,0.0,8.372243881225586,3.426696300506592,11.97101879119873,5.743864059448242
387,ppo_gmm,gaussian,physical,5,False,0.0,10.16545295715332,3.351379871368408,4.04550313949585,5.445047855377197
387,ppo_gmm,gaussian,physical,6,False,0.0,6.206274032592773,3.387011766433716,10.503533363342285,5.752316474914551
387,ppo_gmm,gaussian,physical,7,False,0.0,6.372358322143555,3.3859872817993164,13.262166023254395,5.752758979797363
388,ppo_gmm,gaussian,physical,0,False,0.0,5.616762161254883,3.3262295722961426,5.083303451538086,5.683696269989014
388,ppo_gmm,gaussian,physical,1,False,0.0,10.037870407104492,3.3675131797790527,7.474508285522461,5.713756561279297
388,ppo_gmm,gaussian,physical,2,False,0.0,2.6545329093933105,3.430384397506714,3.3449137210845947,5.702354431152344
388,ppo_gmm,gaussian,physical,3,True,1.0,6.99569034576416,2.9796509742736816,2.8919482231140137,5.219492435455322
388,ppo_gmm,gaussian,physical,4,False,0.0,8.372243881225586,3.426696300506592,11.97101879119873,5.743864059448242
388,ppo_gmm,gaussian,physical,5,False,0.0,10.16545295715332,3.351379871368408,4.04550313949585,5.445047855377197
388,ppo_gmm,gaussian,physical,6,False,0.0,6.206274032592773,3.387011766433716,10.503533363342285,5.752316474914551
388,ppo_gmm,gaussian,physical,7,False,0.0,6.372358322143555,3.3859872817993164,13.262166023254395,5.752758979797363
389,ppo_gmm,gaussian,physical,0,False,0.0,5.616762161254883,3.3262295722961426,5.083303451538086,5.683696269989014
389,ppo_gmm,gaussian,physical,1,False,0.0,10.037870407104492,3.3675131797790527,7.474508285522461,5.713756561279297
389,ppo_gmm,gaussian,physical,2,False,0.0,2.6545329093933105,3.430384397506714,3.3449137210845947,5.702354431152344
389,ppo_gmm,gaussian,physical,3,True,1.0,6.995851039886475,2.979018211364746,2.8917794227600098,5.2185468673706055
389,ppo_gmm,gaussian,physical,4,False,0.0,8.372243881225586,3.426696300506592,11.97101879119873,5.743864059448242
389,ppo_gmm,gaussian,physical,5,False,0.0,10.16545295715332,3.351379871368408,4.04550313949585,5.445047855377197
389,ppo_gmm,gaussian,physical,6,False,0.0,6.206274032592773,3.387011766433716,10.503533363342285,5.752316474914551
389,ppo_gmm,gaussian,physical,7,False,0.0,6.372358322143555,3.3859872817993164,13.262166023254395,5.752758979797363
390,ppo_gmm,gaussian,physical,0,False,0.0,5.616762161254883,3.3262295722961426,5.083303451538086,5.683696269989014
390,ppo_gmm,gaussian,physical,1,False,0.0,10.037870407104492,3.3675131797790527,7.474508285522461,5.713756561279297
390,ppo_gmm,gaussian,physical,2,False,0.0,2.6545329093933105,3.430384397506714,3.3449137210845947,5.702354431152344
390,ppo_gmm,gaussian,physical,3,True,1.0,6.9960222244262695,2.9783644676208496,2.8916263580322266,5.217704772949219
390,ppo_gmm,gaussian,physical,4,False,0.0,8.372243881225586,3.426696300506592,11.97101879119873,5.743864059448242
390,ppo_gmm,gaussian,physical,5,False,0.0,10.16545295715332,3.351379871368408,4.04550313949585,5.445047855377197
390,ppo_gmm,gaussian,physical,6,False,0.0,6.206274032592773,3.387011766433716,10.503533363342285,5.752316474914551
390,ppo_gmm,gaussian,physical,7,False,0.0,6.372358322143555,3.3859872817993164,13.262166023254395,5.752758979797363
391,ppo_gmm,gaussian,physical,0,False,0.0,5.616762161254883,3.3262295722961426,5.083303451538086,5.683696269989014
391,ppo_gmm,gaussian,physical,1,False,0.0,10.037870407104492,3.3675131797790527,7.474508285522461,5.713756561279297
391,ppo_gmm,gaussian,physical,2,False,0.0,2.6545329093933105,3.430384397506714,3.3449137210845947,5.702354431152344
391,ppo_gmm,gaussian,physical,3,True,1.0,6.996204853057861,2.977693796157837,2.8914883136749268,5.216972351074219
391,ppo_gmm,gaussian,physical,4,False,0.0,8.372243881225586,3.426696300506592,11.97101879119873,5.743864059448242
391,ppo_gmm,gaussian,physical,5,False,0.0,10.16545295715332,3.351379871368408,4.04550313949585,5.445047855377197
391,ppo_gmm,gaussian,physical,6,False,0.0,6.206274032592773,3.387011766433716,10.503533363342285,5.752316474914551
391,ppo_gmm,gaussian,physical,7,False,0.0,6.372358322143555,3.3859872817993164,13.262166023254395,5.752758979797363
392,ppo_gmm,gaussian,physical,0,False,0.0,5.616762161254883,3.3262295722961426,5.083303451538086,5.683696269989014
392,ppo_gmm,gaussian,physical,1,False,0.0,10.037870407104492,3.3675131797790527,7.474508285522461,5.713756561279297
392,ppo_gmm,gaussian,physical,2,False,0.0,2.6545329093933105,3.430384397506714,3.3449137210845947,5.702354431152344
392,ppo_gmm,gaussian,physical,3,True,1.0,6.996354103088379,2.9770760536193848,2.8913373947143555,5.216187477111816
392,ppo_gmm,gaussian,physical,4,False,0.0,8.372243881225586,3.426696300506592,11.97101879119873,5.743864059448242
392,ppo_gmm,gaussian,physical,5,False,0.0,10.16545295715332,3.351379871368408,4.04550313949585,5.445047855377197
392,ppo_gmm,gaussian,physical,6,False,0.0,6.206274032592773,3.387011766433716,10.503533363342285,5.752316474914551
392,ppo_gmm,gaussian,physical,7,False,0.0,6.372358322143555,3.3859872817993164,13.262166023254395,5.752758979797363
393,ppo_gmm,gaussian,physical,0,False,0.0,5.616762161254883,3.3262295722961426,5.083303451538086,5.683696269989014
393,ppo_gmm,gaussian,physical,1,False,0.0,10.037870407104492,3.3675131797790527,7.474508285522461,5.713756561279297
393,ppo_gmm,gaussian,physical,2,False,0.0,2.6545329093933105,3.430384397506714,3.3449137210845947,5.702354431152344
393,ppo_gmm,gaussian,physical,3,True,1.0,6.996524333953857,2.9765119552612305,2.891176700592041,5.21533203125
393,ppo_gmm,gaussian,physical,4,False,0.0,8.372243881225586,3.426696300506592,11.97101879119873,5.743864059448242
393,ppo_gmm,gaussian,physical,5,False,0.0,10.16545295715332,3.351379871368408,4.04550313949585,5.445047855377197
393,ppo_gmm,gaussian,physical,6,False,0.0,6.206274032592773,3.387011766433716,10.503533363342285,5.752316474914551
393,ppo_gmm,gaussian,physical,7,False,0.0,6.372358322143555,3.3859872817993164,13.262166023254395,5.752758979797363
394,ppo_gmm,gaussian,physical,0,False,0.0,5.616762161254883,3.3262295722961426,5.083303451538086,5.683696269989014
394,ppo_gmm,gaussian,physical,1,False,0.0,10.037870407104492,3.3675131797790527,7.474508285522461,5.713756561279297
394,ppo_gmm,gaussian,physical,2,False,0.0,2.6545329093933105,3.430384397506714,3.3449137210845947,5.702354431152344
394,ppo_gmm,gaussian,physical,3,True,1.0,6.996694087982178,2.9759230613708496,2.8910269737243652,5.214538097381592
394,ppo_gmm,gaussian,physical,4,False,0.0,8.372243881225586,3.426696300506592,11.97101879119873,5.743864059448242
394,ppo_gmm,gaussian,physical,5,False,0.0,10.16545295715332,3.351379871368408,4.04550313949585,5.445047855377197
394,ppo_gmm,gaussian,physical,6,False,0.0,6.206274032592773,3.387011766433716,10.503533363342285,5.752316474914551
394,ppo_gmm,gaussian,physical,7,False,0.0,6.372358322143555,3.3859872817993164,13.262166023254395,5.752758979797363
395,ppo_gmm,gaussian,physical,0,False,0.0,5.616762161254883,3.3262295722961426,5.083303451538086,5.683696269989014
395,ppo_gmm,gaussian,physical,1,False,0.0,10.037870407104492,3.3675131797790527,7.474508285522461,5.713756561279297
395,ppo_gmm,gaussian,physical,2,False,0.0,2.6545329093933105,3.430384397506714,3.3449137210845947,5.702354431152344
395,ppo_gmm,gaussian,physical,3,True,1.0,6.996877670288086,2.9753336906433105,2.890889883041382,5.213720321655273
395,ppo_gmm,gaussian,physical,4,False,0.0,8.372243881225586,3.426696300506592,11.97101879119873,5.743864059448242
395,ppo_gmm,gaussian,physical,5,False,0.0,10.16545295715332,3.351379871368408,4.04550313949585,5.445047855377197
395,ppo_gmm,gaussian,physical,6,False,0.0,6.206274032592773,3.387011766433716,10.503533363342285,5.752316474914551
395,ppo_gmm,gaussian,physical,7,False,0.0,6.372358322143555,3.3859872817993164,13.262166023254395,5.752758979797363
396,ppo_gmm,gaussian,physical,0,False,0.0,5.616762161254883,3.3262295722961426,5.083303451538086,5.683696269989014
396,ppo_gmm,gaussian,physical,1,False,0.0,10.037870407104492,3.3675131797790527,7.474508285522461,5.713756561279297
396,ppo_gmm,gaussian,physical,2,False,0.0,2.6545329093933105,3.430384397506714,3.3449137210845947,5.702354431152344
396,ppo_gmm,gaussian,physical,3,True,1.0,6.997096061706543,2.974757194519043,2.8907549381256104,5.212852478027344
396,ppo_gmm,gaussian,physical,4,False,0.0,8.372243881225586,3.426696300506592,11.97101879119873,5.743864059448242
396,ppo_gmm,gaussian,physical,5,False,0.0,10.16545295715332,3.351379871368408,4.04550313949585,5.445047855377197
396,ppo_gmm,gaussian,physical,6,False,0.0,6.206274032592773,3.387011766433716,10.503533363342285,5.752316474914551
396,ppo_gmm,gaussian,physical,7,False,0.0,6.372358322143555,3.3859872817993164,13.262166023254395,5.752758979797363
397,ppo_gmm,gaussian,physical,0,False,0.0,5.616762161254883,3.3262295722961426,5.083303451538086,5.683696269989014
397,ppo_gmm,gaussian,physical,1,False,0.0,10.037870407104492,3.3675131797790527,7.474508285522461,5.713756561279297
397,ppo_gmm,gaussian,physical,2,False,0.0,2.6545329093933105,3.430384397506714,3.3449137210845947,5.702354431152344
397,ppo_gmm,gaussian,physical,3,True,1.0,6.997304439544678,2.9742021560668945,2.8906137943267822,5.211907386779785
397,ppo_gmm,gaussian,physical,4,False,0.0,8.372243881225586,3.426696300506592,11.97101879119873,5.743864059448242
397,ppo_gmm,gaussian,physical,5,False,0.0,10.16545295715332,3.351379871368408,4.04550313949585,5.445047855377197
397,ppo_gmm,gaussian,physical,6,False,0.0,6.206274032592773,3.387011766433716,10.503533363342285,5.752316474914551
397,ppo_gmm,gaussian,physical,7,False,0.0,6.372358322143555,3.3859872817993164,13.262166023254395,5.752758979797363
398,ppo_gmm,gaussian,physical,0,False,0.0,5.616762161254883,3.3262295722961426,5.083303451538086,5.683696269989014
398,ppo_gmm,gaussian,physical,1,False,0.0,10.037870407104492,3.3675131797790527,7.474508285522461,5.713756561279297
398,ppo_gmm,gaussian,physical,2,False,0.0,2.6545329093933105,3.430384397506714,3.3449137210845947,5.702354431152344
398,ppo_gmm,gaussian,physical,3,True,1.0,6.997474193572998,2.97367787361145,2.8904519081115723,5.210907936096191
398,ppo_gmm,gaussian,physical,4,False,0.0,8.372243881225586,3.426696300506592,11.97101879119873,5.743864059448242
398,ppo_gmm,gaussian,physical,5,False,0.0,10.16545295715332,3.351379871368408,4.04550313949585,5.445047855377197
398,ppo_gmm,gaussian,physical,6,False,0.0,6.206274032592773,3.387011766433716,10.503533363342285,5.752316474914551
398,ppo_gmm,gaussian,physical,7,False,0.0,6.372358322143555,3.3859872817993164,13.262166023254395,5.752758979797363
399,ppo_gmm,gaussian,physical,0,False,0.0,5.616762161254883,3.3262295722961426,5.083303451538086,5.683696269989014
399,ppo_gmm,gaussian,physical,1,False,0.0,10.037870407104492,3.3675131797790527,7.474508285522461,5.713756561279297
399,ppo_gmm,gaussian,physical,2,False,0.0,2.6545329093933105,3.430384397506714,3.3449137210845947,5.702354431152344
399,ppo_gmm,gaussian,physical,3,True,1.0,6.997652053833008,2.9731616973876953,2.8902931213378906,5.209997177124023
399,ppo_gmm,gaussian,physical,4,False,0.0,8.372243881225586,3.426696300506592,11.97101879119873,5.743864059448242
399,ppo_gmm,gaussian,physical,5,False,0.0,10.16545295715332,3.351379871368408,4.04550313949585,5.445047855377197
399,ppo_gmm,gaussian,physical,6,False,0.0,6.206274032592773,3.387011766433716,10.503533363342285,5.752316474914551
399,ppo_gmm,gaussian,physical,7,False,0.0,6.372358322143555,3.3859872817993164,13.262166023254395,5.752758979797363
400,ppo_gmm,gaussian,physical,0,False,0.0,5.616762161254883,3.3262295722961426,5.083303451538086,5.683696269989014
400,ppo_gmm,gaussian,physical,1,False,0.0,10.037870407104492,3.3675131797790527,7.474508285522461,5.713756561279297
400,ppo_gmm,gaussian,physical,2,False,0.0,2.6545329093933105,3.430384397506714,3.3449137210845947,5.702354431152344
400,ppo_gmm,gaussian,physical,3,True,1.0,6.997852325439453,2.972632884979248,2.8901455402374268,5.209090709686279
400,ppo_gmm,gaussian,physical,4,False,0.0,8.372243881225586,3.426696300506592,11.97101879119873,5.743864059448242
400,ppo_gmm,gaussian,physical,5,False,0.0,10.16545295715332,3.351379871368408,4.04550313949585,5.445047855377197
400,ppo_gmm,gaussian,physical,6,False,0.0,6.206274032592773,3.387011766433716,10.503533363342285,5.752316474914551
400,ppo_gmm,gaussian,physical,7,False,0.0,6.372358322143555,3.3859872817993164,13.262166023254395,5.752758979797363
401,ppo_gmm,gaussian,physical,0,False,0.0,5.616762161254883,3.3262295722961426,5.083303451538086,5.683696269989014
401,ppo_gmm,gaussian,physical,1,False,0.0,10.037870407104492,3.3675131797790527,7.474508285522461,5.713756561279297
401,ppo_gmm,gaussian,physical,2,False,0.0,2.6545329093933105,3.430384397506714,3.3449137210845947,5.702354431152344
401,ppo_gmm,gaussian,physical,3,True,1.0,6.998072147369385,2.9720873832702637,2.8900036811828613,5.208221435546875
401,ppo_gmm,gaussian,physical,4,False,0.0,8.372243881225586,3.426696300506592,11.97101879119873,5.743864059448242
401,ppo_gmm,gaussian,physical,5,False,0.0,10.16545295715332,3.351379871368408,4.04550313949585,5.445047855377197
401,ppo_gmm,gaussian,physical,6,False,0.0,6.206274032592773,3.387011766433716,10.503533363342285,5.752316474914551
401,ppo_gmm,gaussian,physical,7,False,0.0,6.372358322143555,3.3859872817993164,13.262166023254395,5.752758979797363
402,ppo_gmm,gaussian,physical,0,False,0.0,5.616762161254883,3.3262295722961426,5.083303451538086,5.683696269989014
402,ppo_gmm,gaussian,physical,1,False,0.0,10.037870407104492,3.3675131797790527,7.474508285522461,5.713756561279297
402,ppo_gmm,gaussian,physical,2,False,0.0,2.6545329093933105,3.430384397506714,3.3449137210845947,5.702354431152344
402,ppo_gmm,gaussian,physical,3,True,1.0,6.998301982879639,2.97153377532959,2.8898544311523438,5.207354545593262
402,ppo_gmm,gaussian,physical,4,False,0.0,8.372243881225586,3.426696300506592,11.97101879119873,5.743864059448242
402,ppo_gmm,gaussian,physical,5,False,0.0,10.16545295715332,3.351379871368408,4.04550313949585,5.445047855377197
402,ppo_gmm,gaussian,physical,6,False,0.0,6.206274032592773,3.387011766433716,10.503533363342285,5.752316474914551
402,ppo_gmm,gaussian,physical,7,False,0.0,6.372358322143555,3.3859872817993164,13.262166023254395,5.752758979797363
403,ppo_gmm,gaussian,physical,0,False,0.0,5.616762161254883,3.3262295722961426,5.083303451538086,5.683696269989014
403,ppo_gmm,gaussian,physical,1,False,0.0,10.037870407104492,3.3675131797790527,7.474508285522461,5.713756561279297
403,ppo_gmm,gaussian,physical,2,False,0.0,2.6545329093933105,3.430384397506714,3.3449137210845947,5.702354431152344
403,ppo_gmm,gaussian,physical,3,True,1.0,6.998528480529785,2.9709949493408203,2.8896939754486084,5.206499099731445
403,ppo_gmm,gaussian,physical,4,False,0.0,8.372243881225586,3.426696300506592,11.97101879119873,5.743864059448242
403,ppo_gmm,gaussian,physical,5,False,0.0,10.16545295715332,3.351379871368408,4.04550313949585,5.445047855377197
403,ppo_gmm,gaussian,physical,6,False,0.0,6.206274032592773,3.387011766433716,10.503533363342285,5.752316474914551
403,ppo_gmm,gaussian,physical,7,False,0.0,6.372358322143555,3.3859872817993164,13.262166023254395,5.752758979797363
404,ppo_gmm,gaussian,physical,0,False,0.0,5.616762161254883,3.3262295722961426,5.083303451538086,5.683696269989014
404,ppo_gmm,gaussian,physical,1,False,0.0,10.037870407104492,3.3675131797790527,7.474508285522461,5.713756561279297
404,ppo_gmm,gaussian,physical,2,False,0.0,2.6545329093933105,3.430384397506714,3.3449137210845947,5.702354431152344
404,ppo_gmm,gaussian,physical,3,True,1.0,6.998773574829102,2.970442295074463,2.8895416259765625,5.205689907073975
404,ppo_gmm,gaussian,physical,4,False,0.0,8.372243881225586,3.426696300506592,11.97101879119873,5.743864059448242
404,ppo_gmm,gaussian,physical,5,False,0.0,10.16545295715332,3.351379871368408,4.04550313949585,5.445047855377197
404,ppo_gmm,gaussian,physical,6,False,0.0,6.206274032592773,3.387011766433716,10.503533363342285,5.752316474914551
404,ppo_gmm,gaussian,physical,7,False,0.0,6.372358322143555,3.3859872817993164,13.262166023254395,5.752758979797363
405,ppo_gmm,gaussian,physical,0,False,0.0,5.616762161254883,3.3262295722961426,5.083303451538086,5.683696269989014
405,ppo_gmm,gaussian,physical,1,False,0.0,10.037870407104492,3.3675131797790527,7.474508285522461,5.713756561279297
405,ppo_gmm,gaussian,physical,2,False,0.0,2.6545329093933105,3.430384397506714,3.3449137210845947,5.702354431152344
405,ppo_gmm,gaussian,physical,3,True,1.0,6.999002933502197,2.9699273109436035,2.889371633529663,5.204840660095215
405,ppo_gmm,gaussian,physical,4,False,0.0,8.372243881225586,3.426696300506592,11.97101879119873,5.743864059448242
405,ppo_gmm,gaussian,physical,5,False,0.0,10.16545295715332,3.351379871368408,4.04550313949585,5.445047855377197
405,ppo_gmm,gaussian,physical,6,False,0.0,6.206274032592773,3.387011766433716,10.503533363342285,5.752316474914551
405,ppo_gmm,gaussian,physical,7,False,0.0,6.372358322143555,3.3859872817993164,13.262166023254395,5.752758979797363
406,ppo_gmm,gaussian,physical,0,False,0.0,5.616762161254883,3.3262295722961426,5.083303451538086,5.683696269989014
406,ppo_gmm,gaussian,physical,1,False,0.0,10.037870407104492,3.3675131797790527,7.474508285522461,5.713756561279297
406,ppo_gmm,gaussian,physical,2,False,0.0,2.6545329093933105,3.430384397506714,3.3449137210845947,5.702354431152344
406,ppo_gmm,gaussian,physical,3,True,1.0,6.999237537384033,2.969395875930786,2.8892111778259277,5.204031467437744
406,ppo_gmm,gaussian,physical,4,False,0.0,8.372243881225586,3.426696300506592,11.97101879119873,5.743864059448242
406,ppo_gmm,gaussian,physical,5,False,0.0,10.16545295715332,3.351379871368408,4.04550313949585,5.445047855377197
406,ppo_gmm,gaussian,physical,6,False,0.0,6.206274032592773,3.387011766433716,10.503533363342285,5.752316474914551
406,ppo_gmm,gaussian,physical,7,False,0.0,6.372358322143555,3.3859872817993164,13.262166023254395,5.752758979797363
407,ppo_gmm,gaussian,physical,0,False,0.0,5.616762161254883,3.3262295722961426,5.083303451538086,5.683696269989014
407,ppo_gmm,gaussian,physical,1,False,0.0,10.037870407104492,3.3675131797790527,7.474508285522461,5.713756561279297
407,ppo_gmm,gaussian,physical,2,False,0.0,2.6545329093933105,3.430384397506714,3.3449137210845947,5.702354431152344
407,ppo_gmm,gaussian,physical,3,True,1.0,6.999453067779541,2.968869924545288,2.8890528678894043,5.203180313110352
407,ppo_gmm,gaussian,physical,4,False,0.0,8.372243881225586,3.426696300506592,11.97101879119873,5.743864059448242
407,ppo_gmm,gaussian,physical,5,False,0.0,10.16545295715332,3.351379871368408,4.04550313949585,5.445047855377197
407,ppo_gmm,gaussian,physical,6,False,0.0,6.206274032592773,3.387011766433716,10.503533363342285,5.752316474914551
407,ppo_gmm,gaussian,physical,7,False,0.0,6.372358322143555,3.3859872817993164,13.262166023254395,5.752758979797363
408,ppo_gmm,gaussian,physical,0,False,0.0,5.616762161254883,3.3262295722961426,5.083303451538086,5.683696269989014
408,ppo_gmm,gaussian,physical,1,False,0.0,10.037870407104492,3.3675131797790527,7.474508285522461,5.713756561279297
408,ppo_gmm,gaussian,physical,2,False,0.0,2.6545329093933105,3.430384397506714,3.3449137210845947,5.702354431152344
408,ppo_gmm,gaussian,physical,3,True,1.0,6.9996724128723145,2.9683964252471924,2.8888871669769287,5.2022552490234375
408,ppo_gmm,gaussian,physical,4,False,0.0,8.372243881225586,3.426696300506592,11.97101879119873,5.743864059448242
408,ppo_gmm,gaussian,physical,5,False,0.0,10.16545295715332,3.351379871368408,4.04550313949585,5.445047855377197
408,ppo_gmm,gaussian,physical,6,False,0.0,6.206274032592773,3.387011766433716,10.503533363342285,5.752316474914551
408,ppo_gmm,gaussian,physical,7,False,0.0,6.372358322143555,3.3859872817993164,13.262166023254395,5.752758979797363
409,ppo_gmm,gaussian,physical,0,False,0.0,5.616762161254883,3.3262295722961426,5.083303451538086,5.683696269989014
409,ppo_gmm,gaussian,physical,1,False,0.0,10.037870407104492,3.3675131797790527,7.474508285522461,5.713756561279297
409,ppo_gmm,gaussian,physical,2,False,0.0,2.6545329093933105,3.430384397506714,3.3449137210845947,5.702354431152344
409,ppo_gmm,gaussian,physical,3,True,1.0,6.99989128112793,2.967914581298828,2.888727903366089,5.201328754425049
409,ppo_gmm,gaussian,physical,4,False,0.0,8.372243881225586,3.426696300506592,11.97101879119873,5.743864059448242
409,ppo_gmm,gaussian,physical,5,False,0.0,10.16545295715332,3.351379871368408,4.04550313949585,5.445047855377197
409,ppo_gmm,gaussian,physical,6,False,0.0,6.206274032592773,3.387011766433716,10.503533363342285,5.752316474914551
409,ppo_gmm,gaussian,physical,7,False,0.0,6.372358322143555,3.3859872817993164,13.262166023254395,5.752758979797363
410,ppo_gmm,gaussian,physical,0,False,0.0,5.616762161254883,3.3262295722961426,5.083303451538086,5.683696269989014
410,ppo_gmm,gaussian,physical,1,False,0.0,10.037870407104492,3.3675131797790527,7.474508285522461,5.713756561279297
410,ppo_gmm,gaussian,physical,2,False,0.0,2.6545329093933105,3.430384397506714,3.3449137210845947,5.702354431152344
410,ppo_gmm,gaussian,physical,3,True,1.0,7.000092506408691,2.9674489498138428,2.888568639755249,5.200407981872559
410,ppo_gmm,gaussian,physical,4,False,0.0,8.372243881225586,3.426696300506592,11.97101879119873,5.743864059448242
410,ppo_gmm,gaussian,physical,5,False,0.0,10.16545295715332,3.351379871368408,4.04550313949585,5.445047855377197
410,ppo_gmm,gaussian,physical,6,False,0.0,6.206274032592773,3.387011766433716,10.503533363342285,5.752316474914551
410,ppo_gmm,gaussian,physical,7,False,0.0,6.372358322143555,3.3859872817993164,13.262166023254395,5.752758979797363
411,ppo_gmm,gaussian,physical,0,False,0.0,5.616762161254883,3.3262295722961426,5.083303451538086,5.683696269989014
411,ppo_gmm,gaussian,physical,1,False,0.0,10.037870407104492,3.3675131797790527,7.474508285522461,5.713756561279297
411,ppo_gmm,gaussian,physical,2,False,0.0,2.6545329093933105,3.430384397506714,3.3449137210845947,5.702354431152344
411,ppo_gmm,gaussian,physical,3,True,1.0,7.000253677368164,2.9670205116271973,2.888399124145508,5.199538707733154
411,ppo_gmm,gaussian,physical,4,False,0.0,8.372243881225586,3.426696300506592,11.97101879119873,5.743864059448242
411,ppo_gmm,gaussian,physical,5,False,0.0,10.16545295715332,3.351379871368408,4.04550313949585,5.445047855377197
411,ppo_gmm,gaussian,physical,6,False,0.0,6.206274032592773,3.387011766433716,10.503533363342285,5.752316474914551
411,ppo_gmm,gaussian,physical,7,False,0.0,6.372358322143555,3.3859872817993164,13.262166023254395,5.752758979797363
412,ppo_gmm,gaussian,physical,0,False,0.0,5.616762161254883,3.3262295722961426,5.083303451538086,5.683696269989014
412,ppo_gmm,gaussian,physical,1,False,0.0,10.037870407104492,3.3675131797790527,7.474508285522461,5.713756561279297
412,ppo_gmm,gaussian,physical,2,False,0.0,2.6545329093933105,3.430384397506714,3.3449137210845947,5.702354431152344
412,ppo_gmm,gaussian,physical,3,True,1.0,7.000415802001953,2.9665722846984863,2.888233184814453,5.198701858520508
412,ppo_gmm,gaussian,physical,4,False,0.0,8.372243881225586,3.426696300506592,11.97101879119873,5.743864059448242
412,ppo_gmm,gaussian,physical,5,False,0.0,10.16545295715332,3.351379871368408,4.04550313949585,5.445047855377197
412,ppo_gmm,gaussian,physical,6,False,0.0,6.206274032592773,3.387011766433716,10.503533363342285,5.752316474914551
412,ppo_gmm,gaussian,physical,7,False,0.0,6.372358322143555,3.3859872817993164,13.262166023254395,5.752758979797363
413,ppo_gmm,gaussian,physical,0,False,0.0,5.616762161254883,3.3262295722961426,5.083303451538086,5.683696269989014
413,ppo_gmm,gaussian,physical,1,False,0.0,10.037870407104492,3.3675131797790527,7.474508285522461,5.713756561279297
413,ppo_gmm,gaussian,physical,2,False,0.0,2.6545329093933105,3.430384397506714,3.3449137210845947,5.702354431152344
413,ppo_gmm,gaussian,physical,3,True,1.0,7.000586986541748,2.966118335723877,2.8880727291107178,5.197854995727539
413,ppo_gmm,gaussian,physical,4,False,0.0,8.372243881225586,3.426696300506592,11.97101879119873,5.743864059448242
413,ppo_gmm,gaussian,physical,5,False,0.0,10.16545295715332,3.351379871368408,4.04550313949585,5.445047855377197
413,ppo_gmm,gaussian,physical,6,False,0.0,6.206274032592773,3.387011766433716,10.503533363342285,5.752316474914551
413,ppo_gmm,gaussian,physical,7,False,0.0,6.372358322143555,3.3859872817993164,13.262166023254395,5.752758979797363
414,ppo_gmm,gaussian,physical,0,False,0.0,5.616762161254883,3.3262295722961426,5.083303451538086,5.683696269989014
414,ppo_gmm,gaussian,physical,1,False,0.0,10.037870407104492,3.3675131797790527,7.474508285522461,5.713756561279297
414,ppo_gmm,gaussian,physical,2,False,0.0,2.6545329093933105,3.430384397506714,3.3449137210845947,5.702354431152344
414,ppo_gmm,gaussian,physical,3,True,1.0,7.00076150894165,2.9656898975372314,2.8879055976867676,5.1970109939575195
414,ppo_gmm,gaussian,physical,4,False,0.0,8.372243881225586,3.426696300506592,11.97101879119873,5.743864059448242
414,ppo_gmm,gaussian,physical,5,False,0.0,10.16545295715332,3.351379871368408,4.04550313949585,5.445047855377197
414,ppo_gmm,gaussian,physical,6,False,0.0,6.206274032592773,3.387011766433716,10.503533363342285,5.752316474914551
414,ppo_gmm,gaussian,physical,7,False,0.0,6.372358322143555,3.3859872817993164,13.262166023254395,5.752758979797363
415,ppo_gmm,gaussian,physical,0,False,0.0,5.616762161254883,3.3262295722961426,5.083303451538086,5.683696269989014
415,ppo_gmm,gaussian,physical,1,False,0.0,10.037870407104492,3.3675131797790527,7.474508285522461,5.713756561279297
415,ppo_gmm,gaussian,physical,2,False,0.0,2.6545329093933105,3.430384397506714,3.3449137210845947,5.702354431152344
415,ppo_gmm,gaussian,physical,3,True,1.0,7.000924587249756,2.9652795791625977,2.887740135192871,5.196114540100098
415,ppo_gmm,gaussian,physical,4,False,0.0,8.372243881225586,3.426696300506592,11.97101879119873,5.743864059448242
415,ppo_gmm,gaussian,physical,5,False,0.0,10.16545295715332,3.351379871368408,4.04550313949585,5.445047855377197
415,ppo_gmm,gaussian,physical,6,False,0.0,6.206274032592773,3.387011766433716,10.503533363342285,5.752316474914551
415,ppo_gmm,gaussian,physical,7,False,0.0,6.372358322143555,3.3859872817993164,13.262166023254395,5.752758979797363
416,ppo_gmm,gaussian,physical,0,False,0.0,5.616762161254883,3.3262295722961426,5.083303451538086,5.683696269989014
416,ppo_gmm,gaussian,physical,1,False,0.0,10.037870407104492,3.3675131797790527,7.474508285522461,5.713756561279297
416,ppo_gmm,gaussian,physical,2,False,0.0,2.6545329093933105,3.430384397506714,3.3449137210845947,5.702354431152344
416,ppo_gmm,gaussian,physical,3,True,1.0,7.001113414764404,2.964942455291748,2.887577772140503,5.195218563079834
416,ppo_gmm,gaussian,physical,4,False,0.0,8.372243881225586,3.426696300506592,11.97101879119873,5.743864059448242
416,ppo_gmm,gaussian,physical,5,False,0.0,10.16545295715332,3.351379871368408,4.04550313949585,5.445047855377197
416,ppo_gmm,gaussian,physical,6,False,0.0,6.206274032592773,3.387011766433716,10.503533363342285,5.752316474914551
416,ppo_gmm,gaussian,physical,7,False,0.0,6.372358322143555,3.3859872817993164,13.262166023254395,5.752758979797363
417,ppo_gmm,gaussian,physical,0,False,0.0,5.616762161254883,3.3262295722961426,5.083303451538086,5.683696269989014
417,ppo_gmm,gaussian,physical,1,False,0.0,10.037870407104492,3.3675131797790527,7.474508285522461,5.713756561279297
417,ppo_gmm,gaussian,physical,2,False,0.0,2.6545329093933105,3.430384397506714,3.3449137210845947,5.702354431152344
417,ppo_gmm,gaussian,physical,3,True,1.0,7.0012993812561035,2.964602470397949,2.887418746948242,5.194370269775391
417,ppo_gmm,gaussian,physical,4,False,0.0,8.372243881225586,3.426696300506592,11.97101879119873,5.743864059448242
417,ppo_gmm,gaussian,physical,5,False,0.0,10.16545295715332,3.351379871368408,4.04550313949585,5.445047855377197
417,ppo_gmm,gaussian,physical,6,False,0.0,6.206274032592773,3.387011766433716,10.503533363342285,5.752316474914551
417,ppo_gmm,gaussian,physical,7,False,0.0,6.372358322143555,3.3859872817993164,13.262166023254395,5.752758979797363
418,ppo_gmm,gaussian,physical,0,False,0.0,5.616762161254883,3.3262295722961426,5.083303451538086,5.683696269989014
418,ppo_gmm,gaussian,physical,1,False,0.0,10.037870407104492,3.3675131797790527,7.474508285522461,5.713756561279297
418,ppo_gmm,gaussian,physical,2,False,0.0,2.6545329093933105,3.430384397506714,3.3449137210845947,5.702354431152344
418,ppo_gmm,gaussian,physical,3,True,1.0,7.001494884490967,2.964235305786133,2.887259006500244,5.193636894226074
418,ppo_gmm,gaussian,physical,4,False,0.0,8.372243881225586,3.426696300506592,11.97101879119873,5.743864059448242
418,ppo_gmm,gaussian,physical,5,False,0.0,10.16545295715332,3.351379871368408,4.04550313949585,5.445047855377197
418,ppo_gmm,gaussian,physical,6,False,0.0,6.206274032592773,3.387011766433716,10.503533363342285,5.752316474914551
418,ppo_gmm,gaussian,physical,7,False,0.0,6.372358322143555,3.3859872817993164,13.262166023254395,5.752758979797363
419,ppo_gmm,gaussian,physical,0,False,0.0,5.616762161254883,3.3262295722961426,5.083303451538086,5.683696269989014
419,ppo_gmm,gaussian,physical,1,False,0.0,10.037870407104492,3.3675131797790527,7.474508285522461,5.713756561279297
419,ppo_gmm,gaussian,physical,2,False,0.0,2.6545329093933105,3.430384397506714,3.3449137210845947,5.702354431152344
419,ppo_gmm,gaussian,physical,3,True,1.0,7.001686096191406,2.9638476371765137,2.887103319168091,5.192926406860352
419,ppo_gmm,gaussian,physical,4,False,0.0,8.372243881225586,3.426696300506592,11.97101879119873,5.743864059448242
419,ppo_gmm,gaussian,physical,5,False,0.0,10.16545295715332,3.351379871368408,4.04550313949585,5.445047855377197
419,ppo_gmm,gaussian,physical,6,False,0.0,6.206274032592773,3.387011766433716,10.503533363342285,5.752316474914551
419,ppo_gmm,gaussian,physical,7,False,0.0,6.372358322143555,3.3859872817993164,13.262166023254395,5.752758979797363
420,ppo_gmm,gaussian,physical,0,False,0.0,5.616762161254883,3.3262295722961426,5.083303451538086,5.683696269989014
420,ppo_gmm,gaussian,physical,1,False,0.0,10.037870407104492,3.3675131797790527,7.474508285522461,5.713756561279297
420,ppo_gmm,gaussian,physical,2,False,0.0,2.6545329093933105,3.430384397506714,3.3449137210845947,5.702354431152344
420,ppo_gmm,gaussian,physical,3,True,1.0,7.001879692077637,2.9634482860565186,2.886948585510254,5.192211151123047
420,ppo_gmm,gaussian,physical,4,False,0.0,8.372243881225586,3.426696300506592,11.97101879119873,5.743864059448242
420,ppo_gmm,gaussian,physical,5,False,0.0,10.16545295715332,3.351379871368408,4.04550313949585,5.445047855377197
420,ppo_gmm,gaussian,physical,6,False,0.0,6.206274032592773,3.387011766433716,10.503533363342285,5.752316474914551
420,ppo_gmm,gaussian,physical,7,False,0.0,6.372358322143555,3.3859872817993164,13.262166023254395,5.752758979797363
421,ppo_gmm,gaussian,physical,0,False,0.0,5.616762161254883,3.3262295722961426,5.083303451538086,5.683696269989014
421,ppo_gmm,gaussian,physical,1,False,0.0,10.037870407104492,3.3675131797790527,7.474508285522461,5.713756561279297
421,ppo_gmm,gaussian,physical,2,False,0.0,2.6545329093933105,3.430384397506714,3.3449137210845947,5.702354431152344
421,ppo_gmm,gaussian,physical,3,True,1.0,7.002060890197754,2.9630584716796875,2.886793851852417,5.1914496421813965
421,ppo_gmm,gaussian,physical,4,False,0.0,8.372243881225586,3.426696300506592,11.97101879119873,5.743864059448242
421,ppo_gmm,gaussian,physical,5,False,0.0,10.16545295715332,3.351379871368408,4.04550313949585,5.445047855377197
421,ppo_gmm,gaussian,physical,6,False,0.0,6.206274032592773,3.387011766433716,10.503533363342285,5.752316474914551
421,ppo_gmm,gaussian,physical,7,False,0.0,6.372358322143555,3.3859872817993164,13.262166023254395,5.752758979797363
422,ppo_gmm,gaussian,physical,0,False,0.0,5.616762161254883,3.3262295722961426,5.083303451538086,5.683696269989014
422,ppo_gmm,gaussian,physical,1,False,0.0,10.037870407104492,3.3675131797790527,7.474508285522461,5.713756561279297
422,ppo_gmm,gaussian,physical,2,False,0.0,2.6545329093933105,3.430384397506714,3.3449137210845947,5.702354431152344
422,ppo_gmm,gaussian,physical,3,True,1.0,7.002236843109131,2.9626612663269043,2.8866465091705322,5.190718650817871
422,ppo_gmm,gaussian,physical,4,False,0.0,8.372243881225586,3.426696300506592,11.97101879119873,5.743864059448242
422,ppo_gmm,gaussian,physical,5,False,0.0,10.16545295715332,3.351379871368408,4.04550313949585,5.445047855377197
422,ppo_gmm,gaussian,physical,6,False,0.0,6.206274032592773,3.387011766433716,10.503533363342285,5.752316474914551
422,ppo_gmm,gaussian,physical,7,False,0.0,6.372358322143555,3.3859872817993164,13.262166023254395,5.752758979797363
423,ppo_gmm,gaussian,physical,0,False,0.0,5.616762161254883,3.3262295722961426,5.083303451538086,5.683696269989014
423,ppo_gmm,gaussian,physical,1,False,0.0,10.037870407104492,3.3675131797790527,7.474508285522461,5.713756561279297
423,ppo_gmm,gaussian,physical,2,False,0.0,2.6545329093933105,3.430384397506714,3.3449137210845947,5.702354431152344
423,ppo_gmm,gaussian,physical,3,True,1.0,7.002414226531982,2.962270736694336,2.8864917755126953,5.1899566650390625
423,ppo_gmm,gaussian,physical,4,False,0.0,8.372243881225586,3.426696300506592,11.97101879119873,5.743864059448242
423,ppo_gmm,gaussian,physical,5,False,0.0,10.16545295715332,3.351379871368408,4.04550313949585,5.445047855377197
423,ppo_gmm,gaussian,physical,6,False,0.0,6.206274032592773,3.387011766433716,10.503533363342285,5.752316474914551
423,ppo_gmm,gaussian,physical,7,False,0.0,6.372358322143555,3.3859872817993164,13.262166023254395,5.752758979797363
424,ppo_gmm,gaussian,physical,0,False,0.0,5.616762161254883,3.3262295722961426,5.083303451538086,5.683696269989014
424,ppo_gmm,gaussian,physical,1,False,0.0,10.037870407104492,3.3675131797790527,7.474508285522461,5.713756561279297
424,ppo_gmm,gaussian,physical,2,False,0.0,2.6545329093933105,3.430384397506714,3.3449137210845947,5.702354431152344
424,ppo_gmm,gaussian,physical,3,True,1.0,7.002596855163574,2.9618821144104004,2.886336088180542,5.189235687255859
424,ppo_gmm,gaussian,physical,4,False,0.0,8.372243881225586,3.426696300506592,11.97101879119873,5.743864059448242
424,ppo_gmm,gaussian,physical,5,False,0.0,10.16545295715332,3.351379871368408,4.04550313949585,5.445047855377197
424,ppo_gmm,gaussian,physical,6,False,0.0,6.206274032592773,3.387011766433716,10.503533363342285,5.752316474914551
424,ppo_gmm,gaussian,physical,7,False,0.0,6.372358322143555,3.3859872817993164,13.262166023254395,5.752758979797363
425,ppo_gmm,gaussian,physical,0,False,0.0,5.616762161254883,3.3262295722961426,5.083303451538086,5.683696269989014
425,ppo_gmm,gaussian,physical,1,False,0.0,10.037870407104492,3.3675131797790527,7.474508285522461,5.713756561279297
425,ppo_gmm,gaussian,physical,2,False,0.0,2.6545329093933105,3.430384397506714,3.3449137210845947,5.702354431152344
425,ppo_gmm,gaussian,physical,3,True,1.0,7.00276517868042,2.961524486541748,2.886190414428711,5.188590049743652
425,ppo_gmm,gaussian,physical,4,False,0.0,8.372243881225586,3.426696300506592,11.97101879119873,5.743864059448242
425,ppo_gmm,gaussian,physical,5,False,0.0,10.16545295715332,3.351379871368408,4.04550313949585,5.445047855377197
425,ppo_gmm,gaussian,physical,6,False,0.0,6.206274032592773,3.387011766433716,10.503533363342285,5.752316474914551
425,ppo_gmm,gaussian,physical,7,False,0.0,6.372358322143555,3.3859872817993164,13.262166023254395,5.752758979797363
426,ppo_gmm,gaussian,physical,0,False,0.0,5.616762161254883,3.3262295722961426,5.083303451538086,5.683696269989014
426,ppo_gmm,gaussian,physical,1,False,0.0,10.037870407104492,3.3675131797790527,7.474508285522461,5.713756561279297
426,ppo_gmm,gaussian,physical,2,False,0.0,2.6545329093933105,3.430384397506714,3.3449137210845947,5.702354431152344
426,ppo_gmm,gaussian,physical,3,True,1.0,7.002920150756836,2.961172342300415,2.8860504627227783,5.187994956970215
426,ppo_gmm,gaussian,physical,4,False,0.0,8.372243881225586,3.426696300506592,11.97101879119873,5.743864059448242
426,ppo_gmm,gaussian,physical,5,False,0.0,10.16545295715332,3.351379871368408,4.04550313949585,5.445047855377197
426,ppo_gmm,gaussian,physical,6,False,0.0,6.206274032592773,3.387011766433716,10.503533363342285,5.752316474914551
426,ppo_gmm,gaussian,physical,7,False,0.0,6.372358322143555,3.3859872817993164,13.262166023254395,5.752758979797363
427,ppo_gmm,gaussian,physical,0,False,0.0,5.616762161254883,3.3262295722961426,5.083303451538086,5.683696269989014
427,ppo_gmm,gaussian,physical,1,False,0.0,10.037870407104492,3.3675131797790527,7.474508285522461,5.713756561279297
427,ppo_gmm,gaussian,physical,2,False,0.0,2.6545329093933105,3.430384397506714,3.3449137210845947,5.702354431152344
427,ppo_gmm,gaussian,physical,3,True,1.0,7.003067970275879,2.96083664894104,2.8859195709228516,5.187366008758545
427,ppo_gmm,gaussian,physical,4,False,0.0,8.372243881225586,3.426696300506592,11.97101879119873,5.743864059448242
427,ppo_gmm,gaussian,physical,5,False,0.0,10.16545295715332,3.351379871368408,4.04550313949585,5.445047855377197
427,ppo_gmm,gaussian,physical,6,False,0.0,6.206274032592773,3.387011766433716,10.503533363342285,5.752316474914551
427,ppo_gmm,gaussian,physical,7,False,0.0,6.372358322143555,3.3859872817993164,13.262166023254395,5.752758979797363
428,ppo_gmm,gaussian,physical,0,False,0.0,5.616762161254883,3.3262295722961426,5.083303451538086,5.683696269989014
428,ppo_gmm,gaussian,physical,1,False,0.0,10.037870407104492,3.3675131797790527,7.474508285522461,5.713756561279297
428,ppo_gmm,gaussian,physical,2,False,0.0,2.6545329093933105,3.430384397506714,3.3449137210845947,5.702354431152344
428,ppo_gmm,gaussian,physical,3,True,1.0,7.003198146820068,2.9604876041412354,2.885789155960083,5.186733245849609
428,ppo_gmm,gaussian,physical,4,False,0.0,8.372243881225586,3.426696300506592,11.97101879119873,5.743864059448242
428,ppo_gmm,gaussian,physical,5,False,0.0,10.16545295715332,3.351379871368408,4.04550313949585,5.445047855377197
428,ppo_gmm,gaussian,physical,6,False,0.0,6.206274032592773,3.387011766433716,10.503533363342285,5.752316474914551
428,ppo_gmm,gaussian,physical,7,False,0.0,6.372358322143555,3.3859872817993164,13.262166023254395,5.752758979797363
429,ppo_gmm,gaussian,physical,0,False,0.0,5.616762161254883,3.3262295722961426,5.083303451538086,5.683696269989014
429,ppo_gmm,gaussian,physical,1,False,0.0,10.037870407104492,3.3675131797790527,7.474508285522461,5.713756561279297
429,ppo_gmm,gaussian,physical,2,False,0.0,2.6545329093933105,3.430384397506714,3.3449137210845947,5.702354431152344
429,ppo_gmm,gaussian,physical,3,True,1.0,7.003330707550049,2.960141658782959,2.885655403137207,5.18609619140625
429,ppo_gmm,gaussian,physical,4,False,0.0,8.372243881225586,3.426696300506592,11.97101879119873,5.743864059448242
429,ppo_gmm,gaussian,physical,5,False,0.0,10.16545295715332,3.351379871368408,4.04550313949585,5.445047855377197
429,ppo_gmm,gaussian,physical,6,False,0.0,6.206274032592773,3.387011766433716,10.503533363342285,5.752316474914551
429,ppo_gmm,gaussian,physical,7,False,0.0,6.372358322143555,3.3859872817993164,13.262166023254395,5.752758979797363
430,ppo_gmm,gaussian,physical,0,False,0.0,5.616762161254883,3.3262295722961426,5.083303451538086,5.683696269989014
430,ppo_gmm,gaussian,physical,1,False,0.0,10.037870407104492,3.3675131797790527,7.474508285522461,5.713756561279297
430,ppo_gmm,gaussian,physical,2,False,0.0,2.6545329093933105,3.430384397506714,3.3449137210845947,5.702354431152344
430,ppo_gmm,gaussian,physical,3,True,1.0,7.003458023071289,2.959782123565674,2.8855366706848145,5.185471534729004
430,ppo_gmm,gaussian,physical,4,False,0.0,8.372243881225586,3.426696300506592,11.97101879119873,5.743864059448242
430,ppo_gmm,gaussian,physical,5,False,0.0,10.16545295715332,3.351379871368408,4.04550313949585,5.445047855377197
430,ppo_gmm,gaussian,physical,6,False,0.0,6.206274032592773,3.387011766433716,10.503533363342285,5.752316474914551
430,ppo_gmm,gaussian,physical,7,False,0.0,6.372358322143555,3.3859872817993164,13.262166023254395,5.752758979797363
431,ppo_gmm,gaussian,physical,0,False,0.0,5.616762161254883,3.3262295722961426,5.083303451538086,5.683696269989014
431,ppo_gmm,gaussian,physical,1,False,0.0,10.037870407104492,3.3675131797790527,7.474508285522461,5.713756561279297
431,ppo_gmm,gaussian,physical,2,False,0.0,2.6545329093933105,3.430384397506714,3.3449137210845947,5.702354431152344
431,ppo_gmm,gaussian,physical,3,True,1.0,7.003578186035156,2.9594221115112305,2.885425090789795,5.1848225593566895
431,ppo_gmm,gaussian,physical,4,False,0.0,8.372243881225586,3.426696300506592,11.97101879119873,5.743864059448242
431,ppo_gmm,gaussian,physical,5,False,0.0,10.16545295715332,3.351379871368408,4.04550313949585,5.445047855377197
431,ppo_gmm,gaussian,physical,6,False,0.0,6.206274032592773,3.387011766433716,10.503533363342285,5.752316474914551
431,ppo_gmm,gaussian,physical,7,False,0.0,6.372358322143555,3.3859872817993164,13.262166023254395,5.752758979797363
432,ppo_gmm,gaussian,physical,0,False,0.0,5.616762161254883,3.3262295722961426,5.083303451538086,5.683696269989014
432,ppo_gmm,gaussian,physical,1,False,0.0,10.037870407104492,3.3675131797790527,7.474508285522461,5.713756561279297
432,ppo_gmm,gaussian,physical,2,False,0.0,2.6545329093933105,3.430384397506714,3.3449137210845947,5.702354431152344
432,ppo_gmm,gaussian,physical,3,True,1.0,7.003693580627441,2.9590723514556885,2.885319709777832,5.18413782119751
432,ppo_gmm,gaussian,physical,4,False,0.0,8.372243881225586,3.426696300506592,11.97101879119873,5.743864059448242
432,ppo_gmm,gaussian,physical,5,False,0.0,10.16545295715332,3.351379871368408,4.04550313949585,5.445047855377197
432,ppo_gmm,gaussian,physical,6,False,0.0,6.206274032592773,3.387011766433716,10.503533363342285,5.752316474914551
432,ppo_gmm,gaussian,physical,7,False,0.0,6.372358322143555,3.3859872817993164,13.262166023254395,5.752758979797363
433,ppo_gmm,gaussian,physical,0,False,0.0,5.616762161254883,3.3262295722961426,5.083303451538086,5.683696269989014
433,ppo_gmm,gaussian,physical,1,False,0.0,10.037870407104492,3.3675131797790527,7.474508285522461,5.713756561279297
433,ppo_gmm,gaussian,physical,2,False,0.0,2.6545329093933105,3.430384397506714,3.3449137210845947,5.702354431152344
433,ppo_gmm,gaussian,physical,3,True,1.0,7.003810882568359,2.9587135314941406,2.8852193355560303,5.183465957641602
433,ppo_gmm,gaussian,physical,4,False,0.0,8.372243881225586,3.426696300506592,11.97101879119873,5.743864059448242
433,ppo_gmm,gaussian,physical,5,False,0.0,10.16545295715332,3.351379871368408,4.04550313949585,5.445047855377197
433,ppo_gmm,gaussian,physical,6,False,0.0,6.206274032592773,3.387011766433716,10.503533363342285,5.752316474914551
433,ppo_gmm,gaussian,physical,7,False,0.0,6.372358322143555,3.3859872817993164,13.262166023254395,5.752758979797363
434,ppo_gmm,gaussian,physical,0,False,0.0,5.616762161254883,3.3262295722961426,5.083303451538086,5.683696269989014
434,ppo_gmm,gaussian,physical,1,False,0.0,10.037870407104492,3.3675131797790527,7.474508285522461,5.713756561279297
434,ppo_gmm,gaussian,physical,2,False,0.0,2.6545329093933105,3.430384397506714,3.3449137210845947,5.702354431152344
434,ppo_gmm,gaussian,physical,3,True,1.0,7.003920078277588,2.958359718322754,2.885124921798706,5.182774066925049
434,ppo_gmm,gaussian,physical,4,False,0.0,8.372243881225586,3.426696300506592,11.97101879119873,5.743864059448242
434,ppo_gmm,gaussian,physical,5,False,0.0,10.16545295715332,3.351379871368408,4.04550313949585,5.445047855377197
434,ppo_gmm,gaussian,physical,6,False,0.0,6.206274032592773,3.387011766433716,10.503533363342285,5.752316474914551
434,ppo_gmm,gaussian,physical,7,False,0.0,6.372358322143555,3.3859872817993164,13.262166023254395,5.752758979797363
435,ppo_gmm,gaussian,physical,0,False,0.0,5.616762161254883,3.3262295722961426,5.083303451538086,5.683696269989014
435,ppo_gmm,gaussian,physical,1,False,0.0,10.037870407104492,3.3675131797790527,7.474508285522461,5.713756561279297
435,ppo_gmm,gaussian,physical,2,False,0.0,2.6545329093933105,3.430384397506714,3.3449137210845947,5.702354431152344
435,ppo_gmm,gaussian,physical,3,True,1.0,7.004031658172607,2.9580297470092773,2.8850257396698,5.182046413421631
435,ppo_gmm,gaussian,physical,4,False,0.0,8.372243881225586,3.426696300506592,11.97101879119873,5.743864059448242
435,ppo_gmm,gaussian,physical,5,False,0.0,10.16545295715332,3.351379871368408,4.04550313949585,5.445047855377197
435,ppo_gmm,gaussian,physical,6,False,0.0,6.206274032592773,3.387011766433716,10.503533363342285,5.752316474914551
435,ppo_gmm,gaussian,physical,7,False,0.0,6.372358322143555,3.3859872817993164,13.262166023254395,5.752758979797363
436,ppo_gmm,gaussian,physical,0,False,0.0,5.616762161254883,3.3262295722961426,5.083303451538086,5.683696269989014
436,ppo_gmm,gaussian,physical,1,False,0.0,10.037870407104492,3.3675131797790527,7.474508285522461,5.713756561279297
436,ppo_gmm,gaussian,physical,2,False,0.0,2.6545329093933105,3.430384397506714,3.3449137210845947,5.702354431152344
436,ppo_gmm,gaussian,physical,3,True,1.0,7.0041279792785645,2.957716941833496,2.8849313259124756,5.1812896728515625
436,ppo_gmm,gaussian,physical,4,False,0.0,8.372243881225586,3.426696300506592,11.97101879119873,5.743864059448242
436,ppo_gmm,gaussian,physical,5,False,0.0,10.16545295715332,3.351379871368408,4.04550313949585,5.445047855377197
436,ppo_gmm,gaussian,physical,6,False,0.0,6.206274032592773,3.387011766433716,10.503533363342285,5.752316474914551
436,ppo_gmm,gaussian,physical,7,False,0.0,6.372358322143555,3.3859872817993164,13.262166023254395,5.752758979797363
437,ppo_gmm,gaussian,physical,0,False,0.0,5.616762161254883,3.3262295722961426,5.083303451538086,5.683696269989014
437,ppo_gmm,gaussian,physical,1,False,0.0,10.037870407104492,3.3675131797790527,7.474508285522461,5.713756561279297
437,ppo_gmm,gaussian,physical,2,False,0.0,2.6545329093933105,3.430384397506714,3.3449137210845947,5.702354431152344
437,ppo_gmm,gaussian,physical,3,True,1.0,7.004208564758301,2.957411050796509,2.8848378658294678,5.1806230545043945
437,ppo_gmm,gaussian,physical,4,False,0.0,8.372243881225586,3.426696300506592,11.97101879119873,5.743864059448242
437,ppo_gmm,gaussian,physical,5,False,0.0,10.16545295715332,3.351379871368408,4.04550313949585,5.445047855377197
437,ppo_gmm,gaussian,physical,6,False,0.0,6.206274032592773,3.387011766433716,10.503533363342285,5.752316474914551
437,ppo_gmm,gaussian,physical,7,False,0.0,6.372358322143555,3.3859872817993164,13.262166023254395,5.752758979797363
438,ppo_gmm,gaussian,physical,0,False,0.0,5.616762161254883,3.3262295722961426,5.083303451538086,5.683696269989014
438,ppo_gmm,gaussian,physical,1,False,0.0,10.037870407104492,3.3675131797790527,7.474508285522461,5.713756561279297
438,ppo_gmm,gaussian,physical,2,False,0.0,2.6545329093933105,3.430384397506714,3.3449137210845947,5.702354431152344
438,ppo_gmm,gaussian,physical,3,True,1.0,7.00429105758667,2.9570958614349365,2.884744882583618,5.179969787597656
438,ppo_gmm,gaussian,physical,4,False,0.0,8.372243881225586,3.426696300506592,11.97101879119873,5.743864059448242
438,ppo_gmm,gaussian,physical,5,False,0.0,10.16545295715332,3.351379871368408,4.04550313949585,5.445047855377197
438,ppo_gmm,gaussian,physical,6,False,0.0,6.206274032592773,3.387011766433716,10.503533363342285,5.752316474914551
438,ppo_gmm,gaussian,physical,7,False,0.0,6.372358322143555,3.3859872817993164,13.262166023254395,5.752758979797363
439,ppo_gmm,gaussian,physical,0,False,0.0,5.616762161254883,3.3262295722961426,5.083303451538086,5.683696269989014
439,ppo_gmm,gaussian,physical,1,False,0.0,10.037870407104492,3.3675131797790527,7.474508285522461,5.713756561279297
439,ppo_gmm,gaussian,physical,2,False,0.0,2.6545329093933105,3.430384397506714,3.3449137210845947,5.702354431152344
439,ppo_gmm,gaussian,physical,3,True,1.0,7.004373550415039,2.9568042755126953,2.8846492767333984,5.179282188415527
439,ppo_gmm,gaussian,physical,4,False,0.0,8.372243881225586,3.426696300506592,11.97101879119873,5.743864059448242
439,ppo_gmm,gaussian,physical,5,False,0.0,10.16545295715332,3.351379871368408,4.04550313949585,5.445047855377197
439,ppo_gmm,gaussian,physical,6,False,0.0,6.206274032592773,3.387011766433716,10.503533363342285,5.752316474914551
439,ppo_gmm,gaussian,physical,7,False,0.0,6.372358322143555,3.3859872817993164,13.262166023254395,5.752758979797363
440,ppo_gmm,gaussian,physical,0,False,0.0,5.616762161254883,3.3262295722961426,5.083303451538086,5.683696269989014
440,ppo_gmm,gaussian,physical,1,False,0.0,10.037870407104492,3.3675131797790527,7.474508285522461,5.713756561279297
440,ppo_gmm,gaussian,physical,2,False,0.0,2.6545329093933105,3.430384397506714,3.3449137210845947,5.702354431152344
440,ppo_gmm,gaussian,physical,3,True,1.0,7.00446081161499,2.9565205574035645,2.8845551013946533,5.178577423095703
440,ppo_gmm,gaussian,physical,4,False,0.0,8.372243881225586,3.426696300506592,11.97101879119873,5.743864059448242
440,ppo_gmm,gaussian,physical,5,False,0.0,10.16545295715332,3.351379871368408,4.04550313949585,5.445047855377197
440,ppo_gmm,gaussian,physical,6,False,0.0,6.206274032592773,3.387011766433716,10.503533363342285,5.752316474914551
440,ppo_gmm,gaussian,physical,7,False,0.0,6.372358322143555,3.3859872817993164,13.262166023254395,5.752758979797363
441,ppo_gmm,gaussian,physical,0,False,0.0,5.616762161254883,3.3262295722961426,5.083303451538086,5.683696269989014
441,ppo_gmm,gaussian,physical,1,False,0.0,10.037870407104492,3.3675131797790527,7.474508285522461,5.713756561279297
441,ppo_gmm,gaussian,physical,2,False,0.0,2.6545329093933105,3.430384397506714,3.3449137210845947,5.702354431152344
441,ppo_gmm,gaussian,physical,3,True,1.0,7.004541397094727,2.956235408782959,2.88446307182312,5.177956581115723
441,ppo_gmm,gaussian,physical,4,False,0.0,8.372243881225586,3.426696300506592,11.97101879119873,5.743864059448242
441,ppo_gmm,gaussian,physical,5,False,0.0,10.16545295715332,3.351379871368408,4.04550313949585,5.445047855377197
441,ppo_gmm,gaussian,physical,6,False,0.0,6.206274032592773,3.387011766433716,10.503533363342285,5.752316474914551
441,ppo_gmm,gaussian,physical,7,False,0.0,6.372358322143555,3.3859872817993164,13.262166023254395,5.752758979797363
442,ppo_gmm,gaussian,physical,0,False,0.0,5.616762161254883,3.3262295722961426,5.083303451538086,5.683696269989014
442,ppo_gmm,gaussian,physical,1,False,0.0,10.037870407104492,3.3675131797790527,7.474508285522461,5.713756561279297
442,ppo_gmm,gaussian,physical,2,False,0.0,2.6545329093933105,3.430384397506714,3.3449137210845947,5.702354431152344
442,ppo_gmm,gaussian,physical,3,True,1.0,7.004608631134033,2.9559507369995117,2.884371519088745,5.177325248718262
442,ppo_gmm,gaussian,physical,4,False,0.0,8.372243881225586,3.426696300506592,11.97101879119873,5.743864059448242
442,ppo_gmm,gaussian,physical,5,False,0.0,10.16545295715332,3.351379871368408,4.04550313949585,5.445047855377197
442,ppo_gmm,gaussian,physical,6,False,0.0,6.206274032592773,3.387011766433716,10.503533363342285,5.752316474914551
442,ppo_gmm,gaussian,physical,7,False,0.0,6.372358322143555,3.3859872817993164,13.262166023254395,5.752758979797363
443,ppo_gmm,gaussian,physical,0,False,0.0,5.616762161254883,3.3262295722961426,5.083303451538086,5.683696269989014
443,ppo_gmm,gaussian,physical,1,False,0.0,10.037870407104492,3.3675131797790527,7.474508285522461,5.713756561279297
443,ppo_gmm,gaussian,physical,2,False,0.0,2.6545329093933105,3.430384397506714,3.3449137210845947,5.702354431152344
443,ppo_gmm,gaussian,physical,3,True,1.0,7.004673004150391,2.9556713104248047,2.8842813968658447,5.1767802238464355
443,ppo_gmm,gaussian,physical,4,False,0.0,8.372243881225586,3.426696300506592,11.97101879119873,5.743864059448242
443,ppo_gmm,gaussian,physical,5,False,0.0,10.16545295715332,3.351379871368408,4.04550313949585,5.445047855377197
443,ppo_gmm,gaussian,physical,6,False,0.0,6.206274032592773,3.387011766433716,10.503533363342285,5.752316474914551
443,ppo_gmm,gaussian,physical,7,False,0.0,6.372358322143555,3.3859872817993164,13.262166023254395,5.752758979797363
444,ppo_gmm,gaussian,physical,0,False,0.0,5.616762161254883,3.3262295722961426,5.083303451538086,5.683696269989014
444,ppo_gmm,gaussian,physical,1,False,0.0,10.037870407104492,3.3675131797790527,7.474508285522461,5.713756561279297
444,ppo_gmm,gaussian,physical,2,False,0.0,2.6545329093933105,3.430384397506714,3.3449137210845947,5.702354431152344
444,ppo_gmm,gaussian,physical,3,True,1.0,7.0047454833984375,2.955427885055542,2.8841922283172607,5.176196575164795
444,ppo_gmm,gaussian,physical,4,False,0.0,8.372243881225586,3.426696300506592,11.97101879119873,5.743864059448242
444,ppo_gmm,gaussian,physical,5,False,0.0,10.16545295715332,3.351379871368408,4.04550313949585,5.445047855377197
444,ppo_gmm,gaussian,physical,6,False,0.0,6.206274032592773,3.387011766433716,10.503533363342285,5.752316474914551
444,ppo_gmm,gaussian,physical,7,False,0.0,6.372358322143555,3.3859872817993164,13.262166023254395,5.752758979797363
445,ppo_gmm,gaussian,physical,0,False,0.0,5.616762161254883,3.3262295722961426,5.083303451538086,5.683696269989014
445,ppo_gmm,gaussian,physical,1,False,0.0,10.037870407104492,3.3675131797790527,7.474508285522461,5.713756561279297
445,ppo_gmm,gaussian,physical,2,False,0.0,2.6545329093933105,3.430384397506714,3.3449137210845947,5.702354431152344
445,ppo_gmm,gaussian,physical,3,True,1.0,7.004820346832275,2.955167293548584,2.8841116428375244,5.175662040710449
445,ppo_gmm,gaussian,physical,4,False,0.0,8.372243881225586,3.426696300506592,11.97101879119873,5.743864059448242
445,ppo_gmm,gaussian,physical,5,False,0.0,10.16545295715332,3.351379871368408,4.04550313949585,5.445047855377197
445,ppo_gmm,gaussian,physical,6,False,0.0,6.206274032592773,3.387011766433716,10.503533363342285,5.752316474914551
445,ppo_gmm,gaussian,physical,7,False,0.0,6.372358322143555,3.3859872817993164,13.262166023254395,5.752758979797363
446,ppo_gmm,gaussian,physical,0,False,0.0,5.616762161254883,3.3262295722961426,5.083303451538086,5.683696269989014
446,ppo_gmm,gaussian,physical,1,False,0.0,10.037870407104492,3.3675131797790527,7.474508285522461,5.713756561279297
446,ppo_gmm,gaussian,physical,2,False,0.0,2.6545329093933105,3.430384397506714,3.3449137210845947,5.702354431152344
446,ppo_gmm,gaussian,physical,3,True,1.0,7.0048933029174805,2.9548940658569336,2.884037733078003,5.17515230178833
446,ppo_gmm,gaussian,physical,4,False,0.0,8.372243881225586,3.426696300506592,11.97101879119873,5.743864059448242
446,ppo_gmm,gaussian,physical,5,False,0.0,10.16545295715332,3.351379871368408,4.04550313949585,5.445047855377197
446,ppo_gmm,gaussian,physical,6,False,0.0,6.206274032592773,3.387011766433716,10.503533363342285,5.752316474914551
446,ppo_gmm,gaussian,physical,7,False,0.0,6.372358322143555,3.3859872817993164,13.262166023254395,5.752758979797363
447,ppo_gmm,gaussian,physical,0,False,0.0,5.616762161254883,3.3262295722961426,5.083303451538086,5.683696269989014
447,ppo_gmm,gaussian,physical,1,False,0.0,10.037870407104492,3.3675131797790527,7.474508285522461,5.713756561279297
447,ppo_gmm,gaussian,physical,2,False,0.0,2.6545329093933105,3.430384397506714,3.3449137210845947,5.702354431152344
447,ppo_gmm,gaussian,physical,3,True,1.0,7.004953861236572,2.9546427726745605,2.8839709758758545,5.174715042114258
447,ppo_gmm,gaussian,physical,4,False,0.0,8.372243881225586,3.426696300506592,11.97101879119873,5.743864059448242
447,ppo_gmm,gaussian,physical,5,False,0.0,10.16545295715332,3.351379871368408,4.04550313949585,5.445047855377197
447,ppo_gmm,gaussian,physical,6,False,0.0,6.206274032592773,3.387011766433716,10.503533363342285,5.752316474914551
447,ppo_gmm,gaussian,physical,7,False,0.0,6.372358322143555,3.3859872817993164,13.262166023254395,5.752758979797363
448,ppo_gmm,gaussian,physical,0,False,0.0,5.616762161254883,3.3262295722961426,5.083303451538086,5.683696269989014
448,ppo_gmm,gaussian,physical,1,False,0.0,10.037870407104492,3.3675131797790527,7.474508285522461,5.713756561279297
448,ppo_gmm,gaussian,physical,2,False,0.0,2.6545329093933105,3.430384397506714,3.3449137210845947,5.702354431152344
448,ppo_gmm,gaussian,physical,3,True,1.0,7.005009651184082,2.9543979167938232,2.8839051723480225,5.174244403839111
448,ppo_gmm,gaussian,physical,4,False,0.0,8.372243881225586,3.426696300506592,11.97101879119873,5.743864059448242
448,ppo_gmm,gaussian,physical,5,False,0.0,10.16545295715332,3.351379871368408,4.04550313949585,5.445047855377197
448,ppo_gmm,gaussian,physical,6,False,0.0,6.206274032592773,3.387011766433716,10.503533363342285,5.752316474914551
448,ppo_gmm,gaussian,physical,7,False,0.0,6.372358322143555,3.3859872817993164,13.262166023254395,5.752758979797363
449,ppo_gmm,gaussian,physical,0,False,0.0,5.616762161254883,3.3262295722961426,5.083303451538086,5.683696269989014
449,ppo_gmm,gaussian,physical,1,False,0.0,10.037870407104492,3.3675131797790527,7.474508285522461,5.713756561279297
449,ppo_gmm,gaussian,physical,2,False,0.0,2.6545329093933105,3.430384397506714,3.3449137210845947,5.702354431152344
449,ppo_gmm,gaussian,physical,3,True,1.0,7.005068778991699,2.9541401863098145,2.8838486671447754,5.173805236816406
449,ppo_gmm,gaussian,physical,4,False,0.0,8.372243881225586,3.426696300506592,11.97101879119873,5.743864059448242
449,ppo_gmm,gaussian,physical,5,False,0.0,10.16545295715332,3.351379871368408,4.04550313949585,5.445047855377197
449,ppo_gmm,gaussian,physical,6,False,0.0,6.206274032592773,3.387011766433716,10.503533363342285,5.752316474914551
449,ppo_gmm,gaussian,physical,7,False,0.0,6.372358322143555,3.3859872817993164,13.262166023254395,5.752758979797363
450,ppo_gmm,gaussian,physical,0,False,0.0,5.616762161254883,3.3262295722961426,5.083303451538086,5.683696269989014
450,ppo_gmm,gaussian,physical,1,False,0.0,10.037870407104492,3.3675131797790527,7.474508285522461,5.713756561279297
450,ppo_gmm,gaussian,physical,2,False,0.0,2.6545329093933105,3.430384397506714,3.3449137210845947,5.702354431152344
450,ppo_gmm,gaussian,physical,3,True,1.0,7.005121231079102,2.9539060592651367,2.8837904930114746,5.173325538635254
450,ppo_gmm,gaussian,physical,4,False,0.0,8.372243881225586,3.426696300506592,11.97101879119873,5.743864059448242
450,ppo_gmm,gaussian,physical,5,False,0.0,10.16545295715332,3.351379871368408,4.04550313949585,5.445047855377197
450,ppo_gmm,gaussian,physical,6,False,0.0,6.206274032592773,3.387011766433716,10.503533363342285,5.752316474914551
450,ppo_gmm,gaussian,physical,7,False,0.0,6.372358322143555,3.3859872817993164,13.262166023254395,5.752758979797363
451,ppo_gmm,gaussian,physical,0,False,0.0,5.616762161254883,3.3262295722961426,5.083303451538086,5.683696269989014
451,ppo_gmm,gaussian,physical,1,False,0.0,10.037870407104492,3.3675131797790527,7.474508285522461,5.713756561279297
451,ppo_gmm,gaussian,physical,2,False,0.0,2.6545329093933105,3.430384397506714,3.3449137210845947,5.702354431152344
451,ppo_gmm,gaussian,physical,3,True,1.0,7.005121231079102,2.9539060592651367,2.8837904930114746,5.173325538635254
451,ppo_gmm,gaussian,physical,4,False,0.0,8.372243881225586,3.426696300506592,11.97101879119873,5.743864059448242
451,ppo_gmm,gaussian,physical,5,False,0.0,10.16545295715332,3.351379871368408,4.04550313949585,5.445047855377197
451,ppo_gmm,gaussian,physical,6,False,0.0,6.206274032592773,3.387011766433716,10.503533363342285,5.752316474914551
451,ppo_gmm,gaussian,physical,7,False,0.0,6.372358322143555,3.3859872817993164,13.262166023254395,5.752758979797363
452,ppo_gmm,gaussian,physical,0,False,0.0,5.616762161254883,3.3262295722961426,5.083303451538086,5.683696269989014
452,ppo_gmm,gaussian,physical,1,False,0.0,10.037870407104492,3.3675131797790527,7.474508285522461,5.713756561279297
452,ppo_gmm,gaussian,physical,2,False,0.0,2.6545329093933105,3.430384397506714,3.3449137210845947,5.702354431152344
452,ppo_gmm,gaussian,physical,3,True,1.0,7.005121231079102,2.9539060592651367,2.8837904930114746,5.173325538635254
452,ppo_gmm,gaussian,physical,4,False,0.0,8.372243881225586,3.426696300506592,11.97101879119873,5.743864059448242
452,ppo_gmm,gaussian,physical,5,False,0.0,10.16545295715332,3.351379871368408,4.04550313949585,5.445047855377197
452,ppo_gmm,gaussian,physical,6,False,0.0,6.206274032592773,3.387011766433716,10.503533363342285,5.752316474914551
452,ppo_gmm,gaussian,physical,7,False,0.0,6.372358322143555,3.3859872817993164,13.262166023254395,5.752758979797363
453,ppo_gmm,gaussian,physical,0,False,0.0,5.616762161254883,3.3262295722961426,5.083303451538086,5.683696269989014
453,ppo_gmm,gaussian,physical,1,False,0.0,10.037870407104492,3.3675131797790527,7.474508285522461,5.713756561279297
453,ppo_gmm,gaussian,physical,2,False,0.0,2.6545329093933105,3.430384397506714,3.3449137210845947,5.702354431152344
453,ppo_gmm,gaussian,physical,3,True,1.0,7.005121231079102,2.9539060592651367,2.8837904930114746,5.173325538635254
453,ppo_gmm,gaussian,physical,4,False,0.0,8.372243881225586,3.426696300506592,11.97101879119873,5.743864059448242
453,ppo_gmm,gaussian,physical,5,False,0.0,10.16545295715332,3.351379871368408,4.04550313949585,5.445047855377197
453,ppo_gmm,gaussian,physical,6,False,0.0,6.206274032592773,3.387011766433716,10.503533363342285,5.752316474914551
453,ppo_gmm,gaussian,physical,7,False,0.0,6.372358322143555,3.3859872817993164,13.262166023254395,5.752758979797363
454,ppo_gmm,gaussian,physical,0,False,0.0,5.616762161254883,3.3262295722961426,5.083303451538086,5.683696269989014
454,ppo_gmm,gaussian,physical,1,False,0.0,10.037870407104492,3.3675131797790527,7.474508285522461,5.713756561279297
454,ppo_gmm,gaussian,physical,2,False,0.0,2.6545329093933105,3.430384397506714,3.3449137210845947,5.702354431152344
454,ppo_gmm,gaussian,physical,3,True,1.0,7.005121231079102,2.9539060592651367,2.8837904930114746,5.173325538635254
454,ppo_gmm,gaussian,physical,4,False,0.0,8.372243881225586,3.426696300506592,11.97101879119873,5.743864059448242
454,ppo_gmm,gaussian,physical,5,False,0.0,10.16545295715332,3.351379871368408,4.04550313949585,5.445047855377197
454,ppo_gmm,gaussian,physical,6,False,0.0,6.206274032592773,3.387011766433716,10.503533363342285,5.752316474914551
454,ppo_gmm,gaussian,physical,7,False,0.0,6.372358322143555,3.3859872817993164,13.262166023254395,5.752758979797363
455,ppo_gmm,gaussian,physical,0,False,0.0,5.616762161254883,3.3262295722961426,5.083303451538086,5.683696269989014
455,ppo_gmm,gaussian,physical,1,False,0.0,10.037870407104492,3.3675131797790527,7.474508285522461,5.713756561279297
455,ppo_gmm,gaussian,physical,2,False,0.0,2.6545329093933105,3.430384397506714,3.3449137210845947,5.702354431152344
455,ppo_gmm,gaussian,physical,3,True,1.0,7.005121231079102,2.9539060592651367,2.8837904930114746,5.173325538635254
455,ppo_gmm,gaussian,physical,4,False,0.0,8.372243881225586,3.426696300506592,11.97101879119873,5.743864059448242
455,ppo_gmm,gaussian,physical,5,False,0.0,10.16545295715332,3.351379871368408,4.04550313949585,5.445047855377197
455,ppo_gmm,gaussian,physical,6,False,0.0,6.206274032592773,3.387011766433716,10.503533363342285,5.752316474914551
455,ppo_gmm,gaussian,physical,7,False,0.0,6.372358322143555,3.3859872817993164,13.262166023254395,5.752758979797363
456,ppo_gmm,gaussian,physical,0,False,0.0,5.616762161254883,3.3262295722961426,5.083303451538086,5.683696269989014
456,ppo_gmm,gaussian,physical,1,False,0.0,10.037870407104492,3.3675131797790527,7.474508285522461,5.713756561279297
456,ppo_gmm,gaussian,physical,2,False,0.0,2.6545329093933105,3.430384397506714,3.3449137210845947,5.702354431152344
456,ppo_gmm,gaussian,physical,3,True,1.0,7.005121231079102,2.9539060592651367,2.8837904930114746,5.173325538635254
456,ppo_gmm,gaussian,physical,4,False,0.0,8.372243881225586,3.426696300506592,11.97101879119873,5.743864059448242
456,ppo_gmm,gaussian,physical,5,False,0.0,10.16545295715332,3.351379871368408,4.04550313949585,5.445047855377197
456,ppo_gmm,gaussian,physical,6,False,0.0,6.206274032592773,3.387011766433716,10.503533363342285,5.752316474914551
456,ppo_gmm,gaussian,physical,7,False,0.0,6.372358322143555,3.3859872817993164,13.262166023254395,5.752758979797363
457,ppo_gmm,gaussian,physical,0,False,0.0,5.616762161254883,3.3262295722961426,5.083303451538086,5.683696269989014
457,ppo_gmm,gaussian,physical,1,False,0.0,10.037870407104492,3.3675131797790527,7.474508285522461,5.713756561279297
457,ppo_gmm,gaussian,physical,2,False,0.0,2.6545329093933105,3.430384397506714,3.3449137210845947,5.702354431152344
457,ppo_gmm,gaussian,physical,3,True,1.0,7.005121231079102,2.9539060592651367,2.8837904930114746,5.173325538635254
457,ppo_gmm,gaussian,physical,4,False,0.0,8.372243881225586,3.426696300506592,11.97101879119873,5.743864059448242
457,ppo_gmm,gaussian,physical,5,False,0.0,10.16545295715332,3.351379871368408,4.04550313949585,5.445047855377197
457,ppo_gmm,gaussian,physical,6,False,0.0,6.206274032592773,3.387011766433716,10.503533363342285,5.752316474914551
457,ppo_gmm,gaussian,physical,7,False,0.0,6.372358322143555,3.3859872817993164,13.262166023254395,5.752758979797363
458,ppo_gmm,gaussian,physical,0,False,0.0,5.616762161254883,3.3262295722961426,5.083303451538086,5.683696269989014
458,ppo_gmm,gaussian,physical,1,False,0.0,10.037870407104492,3.3675131797790527,7.474508285522461,5.713756561279297
458,ppo_gmm,gaussian,physical,2,False,0.0,2.6545329093933105,3.430384397506714,3.3449137210845947,5.702354431152344
458,ppo_gmm,gaussian,physical,3,True,1.0,7.005121231079102,2.9539060592651367,2.8837904930114746,5.173325538635254
458,ppo_gmm,gaussian,physical,4,False,0.0,8.372243881225586,3.426696300506592,11.97101879119873,5.743864059448242
458,ppo_gmm,gaussian,physical,5,False,0.0,10.16545295715332,3.351379871368408,4.04550313949585,5.445047855377197
458,ppo_gmm,gaussian,physical,6,False,0.0,6.206274032592773,3.387011766433716,10.503533363342285,5.752316474914551
458,ppo_gmm,gaussian,physical,7,False,0.0,6.372358322143555,3.3859872817993164,13.262166023254395,5.752758979797363
459,ppo_gmm,gaussian,physical,0,False,0.0,5.616762161254883,3.3262295722961426,5.083303451538086,5.683696269989014
459,ppo_gmm,gaussian,physical,1,False,0.0,10.037870407104492,3.3675131797790527,7.474508285522461,5.713756561279297
459,ppo_gmm,gaussian,physical,2,False,0.0,2.6545329093933105,3.430384397506714,3.3449137210845947,5.702354431152344
459,ppo_gmm,gaussian,physical,3,True,1.0,7.005121231079102,2.9539060592651367,2.8837904930114746,5.173325538635254
459,ppo_gmm,gaussian,physical,4,False,0.0,8.372243881225586,3.426696300506592,11.97101879119873,5.743864059448242
459,ppo_gmm,gaussian,physical,5,False,0.0,10.16545295715332,3.351379871368408,4.04550313949585,5.445047855377197
459,ppo_gmm,gaussian,physical,6,False,0.0,6.206274032592773,3.387011766433716,10.503533363342285,5.752316474914551
459,ppo_gmm,gaussian,physical,7,False,0.0,6.372358322143555,3.3859872817993164,13.262166023254395,5.752758979797363
460,ppo_gmm,gaussian,physical,0,False,0.0,5.616762161254883,3.3262295722961426,5.083303451538086,5.683696269989014
460,ppo_gmm,gaussian,physical,1,False,0.0,10.037870407104492,3.3675131797790527,7.474508285522461,5.713756561279297
460,ppo_gmm,gaussian,physical,2,False,0.0,2.6545329093933105,3.430384397506714,3.3449137210845947,5.702354431152344
460,ppo_gmm,gaussian,physical,3,True,1.0,7.005121231079102,2.9539060592651367,2.8837904930114746,5.173325538635254
460,ppo_gmm,gaussian,physical,4,False,0.0,8.372243881225586,3.426696300506592,11.97101879119873,5.743864059448242
460,ppo_gmm,gaussian,physical,5,False,0.0,10.16545295715332,3.351379871368408,4.04550313949585,5.445047855377197
460,ppo_gmm,gaussian,physical,6,False,0.0,6.206274032592773,3.387011766433716,10.503533363342285,5.752316474914551
460,ppo_gmm,gaussian,physical,7,False,0.0,6.372358322143555,3.3859872817993164,13.262166023254395,5.752758979797363
461,ppo_gmm,gaussian,physical,0,False,0.0,5.616762161254883,3.3262295722961426,5.083303451538086,5.683696269989014
461,ppo_gmm,gaussian,physical,1,False,0.0,10.037870407104492,3.3675131797790527,7.474508285522461,5.713756561279297
461,ppo_gmm,gaussian,physical,2,False,0.0,2.6545329093933105,3.430384397506714,3.3449137210845947,5.702354431152344
461,ppo_gmm,gaussian,physical,3,True,1.0,7.005121231079102,2.9539060592651367,2.8837904930114746,5.173325538635254
461,ppo_gmm,gaussian,physical,4,False,0.0,8.372243881225586,3.426696300506592,11.97101879119873,5.743864059448242
461,ppo_gmm,gaussian,physical,5,False,0.0,10.16545295715332,3.351379871368408,4.04550313949585,5.445047855377197
461,ppo_gmm,gaussian,physical,6,False,0.0,6.206274032592773,3.387011766433716,10.503533363342285,5.752316474914551
461,ppo_gmm,gaussian,physical,7,False,0.0,6.372358322143555,3.3859872817993164,13.262166023254395,5.752758979797363
462,ppo_gmm,gaussian,physical,0,False,0.0,5.616762161254883,3.3262295722961426,5.083303451538086,5.683696269989014
462,ppo_gmm,gaussian,physical,1,False,0.0,10.037870407104492,3.3675131797790527,7.474508285522461,5.713756561279297
462,ppo_gmm,gaussian,physical,2,False,0.0,2.6545329093933105,3.430384397506714,3.3449137210845947,5.702354431152344
462,ppo_gmm,gaussian,physical,3,True,1.0,7.005121231079102,2.9539060592651367,2.8837904930114746,5.173325538635254
462,ppo_gmm,gaussian,physical,4,False,0.0,8.372243881225586,3.426696300506592,11.97101879119873,5.743864059448242
462,ppo_gmm,gaussian,physical,5,False,0.0,10.16545295715332,3.351379871368408,4.04550313949585,5.445047855377197
462,ppo_gmm,gaussian,physical,6,False,0.0,6.206274032592773,3.387011766433716,10.503533363342285,5.752316474914551
462,ppo_gmm,gaussian,physical,7,False,0.0,6.372358322143555,3.3859872817993164,13.262166023254395,5.752758979797363
463,ppo_gmm,gaussian,physical,0,False,0.0,5.616762161254883,3.3262295722961426,5.083303451538086,5.683696269989014
463,ppo_gmm,gaussian,physical,1,False,0.0,10.037870407104492,3.3675131797790527,7.474508285522461,5.713756561279297
463,ppo_gmm,gaussian,physical,2,False,0.0,2.6545329093933105,3.430384397506714,3.3449137210845947,5.702354431152344
463,ppo_gmm,gaussian,physical,3,True,1.0,7.005121231079102,2.9539060592651367,2.8837904930114746,5.173325538635254
463,ppo_gmm,gaussian,physical,4,False,0.0,8.372243881225586,3.426696300506592,11.97101879119873,5.743864059448242
463,ppo_gmm,gaussian,physical,5,False,0.0,10.16545295715332,3.351379871368408,4.04550313949585,5.445047855377197
463,ppo_gmm,gaussian,physical,6,False,0.0,6.206274032592773,3.387011766433716,10.503533363342285,5.752316474914551
463,ppo_gmm,gaussian,physical,7,False,0.0,6.372358322143555,3.3859872817993164,13.262166023254395,5.752758979797363
464,ppo_gmm,gaussian,physical,0,False,0.0,5.616762161254883,3.3262295722961426,5.083303451538086,5.683696269989014
464,ppo_gmm,gaussian,physical,1,False,0.0,10.037870407104492,3.3675131797790527,7.474508285522461,5.713756561279297
464,ppo_gmm,gaussian,physical,2,False,0.0,2.6545329093933105,3.430384397506714,3.3449137210845947,5.702354431152344
464,ppo_gmm,gaussian,physical,3,True,1.0,7.005121231079102,2.9539060592651367,2.8837904930114746,5.173325538635254
464,ppo_gmm,gaussian,physical,4,False,0.0,8.372243881225586,3.426696300506592,11.97101879119873,5.743864059448242
464,ppo_gmm,gaussian,physical,5,False,0.0,10.16545295715332,3.351379871368408,4.04550313949585,5.445047855377197
464,ppo_gmm,gaussian,physical,6,False,0.0,6.206274032592773,3.387011766433716,10.503533363342285,5.752316474914551
464,ppo_gmm,gaussian,physical,7,False,0.0,6.372358322143555,3.3859872817993164,13.262166023254395,5.752758979797363
465,ppo_gmm,gaussian,physical,0,False,0.0,5.616762161254883,3.3262295722961426,5.083303451538086,5.683696269989014
465,ppo_gmm,gaussian,physical,1,False,0.0,10.037870407104492,3.3675131797790527,7.474508285522461,5.713756561279297
465,ppo_gmm,gaussian,physical,2,False,0.0,2.6545329093933105,3.430384397506714,3.3449137210845947,5.702354431152344
465,ppo_gmm,gaussian,physical,3,True,1.0,7.005121231079102,2.9539060592651367,2.8837904930114746,5.173325538635254
465,ppo_gmm,gaussian,physical,4,False,0.0,8.372243881225586,3.426696300506592,11.97101879119873,5.743864059448242
465,ppo_gmm,gaussian,physical,5,False,0.0,10.16545295715332,3.351379871368408,4.04550313949585,5.445047855377197
465,ppo_gmm,gaussian,physical,6,False,0.0,6.206274032592773,3.387011766433716,10.503533363342285,5.752316474914551
465,ppo_gmm,gaussian,physical,7,False,0.0,6.372358322143555,3.3859872817993164,13.262166023254395,5.752758979797363
466,ppo_gmm,gaussian,physical,0,False,0.0,5.616762161254883,3.3262295722961426,5.083303451538086,5.683696269989014
466,ppo_gmm,gaussian,physical,1,False,0.0,10.037870407104492,3.3675131797790527,7.474508285522461,5.713756561279297
466,ppo_gmm,gaussian,physical,2,False,0.0,2.6545329093933105,3.430384397506714,3.3449137210845947,5.702354431152344
466,ppo_gmm,gaussian,physical,3,True,1.0,7.005121231079102,2.9539060592651367,2.8837904930114746,5.173325538635254
466,ppo_gmm,gaussian,physical,4,False,0.0,8.372243881225586,3.426696300506592,11.97101879119873,5.743864059448242
466,ppo_gmm,gaussian,physical,5,False,0.0,10.16545295715332,3.351379871368408,4.04550313949585,5.445047855377197
466,ppo_gmm,gaussian,physical,6,False,0.0,6.206274032592773,3.387011766433716,10.503533363342285,5.752316474914551
466,ppo_gmm,gaussian,physical,7,False,0.0,6.372358322143555,3.3859872817993164,13.262166023254395,5.752758979797363
467,ppo_gmm,gaussian,physical,0,False,0.0,5.616762161254883,3.3262295722961426,5.083303451538086,5.683696269989014
467,ppo_gmm,gaussian,physical,1,False,0.0,10.037870407104492,3.3675131797790527,7.474508285522461,5.713756561279297
467,ppo_gmm,gaussian,physical,2,False,0.0,2.6545329093933105,3.430384397506714,3.3449137210845947,5.702354431152344
467,ppo_gmm,gaussian,physical,3,True,1.0,7.005121231079102,2.9539060592651367,2.8837904930114746,5.173325538635254
467,ppo_gmm,gaussian,physical,4,False,0.0,8.372243881225586,3.426696300506592,11.97101879119873,5.743864059448242
467,ppo_gmm,gaussian,physical,5,False,0.0,10.16545295715332,3.351379871368408,4.04550313949585,5.445047855377197
467,ppo_gmm,gaussian,physical,6,False,0.0,6.206274032592773,3.387011766433716,10.503533363342285,5.752316474914551
467,ppo_gmm,gaussian,physical,7,False,0.0,6.372358322143555,3.3859872817993164,13.262166023254395,5.752758979797363
468,ppo_gmm,gaussian,physical,0,False,0.0,5.616762161254883,3.3262295722961426,5.083303451538086,5.683696269989014
468,ppo_gmm,gaussian,physical,1,False,0.0,10.037870407104492,3.3675131797790527,7.474508285522461,5.713756561279297
468,ppo_gmm,gaussian,physical,2,False,0.0,2.6545329093933105,3.430384397506714,3.3449137210845947,5.702354431152344
468,ppo_gmm,gaussian,physical,3,True,1.0,7.005121231079102,2.9539060592651367,2.8837904930114746,5.173325538635254
468,ppo_gmm,gaussian,physical,4,False,0.0,8.372243881225586,3.426696300506592,11.97101879119873,5.743864059448242
468,ppo_gmm,gaussian,physical,5,False,0.0,10.16545295715332,3.351379871368408,4.04550313949585,5.445047855377197
468,ppo_gmm,gaussian,physical,6,False,0.0,6.206274032592773,3.387011766433716,10.503533363342285,5.752316474914551
468,ppo_gmm,gaussian,physical,7,False,0.0,6.372358322143555,3.3859872817993164,13.262166023254395,5.752758979797363
469,ppo_gmm,gaussian,physical,0,False,0.0,5.616762161254883,3.3262295722961426,5.083303451538086,5.683696269989014
469,ppo_gmm,gaussian,physical,1,False,0.0,10.037870407104492,3.3675131797790527,7.474508285522461,5.713756561279297
469,ppo_gmm,gaussian,physical,2,False,0.0,2.6545329093933105,3.430384397506714,3.3449137210845947,5.702354431152344
469,ppo_gmm,gaussian,physical,3,True,1.0,7.005121231079102,2.9539060592651367,2.8837904930114746,5.173325538635254
469,ppo_gmm,gaussian,physical,4,False,0.0,8.372243881225586,3.426696300506592,11.97101879119873,5.743864059448242
469,ppo_gmm,gaussian,physical,5,False,0.0,10.16545295715332,3.351379871368408,4.04550313949585,5.445047855377197
469,ppo_gmm,gaussian,physical,6,False,0.0,6.206274032592773,3.387011766433716,10.503533363342285,5.752316474914551
469,ppo_gmm,gaussian,physical,7,False,0.0,6.372358322143555,3.3859872817993164,13.262166023254395,5.752758979797363
470,ppo_gmm,gaussian,physical,0,False,0.0,5.616762161254883,3.3262295722961426,5.083303451538086,5.683696269989014
470,ppo_gmm,gaussian,physical,1,False,0.0,10.037870407104492,3.3675131797790527,7.474508285522461,5.713756561279297
470,ppo_gmm,gaussian,physical,2,False,0.0,2.6545329093933105,3.430384397506714,3.3449137210845947,5.702354431152344
470,ppo_gmm,gaussian,physical,3,True,1.0,7.005121231079102,2.9539060592651367,2.8837904930114746,5.173325538635254
470,ppo_gmm,gaussian,physical,4,False,0.0,8.372243881225586,3.426696300506592,11.97101879119873,5.743864059448242
470,ppo_gmm,gaussian,physical,5,False,0.0,10.16545295715332,3.351379871368408,4.04550313949585,5.445047855377197
470,ppo_gmm,gaussian,physical,6,False,0.0,6.206274032592773,3.387011766433716,10.503533363342285,5.752316474914551
470,ppo_gmm,gaussian,physical,7,False,0.0,6.372358322143555,3.3859872817993164,13.262166023254395,5.752758979797363
471,ppo_gmm,gaussian,physical,0,False,0.0,5.616762161254883,3.3262295722961426,5.083303451538086,5.683696269989014
471,ppo_gmm,gaussian,physical,1,False,0.0,10.037870407104492,3.3675131797790527,7.474508285522461,5.713756561279297
471,ppo_gmm,gaussian,physical,2,False,0.0,2.6545329093933105,3.430384397506714,3.3449137210845947,5.702354431152344
471,ppo_gmm,gaussian,physical,3,True,1.0,7.005121231079102,2.9539060592651367,2.8837904930114746,5.173325538635254
471,ppo_gmm,gaussian,physical,4,False,0.0,8.372243881225586,3.426696300506592,11.97101879119873,5.743864059448242
471,ppo_gmm,gaussian,physical,5,False,0.0,10.16545295715332,3.351379871368408,4.04550313949585,5.445047855377197
471,ppo_gmm,gaussian,physical,6,False,0.0,6.206274032592773,3.387011766433716,10.503533363342285,5.752316474914551
471,ppo_gmm,gaussian,physical,7,False,0.0,6.372358322143555,3.3859872817993164,13.262166023254395,5.752758979797363
472,ppo_gmm,gaussian,physical,0,False,0.0,5.616762161254883,3.3262295722961426,5.083303451538086,5.683696269989014
472,ppo_gmm,gaussian,physical,1,False,0.0,10.037870407104492,3.3675131797790527,7.474508285522461,5.713756561279297
472,ppo_gmm,gaussian,physical,2,False,0.0,2.6545329093933105,3.430384397506714,3.3449137210845947,5.702354431152344
472,ppo_gmm,gaussian,physical,3,True,1.0,7.005121231079102,2.9539060592651367,2.8837904930114746,5.173325538635254
472,ppo_gmm,gaussian,physical,4,False,0.0,8.372243881225586,3.426696300506592,11.97101879119873,5.743864059448242
472,ppo_gmm,gaussian,physical,5,False,0.0,10.16545295715332,3.351379871368408,4.04550313949585,5.445047855377197
472,ppo_gmm,gaussian,physical,6,False,0.0,6.206274032592773,3.387011766433716,10.503533363342285,5.752316474914551
472,ppo_gmm,gaussian,physical,7,False,0.0,6.372358322143555,3.3859872817993164,13.262166023254395,5.752758979797363
473,ppo_gmm,gaussian,physical,0,False,0.0,5.616762161254883,3.3262295722961426,5.083303451538086,5.683696269989014
473,ppo_gmm,gaussian,physical,1,False,0.0,10.037870407104492,3.3675131797790527,7.474508285522461,5.713756561279297
473,ppo_gmm,gaussian,physical,2,False,0.0,2.6545329093933105,3.430384397506714,3.3449137210845947,5.702354431152344
473,ppo_gmm,gaussian,physical,3,True,1.0,7.005121231079102,2.9539060592651367,2.8837904930114746,5.173325538635254
473,ppo_gmm,gaussian,physical,4,False,0.0,8.372243881225586,3.426696300506592,11.97101879119873,5.743864059448242
473,ppo_gmm,gaussian,physical,5,False,0.0,10.16545295715332,3.351379871368408,4.04550313949585,5.445047855377197
473,ppo_gmm,gaussian,physical,6,False,0.0,6.206274032592773,3.387011766433716,10.503533363342285,5.752316474914551
473,ppo_gmm,gaussian,physical,7,False,0.0,6.372358322143555,3.3859872817993164,13.262166023254395,5.752758979797363
474,ppo_gmm,gaussian,physical,0,False,0.0,5.616762161254883,3.3262295722961426,5.083303451538086,5.683696269989014
474,ppo_gmm,gaussian,physical,1,False,0.0,10.037870407104492,3.3675131797790527,7.474508285522461,5.713756561279297
474,ppo_gmm,gaussian,physical,2,False,0.0,2.6545329093933105,3.430384397506714,3.3449137210845947,5.702354431152344
474,ppo_gmm,gaussian,physical,3,True,1.0,7.005121231079102,2.9539060592651367,2.8837904930114746,5.173325538635254
474,ppo_gmm,gaussian,physical,4,False,0.0,8.372243881225586,3.426696300506592,11.97101879119873,5.743864059448242
474,ppo_gmm,gaussian,physical,5,False,0.0,10.16545295715332,3.351379871368408,4.04550313949585,5.445047855377197
474,ppo_gmm,gaussian,physical,6,False,0.0,6.206274032592773,3.387011766433716,10.503533363342285,5.752316474914551
474,ppo_gmm,gaussian,physical,7,False,0.0,6.372358322143555,3.3859872817993164,13.262166023254395,5.752758979797363
475,ppo_gmm,gaussian,physical,0,False,0.0,5.616762161254883,3.3262295722961426,5.083303451538086,5.683696269989014
475,ppo_gmm,gaussian,physical,1,False,0.0,10.037870407104492,3.3675131797790527,7.474508285522461,5.713756561279297
475,ppo_gmm,gaussian,physical,2,False,0.0,2.6545329093933105,3.430384397506714,3.3449137210845947,5.702354431152344
475,ppo_gmm,gaussian,physical,3,True,1.0,7.005121231079102,2.9539060592651367,2.8837904930114746,5.173325538635254
475,ppo_gmm,gaussian,physical,4,False,0.0,8.372243881225586,3.426696300506592,11.97101879119873,5.743864059448242
475,ppo_gmm,gaussian,physical,5,False,0.0,10.16545295715332,3.351379871368408,4.04550313949585,5.445047855377197
475,ppo_gmm,gaussian,physical,6,False,0.0,6.206274032592773,3.387011766433716,10.503533363342285,5.752316474914551
475,ppo_gmm,gaussian,physical,7,False,0.0,6.372358322143555,3.3859872817993164,13.262166023254395,5.752758979797363
476,ppo_gmm,gaussian,physical,0,False,0.0,5.616762161254883,3.3262295722961426,5.083303451538086,5.683696269989014
476,ppo_gmm,gaussian,physical,1,False,0.0,10.037870407104492,3.3675131797790527,7.474508285522461,5.713756561279297
476,ppo_gmm,gaussian,physical,2,False,0.0,2.6545329093933105,3.430384397506714,3.3449137210845947,5.702354431152344
476,ppo_gmm,gaussian,physical,3,True,1.0,7.005121231079102,2.9539060592651367,2.8837904930114746,5.173325538635254
476,ppo_gmm,gaussian,physical,4,False,0.0,8.372243881225586,3.426696300506592,11.97101879119873,5.743864059448242
476,ppo_gmm,gaussian,physical,5,False,0.0,10.16545295715332,3.351379871368408,4.04550313949585,5.445047855377197
476,ppo_gmm,gaussian,physical,6,False,0.0,6.206274032592773,3.387011766433716,10.503533363342285,5.752316474914551
476,ppo_gmm,gaussian,physical,7,False,0.0,6.372358322143555,3.3859872817993164,13.262166023254395,5.752758979797363
477,ppo_gmm,gaussian,physical,0,False,0.0,5.616762161254883,3.3262295722961426,5.083303451538086,5.683696269989014
477,ppo_gmm,gaussian,physical,1,False,0.0,10.037870407104492,3.3675131797790527,7.474508285522461,5.713756561279297
477,ppo_gmm,gaussian,physical,2,False,0.0,2.6545329093933105,3.430384397506714,3.3449137210845947,5.702354431152344
477,ppo_gmm,gaussian,physical,3,True,1.0,7.005121231079102,2.9539060592651367,2.8837904930114746,5.173325538635254
477,ppo_gmm,gaussian,physical,4,False,0.0,8.372243881225586,3.426696300506592,11.97101879119873,5.743864059448242
477,ppo_gmm,gaussian,physical,5,False,0.0,10.16545295715332,3.351379871368408,4.04550313949585,5.445047855377197
477,ppo_gmm,gaussian,physical,6,False,0.0,6.206274032592773,3.387011766433716,10.503533363342285,5.752316474914551
477,ppo_gmm,gaussian,physical,7,False,0.0,6.372358322143555,3.3859872817993164,13.262166023254395,5.752758979797363
478,ppo_gmm,gaussian,physical,0,False,0.0,5.616762161254883,3.3262295722961426,5.083303451538086,5.683696269989014
478,ppo_gmm,gaussian,physical,1,False,0.0,10.037870407104492,3.3675131797790527,7.474508285522461,5.713756561279297
478,ppo_gmm,gaussian,physical,2,False,0.0,2.6545329093933105,3.430384397506714,3.3449137210845947,5.702354431152344
478,ppo_gmm,gaussian,physical,3,True,1.0,7.005121231079102,2.9539060592651367,2.8837904930114746,5.173325538635254
478,ppo_gmm,gaussian,physical,4,False,0.0,8.372243881225586,3.426696300506592,11.97101879119873,5.743864059448242
478,ppo_gmm,gaussian,physical,5,False,0.0,10.16545295715332,3.351379871368408,4.04550313949585,5.445047855377197
478,ppo_gmm,gaussian,physical,6,False,0.0,6.206274032592773,3.387011766433716,10.503533363342285,5.752316474914551
478,ppo_gmm,gaussian,physical,7,False,0.0,6.372358322143555,3.3859872817993164,13.262166023254395,5.752758979797363
479,ppo_gmm,gaussian,physical,0,False,0.0,5.616762161254883,3.3262295722961426,5.083303451538086,5.683696269989014
479,ppo_gmm,gaussian,physical,1,False,0.0,10.037870407104492,3.3675131797790527,7.474508285522461,5.713756561279297
479,ppo_gmm,gaussian,physical,2,False,0.0,2.6545329093933105,3.430384397506714,3.3449137210845947,5.702354431152344
479,ppo_gmm,gaussian,physical,3,True,1.0,7.005121231079102,2.9539060592651367,2.8837904930114746,5.173325538635254
479,ppo_gmm,gaussian,physical,4,False,0.0,8.372243881225586,3.426696300506592,11.97101879119873,5.743864059448242
479,ppo_gmm,gaussian,physical,5,False,0.0,10.16545295715332,3.351379871368408,4.04550313949585,5.445047855377197
479,ppo_gmm,gaussian,physical,6,False,0.0,6.206274032592773,3.387011766433716,10.503533363342285,5.752316474914551
479,ppo_gmm,gaussian,physical,7,False,0.0,6.372358322143555,3.3859872817993164,13.262166023254395,5.752758979797363
480,ppo_gmm,gaussian,physical,0,False,0.0,5.616762161254883,3.3262295722961426,5.083303451538086,5.683696269989014
480,ppo_gmm,gaussian,physical,1,False,0.0,10.037870407104492,3.3675131797790527,7.474508285522461,5.713756561279297
480,ppo_gmm,gaussian,physical,2,False,0.0,2.6545329093933105,3.430384397506714,3.3449137210845947,5.702354431152344
480,ppo_gmm,gaussian,physical,3,True,1.0,7.005121231079102,2.9539060592651367,2.8837904930114746,5.173325538635254
480,ppo_gmm,gaussian,physical,4,False,0.0,8.372243881225586,3.426696300506592,11.97101879119873,5.743864059448242
480,ppo_gmm,gaussian,physical,5,False,0.0,10.16545295715332,3.351379871368408,4.04550313949585,5.445047855377197
480,ppo_gmm,gaussian,physical,6,False,0.0,6.206274032592773,3.387011766433716,10.503533363342285,5.752316474914551
480,ppo_gmm,gaussian,physical,7,False,0.0,6.372358322143555,3.3859872817993164,13.262166023254395,5.752758979797363
481,ppo_gmm,gaussian,physical,0,False,0.0,5.616762161254883,3.3262295722961426,5.083303451538086,5.683696269989014
481,ppo_gmm,gaussian,physical,1,False,0.0,10.037870407104492,3.3675131797790527,7.474508285522461,5.713756561279297
481,ppo_gmm,gaussian,physical,2,False,0.0,2.6545329093933105,3.430384397506714,3.3449137210845947,5.702354431152344
481,ppo_gmm,gaussian,physical,3,True,1.0,7.005121231079102,2.9539060592651367,2.8837904930114746,5.173325538635254
481,ppo_gmm,gaussian,physical,4,False,0.0,8.372243881225586,3.426696300506592,11.97101879119873,5.743864059448242
481,ppo_gmm,gaussian,physical,5,False,0.0,10.16545295715332,3.351379871368408,4.04550313949585,5.445047855377197
481,ppo_gmm,gaussian,physical,6,False,0.0,6.206274032592773,3.387011766433716,10.503533363342285,5.752316474914551
481,ppo_gmm,gaussian,physical,7,False,0.0,6.372358322143555,3.3859872817993164,13.262166023254395,5.752758979797363
482,ppo_gmm,gaussian,physical,0,False,0.0,5.616762161254883,3.3262295722961426,5.083303451538086,5.683696269989014
482,ppo_gmm,gaussian,physical,1,False,0.0,10.037870407104492,3.3675131797790527,7.474508285522461,5.713756561279297
482,ppo_gmm,gaussian,physical,2,False,0.0,2.6545329093933105,3.430384397506714,3.3449137210845947,5.702354431152344
482,ppo_gmm,gaussian,physical,3,True,1.0,7.005121231079102,2.9539060592651367,2.8837904930114746,5.173325538635254
482,ppo_gmm,gaussian,physical,4,False,0.0,8.372243881225586,3.426696300506592,11.97101879119873,5.743864059448242
482,ppo_gmm,gaussian,physical,5,False,0.0,10.16545295715332,3.351379871368408,4.04550313949585,5.445047855377197
482,ppo_gmm,gaussian,physical,6,False,0.0,6.206274032592773,3.387011766433716,10.503533363342285,5.752316474914551
482,ppo_gmm,gaussian,physical,7,False,0.0,6.372358322143555,3.3859872817993164,13.262166023254395,5.752758979797363
483,ppo_gmm,gaussian,physical,0,False,0.0,5.616762161254883,3.3262295722961426,5.083303451538086,5.683696269989014
483,ppo_gmm,gaussian,physical,1,False,0.0,10.037870407104492,3.3675131797790527,7.474508285522461,5.713756561279297
483,ppo_gmm,gaussian,physical,2,False,0.0,2.6545329093933105,3.430384397506714,3.3449137210845947,5.702354431152344
483,ppo_gmm,gaussian,physical,3,True,1.0,7.005121231079102,2.9539060592651367,2.8837904930114746,5.173325538635254
483,ppo_gmm,gaussian,physical,4,False,0.0,8.372243881225586,3.426696300506592,11.97101879119873,5.743864059448242
483,ppo_gmm,gaussian,physical,5,False,0.0,10.16545295715332,3.351379871368408,4.04550313949585,5.445047855377197
483,ppo_gmm,gaussian,physical,6,False,0.0,6.206274032592773,3.387011766433716,10.503533363342285,5.752316474914551
483,ppo_gmm,gaussian,physical,7,False,0.0,6.372358322143555,3.3859872817993164,13.262166023254395,5.752758979797363
484,ppo_gmm,gaussian,physical,0,False,0.0,5.616762161254883,3.3262295722961426,5.083303451538086,5.683696269989014
484,ppo_gmm,gaussian,physical,1,False,0.0,10.037870407104492,3.3675131797790527,7.474508285522461,5.713756561279297
484,ppo_gmm,gaussian,physical,2,False,0.0,2.6545329093933105,3.430384397506714,3.3449137210845947,5.702354431152344
484,ppo_gmm,gaussian,physical,3,True,1.0,7.005121231079102,2.9539060592651367,2.8837904930114746,5.173325538635254
484,ppo_gmm,gaussian,physical,4,False,0.0,8.372243881225586,3.426696300506592,11.97101879119873,5.743864059448242
484,ppo_gmm,gaussian,physical,5,False,0.0,10.16545295715332,3.351379871368408,4.04550313949585,5.445047855377197
484,ppo_gmm,gaussian,physical,6,False,0.0,6.206274032592773,3.387011766433716,10.503533363342285,5.752316474914551
484,ppo_gmm,gaussian,physical,7,False,0.0,6.372358322143555,3.3859872817993164,13.262166023254395,5.752758979797363
485,ppo_gmm,gaussian,physical,0,False,0.0,5.616762161254883,3.3262295722961426,5.083303451538086,5.683696269989014
485,ppo_gmm,gaussian,physical,1,False,0.0,10.037870407104492,3.3675131797790527,7.474508285522461,5.713756561279297
485,ppo_gmm,gaussian,physical,2,False,0.0,2.6545329093933105,3.430384397506714,3.3449137210845947,5.702354431152344
485,ppo_gmm,gaussian,physical,3,True,1.0,7.005121231079102,2.9539060592651367,2.8837904930114746,5.173325538635254
485,ppo_gmm,gaussian,physical,4,False,0.0,8.372243881225586,3.426696300506592,11.97101879119873,5.743864059448242
485,ppo_gmm,gaussian,physical,5,False,0.0,10.16545295715332,3.351379871368408,4.04550313949585,5.445047855377197
485,ppo_gmm,gaussian,physical,6,False,0.0,6.206274032592773,3.387011766433716,10.503533363342285,5.752316474914551
485,ppo_gmm,gaussian,physical,7,False,0.0,6.372358322143555,3.3859872817993164,13.262166023254395,5.752758979797363
486,ppo_gmm,gaussian,physical,0,False,0.0,5.616762161254883,3.3262295722961426,5.083303451538086,5.683696269989014
486,ppo_gmm,gaussian,physical,1,False,0.0,10.037870407104492,3.3675131797790527,7.474508285522461,5.713756561279297
486,ppo_gmm,gaussian,physical,2,False,0.0,2.6545329093933105,3.430384397506714,3.3449137210845947,5.702354431152344
486,ppo_gmm,gaussian,physical,3,True,1.0,7.005121231079102,2.9539060592651367,2.8837904930114746,5.173325538635254
486,ppo_gmm,gaussian,physical,4,False,0.0,8.372243881225586,3.426696300506592,11.97101879119873,5.743864059448242
486,ppo_gmm,gaussian,physical,5,False,0.0,10.16545295715332,3.351379871368408,4.04550313949585,5.445047855377197
486,ppo_gmm,gaussian,physical,6,False,0.0,6.206274032592773,3.387011766433716,10.503533363342285,5.752316474914551
486,ppo_gmm,gaussian,physical,7,False,0.0,6.372358322143555,3.3859872817993164,13.262166023254395,5.752758979797363
487,ppo_gmm,gaussian,physical,0,False,0.0,5.616762161254883,3.3262295722961426,5.083303451538086,5.683696269989014
487,ppo_gmm,gaussian,physical,1,False,0.0,10.037870407104492,3.3675131797790527,7.474508285522461,5.713756561279297
487,ppo_gmm,gaussian,physical,2,False,0.0,2.6545329093933105,3.430384397506714,3.3449137210845947,5.702354431152344
487,ppo_gmm,gaussian,physical,3,True,1.0,7.005121231079102,2.9539060592651367,2.8837904930114746,5.173325538635254
487,ppo_gmm,gaussian,physical,4,False,0.0,8.372243881225586,3.426696300506592,11.97101879119873,5.743864059448242
487,ppo_gmm,gaussian,physical,5,False,0.0,10.16545295715332,3.351379871368408,4.04550313949585,5.445047855377197
487,ppo_gmm,gaussian,physical,6,False,0.0,6.206274032592773,3.387011766433716,10.503533363342285,5.752316474914551
487,ppo_gmm,gaussian,physical,7,False,0.0,6.372358322143555,3.3859872817993164,13.262166023254395,5.752758979797363
488,ppo_gmm,gaussian,physical,0,False,0.0,5.616762161254883,3.3262295722961426,5.083303451538086,5.683696269989014
488,ppo_gmm,gaussian,physical,1,False,0.0,10.037870407104492,3.3675131797790527,7.474508285522461,5.713756561279297
488,ppo_gmm,gaussian,physical,2,False,0.0,2.6545329093933105,3.430384397506714,3.3449137210845947,5.702354431152344
488,ppo_gmm,gaussian,physical,3,True,1.0,7.005121231079102,2.9539060592651367,2.8837904930114746,5.173325538635254
488,ppo_gmm,gaussian,physical,4,False,0.0,8.372243881225586,3.426696300506592,11.97101879119873,5.743864059448242
488,ppo_gmm,gaussian,physical,5,False,0.0,10.16545295715332,3.351379871368408,4.04550313949585,5.445047855377197
488,ppo_gmm,gaussian,physical,6,False,0.0,6.206274032592773,3.387011766433716,10.503533363342285,5.752316474914551
488,ppo_gmm,gaussian,physical,7,False,0.0,6.372358322143555,3.3859872817993164,13.262166023254395,5.752758979797363
489,ppo_gmm,gaussian,physical,0,False,0.0,5.616762161254883,3.3262295722961426,5.083303451538086,5.683696269989014
489,ppo_gmm,gaussian,physical,1,False,0.0,10.037870407104492,3.3675131797790527,7.474508285522461,5.713756561279297
489,ppo_gmm,gaussian,physical,2,False,0.0,2.6545329093933105,3.430384397506714,3.3449137210845947,5.702354431152344
489,ppo_gmm,gaussian,physical,3,True,1.0,7.005121231079102,2.9539060592651367,2.8837904930114746,5.173325538635254
489,ppo_gmm,gaussian,physical,4,False,0.0,8.372243881225586,3.426696300506592,11.97101879119873,5.743864059448242
489,ppo_gmm,gaussian,physical,5,False,0.0,10.16545295715332,3.351379871368408,4.04550313949585,5.445047855377197
489,ppo_gmm,gaussian,physical,6,False,0.0,6.206274032592773,3.387011766433716,10.503533363342285,5.752316474914551
489,ppo_gmm,gaussian,physical,7,False,0.0,6.372358322143555,3.3859872817993164,13.262166023254395,5.752758979797363
490,ppo_gmm,gaussian,physical,0,False,0.0,5.616762161254883,3.3262295722961426,5.083303451538086,5.683696269989014
490,ppo_gmm,gaussian,physical,1,False,0.0,10.037870407104492,3.3675131797790527,7.474508285522461,5.713756561279297
490,ppo_gmm,gaussian,physical,2,False,0.0,2.6545329093933105,3.430384397506714,3.3449137210845947,5.702354431152344
490,ppo_gmm,gaussian,physical,3,True,1.0,7.005121231079102,2.9539060592651367,2.8837904930114746,5.173325538635254
490,ppo_gmm,gaussian,physical,4,False,0.0,8.372243881225586,3.426696300506592,11.97101879119873,5.743864059448242
490,ppo_gmm,gaussian,physical,5,False,0.0,10.16545295715332,3.351379871368408,4.04550313949585,5.445047855377197
490,ppo_gmm,gaussian,physical,6,False,0.0,6.206274032592773,3.387011766433716,10.503533363342285,5.752316474914551
490,ppo_gmm,gaussian,physical,7,False,0.0,6.372358322143555,3.3859872817993164,13.262166023254395,5.752758979797363
491,ppo_gmm,gaussian,physical,0,False,0.0,5.616762161254883,3.3262295722961426,5.083303451538086,5.683696269989014
491,ppo_gmm,gaussian,physical,1,False,0.0,10.037870407104492,3.3675131797790527,7.474508285522461,5.713756561279297
491,ppo_gmm,gaussian,physical,2,False,0.0,2.6545329093933105,3.430384397506714,3.3449137210845947,5.702354431152344
491,ppo_gmm,gaussian,physical,3,True,1.0,7.005121231079102,2.9539060592651367,2.8837904930114746,5.173325538635254
491,ppo_gmm,gaussian,physical,4,False,0.0,8.372243881225586,3.426696300506592,11.97101879119873,5.743864059448242
491,ppo_gmm,gaussian,physical,5,False,0.0,10.16545295715332,3.351379871368408,4.04550313949585,5.445047855377197
491,ppo_gmm,gaussian,physical,6,False,0.0,6.206274032592773,3.387011766433716,10.503533363342285,5.752316474914551
491,ppo_gmm,gaussian,physical,7,False,0.0,6.372358322143555,3.3859872817993164,13.262166023254395,5.752758979797363
492,ppo_gmm,gaussian,physical,0,False,0.0,5.616762161254883,3.3262295722961426,5.083303451538086,5.683696269989014
492,ppo_gmm,gaussian,physical,1,False,0.0,10.037870407104492,3.3675131797790527,7.474508285522461,5.713756561279297
492,ppo_gmm,gaussian,physical,2,False,0.0,2.6545329093933105,3.430384397506714,3.3449137210845947,5.702354431152344
492,ppo_gmm,gaussian,physical,3,True,1.0,7.005121231079102,2.9539060592651367,2.8837904930114746,5.173325538635254
492,ppo_gmm,gaussian,physical,4,False,0.0,8.372243881225586,3.426696300506592,11.97101879119873,5.743864059448242
492,ppo_gmm,gaussian,physical,5,False,0.0,10.16545295715332,3.351379871368408,4.04550313949585,5.445047855377197
492,ppo_gmm,gaussian,physical,6,False,0.0,6.206274032592773,3.387011766433716,10.503533363342285,5.752316474914551
492,ppo_gmm,gaussian,physical,7,False,0.0,6.372358322143555,3.3859872817993164,13.262166023254395,5.752758979797363
493,ppo_gmm,gaussian,physical,0,False,0.0,5.616762161254883,3.3262295722961426,5.083303451538086,5.683696269989014
493,ppo_gmm,gaussian,physical,1,False,0.0,10.037870407104492,3.3675131797790527,7.474508285522461,5.713756561279297
493,ppo_gmm,gaussian,physical,2,False,0.0,2.6545329093933105,3.430384397506714,3.3449137210845947,5.702354431152344
493,ppo_gmm,gaussian,physical,3,True,1.0,7.005121231079102,2.9539060592651367,2.8837904930114746,5.173325538635254
493,ppo_gmm,gaussian,physical,4,False,0.0,8.372243881225586,3.426696300506592,11.97101879119873,5.743864059448242
493,ppo_gmm,gaussian,physical,5,False,0.0,10.16545295715332,3.351379871368408,4.04550313949585,5.445047855377197
493,ppo_gmm,gaussian,physical,6,False,0.0,6.206274032592773,3.387011766433716,10.503533363342285,5.752316474914551
493,ppo_gmm,gaussian,physical,7,False,0.0,6.372358322143555,3.3859872817993164,13.262166023254395,5.752758979797363
494,ppo_gmm,gaussian,physical,0,False,0.0,5.616762161254883,3.3262295722961426,5.083303451538086,5.683696269989014
494,ppo_gmm,gaussian,physical,1,False,0.0,10.037870407104492,3.3675131797790527,7.474508285522461,5.713756561279297
494,ppo_gmm,gaussian,physical,2,False,0.0,2.6545329093933105,3.430384397506714,3.3449137210845947,5.702354431152344
494,ppo_gmm,gaussian,physical,3,True,1.0,7.005121231079102,2.9539060592651367,2.8837904930114746,5.173325538635254
494,ppo_gmm,gaussian,physical,4,False,0.0,8.372243881225586,3.426696300506592,11.97101879119873,5.743864059448242
494,ppo_gmm,gaussian,physical,5,False,0.0,10.16545295715332,3.351379871368408,4.04550313949585,5.445047855377197
494,ppo_gmm,gaussian,physical,6,False,0.0,6.206274032592773,3.387011766433716,10.503533363342285,5.752316474914551
494,ppo_gmm,gaussian,physical,7,False,0.0,6.372358322143555,3.3859872817993164,13.262166023254395,5.752758979797363
495,ppo_gmm,gaussian,physical,0,False,0.0,5.616762161254883,3.3262295722961426,5.083303451538086,5.683696269989014
495,ppo_gmm,gaussian,physical,1,False,0.0,10.037870407104492,3.3675131797790527,7.474508285522461,5.713756561279297
495,ppo_gmm,gaussian,physical,2,False,0.0,2.6545329093933105,3.430384397506714,3.3449137210845947,5.702354431152344
495,ppo_gmm,gaussian,physical,3,True,1.0,7.005121231079102,2.9539060592651367,2.8837904930114746,5.173325538635254
495,ppo_gmm,gaussian,physical,4,False,0.0,8.372243881225586,3.426696300506592,11.97101879119873,5.743864059448242
495,ppo_gmm,gaussian,physical,5,False,0.0,10.16545295715332,3.351379871368408,4.04550313949585,5.445047855377197
495,ppo_gmm,gaussian,physical,6,False,0.0,6.206274032592773,3.387011766433716,10.503533363342285,5.752316474914551
495,ppo_gmm,gaussian,physical,7,False,0.0,6.372358322143555,3.3859872817993164,13.262166023254395,5.752758979797363
496,ppo_gmm,gaussian,physical,0,False,0.0,5.616762161254883,3.3262295722961426,5.083303451538086,5.683696269989014
496,ppo_gmm,gaussian,physical,1,False,0.0,10.037870407104492,3.3675131797790527,7.474508285522461,5.713756561279297
496,ppo_gmm,gaussian,physical,2,False,0.0,2.6545329093933105,3.430384397506714,3.3449137210845947,5.702354431152344
496,ppo_gmm,gaussian,physical,3,True,1.0,7.005121231079102,2.9539060592651367,2.8837904930114746,5.173325538635254
496,ppo_gmm,gaussian,physical,4,False,0.0,8.372243881225586,3.426696300506592,11.97101879119873,5.743864059448242
496,ppo_gmm,gaussian,physical,5,False,0.0,10.16545295715332,3.351379871368408,4.04550313949585,5.445047855377197
496,ppo_gmm,gaussian,physical,6,False,0.0,6.206274032592773,3.387011766433716,10.503533363342285,5.752316474914551
496,ppo_gmm,gaussian,physical,7,False,0.0,6.372358322143555,3.3859872817993164,13.262166023254395,5.752758979797363
497,ppo_gmm,gaussian,physical,0,False,0.0,5.616762161254883,3.3262295722961426,5.083303451538086,5.683696269989014
497,ppo_gmm,gaussian,physical,1,False,0.0,10.037870407104492,3.3675131797790527,7.474508285522461,5.713756561279297
497,ppo_gmm,gaussian,physical,2,False,0.0,2.6545329093933105,3.430384397506714,3.3449137210845947,5.702354431152344
497,ppo_gmm,gaussian,physical,3,True,1.0,7.005121231079102,2.9539060592651367,2.8837904930114746,5.173325538635254
497,ppo_gmm,gaussian,physical,4,False,0.0,8.372243881225586,3.426696300506592,11.97101879119873,5.743864059448242
497,ppo_gmm,gaussian,physical,5,False,0.0,10.16545295715332,3.351379871368408,4.04550313949585,5.445047855377197
497,ppo_gmm,gaussian,physical,6,False,0.0,6.206274032592773,3.387011766433716,10.503533363342285,5.752316474914551
497,ppo_gmm,gaussian,physical,7,False,0.0,6.372358322143555,3.3859872817993164,13.262166023254395,5.752758979797363
498,ppo_gmm,gaussian,physical,0,False,0.0,5.616762161254883,3.3262295722961426,5.083303451538086,5.683696269989014
498,ppo_gmm,gaussian,physical,1,False,0.0,10.037870407104492,3.3675131797790527,7.474508285522461,5.713756561279297
498,ppo_gmm,gaussian,physical,2,False,0.0,2.6545329093933105,3.430384397506714,3.3449137210845947,5.702354431152344
498,ppo_gmm,gaussian,physical,3,True,1.0,7.005121231079102,2.9539060592651367,2.8837904930114746,5.173325538635254
498,ppo_gmm,gaussian,physical,4,False,0.0,8.372243881225586,3.426696300506592,11.97101879119873,5.743864059448242
498,ppo_gmm,gaussian,physical,5,False,0.0,10.16545295715332,3.351379871368408,4.04550313949585,5.445047855377197
498,ppo_gmm,gaussian,physical,6,False,0.0,6.206274032592773,3.387011766433716,10.503533363342285,5.752316474914551
498,ppo_gmm,gaussian,physical,7,False,0.0,6.372358322143555,3.3859872817993164,13.262166023254395,5.752758979797363
499,ppo_gmm,gaussian,physical,0,False,0.0,5.616762161254883,3.3262295722961426,5.083303451538086,5.683696269989014
499,ppo_gmm,gaussian,physical,1,False,0.0,10.037870407104492,3.3675131797790527,7.474508285522461,5.713756561279297
499,ppo_gmm,gaussian,physical,2,False,0.0,2.6545329093933105,3.430384397506714,3.3449137210845947,5.702354431152344
499,ppo_gmm,gaussian,physical,3,True,1.0,7.005121231079102,2.9539060592651367,2.8837904930114746,5.173325538635254
499,ppo_gmm,gaussian,physical,4,False,0.0,8.372243881225586,3.426696300506592,11.97101879119873,5.743864059448242
499,ppo_gmm,gaussian,physical,5,False,0.0,10.16545295715332,3.351379871368408,4.04550313949585,5.445047855377197
499,ppo_gmm,gaussian,physical,6,False,0.0,6.206274032592773,3.387011766433716,10.503533363342285,5.752316474914551
499,ppo_gmm,gaussian,physical,7,False,0.0,6.372358322143555,3.3859872817993164,13.262166023254395,5.752758979797363
500,ppo_gmm,gaussian,physical,0,False,0.0,5.616762161254883,3.3262295722961426,5.083303451538086,5.683696269989014
500,ppo_gmm,gaussian,physical,1,False,0.0,10.037870407104492,3.3675131797790527,7.474508285522461,5.713756561279297
500,ppo_gmm,gaussian,physical,2,False,0.0,2.6545329093933105,3.430384397506714,3.3449137210845947,5.702354431152344
500,ppo_gmm,gaussian,physical,3,True,1.0,7.005121231079102,2.9539060592651367,2.8837904930114746,5.173325538635254
500,ppo_gmm,gaussian,physical,4,False,0.0,8.372243881225586,3.426696300506592,11.97101879119873,5.743864059448242
500,ppo_gmm,gaussian,physical,5,False,0.0,10.16545295715332,3.351379871368408,4.04550313949585,5.445047855377197
500,ppo_gmm,gaussian,physical,6,False,0.0,6.206274032592773,3.387011766433716,10.503533363342285,5.752316474914551
500,ppo_gmm,gaussian,physical,7,False,0.0,6.372358322143555,3.3859872817993164,13.262166023254395,5.752758979797363
