iteration,model,algorithm,design_distribution,active_components,mean_reward_chf,std_reward_chf,mean_cost_chf,mean_pv_capacity_kwp,mean_battery_capacity_kwh,mode_pv_capacity_kwp,mode_battery_capacity_kwh,max_power_balance_error_kw,validation_mean_reward_chf,validation_mean_cost_chf,validation_max_power_balance_error_kw,design_loss,design_entropy,design_entropy_weight,policy_loss,value_loss,action_entropy
1,ppo_gmm,ppo,gaussian,8,-185.97111398225107,70.27835666846462,185.97111398225107,6.428948402404785,7.454745769500732,5.558095932006836,5.14385986328125,3.1086244689504383e-15,-112.01568046686938,112.01568046686938,4.440892098500626e-16,,,0.0,-0.004619279621346365,170.67798058191934,2.8310587299721583
2,ppo_gmm,ppo,gaussian,8,-182.88031582172573,62.37698240459837,182.88031582172573,7.288268566131592,8.453104019165039,5.558095932006836,5.14385986328125,2.6645352591003757e-15,-109.66744441228384,109.66744441228384,8.881784197001252e-16,,,0.0,-0.004181595497010719,157.42949231465658,2.8228137365409305
3,ppo_gmm,ppo,gaussian,8,-170.7980783449195,47.23205413590123,170.7980783449195,6.612587928771973,7.614547252655029,5.558095932006836,5.14385986328125,2.220446049250313e-15,-111.2601662042859,111.2601662042859,8.881784197001252e-16,,,0.0,-0.0044226532364042385,131.50940475009736,2.817794653631392
4,ppo_gmm,ppo,gaussian,8,-175.52646071643312,51.091032567904804,175.52646071643312,5.971384048461914,8.746012687683105,5.558095932006836,5.14385986328125,3.9968028886505635e-15,-105.33391065683534,105.33391065683534,8.881784197001252e-16,,,0.0,-0.005201785462087996,141.02851904006232,2.8084691024961925
5,ppo_gmm,ppo,gaussian,8,-153.34787684068183,50.040281920462874,153.34787684068183,7.4030442237854,7.31743860244751,5.558095932006836,5.14385986328125,2.6645352591003757e-15,-110.4028965824476,110.4028965824476,4.440892098500626e-16,,,0.0,-0.004256756241721589,107.43908087412517,2.7960245183535983
6,ppo_gmm,ppo,gaussian,8,-158.37438709925527,40.86477807028001,158.37438709925527,8.196453094482422,8.698400497436523,5.558095932006836,5.14385986328125,2.6645352591003757e-15,-103.71476751277787,103.71476751277787,8.881784197001252e-16,,,0.0,-0.0034119876571432023,108.95865830920991,2.7831144552855265
7,ppo_gmm,ppo,gaussian,8,-147.95654996484362,36.92813583673242,147.95654996484362,5.949227333068848,7.824718952178955,5.558095932006836,5.14385986328125,2.6645352591003757e-15,-102.46870058238636,102.46870058238636,8.881784197001252e-16,,,0.0,-0.00582450417624343,95.28050740559895,2.768190263992264
8,ppo_gmm,ppo,gaussian,8,-147.05714862388396,34.422153539570225,147.05714862388396,6.941699981689453,8.986257553100586,5.558095932006836,5.14385986328125,2.6645352591003757e-15,-102.1023897077883,102.1023897077883,1.1102230246251565e-15,,,0.0,-0.0032444362933303984,91.52149127778553,2.7545944580010007
9,ppo_gmm,ppo,gaussian,8,-136.57762716645732,28.114362514045915,136.57762716645732,7.404022216796875,7.9034929275512695,5.558095932006836,5.14385986328125,1.7763568394002505e-15,-102.14177703988487,102.14177703988487,8.881784197001252e-16,,,0.0,-0.002856551309204882,76.02270471482049,2.7460787984586896
10,ppo_gmm,ppo,gaussian,8,-136.85780380008148,29.591102229973206,136.85780380008148,6.638106346130371,8.125863075256348,5.558095932006836,5.14385986328125,2.6645352591003757e-15,-102.89684250737,102.89684250737,1.1102230246251565e-15,,,0.0,-0.004295851286899831,77.52547392391023,2.7358839497679757
11,ppo_gmm,ppo,gaussian,8,-123.45054301239878,26.444779834240077,123.45054301239878,6.976717948913574,6.215917587280273,5.558095932006836,5.14385986328125,1.3322676295501878e-15,-99.86347378439535,99.86347378439535,1.1102230246251565e-15,,,0.0,-0.0045749673015615415,60.695463305427914,2.7234025427273343
12,ppo_gmm,ppo,gaussian,8,-124.98066033628037,23.789262702267813,124.98066033628037,6.966706275939941,8.704675674438477,5.558095932006836,5.14385986328125,2.6645352591003757e-15,-103.29003916422624,103.29003916422624,8.881784197001252e-16,,,0.0,-0.0033649196986862947,60.58838138126192,2.710292557165736
13,ppo_gmm,ppo,gaussian,8,-120.31120711739948,20.587382828099493,120.31120711739948,7.897023677825928,8.210379600524902,5.558095932006836,5.14385986328125,2.6645352591003757e-15,-102.05041706522634,102.05041706522634,8.881784197001252e-16,,,0.0,-0.0014842955362317817,54.52906597228277,2.6986054558129537
14,ppo_gmm,ppo,gaussian,8,-113.2351517556736,14.518896510837468,113.2351517556736,6.5205841064453125,6.5323944091796875,5.558095932006836,5.14385986328125,1.3322676295501878e-15,-105.90606700647531,105.90606700647531,1.3322676295501878e-15,,,0.0,-0.001209058654716327,47.03904736609686,2.688727990502403
15,ppo_gmm,ppo,gaussian,8,-116.35827662718583,15.374469745553846,116.35827662718583,6.957758903503418,7.558151721954346,5.558095932006836,5.14385986328125,2.6645352591003757e-15,-104.95984026228146,104.95984026228146,8.881784197001252e-16,,,0.0,-0.002601323413684787,49.777725321905955,2.6768058708735873
16,ppo_gmm,ppo,gaussian,8,-118.45106254616627,13.293348953105522,118.45106254616627,7.028585433959961,9.400325775146484,5.558095932006836,5.14385986328125,2.220446049250313e-15,-103.40391306036932,103.40391306036932,8.881784197001252e-16,,,0.0,-0.002293323504827207,50.34481760433742,2.668012470716522
17,ppo_gmm,ppo,gaussian,8,-114.5341178266548,12.38658684409716,114.5341178266548,7.5166826248168945,9.029621124267578,5.558095932006836,5.14385986328125,1.7763568394002505e-15,-102.12579467183492,102.12579467183492,1.1102230246251565e-15,,,0.0,-0.0018178816535510123,46.59746886435009,2.6572218239307404
18,ppo_gmm,ppo,gaussian,8,-108.35469364575843,10.86525303253795,108.35469364575843,6.455441951751709,7.059033393859863,5.558095932006836,5.14385986328125,2.220446049250313e-15,-103.58538838311514,103.58538838311514,1.3322676295501878e-15,,,0.0,-0.0011616909538307006,40.360617535454885,2.6464292236736844
19,ppo_gmm,ppo,gaussian,8,-105.92264368860126,10.115190933218827,105.92264368860126,7.298177719116211,8.092370986938477,5.558095932006836,5.14385986328125,1.7763568394002505e-15,-104.03518076727345,104.03518076727345,8.881784197001252e-16,,,0.0,-0.0023956388301615205,38.19918819836208,2.6374246251015436
20,ppo_gmm,ppo,gaussian,8,-109.44195402461897,12.361661835337648,109.44195402461897,7.576244354248047,8.686576843261719,5.558095932006836,5.14385986328125,1.9984014443252818e-15,-100.4803261470025,100.4803261470025,1.1102230246251565e-15,,,0.0,-0.0016192318206386907,40.73790911265782,2.627937628399758
21,ppo_gmm,ppo,gaussian,8,-107.00801773219621,13.295605867980623,107.00801773219621,6.893424987792969,7.379142761230469,5.558095932006836,5.14385986328125,2.886579864025407e-15,-101.54912142711903,101.54912142711903,1.1102230246251565e-15,,,0.0,-0.00292166238484372,38.224774496895925,2.6204000143777755
22,ppo_gmm,ppo,gaussian,8,-106.12352657451093,10.462282321775525,106.12352657451093,6.161135673522949,7.295459270477295,5.558095932006836,5.14385986328125,1.7763568394002505e-15,-101.51989956852795,101.51989956852795,1.1102230246251565e-15,,,0.0,-0.0014242514887536388,37.166716325850714,2.6102783438705264
23,ppo_gmm,ppo,gaussian,8,-106.06663674318087,12.53505646212333,106.06663674318087,7.53286075592041,7.4835405349731445,5.558095932006836,5.14385986328125,1.3322676295501878e-15,-103.34088707735468,103.34088707735468,1.1102230246251565e-15,,,0.0,-0.0008177351278607689,36.913137770834425,2.604207529908135
24,ppo_gmm,ppo,gaussian,8,-107.9632471503561,13.805254355954574,107.9632471503561,6.461565017700195,8.732014656066895,5.558095932006836,5.14385986328125,1.3322676295501878e-15,-103.6843948033326,103.6843948033326,8.881784197001252e-16,,,0.0,0.00019532115852815055,38.409842037019274,2.597296184017545
25,ppo_gmm,ppo,gaussian,8,-103.74432643691436,9.92528382853625,103.74432643691436,7.4220871925354,6.1352739334106445,5.558095932006836,5.14385986328125,1.3322676295501878e-15,-99.30340020042085,99.30340020042085,8.881784197001252e-16,,,0.0,-0.0003638540705045064,33.97996326855251,2.589985640276046
26,ppo_gmm,ppo,gaussian,8,-102.40830924515129,9.844366342331037,102.40830924515129,6.609287261962891,6.345370292663574,5.558095932006836,5.14385986328125,1.3322676295501878e-15,-103.90397295492507,103.90397295492507,8.881784197001252e-16,,,0.0,-0.0007836192851841805,33.07842758156004,2.581931771976607
27,ppo_gmm,ppo,gaussian,8,-103.67009666809639,12.337207635176942,103.67009666809639,6.362502098083496,7.773592948913574,5.558095932006836,5.14385986328125,2.220446049250313e-15,-100.85045635807496,100.85045635807496,8.881784197001252e-16,,,0.0,0.000510402312058778,33.94469069866907,2.5694729678687596
28,ppo_gmm,ppo,gaussian,8,-101.78332386962133,8.373458252111448,101.78332386962133,6.949616432189941,6.503668785095215,5.558095932006836,5.14385986328125,1.3322676295501878e-15,-102.89267540194504,102.89267540194504,1.1102230246251565e-15,,,0.0,-0.0010353238016943492,31.987230493908836,2.5611668881915866
29,ppo_gmm,ppo,gaussian,8,-106.47599944712994,9.821576604459784,106.47599944712994,6.645107269287109,8.284184455871582,5.558095932006836,5.14385986328125,3.1086244689504383e-15,-103.81325547140797,103.81325547140797,8.881784197001252e-16,,,0.0,-0.000365129389267947,35.58510294982365,2.5538693630979177
30,ppo_gmm,ppo,gaussian,8,-104.64864643029286,11.995039897966677,104.64864643029286,7.179328918457031,7.099180221557617,5.558095932006836,5.14385986328125,2.220446049250313e-15,-104.96779695919953,104.96779695919953,8.881784197001252e-16,,,0.0,-0.001058149572816633,33.81192693256197,2.5431046869073595
31,ppo_gmm,ppo,gaussian,8,-103.86344996898083,10.238565974243885,103.86344996898083,5.965306758880615,7.823188304901123,5.558095932006836,5.14385986328125,1.3322676295501878e-15,-103.62239571457796,103.62239571457796,1.1102230246251565e-15,,,0.0,-0.0012584950725015784,32.76603785582951,2.533314804945673
32,ppo_gmm,ppo,gaussian,8,-102.90816367065989,7.849279412294573,102.90816367065989,7.650805473327637,7.710835933685303,5.558095932006836,5.14385986328125,1.7763568394002505e-15,-102.48699370581498,102.48699370581498,1.1102230246251565e-15,,,0.0,0.0004494945723785176,31.74728533199855,2.523398512176105
33,ppo_gmm,ppo,gaussian,8,-103.56713069386717,9.505112577575984,103.56713069386717,8.268508911132812,7.178089618682861,5.558095932006836,5.14385986328125,1.3322676295501878e-15,-103.8728910004009,103.8728910004009,8.881784197001252e-16,,,0.0,-0.00021197558436099263,31.751788610503787,2.517977850777762
34,ppo_gmm,ppo,gaussian,8,-100.6121862215688,9.503558798171541,100.6121862215688,6.967695236206055,5.654159069061279,5.558095932006836,5.14385986328125,1.7763568394002505e-15,-102.46706383404303,102.46706383404303,1.1102230246251565e-15,,,0.0,0.0009177271498455888,29.833013568605697,2.5136915360178267
35,ppo_gmm,ppo,gaussian,8,-103.01133125863004,11.497109514440659,103.01133125863004,7.452770233154297,6.504905700683594,5.558095932006836,5.14385986328125,1.3322676295501878e-15,-104.64014408908733,104.64014408908733,8.881784197001252e-16,,,0.0,-0.003053168559701936,31.343631960096815,2.5081638246774673
36,ppo_gmm,ppo,gaussian,8,-102.71965059100995,10.055560999087398,102.71965059100995,8.382340431213379,8.76098346710205,5.558095932006836,5.14385986328125,1.7763568394002505e-15,-103.02337204424555,103.02337204424555,8.881784197001252e-16,,,0.0,0.0010498337616722676,30.726006513550168,2.5009745132355463
37,ppo_gmm,ppo,gaussian,8,-103.57883414898535,11.300889883420346,103.57883414898535,6.338135242462158,7.7606964111328125,5.558095932006836,5.14385986328125,2.220446049250313e-15,-103.25017959548347,103.25017959548347,1.1102230246251565e-15,,,0.0,0.0006409116391469503,30.920898443176632,2.4929919959533784
38,ppo_gmm,ppo,gaussian,8,-104.37649123786215,9.794120088334825,104.37649123786215,7.2617878913879395,7.875249862670898,5.558095932006836,5.14385986328125,1.3322676295501878e-15,-103.02158745759144,103.02158745759144,8.881784197001252e-16,,,0.0,-0.00015295639223906967,31.4854409240541,2.486238261773473
39,ppo_gmm,ppo,gaussian,8,-105.22178171374242,11.17300840513945,105.22178171374242,6.944838523864746,9.465259552001953,5.558095932006836,5.14385986328125,1.7763568394002505e-15,-101.16887166891982,101.16887166891982,8.881784197001252e-16,,,0.0,0.0004431222665256688,31.92210582324437,2.479720259706179
40,ppo_gmm,ppo,gaussian,8,-104.76136012503538,9.447026204688493,104.76136012503538,7.199380874633789,7.675589084625244,5.558095932006836,5.14385986328125,1.7763568394002505e-15,-100.5666422314815,100.5666422314815,1.1102230246251565e-15,,,0.0,-0.0002809760182918537,31.052764989080885,2.473725994427999
41,ppo_gmm,ppo,gaussian,8,-102.93129280139809,10.001550628621036,102.93129280139809,6.893500804901123,6.490056991577148,5.558095932006836,5.14385986328125,1.3322676295501878e-15,-101.71473780297566,101.71473780297566,1.1102230246251565e-15,,,0.0,-0.00020985385136944906,29.400965253512066,2.4656350924855186
42,ppo_gmm,ppo,gaussian,8,-104.7896224560843,8.86639721488544,104.7896224560843,5.779115676879883,7.127872467041016,5.558095932006836,5.14385986328125,2.6645352591003757e-15,-103.57466010676285,103.57466010676285,8.881784197001252e-16,,,0.0,-0.0010148458642929438,30.43955727985927,2.4627259018875303
43,ppo_gmm,ppo,gaussian,8,-100.76287370549053,10.459879836607005,100.76287370549053,7.029520034790039,6.091129302978516,5.558095932006836,5.14385986328125,8.881784197001252e-16,-100.99902957056858,100.99902957056858,1.1102230246251565e-15,,,0.0,-0.0005262120200010637,27.706745499656314,2.4581101494176045
44,ppo_gmm,ppo,gaussian,8,-105.33910982758188,6.451674347391928,105.33910982758188,6.247228622436523,9.008747100830078,5.558095932006836,5.14385986328125,1.7763568394002505e-15,-101.72815988734189,101.72815988734189,1.1102230246251565e-15,,,0.0,0.0006704919145531243,30.506354070845106,2.4517455193258466
45,ppo_gmm,ppo,gaussian,8,-103.0725786959409,8.893631015886688,103.0725786959409,6.3041582107543945,7.657223701477051,5.558095932006836,5.14385986328125,1.3322676295501878e-15,-103.25564948991399,103.25564948991399,1.1102230246251565e-15,,,0.0,-0.0003588768553787044,29.037180667831784,2.4466278851032257
46,ppo_gmm,ppo,gaussian,8,-102.91040583344805,9.574581093160573,102.91040583344805,6.741487503051758,7.591257095336914,5.558095932006836,5.14385986328125,1.3322676295501878e-15,-101.37462151935173,101.37462151935173,8.881784197001252e-16,,,0.0,0.0005426740944607272,28.556500996862137,2.443813526204654
47,ppo_gmm,ppo,gaussian,8,-104.94154550596826,7.955533885069591,104.94154550596826,6.459753036499023,6.6344499588012695,5.558095932006836,5.14385986328125,1.3322676295501878e-15,-102.8419275733115,102.8419275733115,1.1102230246251565e-15,,,0.0,0.00036873907915183475,29.698269906498137,2.4411107067550932
48,ppo_gmm,ppo,gaussian,8,-105.04649401116798,11.082094626749367,105.04649401116798,5.5011305809021,8.937655448913574,5.558095932006836,5.14385986328125,1.3322676295501878e-15,-103.83296014007433,103.83296014007433,8.881784197001252e-16,,,0.0,0.0006832556959818161,29.839679649897985,2.4379415128912245
49,ppo_gmm,ppo,gaussian,8,-105.90787832845446,7.066812592199094,105.90787832845446,6.65024471282959,9.361809730529785,5.558095932006836,5.14385986328125,1.3322676295501878e-15,-103.39409118269657,103.39409118269657,8.881784197001252e-16,,,0.0,8.674519180896736e-05,29.841786969275702,2.4331291367610297
50,ppo_gmm,ppo,gaussian,8,-102.8003977323887,7.5092530116375675,102.8003977323887,6.6387739181518555,6.844456672668457,5.558095932006836,5.14385986328125,1.3322676295501878e-15,-103.66659649702865,103.66659649702865,8.881784197001252e-16,,,0.0,-0.0009616584533692471,27.363607338496617,2.426528438216164
51,ppo_gmm,ppo,gaussian,8,-101.51538116015473,10.659778601592116,101.51538116015473,6.384587287902832,6.435092926025391,5.558995723724365,5.142960071563721,1.7763568394002505e-15,-105.58817623779817,105.58817623779817,1.1102230246251565e-15,-0.42045867443084717,7.883610725402832,0.0,-0.00038932991724106527,26.565094260942367,2.423928059282757
52,ppo_gmm,ppo,gaussian,8,-107.03391324635525,10.539027172626753,107.03391324635525,6.628617286682129,8.380130767822266,6.361769199371338,13.291475296020508,1.3322676295501878e-15,-105.15368082877067,105.15368082877067,8.881784197001252e-16,-0.31325244903564453,8.15303897857666,0.0,0.00037495768074655817,30.258317425137474,2.420180912528719
53,ppo_gmm,ppo,gaussian,8,-105.83508647244611,9.353677091992738,105.83508647244611,7.467158317565918,9.600614547729492,6.362512111663818,13.29057788848877,1.7763568394002505e-15,-105.63089880544987,105.63089880544987,8.881784197001252e-16,-0.27370303869247437,8.139331817626953,0.0,0.0008848140617677321,29.31297772838956,2.4172219463757108
54,ppo_gmm,ppo,gaussian,8,-103.67793224925852,9.452738255053445,103.67793224925852,6.771940231323242,8.155845642089844,6.362878322601318,13.289691925048828,1.3322676295501878e-15,-102.33929906274764,102.33929906274764,1.1102230246251565e-15,-0.25729310512542725,7.777920722961426,0.0,-0.0002682876712199123,27.421316351209367,2.4127734998861947
55,ppo_gmm,ppo,gaussian,8,-103.47730236409248,6.668819874321581,103.47730236409248,7.563473701477051,7.939918518066406,6.363349914550781,13.288851737976074,1.3322676295501878e-15,-106.06117399658947,106.06117399658947,8.881784197001252e-16,-0.31725966930389404,8.17324447631836,0.0,-0.0003569468251606893,26.993481074060714,2.4074600771779107
56,ppo_gmm,ppo,gaussian,8,-101.51587909725626,8.207294843232368,101.51587909725626,7.57798957824707,7.597228527069092,6.363755702972412,13.288129806518555,1.7763568394002505e-15,-100.05148508207428,100.05148508207428,8.881784197001252e-16,-0.16376984119415283,7.668780326843262,0.0,0.0005178251220578593,25.971414520626976,2.4054006103958403
57,ppo_gmm,ppo,gaussian,8,-107.01930098894016,12.001848471573608,107.01930098894016,7.134793758392334,10.313963890075684,6.364008903503418,13.287444114685059,1.7763568394002505e-15,-103.73067545041052,103.73067545041052,8.881784197001252e-16,-0.5484428405761719,8.029533386230469,0.0,0.0011538902596969689,29.582041189784096,2.4021538297335305
58,ppo_gmm,ppo,gaussian,8,-102.95439229284497,8.95222732711327,102.95439229284497,6.942919731140137,7.642016410827637,6.364259719848633,13.286727905273438,1.3322676295501878e-15,-102.29234626891127,102.29234626891127,8.881784197001252e-16,-0.4010053873062134,8.140937805175781,0.0,0.00021130565853257264,26.38555769693284,2.398823291772888
59,ppo_gmm,ppo,gaussian,8,-104.74142995927629,7.875370224656461,104.74142995927629,6.204689979553223,7.999846458435059,6.364453315734863,13.286052703857422,1.3322676295501878e-15,-103.55523115646042,103.55523115646042,1.1102230246251565e-15,-0.256287157535553,7.760038375854492,0.0,0.0004714034952311998,27.269203157651994,2.395914918610028
60,ppo_gmm,ppo,gaussian,8,-100.17663649185724,8.80982291660691,100.17663649185724,7.852997779846191,7.164332389831543,6.364819049835205,13.285346031188965,1.3322676295501878e-15,-101.03588714044388,101.03588714044388,8.881784197001252e-16,-0.21251648664474487,7.649352073669434,0.0,-0.00109986306328903,24.244504088447208,2.3916595734301067
61,ppo_gmm,ppo,gaussian,8,-102.95185198941988,10.577541575824382,102.95185198941988,7.333257675170898,9.147180557250977,6.365164279937744,13.28461742401123,1.3322676295501878e-15,-101.70139984656711,101.70139984656711,1.1102230246251565e-15,-0.19021423161029816,7.75128173828125,0.0,0.00026799024393161136,25.945114345777604,2.3888175870691026
62,ppo_gmm,ppo,gaussian,8,-103.8494289012254,11.582916559078877,103.8494289012254,6.8456525802612305,9.246505737304688,6.365508079528809,13.28388786315918,1.7763568394002505e-15,-101.91646586348504,101.91646586348504,8.881784197001252e-16,-0.038287580013275146,8.227924346923828,0.0,-0.0019658842550901077,26.630733631906054,2.387434028443836
63,ppo_gmm,ppo,gaussian,8,-100.72936750438012,7.039633103924194,100.72936750438012,7.807683944702148,6.841342449188232,6.365725040435791,13.283278465270996,2.220446049250313e-15,-100.47888808936113,100.47888808936113,1.1102230246251565e-15,-0.00806841254234314,7.714635848999023,0.0,-0.002276881234831221,24.100422195025853,2.377430475893475
64,ppo_gmm,ppo,gaussian,8,-104.8424279225258,9.556599156992277,104.8424279225258,7.536849021911621,8.934564590454102,6.875674724578857,3.045954465866089,1.3322676295501878e-15,-103.46339630836168,103.46339630836168,1.1102230246251565e-15,-0.3178679943084717,7.998776912689209,0.0,0.00018897942832804153,26.816735965865,2.373619467020035
65,ppo_gmm,ppo,gaussian,8,-103.44711817208709,10.552446607570321,103.44711817208709,7.185830593109131,8.569344520568848,6.875750541687012,3.0452141761779785,1.1102230246251565e-15,-104.06633387404565,104.06633387404565,1.1102230246251565e-15,-0.5552927851676941,8.045063018798828,0.0,0.000379238301233965,25.84043368271419,2.370714707033975
66,ppo_gmm,ppo,gaussian,8,-100.01990077730463,7.840765754096132,100.01990077730463,7.580770492553711,7.493626594543457,6.875901222229004,3.0444793701171875,1.3322676295501878e-15,-101.03557330113637,101.03557330113637,1.1102230246251565e-15,0.024565517902374268,7.481037616729736,0.0,-0.00031222364244361717,23.471825327192033,2.3703979338918413
67,ppo_gmm,ppo,gaussian,8,-102.24617655679944,8.42127859279059,102.24617655679944,6.1335649490356445,7.0398712158203125,6.876131057739258,3.0437166690826416,1.3322676295501878e-15,-105.70246709387263,105.70246709387263,8.881784197001252e-16,-0.12780502438545227,7.702359199523926,0.0,0.0012772029287935723,24.570828840846108,2.367990110601698
68,ppo_gmm,ppo,gaussian,8,-103.4496116174524,9.081877600043752,103.4496116174524,6.818142414093018,7.092412948608398,6.876394748687744,3.0429575443267822,1.3322676295501878e-15,-105.74993681234517,105.74993681234517,8.881784197001252e-16,-0.2652284801006317,7.97994327545166,0.0,0.0003272996067867747,24.8637938556217,2.365032594828379
69,ppo_gmm,ppo,gaussian,8,-103.93593793803325,9.57166768435331,103.93593793803325,7.236532688140869,8.947443962097168,6.876599311828613,3.042210817337036,1.3322676295501878e-15,-104.08143182135514,104.08143182135514,1.1102230246251565e-15,-0.5428879261016846,7.695070743560791,0.0,7.838938230027755e-05,25.86877601487296,2.3623383392890296
70,ppo_gmm,ppo,gaussian,8,-106.13504147321004,9.310546734682294,106.13504147321004,6.217960357666016,7.946005821228027,6.876755237579346,3.04146409034729,1.3322676295501878e-15,-105.70191452031949,105.70191452031949,8.881784197001252e-16,-0.3634296655654907,7.906737804412842,0.0,0.0010830565921163984,26.859960720652627,2.359868742880367
71,ppo_gmm,ppo,gaussian,8,-104.13708760055852,8.463625017636367,104.13708760055852,6.1003947257995605,8.50127124786377,6.876934051513672,3.040757417678833,1.3322676295501878e-15,-101.66182622121792,101.66182622121792,8.881784197001252e-16,-0.14479026198387146,7.872808456420898,0.0,0.00044789099289725226,25.571684405917214,2.3618705109471367
72,ppo_gmm,ppo,gaussian,8,-102.71577845900052,9.446033200626877,102.71577845900052,6.525957107543945,7.198822975158691,6.877345561981201,3.0400705337524414,1.1102230246251565e-15,-103.80449237628605,103.80449237628605,1.1102230246251565e-15,-0.44199883937835693,7.892783164978027,0.0,0.00022794842343067839,24.718562438374473,2.3612900163446153
73,ppo_gmm,ppo,gaussian,8,-99.9616717849078,8.281737008892785,99.9616717849078,7.485774993896484,5.912147521972656,6.877708911895752,3.0394628047943115,1.1102230246251565e-15,-103.3423503652365,103.3423503652365,8.881784197001252e-16,0.21845030784606934,7.911484241485596,0.0,0.0005433495611041075,23.044110133534385,2.3590002875952494
74,ppo_gmm,ppo,gaussian,8,-102.04044490449891,9.306763378822257,102.04044490449891,8.387800216674805,8.41053295135498,6.878047943115234,3.038830518722534,2.220446049250313e-15,-101.2846328193558,101.2846328193558,1.1102230246251565e-15,-0.2051648497581482,7.713207244873047,0.0,0.0007954055631888055,23.508293787638348,2.3592170100836527
75,ppo_gmm,ppo,gaussian,8,-104.15259101856302,8.63347108960062,104.15259101856302,7.7742085456848145,9.12142562866211,6.878288745880127,3.0382113456726074,1.3322676295501878e-15,-106.81134017275814,106.81134017275814,1.1102230246251565e-15,-0.28759390115737915,8.075759887695312,0.0,0.00034131302631327083,24.671282575243996,2.359133320195334
76,ppo_gmm,ppo,gaussian,8,-103.98805420237898,7.742785747235497,103.98805420237898,7.423478126525879,8.156551361083984,6.878669738769531,3.0375397205352783,1.3322676295501878e-15,-104.02842430145691,104.02842430145691,1.1102230246251565e-15,0.06022647023200989,7.54080057144165,0.0,0.0005124878870057208,24.925315771784103,2.3584819528318586
77,ppo_gmm,ppo,gaussian,8,-103.21251101130609,9.064127890646821,103.21251101130609,6.771992206573486,7.463940143585205,6.879027366638184,3.0368592739105225,1.3322676295501878e-15,-105.79820171733462,105.79820171733462,8.881784197001252e-16,-0.2648722231388092,7.957688331604004,0.0,-0.0003866803273835796,24.366050578299024,2.356425642257645
78,ppo_gmm,ppo,gaussian,8,-103.82691655346113,8.924316814859864,103.82691655346113,6.729479789733887,9.357276916503906,6.879505157470703,3.036249876022339,1.1102230246251565e-15,-102.8904427265577,102.8904427265577,1.1102230246251565e-15,-0.04850202798843384,8.081068992614746,0.0,0.0013428084092170355,24.67227512314206,2.3558288393985656
79,ppo_gmm,ppo,gaussian,8,-102.74139756394746,8.829570895657564,102.74139756394746,7.2017364501953125,8.396648406982422,6.879975318908691,3.0356051921844482,8.881784197001252e-16,-102.74847280056508,102.74847280056508,8.881784197001252e-16,-0.03576377034187317,7.760864734649658,0.0,0.0002027459448159096,24.155039253688994,2.354688274008887
80,ppo_gmm,ppo,gaussian,8,-101.56288324095227,7.437852492437087,101.56288324095227,7.355589389801025,7.75487756729126,6.880435943603516,3.0349583625793457,8.881784197001252e-16,-104.94859948101785,104.94859948101785,8.881784197001252e-16,-0.40914827585220337,7.791285037994385,0.0,-0.0002783187720481129,22.966695337068465,2.354509105285009
81,ppo_gmm,ppo,gaussian,8,-106.01133061305734,10.011623584944573,106.01133061305734,7.116466999053955,8.111445426940918,6.880903720855713,3.0342326164245605,1.3322676295501878e-15,-101.0994080669976,101.0994080669976,1.1102230246251565e-15,0.02830672264099121,8.079109191894531,0.0,-0.001958192886030745,25.982789079348247,2.353141480968112
82,ppo_gmm,ppo,gaussian,8,-103.18118716279375,9.683297848657588,103.18118716279375,6.671647548675537,7.577719688415527,6.881364345550537,3.0335850715637207,1.1102230246251565e-15,-104.21806761410626,104.21806761410626,1.1102230246251565e-15,-0.26199451088905334,7.846607208251953,0.0,0.0007468883912744266,23.520258551552182,2.3480502594084967
83,ppo_gmm,ppo,gaussian,8,-103.04953994542149,8.932556061258605,103.04953994542149,7.221713066101074,7.977980136871338,6.881834506988525,3.032909870147705,1.3322676295501878e-15,-101.81097566378689,101.81097566378689,1.1102230246251565e-15,-0.06781232357025146,7.873345375061035,0.0,0.00042293366000411057,23.747497530210588,2.3422581276723315
84,ppo_gmm,ppo,gaussian,8,-103.58494778019005,10.117097210219372,103.58494778019005,7.581293106079102,7.5038652420043945,6.882360458374023,3.0322835445404053,1.1102230246251565e-15,-103.55327639851015,103.55327639851015,8.881784197001252e-16,-0.28382107615470886,7.960333824157715,0.0,-0.0008818283843408738,23.98136028221675,2.340745563308398
85,ppo_gmm,ppo,gaussian,8,-100.3481995527323,8.854682346841168,100.3481995527323,7.148824214935303,6.640169143676758,6.882899284362793,3.0316905975341797,1.3322676295501878e-15,-103.9202023248292,103.9202023248292,8.881784197001252e-16,-0.12169736623764038,7.912054061889648,0.0,0.0005150684682164519,22.638536436217173,2.3435361307291758
86,ppo_gmm,ppo,gaussian,8,-102.29421217463869,9.86442751146383,102.29421217463869,5.962331771850586,6.7391276359558105,6.883443355560303,3.0311079025268555,8.881784197001252e-16,-104.67540124088247,104.67540124088247,1.1102230246251565e-15,-0.29129844903945923,8.063985824584961,0.0,-0.0002595260129531934,23.13046109108698,2.3457012325525284
87,ppo_gmm,ppo,gaussian,8,-102.77131173442444,9.190584648657993,102.77131173442444,7.907000541687012,7.708207130432129,6.884066581726074,3.0304341316223145,1.3322676295501878e-15,-103.15216728845152,103.15216728845152,8.881784197001252e-16,-0.2225121706724167,8.192386627197266,0.0,-0.00031160766264379377,23.46741584936778,2.3418460183200382
88,ppo_gmm,ppo,gaussian,8,-101.25912603490504,8.397812632548243,101.25912603490504,7.407977104187012,7.094648361206055,6.88466739654541,3.029792547225952,1.1102230246251565e-15,-105.44005202971961,105.44005202971961,1.1102230246251565e-15,-0.3377035856246948,7.870389938354492,0.0,7.809457297082103e-05,23.077072251410712,2.3383507976929345
89,ppo_gmm,ppo,gaussian,8,-106.42062356163112,8.0136859926935,106.42062356163112,6.4809651374816895,7.946521759033203,6.88531494140625,3.0292611122131348,1.1102230246251565e-15,-103.22843008117056,103.22843008117056,8.881784197001252e-16,-0.21445903182029724,7.632820129394531,0.0,0.0005824378001437123,24.816310956364585,2.3410839211373102
90,ppo_gmm,ppo,gaussian,8,-104.34037032221306,10.125267788207823,104.34037032221306,6.524611473083496,10.459607124328613,6.8859052658081055,3.02875018119812,1.3322676295501878e-15,-101.06599840859356,101.06599840859356,1.1102230246251565e-15,-0.5765348672866821,7.849322319030762,0.0,-0.0009848156339666318,24.057283350399562,2.3408665359020233
91,ppo_gmm,ppo,gaussian,8,-103.9036842482164,8.514209959316391,103.9036842482164,6.9382524490356445,8.039411544799805,6.886587619781494,3.0282602310180664,1.3322676295501878e-15,-101.85526988434322,101.85526988434322,1.1102230246251565e-15,-0.1697700023651123,8.167648315429688,0.0,0.0007405080333618182,23.761019922438123,2.3400601049264274
92,ppo_gmm,ppo,gaussian,8,-104.25269677558697,9.742902906828043,104.25269677558697,7.348580837249756,8.075589179992676,6.88716459274292,3.0277843475341797,1.3322676295501878e-15,-105.24248353431506,105.24248353431506,1.1102230246251565e-15,-0.3326966166496277,8.010132789611816,0.0,-5.3274708556100015e-05,23.754522959391277,2.3376448360227404
93,ppo_gmm,ppo,gaussian,8,-106.7812537150881,10.157218409490383,106.7812537150881,6.0068511962890625,8.077398300170898,6.887726306915283,3.0272886753082275,8.881784197001252e-16,-100.88870838321985,100.88870838321985,1.1102230246251565e-15,-0.2590750455856323,7.963615417480469,0.0,-0.0017532713772241203,25.30453335671198,2.334191408895311
94,ppo_gmm,ppo,gaussian,8,-101.0506124702043,8.11733372048389,101.0506124702043,7.535257339477539,6.637794017791748,6.888291835784912,3.026780843734741,1.3322676295501878e-15,-106.48509181341188,106.48509181341188,8.881784197001252e-16,-0.05986383557319641,7.648332595825195,0.0,-0.0002773213366578732,22.320709781987325,2.3320033777327764
95,ppo_gmm,ppo,gaussian,8,-102.40622082430808,9.361705097654452,102.40622082430808,6.842271327972412,7.316643714904785,6.888792514801025,3.026294469833374,8.881784197001252e-16,-100.47531098471535,100.47531098471535,8.881784197001252e-16,0.028133153915405273,7.729978561401367,0.0,0.0003657721542930674,23.55099624679202,2.332287934564409
96,ppo_gmm,ppo,gaussian,8,-104.74249928060145,10.43774678376833,104.74249928060145,6.779993057250977,8.358017921447754,6.889285087585449,3.025790214538574,1.7763568394002505e-15,-102.7609507989327,102.7609507989327,1.1102230246251565e-15,-0.10637280344963074,7.5079874992370605,0.0,-0.00011855449771419877,24.706876141684397,2.326645558788663
97,ppo_gmm,ppo,gaussian,8,-101.94497863516176,9.089321951341633,101.94497863516176,6.632294178009033,6.691686153411865,6.889773368835449,3.0253143310546875,1.3322676295501878e-15,-104.35882324738192,104.35882324738192,1.1102230246251565e-15,-0.15912207961082458,7.9495744705200195,0.0,-0.00010204959350327651,22.897582210245588,2.3193114754699526
98,ppo_gmm,ppo,gaussian,8,-105.65746024252523,11.160560389863184,105.65746024252523,6.338878154754639,9.853405952453613,6.890224456787109,3.024820327758789,8.881784197001252e-16,-104.44602994083736,104.44602994083736,1.1102230246251565e-15,-0.5672907829284668,7.98673677444458,0.0,0.0010948581925948105,24.64105673063369,2.314731151575134
99,ppo_gmm,ppo,gaussian,8,-99.65802753696656,8.629010123654567,99.65802753696656,6.914500713348389,6.240715980529785,6.890707969665527,3.0241730213165283,1.7763568394002505e-15,-107.89894941320766,107.89894941320766,8.881784197001252e-16,-0.14292168617248535,7.736710548400879,0.0,0.0008437884444858701,22.047615380514237,2.310670638368243
100,ppo_gmm,ppo,gaussian,4,-100.94460819099291,9.586000394273057,100.94460819099291,6.864466667175293,6.86407470703125,6.89127254486084,3.0235257148742676,1.3322676295501878e-15,-100.3067662352634,100.3067662352634,8.881784197001252e-16,-0.540108859539032,7.987593650817871,0.0,0.0010090132127515972,22.407525482631865,2.3067537936426343
101,ppo_gmm,ppo,gaussian,4,-100.32908629458677,10.617826789580167,100.32908629458677,8.178384780883789,6.929560661315918,6.892072677612305,3.022725820541382,1.7763568394002505e-15,-102.0683466735929,102.0683466735929,8.881784197001252e-16,-0.6002803444862366,7.306455135345459,0.0,0.0012352288440091624,22.06673859698432,2.3009445596308935
102,ppo_gmm,ppo,gaussian,4,-99.34141703535379,8.043744812547756,99.34141703535379,7.7600321769714355,5.507541656494141,6.892653465270996,3.021934747695923,8.881784197001252e-16,-102.80639055180626,102.80639055180626,8.881784197001252e-16,-0.13124075531959534,7.073667049407959,0.0,-0.0012711101943360908,21.554121406305406,2.2960721296923503
103,ppo_gmm,ppo,gaussian,4,-98.9928412060381,8.167387507289845,98.9928412060381,7.197979927062988,4.4750657081604,6.893147945404053,3.0211827754974365,8.881784197001252e-16,-99.67957430839499,99.67957430839499,8.881784197001252e-16,-0.41047924757003784,7.11531400680542,0.0,0.001132282245505069,21.81086561793373,2.29311935319787
104,ppo_gmm,ppo,gaussian,4,-99.54287795241557,8.318239146579758,99.54287795241557,9.011911392211914,5.7578582763671875,6.8936662673950195,3.020430564880371,1.3322676295501878e-15,-104.34661129232434,104.34661129232434,1.1102230246251565e-15,-0.2934596836566925,7.2989959716796875,0.0,-0.0013509244253371087,21.913095854577563,2.288630178286916
105,ppo_gmm,ppo,gaussian,4,-98.39605171011132,6.898739673486783,98.39605171011132,7.8301496505737305,4.555296421051025,6.894150733947754,3.019674062728882,1.1102230246251565e-15,-99.29399074915219,99.29399074915219,8.881784197001252e-16,-0.1750161349773407,7.11225700378418,0.0,-6.713415496051311e-05,21.416422100294206,2.285910289911997
106,ppo_gmm,ppo,gaussian,4,-102.87561149598824,7.132425258059707,102.87561149598824,7.252649784088135,5.674030303955078,6.894733428955078,3.0189433097839355,8.881784197001252e-16,-101.3068973073475,101.3068973073475,1.1102230246251565e-15,-0.21125304698944092,7.311269760131836,0.0,0.0008864185268369814,23.29485735155287,2.285221095596041
107,ppo_gmm,ppo,gaussian,4,-100.83014210327494,7.83550435823022,100.83014210327494,7.8044891357421875,5.520030975341797,6.8953728675842285,3.0181922912597656,1.5543122344752192e-15,-101.64791462583175,101.64791462583175,1.1102230246251565e-15,0.22036442160606384,6.957685470581055,0.0,-0.0005908428145284276,22.285078607854388,2.2827738097735812
108,ppo_gmm,ppo,gaussian,4,-101.74626583527325,9.09742532046443,101.74626583527325,7.510533332824707,6.237695217132568,6.8959760665893555,3.017456531524658,1.3322676295501878e-15,-99.00516002483803,99.00516002483803,1.1102230246251565e-15,-0.36594417691230774,6.970868110656738,0.0,-0.000823396119466495,23.30239662386122,2.2803021321694055
109,ppo_gmm,ppo,gaussian,4,-98.55527844907178,7.340298636641322,98.55527844907178,7.852603912353516,5.174895286560059,6.896586894989014,3.016752243041992,1.1102230246251565e-15,-99.83488888328768,99.83488888328768,8.881784197001252e-16,-0.5132607221603394,7.319243907928467,0.0,-0.00035651313096639656,21.72975151027952,2.2793413131009963
110,ppo_gmm,ppo,gaussian,4,-101.61603656064645,10.011852855114425,101.61603656064645,6.2012939453125,5.834875583648682,6.89720344543457,3.0160765647888184,1.3322676295501878e-15,-102.02529807741755,102.02529807741755,8.881784197001252e-16,-0.6938319802284241,7.524532318115234,0.0,0.001145049771626613,23.369007828689757,2.2786994640316283
111,ppo_gmm,ppo,gaussian,4,-97.96145463428158,8.192445529829566,97.96145463428158,8.256567001342773,4.842087745666504,6.897836685180664,3.0153727531433105,1.1102230246251565e-15,-99.66296575852175,99.66296575852175,1.1102230246251565e-15,-0.3068874776363373,7.022336483001709,0.0,0.0002787122004000204,21.63767562309901,2.276317787312326
112,ppo_gmm,ppo,gaussian,4,-98.81130169137147,7.3432743203032995,98.81130169137147,7.544656276702881,6.421799659729004,6.898367881774902,3.0146734714508057,1.1102230246251565e-15,-103.43033903651252,103.43033903651252,1.1102230246251565e-15,-0.6583315134048462,7.07505989074707,0.0,0.0012206597076285454,21.9297819790386,2.27457048140821
113,ppo_gmm,ppo,gaussian,4,-99.2488591675297,7.588192463260846,99.2488591675297,7.1397833824157715,5.190059661865234,6.89878511428833,3.0139715671539307,1.1102230246251565e-15,-100.89145679066684,100.89145679066684,8.881784197001252e-16,-0.0737966001033783,7.081442832946777,0.0,-0.0012315579556993075,22.982715864976246,2.271909792508398
114,ppo_gmm,ppo,gaussian,4,-101.51411525582515,7.397291665113224,101.51411525582515,6.81010103225708,4.6127214431762695,6.899292469024658,3.0133256912231445,1.1102230246251565e-15,-101.05167826400293,101.05167826400293,8.881784197001252e-16,-0.2663653492927551,7.459333896636963,0.0,-0.0005944049057905518,22.63876037370591,2.2731730604455587
115,ppo_gmm,ppo,gaussian,4,-102.30411851285251,7.735329051477769,102.30411851285251,7.865589141845703,7.991067886352539,6.899880409240723,3.0126707553863525,1.3322676295501878e-15,-102.0135937004247,102.0135937004247,8.881784197001252e-16,-0.4221656322479248,7.136422634124756,0.0,0.000316420362131404,23.719882471220835,2.2735426184676943
116,ppo_gmm,ppo,gaussian,4,-100.95241689616029,7.032876881437598,100.95241689616029,8.71327018737793,6.8227972984313965,6.900501251220703,3.0120038986206055,1.1102230246251565e-15,-102.76726481534169,102.76726481534169,1.1102230246251565e-15,-0.3839719593524933,7.016084671020508,0.0,-0.000429992604213545,22.821402192115784,2.269546118520555
117,ppo_gmm,ppo,gaussian,4,-99.59254996889172,7.5957294147992505,99.59254996889172,8.926400184631348,5.812288284301758,6.900954246520996,3.0112991333007812,1.1102230246251565e-15,-101.56415360901559,101.56415360901559,8.881784197001252e-16,-0.347587525844574,7.2200117111206055,0.0,6.556679173150943e-05,22.695291703655606,2.2658574063153494
118,ppo_gmm,ppo,gaussian,4,-99.2133142465901,7.404582058239171,99.2133142465901,7.597423076629639,5.861217498779297,6.901354789733887,3.0105905532836914,1.1102230246251565e-15,-99.69333052359437,99.69333052359437,8.881784197001252e-16,-0.2162831425666809,6.90440559387207,0.0,0.0005789907244477598,22.721404595034464,2.2651618740388324
119,ppo_gmm,ppo,gaussian,4,-99.47911076173432,7.125653281094798,99.47911076173432,7.541372299194336,5.3356781005859375,6.901743412017822,3.0098650455474854,1.3322676295501878e-15,-102.65510248319146,102.65510248319146,8.881784197001252e-16,-0.3297984302043915,7.316252708435059,0.0,0.00013574840877914713,22.685841705117905,2.2630931373153413
120,ppo_gmm,ppo,gaussian,4,-100.55099750435312,7.0130286390418135,100.55099750435312,7.981650352478027,5.994082450866699,6.902109622955322,3.009209156036377,1.1102230246251565e-15,-98.24604769402634,98.24604769402634,1.1102230246251565e-15,-0.11698931455612183,6.893716812133789,0.0,-0.0014777164462776412,22.62971938224066,2.2590941857723963
121,ppo_gmm,ppo,gaussian,4,-98.96569994609291,7.616852890157195,98.96569994609291,7.660079479217529,5.2950873374938965,6.902548789978027,3.0085411071777344,1.3322676295501878e-15,-100.4388647861557,100.4388647861557,8.881784197001252e-16,-0.16862469911575317,7.099595546722412,0.0,-0.0006406968487204896,22.4894124014037,2.254508498878706
122,ppo_gmm,ppo,gaussian,4,-99.60711038442696,6.102735948515111,99.60711038442696,7.954523086547852,6.141637802124023,6.9029388427734375,3.007964611053467,8.881784197001252e-16,-100.75080594826787,100.75080594826787,8.881784197001252e-16,-0.2192380428314209,7.313401222229004,0.0,-0.00020323758335074498,23.19306152207511,2.2514839874846593
123,ppo_gmm,ppo,gaussian,4,-98.90860286913647,5.475005702160516,98.90860286913647,8.202279090881348,4.89749813079834,6.903280258178711,3.0074045658111572,1.1102230246251565e-15,-101.56856632106447,101.56856632106447,8.881784197001252e-16,-0.34658369421958923,7.047496795654297,0.0,-0.0002702534049084144,22.499576872303372,2.247635128952208
124,ppo_gmm,ppo,gaussian,4,-99.61151590594483,6.73695171032993,99.61151590594483,8.322325706481934,5.729652404785156,6.903692722320557,3.0067851543426514,1.1102230246251565e-15,-101.42859613647998,101.42859613647998,1.1102230246251565e-15,-0.2760296165943146,7.0396037101745605,0.0,8.653118995772231e-05,23.04303336711157,2.2430827702794756
125,ppo_gmm,ppo,gaussian,4,-100.12775276869678,7.249620735559425,100.12775276869678,8.087010383605957,5.661281585693359,6.904079437255859,3.006220817565918,1.7763568394002505e-15,-102.30335881246647,102.30335881246647,1.1102230246251565e-15,-0.2300923466682434,7.094874858856201,0.0,-0.0011217318394864421,23.43783754394168,2.2428835162094662
126,ppo_gmm,ppo,gaussian,4,-98.52023023225402,6.9828795726093995,98.52023023225402,7.87681770324707,6.34976863861084,6.90419340133667,3.0055925846099854,1.1102230246251565e-15,-101.87224927941494,101.87224927941494,1.1102230246251565e-15,-0.2579319477081299,7.201600074768066,0.0,0.000320432555218715,22.938326548962365,2.2446929734377634
127,ppo_gmm,ppo,gaussian,4,-101.2330490377712,8.68156794183085,101.2330490377712,8.320635795593262,4.606754779815674,6.904354572296143,3.0049891471862793,1.1102230246251565e-15,-99.93568292974948,99.93568292974948,1.1102230246251565e-15,-0.09876507520675659,7.360692024230957,0.0,-0.0008619225409347564,24.63182275352024,2.243738651985214
128,ppo_gmm,ppo,gaussian,4,-98.50653379722547,7.300745999127398,98.50653379722547,8.48333740234375,4.569982528686523,6.904489040374756,3.004379987716675,8.881784197001252e-16,-102.04330866362783,102.04330866362783,1.1102230246251565e-15,0.055071890354156494,7.1985979080200195,0.0,-0.00036324651279885856,22.783537657487962,2.2425703512770787
129,ppo_gmm,ppo,gaussian,4,-101.69286405326368,7.847150385527675,101.69286405326368,7.41876220703125,6.892905235290527,6.904670715332031,3.003816843032837,1.1102230246251565e-15,-99.33840830392987,99.33840830392987,1.1102230246251565e-15,-0.5687585473060608,7.371896743774414,0.0,-0.002562914560604397,24.896931835583278,2.239878413223085
130,ppo_gmm,ppo,gaussian,4,-100.45741175316367,7.88333002527021,100.45741175316367,8.0681791305542,6.303057670593262,6.90484094619751,3.003345489501953,8.881784197001252e-16,-101.18580194165685,101.18580194165685,8.881784197001252e-16,-0.1499556601047516,7.026418685913086,0.0,0.0005013671165908731,24.29316313777651,2.237462422677449
131,ppo_gmm,ppo,gaussian,4,-101.74521830490181,8.244558550054776,101.74521830490181,6.6913042068481445,7.1400322914123535,6.905183792114258,3.002810001373291,1.1102230246251565e-15,-99.75219506981873,99.75219506981873,1.1102230246251565e-15,-0.32856398820877075,7.281368255615234,0.0,-0.0011939308938703366,24.77345958210173,2.2361729059900557
132,ppo_gmm,ppo,gaussian,4,-100.35621612484238,7.905959191155179,100.35621612484238,8.272241592407227,7.019199848175049,6.905594825744629,3.0022737979888916,8.881784197001252e-16,-98.68093182663047,98.68093182663047,8.881784197001252e-16,-0.346241295337677,7.001308917999268,0.0,-2.6414500704656046e-05,24.24132991688592,2.232850352213496
133,ppo_gmm,ppo,gaussian,4,-99.62851502177747,7.95921835390834,99.62851502177747,8.371637344360352,5.86289119720459,6.905953884124756,3.00177001953125,1.3322676295501878e-15,-99.61706477856427,99.61706477856427,8.881784197001252e-16,-0.45883697271347046,7.058509349822998,0.0,0.0006970313372134807,24.138784170150757,2.22803926893643
134,ppo_gmm,ppo,gaussian,4,-101.17481257125247,8.598101241938929,101.17481257125247,7.805018424987793,6.874227046966553,6.906294822692871,3.001235008239746,8.881784197001252e-16,-102.15226606950401,102.15226606950401,8.881784197001252e-16,-0.44986772537231445,7.505879878997803,0.0,0.000707891057356305,25.22590913091387,2.2217406900156114
135,ppo_gmm,ppo,gaussian,4,-101.15598624831303,7.843188174117163,101.15598624831303,8.313547134399414,4.256808280944824,6.906584739685059,3.000730037689209,8.881784197001252e-16,-101.24960725574113,101.24960725574113,1.1102230246251565e-15,-0.32084304094314575,7.0743584632873535,0.0,-0.0008178841256137405,25.21085584731329,2.2164573470751443
136,ppo_gmm,ppo,gaussian,4,-100.46815639581553,7.164808932975939,100.46815639581553,8.094207763671875,6.240138053894043,6.906927108764648,3.0002331733703613,1.1102230246251565e-15,-99.21337199488511,99.21337199488511,1.1102230246251565e-15,-0.12468701601028442,7.212311267852783,0.0,0.0007010475494011882,25.318854374544962,2.214626845149767
137,ppo_gmm,ppo,gaussian,4,-100.40969655623886,6.690636254529063,100.40969655623886,8.318976402282715,6.725399017333984,6.907254695892334,2.999756336212158,1.3322676295501878e-15,-99.53910615492251,99.53910615492251,1.1102230246251565e-15,-0.2757139801979065,6.88299560546875,0.0,-3.7431051688534876e-05,24.846024677866982,2.2104538608165014
138,ppo_gmm,ppo,gaussian,4,-101.92179685624279,8.84367963548875,101.92179685624279,7.602736473083496,5.691860198974609,6.907536029815674,2.9993436336517334,8.881784197001252e-16,-102.25437590652737,102.25437590652737,1.1102230246251565e-15,-0.272765576839447,7.038442134857178,0.0,-0.002069598188557263,25.378614635694596,2.206232577562332
139,ppo_gmm,ppo,gaussian,4,-97.91821037681407,5.784432701984783,97.91821037681407,8.516223907470703,5.426101207733154,6.907771587371826,2.998952627182007,1.1102230246251565e-15,-103.30004559230017,103.30004559230017,8.881784197001252e-16,-0.28942227363586426,6.9945902824401855,0.0,0.0002745788716267617,24.70771895987647,2.2024421436446056
140,ppo_gmm,ppo,gaussian,4,-101.86613739849935,6.779055594856807,101.86613739849935,8.109574317932129,5.7994771003723145,6.908078670501709,2.9985344409942627,8.881784197001252e-16,-101.83061123074872,101.83061123074872,8.881784197001252e-16,-0.007099419832229614,7.215085983276367,0.0,-0.0002456300648018008,25.400587132998876,2.1999142347347167
141,ppo_gmm,ppo,gaussian,4,-96.87488435832074,8.01389143298433,96.87488435832074,7.801212787628174,4.940677642822266,6.9083333015441895,2.9981448650360107,1.3322676295501878e-15,-100.25939287925233,100.25939287925233,8.881784197001252e-16,-0.22800278663635254,6.946900367736816,0.0,1.4637563643710954e-05,25.03821096391905,2.200005293602035
142,ppo_gmm,ppo,gaussian,4,-99.44716909966775,9.567709569406091,99.44716909966775,7.532398700714111,4.855039596557617,6.9086809158325195,2.997741460800171,8.881784197001252e-16,-103.73843791349528,103.73843791349528,8.881784197001252e-16,-0.2856503129005432,7.221769332885742,0.0,-9.352568581345535e-05,25.69918641306105,2.1988437487965538
143,ppo_gmm,ppo,gaussian,4,-101.59767059026794,8.293544028238724,101.59767059026794,9.01952838897705,6.4362640380859375,6.909110069274902,2.997335433959961,1.1102230246251565e-15,-99.97372194348137,99.97372194348137,8.881784197001252e-16,-0.13875669240951538,6.936680793762207,0.0,-0.0021294751897498613,26.613889600549424,2.1993725306930996
144,ppo_gmm,ppo,gaussian,4,-99.69689531232629,7.672927950455872,99.69689531232629,7.417203426361084,5.061663627624512,6.909555912017822,2.9968912601470947,8.881784197001252e-16,-99.32037415597203,99.32037415597203,8.881784197001252e-16,-0.07195943593978882,7.391641139984131,0.0,-0.00031773976072491637,26.0988980616842,2.198148487579255
145,ppo_gmm,ppo,gaussian,4,-98.79510336528766,7.019718457826934,98.79510336528766,8.339083671569824,5.02630090713501,6.909972667694092,2.9963955879211426,1.3322676295501878e-15,-100.33891912436889,100.33891912436889,8.881784197001252e-16,0.10560181736946106,7.320003509521484,0.0,0.00025175394867325113,25.901022865658714,2.196289584750221
146,ppo_gmm,ppo,gaussian,4,-98.92557159132173,8.466096521584937,98.92557159132173,7.478386402130127,4.213727951049805,6.910370826721191,2.995851516723633,1.1102230246251565e-15,-101.17833765791545,101.17833765791545,8.881784197001252e-16,-0.18437504768371582,7.280226707458496,0.0,-0.0002701848418274451,26.23414559023721,2.1950305231979916
147,ppo_gmm,ppo,gaussian,4,-102.48500837269813,10.571043189353157,102.48500837269813,7.650018692016602,6.321849346160889,6.910743236541748,2.995286703109741,1.1102230246251565e-15,-102.96570229195079,102.96570229195079,8.881784197001252e-16,-0.5637050271034241,7.422184467315674,0.0,0.0004022713733970055,27.621827125549316,2.1907972941795983
148,ppo_gmm,ppo,gaussian,4,-100.16107013793831,7.189673238006389,100.16107013793831,7.909722328186035,4.023195266723633,6.911052703857422,2.994736909866333,1.1102230246251565e-15,-101.95235760546996,101.95235760546996,8.881784197001252e-16,-0.08226865530014038,7.151433944702148,0.0,0.0010537329418141218,26.816234773113614,2.1882698386907578
149,ppo_gmm,ppo,gaussian,4,-99.3032158428793,6.589178826673367,99.3032158428793,9.395074844360352,4.696686267852783,6.911335468292236,2.9942424297332764,1.1102230246251565e-15,-99.78949022735567,99.78949022735567,1.1102230246251565e-15,-0.024130284786224365,6.928257942199707,0.0,-0.000941146234427357,26.887639013074693,2.1865157030877613
150,ppo_gmm,ppo,gaussian,2,-101.68376219461707,9.203140321113125,101.68376219461707,7.778877258300781,6.35219669342041,6.911621570587158,2.9937076568603516,8.881784197001252e-16,-98.40525159042494,98.40525159042494,8.881784197001252e-16,-0.5106540322303772,7.571885585784912,0.0,-0.001236865284486807,27.536998124349687,2.1837856407676424
151,ppo_gmm,ppo,gaussian,2,-99.84077525833624,8.107881925532121,99.84077525833624,9.27107048034668,4.614998817443848,6.9123215675354,2.9930076599121094,1.3322676295501878e-15,-98.76116896493224,98.76116896493224,8.881784197001252e-16,-0.22227367758750916,6.54517126083374,0.0,-0.0006277769072247403,27.185637840202876,2.182304551913625
152,ppo_gmm,ppo,gaussian,2,-98.97576827505956,7.92846320959085,98.97576827505956,8.234872817993164,5.70141077041626,6.913019180297852,2.992310047149658,1.1102230246251565e-15,-98.45042245548737,98.45042245548737,1.1102230246251565e-15,-0.546291708946228,6.556690216064453,0.0,-0.0007795175631707977,27.234073028677987,2.179042946724665
153,ppo_gmm,ppo,gaussian,2,-99.03959833760399,9.385585197590945,99.03959833760399,8.528373718261719,4.148409366607666,6.913675308227539,2.991617202758789,1.1102230246251565e-15,-98.46732010941162,98.46732010941162,1.1102230246251565e-15,-0.21430490911006927,6.249948978424072,0.0,-0.0014804953354455176,27.650987713109878,2.1735564576728
154,ppo_gmm,ppo,gaussian,2,-98.62228994676408,5.354364850278756,98.62228994676408,8.751951217651367,4.136569023132324,6.914345741271973,2.990922451019287,1.1102230246251565e-15,-95.81465229411293,95.81465229411293,1.1102230246251565e-15,-0.027086913585662842,6.260435581207275,0.0,0.0004140652100821691,27.301788764340536,2.1696813908361254
155,ppo_gmm,ppo,gaussian,2,-98.98565288016668,6.939476048006784,98.98565288016668,8.072007179260254,3.704047203063965,6.915024280548096,2.990227222442627,1.1102230246251565e-15,-99.84233271497574,99.84233271497574,1.1102230246251565e-15,-0.402385950088501,6.70744514465332,0.0,-0.0012683181446932611,28.160087352707272,2.169082271910849
156,ppo_gmm,ppo,gaussian,2,-98.9143334194671,7.570041186149116,98.9143334194671,8.518831253051758,3.917461395263672,6.915703773498535,2.989529848098755,1.3322676295501878e-15,-101.82211911824726,101.82211911824726,8.881784197001252e-16,-0.06298434734344482,6.300884246826172,0.0,-0.001874709532352253,28.542645851771038,2.1667226396855854
157,ppo_gmm,ppo,gaussian,2,-99.20998574944281,6.8304309180159235,99.20998574944281,7.128724098205566,4.588247299194336,6.916389465332031,2.9888358116149902,1.1102230246251565e-15,-100.18591548030952,100.18591548030952,8.881784197001252e-16,-0.1903952956199646,6.665209770202637,0.0,0.000128999660124204,28.564635870002565,2.163644262012981
158,ppo_gmm,ppo,gaussian,2,-102.33846585742279,9.177349774519197,102.33846585742279,7.669868469238281,6.104406833648682,6.917081356048584,2.9881410598754883,8.881784197001252e-16,-100.1054469613135,100.1054469613135,1.1102230246251565e-15,-0.676590085029602,6.773590564727783,0.0,-0.000696520947496451,29.410843732811156,2.1620965791600093
159,ppo_gmm,ppo,gaussian,2,-100.08055893322991,6.874678032716815,100.08055893322991,9.883768081665039,3.758941888809204,6.917740345001221,2.987443447113037,8.881784197001252e-16,-98.37742011296493,98.37742011296493,1.1102230246251565e-15,-0.012904882431030273,6.193838119506836,0.0,-0.0002021217341756537,28.57595900978361,2.162014377968652
160,ppo_gmm,ppo,gaussian,2,-98.07566850271724,7.209467794089049,98.07566850271724,8.179121017456055,5.039334297180176,6.9183807373046875,2.9867401123046875,1.3322676295501878e-15,-98.36738716071027,98.36738716071027,8.881784197001252e-16,-0.3004220128059387,6.30816125869751,0.0,-0.001358174946203473,28.51675937005452,2.1597411064874557
161,ppo_gmm,ppo,gaussian,2,-97.1536552750868,7.821389246762579,97.1536552750868,8.57438850402832,4.8140997886657715,6.918943405151367,2.986056089401245,1.1102230246251565e-15,-103.91155964861747,103.91155964861747,8.881784197001252e-16,-0.3739929497241974,6.344893455505371,0.0,3.919324981758282e-05,29.187689514387223,2.155949594719069
162,ppo_gmm,ppo,gaussian,2,-96.91323824249855,6.653568733986591,96.91323824249855,8.491318702697754,4.674463272094727,6.919497489929199,2.9853780269622803,8.881784197001252e-16,-100.81088151359376,100.81088151359376,1.1102230246251565e-15,-0.30609381198883057,6.487977027893066,0.0,-0.00046780098706395145,28.693405724707105,2.156189779440562
163,ppo_gmm,ppo,gaussian,2,-100.6635795683352,9.553324590696288,100.6635795683352,8.759629249572754,5.14572811126709,6.920090198516846,2.984713077545166,8.881784197001252e-16,-99.24305203512719,99.24305203512719,1.1102230246251565e-15,-0.3105151057243347,6.481935024261475,0.0,-0.00031070506832163246,29.78657110248293,2.155689834838822
164,ppo_gmm,ppo,gaussian,2,-98.10910240090874,8.42433954448737,98.10910240090874,7.4491729736328125,3.569436550140381,6.920693874359131,2.984095335006714,8.881784197001252e-16,-98.13878758985868,98.13878758985868,8.881784197001252e-16,-0.8631181716918945,6.449861526489258,0.0,-0.0012956635355727659,29.69443729377928,2.154068777958552
165,ppo_gmm,ppo,gaussian,2,-101.26044093613233,8.073044005535516,101.26044093613233,7.874398231506348,5.058208465576172,6.921322345733643,2.9834723472595215,8.881784197001252e-16,-98.59721833705008,98.59721833705008,1.1102230246251565e-15,-0.4341581165790558,6.357203483581543,0.0,-0.002083083756068455,30.02849139769872,2.1474347611268363
166,ppo_gmm,ppo,gaussian,2,-99.37519391162328,8.226490139353135,99.37519391162328,8.704341888427734,5.013047695159912,6.921854019165039,2.9828836917877197,8.881784197001252e-16,-98.95289959028081,98.95289959028081,8.881784197001252e-16,-0.6802448034286499,6.837477684020996,0.0,-0.0005720032606318238,29.55745797214054,2.1441959894838787
167,ppo_gmm,ppo,gaussian,2,-96.06486872570773,6.191077664542182,96.06486872570773,7.846600532531738,3.5886898040771484,6.922421455383301,2.9822983741760254,1.3322676295501878e-15,-96.7540489298737,96.7540489298737,1.1102230246251565e-15,-0.04596513509750366,6.188605308532715,0.0,9.96354113643368e-05,29.418182597273873,2.1439978189411617
168,ppo_gmm,ppo,gaussian,2,-98.50062707556987,6.557121931209965,98.50062707556987,9.039518356323242,4.565181255340576,6.922908782958984,2.9817216396331787,1.1102230246251565e-15,-99.27495496063821,99.27495496063821,8.881784197001252e-16,-0.22387224435806274,6.248276233673096,0.0,-0.0007063529975268812,29.42065111228398,2.1436643501122794
169,ppo_gmm,ppo,gaussian,2,-98.49350805804079,7.6464925526003125,98.49350805804079,8.299072265625,3.5754711627960205,6.923335075378418,2.9811599254608154,1.1102230246251565e-15,-99.92594788431678,99.92594788431678,1.1102230246251565e-15,-0.22041165828704834,6.540203094482422,0.0,-0.0006671577159847532,29.829927898588636,2.146658393598738
170,ppo_gmm,ppo,gaussian,2,-97.99418882323315,6.016844356969573,97.99418882323315,7.8841376304626465,3.9152674674987793,6.923747539520264,2.9805543422698975,1.1102230246251565e-15,-97.74011788622428,97.74011788622428,8.881784197001252e-16,-0.09655386209487915,6.493965148925781,0.0,-0.0005589818770420693,30.044295393285296,2.1459238827228546
171,ppo_gmm,ppo,gaussian,2,-100.89359858438472,9.502829067503178,100.89359858438472,7.937817096710205,4.291104316711426,6.924184322357178,2.979926109313965,1.1102230246251565e-15,-97.91829683352842,97.91829683352842,1.1102230246251565e-15,-0.06073945760726929,6.657265663146973,0.0,-0.0015678676815393071,30.59174947795414,2.144487371047338
172,ppo_gmm,ppo,gaussian,2,-97.69763851648193,7.989788820770734,97.69763851648193,8.055991172790527,4.519068717956543,6.9246039390563965,2.979297637939453,8.881784197001252e-16,-101.38834051854727,101.38834051854727,8.881784197001252e-16,-0.29171139001846313,6.6164937019348145,0.0,-6.976347261418898e-05,30.077665564559755,2.1390518361613866
173,ppo_gmm,ppo,gaussian,2,-97.69592365775812,6.779714687872071,97.69592365775812,8.821028709411621,4.034555435180664,6.924997329711914,2.9786765575408936,1.3322676295501878e-15,-99.5238760667759,99.5238760667759,8.881784197001252e-16,-0.110602468252182,6.381802558898926,0.0,0.0002763985733812054,30.04456671788579,2.130889295822098
174,ppo_gmm,ppo,gaussian,2,-99.2810038921717,5.64058539956046,99.2810038921717,8.720817565917969,4.222667694091797,6.925288677215576,2.978060245513916,1.1102230246251565e-15,-102.71980517437987,102.71980517437987,8.881784197001252e-16,-0.20629024505615234,6.386102676391602,0.0,-0.0005821646329769422,30.159081708817254,2.128447922922316
175,ppo_gmm,ppo,gaussian,2,-98.38333239632921,8.404452715400124,98.38333239632921,6.713017463684082,4.450307846069336,6.925695896148682,2.977443218231201,8.881784197001252e-16,-95.9145863490017,95.9145863490017,1.1102230246251565e-15,-0.33450207114219666,6.437556266784668,0.0,-0.001186197296538878,29.839750973951247,2.127269982582047
176,ppo_gmm,ppo,gaussian,2,-103.8193906598568,7.554019244566098,103.8193906598568,7.827026844024658,5.621738910675049,6.926172256469727,2.9768402576446533,8.881784197001252e-16,-99.08460120814486,99.08460120814486,8.881784197001252e-16,-0.4051704406738281,6.466856479644775,0.0,0.00026573952553527694,31.872413348583947,2.1291174491246543
177,ppo_gmm,ppo,gaussian,2,-100.56433166663143,8.961362920356168,100.56433166663143,9.029358863830566,5.689998626708984,6.926601886749268,2.9762561321258545,1.7763568394002505e-15,-101.00617769568953,101.00617769568953,1.1102230246251565e-15,-0.4300689101219177,6.623581409454346,0.0,-0.0013563221436925232,30.60139685017722,2.129437110253743
178,ppo_gmm,ppo,gaussian,2,-99.88651450259232,8.578385375034461,99.88651450259232,7.082137584686279,4.237026214599609,6.927083492279053,2.9756839275360107,8.881784197001252e-16,-100.21858749776976,100.21858749776976,1.1102230246251565e-15,-0.4970906376838684,6.224365234375,0.0,-3.92412517352828e-05,31.04399260736647,2.127138850234804
179,ppo_gmm,ppo,gaussian,2,-100.28757935320655,7.041534090301288,100.28757935320655,8.339223861694336,5.827324867248535,6.927547454833984,2.9751195907592773,8.881784197001252e-16,-98.70282897385854,98.70282897385854,8.881784197001252e-16,-0.46335339546203613,6.477484703063965,0.0,-0.0013841751414085074,31.321382113865443,2.125243311127027
180,ppo_gmm,ppo,gaussian,2,-96.16084457855388,5.837755834314049,96.16084457855388,8.41836166381836,3.8807268142700195,6.927984714508057,2.9745383262634277,8.881784197001252e-16,-97.69652381260002,97.69652381260002,8.881784197001252e-16,0.015025436878204346,6.299778938293457,0.0,0.00041112089474197653,30.213400199299766,2.125318545670736
181,ppo_gmm,ppo,gaussian,2,-98.0501823258537,8.046868666188214,98.0501823258537,6.301809310913086,3.5827994346618652,6.9284491539001465,2.9740095138549805,8.881784197001252e-16,-100.90720834719635,100.90720834719635,1.1102230246251565e-15,-0.3911028206348419,6.568371772766113,0.0,-1.7114252495091586e-05,30.435413982186997,2.1255720208088555
182,ppo_gmm,ppo,gaussian,2,-98.9610512388914,8.96300688360079,98.9610512388914,8.080901145935059,5.86102294921875,6.928832530975342,2.973454713821411,1.1102230246251565e-15,-97.86478984303076,97.86478984303076,1.1102230246251565e-15,-0.4568323493003845,6.697510242462158,0.0,0.00019274114276326837,31.052919410523913,2.1245766402710053
183,ppo_gmm,ppo,gaussian,2,-97.7407228473278,6.889797619434343,97.7407228473278,8.622411727905273,4.669379234313965,6.929189682006836,2.972886562347412,1.1102230246251565e-15,-98.39621939644506,98.39621939644506,1.1102230246251565e-15,0.01259864866733551,6.235596179962158,0.0,-5.514871251458923e-05,30.156019514515286,2.122862372369993
184,ppo_gmm,ppo,gaussian,2,-97.62161207867437,7.222045727313875,97.62161207867437,8.017322540283203,4.506101131439209,6.929556846618652,2.972332715988159,1.1102230246251565e-15,-99.01344102340062,99.01344102340062,8.881784197001252e-16,-0.23180192708969116,6.5011372566223145,0.0,-0.0008621475038429102,30.120368057773227,2.120689093357041
185,ppo_gmm,ppo,gaussian,2,-98.84547441379104,7.535962287966789,98.84547441379104,8.380165100097656,4.836105823516846,6.92995023727417,2.9718172550201416,1.1102230246251565e-15,-99.17068609502618,99.17068609502618,8.881784197001252e-16,-0.3794823884963989,6.405603885650635,0.0,-0.0008493387722410262,30.562084294500806,2.1171455468450273
186,ppo_gmm,ppo,gaussian,2,-101.27982042113752,9.941452230309825,101.27982042113752,8.049436569213867,5.728142738342285,6.9303717613220215,2.9712889194488525,1.7763568394002505e-15,-99.32110012058538,99.32110012058538,1.1102230246251565e-15,-0.5410191416740417,6.332641124725342,0.0,0.0002881174385991125,31.26805184284846,2.1157569743338085
187,ppo_gmm,ppo,gaussian,2,-99.54105794628444,7.201850267797231,99.54105794628444,7.3148417472839355,3.552227020263672,6.930815696716309,2.970799207687378,8.881784197001252e-16,-98.67285257062771,98.67285257062771,8.881784197001252e-16,-0.17432630062103271,6.502991199493408,0.0,0.0002713330225863804,30.994316858904703,2.115471371582576
188,ppo_gmm,ppo,gaussian,2,-97.73391348385944,8.439462949640788,97.73391348385944,8.182876586914062,3.7013139724731445,6.931246757507324,2.9702672958374023,8.881784197001252e-16,-98.99872167898926,98.99872167898926,8.881784197001252e-16,-0.4234972298145294,6.2591633796691895,0.0,0.00015070989251225476,30.224503467480343,2.112044244295075
189,ppo_gmm,ppo,gaussian,2,-101.01503013726591,8.482506629105188,101.01503013726591,8.277862548828125,4.606785297393799,6.931689262390137,2.9696967601776123,8.881784197001252e-16,-98.38830323232693,98.38830323232693,8.881784197001252e-16,-0.3784317970275879,6.629003524780273,0.0,0.00033637973856890486,31.06622413510368,2.10820400927748
190,ppo_gmm,ppo,gaussian,2,-97.77166433495834,8.004249881057017,97.77166433495834,8.213343620300293,3.7566792964935303,6.932174205780029,2.9690780639648438,8.881784197001252e-16,-100.71077919826794,100.71077919826794,1.1102230246251565e-15,-0.26561227440834045,6.37253475189209,0.0,-0.001144645901929055,30.118490630672092,2.1055910189946494
191,ppo_gmm,ppo,gaussian,2,-95.89045951150538,7.33055204936743,95.89045951150538,7.581158638000488,3.8222901821136475,6.932682514190674,2.968474864959717,1.1102230246251565e-15,-98.5081008123598,98.5081008123598,1.1102230246251565e-15,-0.35294538736343384,6.513558387756348,0.0,-0.0003458712626958177,30.265289011455717,2.1004043022791543
192,ppo_gmm,ppo,gaussian,2,-96.86113468362576,7.85507938034723,96.86113468362576,8.417043685913086,4.374187469482422,6.933114051818848,2.9678657054901123,1.7763568394002505e-15,-98.9229352070873,98.9229352070873,1.1102230246251565e-15,-0.4547908902168274,6.381609916687012,0.0,-0.0005111709996570079,29.839739035992395,2.0979023838327047
193,ppo_gmm,ppo,gaussian,2,-98.73950816951698,7.552093711382275,98.73950816951698,8.395105361938477,3.771563768386841,6.9335856437683105,2.967236042022705,8.881784197001252e-16,-99.5120306531173,99.5120306531173,8.881784197001252e-16,-0.3464827537536621,6.240773677825928,0.0,0.0005871903433996652,30.93850009498142,2.096721731481098
194,ppo_gmm,ppo,gaussian,2,-96.82844801225792,6.789314168169838,96.82844801225792,8.597467422485352,3.8767523765563965,6.934065818786621,2.966620922088623,1.5543122344752192e-15,-97.63835266111539,97.63835266111539,8.881784197001252e-16,0.027923136949539185,6.329302787780762,0.0,-0.0008471004326739127,29.878718674182892,2.095289933539572
195,ppo_gmm,ppo,gaussian,2,-100.12003083630843,8.01512982648169,100.12003083630843,8.905340194702148,5.07100772857666,6.934556007385254,2.966041088104248,1.1102230246251565e-15,-98.06845828700132,98.06845828700132,8.881784197001252e-16,-0.6465514898300171,6.430085182189941,0.0,-0.0008527618843973393,31.007064759731293,2.094255813530513
196,ppo_gmm,ppo,gaussian,2,-98.00221453002996,6.859891149693875,98.00221453002996,9.015373229980469,5.179939270019531,6.934999942779541,2.965467691421509,8.881784197001252e-16,-97.6533475649087,97.6533475649087,1.1102230246251565e-15,-0.04462844133377075,6.543606758117676,0.0,-0.0010056986939162016,30.57573812206586,2.093130953255154
197,ppo_gmm,ppo,gaussian,2,-97.28743153152774,9.019660499355428,97.28743153152774,8.177677154541016,4.191738128662109,6.93546199798584,2.964912176132202,1.1102230246251565e-15,-99.95202392571193,99.95202392571193,1.1102230246251565e-15,-0.6963497400283813,6.489335060119629,0.0,-0.0006105383148505574,30.552635451157887,2.0946385725623085
198,ppo_gmm,ppo,gaussian,2,-99.62557439980347,7.90257822333717,99.62557439980347,7.782610893249512,4.724121570587158,6.935965061187744,2.964360475540161,1.1102230246251565e-15,-100.62914177417375,100.62914177417375,1.1102230246251565e-15,-0.32218480110168457,6.491809368133545,0.0,-0.0004215707331674085,31.248266441481455,2.094926811399914
199,ppo_gmm,ppo,gaussian,2,-97.80869404277047,6.875526852636637,97.80869404277047,8.117681503295898,4.49026346206665,6.936450004577637,2.9638168811798096,1.3322676295501878e-15,-97.28425417326909,97.28425417326909,1.1102230246251565e-15,-0.42278242111206055,6.498929023742676,0.0,-0.0026138013151163855,30.53867292971838,2.0934787137167796
200,ppo_gmm,ppo,gaussian,1,-99.36439770550903,8.50929821002803,99.36439770550903,9.014362335205078,4.084266662597656,6.936940670013428,2.9632887840270996,1.1102230246251565e-15,-101.10647492578964,101.10647492578964,1.1102230246251565e-15,-0.25131064653396606,6.361703395843506,0.0,-0.0011232004755930532,30.274786600044795,2.0903784795885993
201,ppo_gmm,ppo,gaussian,1,-97.64491055796796,7.561118484775874,97.64491055796796,7.469018459320068,4.664427280426025,6.937540531158447,2.962688684463501,1.3322676295501878e-15,-98.80490242364547,98.80490242364547,8.881784197001252e-16,-0.29244154691696167,5.613821983337402,0.0,-0.0009167548934263843,31.234172494638536,2.0870095711378824
202,ppo_gmm,ppo,gaussian,1,-97.0561416540153,9.146033470673927,97.0561416540153,6.876975059509277,4.068354606628418,6.938022613525391,2.9620912075042725,1.1102230246251565e-15,-98.37756420044335,98.37756420044335,1.1102230246251565e-15,-0.16908833384513855,5.685216903686523,0.0,-0.0017908236089472969,30.617850016979943,2.086787835473106
203,ppo_gmm,ppo,gaussian,1,-96.0022238254995,7.65731095589575,96.0022238254995,6.91744327545166,4.137773036956787,6.937985420227051,2.9615085124969482,1.3322676295501878e-15,-96.22517772574214,96.22517772574214,1.1102230246251565e-15,-0.2702672779560089,5.721039772033691,0.0,-0.00012181271588252414,30.744776731445675,2.0843660228309178
204,ppo_gmm,ppo,gaussian,1,-98.54116492870179,6.922608049336945,98.54116492870179,6.965630531311035,4.457980155944824,6.937740325927734,2.9609365463256836,1.1102230246251565e-15,-97.05365847082336,97.05365847082336,8.881784197001252e-16,-0.28669559955596924,5.6671319007873535,0.0,0.00012306297486204478,30.53180453890846,2.0807354074148905
205,ppo_gmm,ppo,gaussian,1,-98.05546605769679,6.201026386133816,98.05546605769679,7.140119552612305,3.8418760299682617,6.937790393829346,2.960425615310669,1.3322676295501878e-15,-97.02267222508259,97.02267222508259,1.1102230246251565e-15,-0.6019493341445923,5.692121982574463,0.0,-0.001071893014124639,30.604506214459736,2.078367903828621
206,ppo_gmm,ppo,gaussian,1,-97.80604765984465,8.570713219077172,97.80604765984465,7.082192420959473,4.609852313995361,6.938002586364746,2.95994234085083,1.1102230246251565e-15,-99.74753858950938,99.74753858950938,8.881784197001252e-16,-0.9397100806236267,5.583683013916016,0.0,0.00033238905736999145,30.90516033626738,2.0778942782254446
207,ppo_gmm,ppo,gaussian,1,-97.7320905371511,7.612057991679806,97.7320905371511,6.453794479370117,4.072214126586914,6.938180923461914,2.959442138671875,8.881784197001252e-16,-97.06113705435442,97.06113705435442,1.1102230246251565e-15,-0.3168163299560547,5.5926713943481445,0.0,-0.0008115971244738571,30.525691954862502,2.0789491683244705
208,ppo_gmm,ppo,gaussian,1,-97.01035605349742,6.473884536811595,97.01035605349742,7.726405143737793,4.354321479797363,6.938393592834473,2.958944797515869,1.1102230246251565e-15,-99.27217577607084,99.27217577607084,8.881784197001252e-16,-0.7620717287063599,5.898967742919922,0.0,-0.0016517877063181783,30.286944903078535,2.0765633242470876
209,ppo_gmm,ppo,gaussian,1,-97.64999421781809,8.268616165355322,97.64999421781809,7.4353437423706055,4.168750762939453,6.9386701583862305,2.9584505558013916,1.1102230246251565e-15,-98.35460289790947,98.35460289790947,1.1102230246251565e-15,-0.5092248916625977,5.895928382873535,0.0,-6.229433347471058e-05,30.616423084622337,2.0764135264215016
210,ppo_gmm,ppo,gaussian,1,-96.83161445215654,8.38044608248675,96.83161445215654,6.902434825897217,3.5861847400665283,6.93903923034668,2.957970380783081,1.1102230246251565e-15,-97.59418712863783,97.59418712863783,1.1102230246251565e-15,-0.5520009398460388,5.636811256408691,0.0,-0.00016602419782429934,30.593597552606038,2.075815322143691
211,ppo_gmm,ppo,gaussian,1,-100.28943133435025,8.066648571411864,100.28943133435025,8.03671646118164,5.884753227233887,6.939296722412109,2.9574873447418213,1.1102230246251565e-15,-98.24919503698797,98.24919503698797,8.881784197001252e-16,-0.6654617190361023,5.774892807006836,0.0,0.0007370608953005146,31.324469969386147,2.0708935388496945
212,ppo_gmm,ppo,gaussian,1,-97.81011904866367,9.20941884592328,97.81011904866367,5.980871200561523,3.989957809448242,6.939624786376953,2.9570364952087402,8.881784197001252e-16,-99.15168642659648,99.15168642659648,1.1102230246251565e-15,-0.5336741805076599,5.558063983917236,0.0,-0.001793595876300796,30.927981569653465,2.0683487405379615
213,ppo_gmm,ppo,gaussian,1,-99.34257172746592,6.727293326717913,99.34257172746592,5.91516637802124,2.6280016899108887,6.940016746520996,2.9566116333007812,1.1102230246251565e-15,-96.81687105645304,96.81687105645304,1.1102230246251565e-15,-0.4640001952648163,5.767119407653809,0.0,0.0003054460920836954,30.29681045384634,2.0672481265806018
214,ppo_gmm,ppo,gaussian,1,-97.45945851267882,4.290646637255613,97.45945851267882,6.897812843322754,3.6016933917999268,6.9404191970825195,2.956171751022339,1.3322676295501878e-15,-98.82699684109846,98.82699684109846,8.881784197001252e-16,0.06626355648040771,5.5590057373046875,0.0,-0.0018542635093797884,30.175560488587333,2.0648293686764583
215,ppo_gmm,ppo,gaussian,1,-98.16420124339159,7.937463696669703,98.16420124339159,7.10767936706543,2.9897549152374268,6.940809726715088,2.9557182788848877,1.1102230246251565e-15,-98.23224956578576,98.23224956578576,8.881784197001252e-16,-0.3636441230773926,5.721434593200684,0.0,6.593037618412858e-05,30.568066631044662,2.0636029804036733
216,ppo_gmm,ppo,gaussian,1,-98.4457777291458,7.736801233779496,98.4457777291458,7.541536331176758,4.205193996429443,6.941220760345459,2.9552366733551025,1.1102230246251565e-15,-99.69014572729245,99.69014572729245,1.1102230246251565e-15,-0.09623987972736359,5.622931480407715,0.0,-0.0003647122509954941,30.440272952829087,2.063234059583573
217,ppo_gmm,ppo,gaussian,1,-98.23183595313483,7.013364688262099,98.23183595313483,6.204184055328369,2.413543462753296,6.94162130355835,2.9547648429870605,1.1102230246251565e-15,-100.09965064320853,100.09965064320853,1.1102230246251565e-15,-0.36304640769958496,5.607288360595703,0.0,-0.000228144003943141,30.24306267216092,2.0636272778113685
218,ppo_gmm,ppo,gaussian,1,-98.44506789191846,9.837801148200233,98.44506789191846,6.480262279510498,3.436985969543457,6.942047119140625,2.9542829990386963,1.1102230246251565e-15,-98.47709958677032,98.47709958677032,8.881784197001252e-16,-0.5065830945968628,5.444226264953613,0.0,-0.00019739796352084902,30.737970692770823,2.0618716662838343
219,ppo_gmm,ppo,gaussian,1,-96.82137494067939,6.477031339975779,96.82137494067939,7.306614875793457,4.051299095153809,6.942523956298828,2.9537956714630127,1.3322676295501878e-15,-98.60910020860152,98.60910020860152,8.881784197001252e-16,-0.12551939487457275,5.3791608810424805,0.0,-0.0008179898168669925,30.843280565171014,2.059009224885986
220,ppo_gmm,ppo,gaussian,1,-98.59239350804877,8.60912898417794,98.59239350804877,6.083573341369629,3.5996406078338623,6.943034648895264,2.953317165374756,1.3322676295501878e-15,-98.60982300592104,98.60982300592104,8.881784197001252e-16,-0.6820530891418457,5.651665210723877,0.0,-0.000845244240259663,30.362966458002727,2.058426488723074
221,ppo_gmm,ppo,gaussian,1,-95.63244814402542,7.13816542540462,95.63244814402542,6.457488536834717,3.4134016036987305,6.943535327911377,2.9528439044952393,8.881784197001252e-16,-98.82008151066844,98.82008151066844,8.881784197001252e-16,-0.3552669882774353,5.549985885620117,0.0,-0.0008615617823254849,29.89424312682379,2.0578723429214385
222,ppo_gmm,ppo,gaussian,1,-96.41000754091681,7.7612597486665535,96.41000754091681,7.41286563873291,4.751371383666992,6.9439697265625,2.952357530593872,1.1102230246251565e-15,-96.48797016238927,96.48797016238927,1.1102230246251565e-15,-0.4356394410133362,5.646707534790039,0.0,-0.0017048192606861925,30.479743528933753,2.05615766062623
223,ppo_gmm,ppo,gaussian,1,-96.94045474451167,6.896968662418877,96.94045474451167,6.383179664611816,3.6783952713012695,6.944402694702148,2.951860189437866,1.1102230246251565e-15,-98.939808122963,98.939808122963,8.881784197001252e-16,-0.20116138458251953,5.5688276290893555,0.0,-0.000517695618327707,30.097003562109812,2.052362793258258
224,ppo_gmm,ppo,gaussian,1,-97.17230578696397,7.982394893385962,97.17230578696397,7.25256872177124,4.8547234535217285,6.9447832107543945,2.951347827911377,8.881784197001252e-16,-99.87682037756247,99.87682037756247,8.881784197001252e-16,-0.5042799115180969,5.603978157043457,0.0,-0.002439477126158419,31.010748712789443,2.053256778489976
225,ppo_gmm,ppo,gaussian,1,-95.90661390314204,6.080902059910046,95.90661390314204,6.892194747924805,3.8179690837860107,6.945230484008789,2.9508204460144043,1.3322676295501878e-15,-98.12937350816765,98.12937350816765,1.1102230246251565e-15,-0.1255108118057251,5.521492958068848,0.0,-0.0004879645310297963,29.933141816230048,2.053427110825266
226,ppo_gmm,ppo,gaussian,1,-97.76753543396953,7.614364083631731,97.76753543396953,7.255838394165039,4.36341667175293,6.9456706047058105,2.9502978324890137,1.1102230246251565e-15,-96.630498573884,96.630498573884,8.881784197001252e-16,-0.5718331933021545,5.611326217651367,0.0,-0.0006517844185942696,30.318452494485037,2.0522638119402385
227,ppo_gmm,ppo,gaussian,1,-98.70400834993798,8.50382413103361,98.70400834993798,6.2300848960876465,4.83363151550293,6.946158409118652,2.949779987335205,1.1102230246251565e-15,-98.64834925121212,98.64834925121212,8.881784197001252e-16,-0.39131855964660645,5.641395568847656,0.0,-0.0009942924953065813,31.002428066162835,2.0507701528923854
228,ppo_gmm,ppo,gaussian,1,-97.74498514835436,7.572233318685828,97.74498514835436,5.70433235168457,3.5232486724853516,6.946640968322754,2.949291467666626,8.881784197001252e-16,-95.98347234300576,95.98347234300576,1.1102230246251565e-15,-0.4146448075771332,5.597556114196777,0.0,0.00015254274365447817,30.60884458110446,2.048548160564332
229,ppo_gmm,ppo,gaussian,1,-96.60624998997923,7.305665489442849,96.60624998997923,6.884176254272461,3.4834649562835693,6.947099208831787,2.9488232135772705,8.881784197001252e-16,-99.58175451544994,99.58175451544994,1.1102230246251565e-15,-0.4685751795768738,5.631943225860596,0.0,-0.0006592397805347684,29.849295837538584,2.044293436975706
230,ppo_gmm,ppo,gaussian,1,-99.81392199546349,9.811999804273478,99.81392199546349,6.539569854736328,4.3184919357299805,6.947601795196533,2.9483401775360107,1.3322676295501878e-15,-98.74616982736636,98.74616982736636,8.881784197001252e-16,-0.4608493745326996,6.053494930267334,0.0,-0.0007767866648334477,31.35355942589896,2.0416400262287686
231,ppo_gmm,ppo,gaussian,1,-99.98841435335434,8.042315913601263,99.98841435335434,6.667993545532227,4.333844184875488,6.9480881690979,2.94785737991333,1.1102230246251565e-15,-97.49656284094769,97.49656284094769,8.881784197001252e-16,-0.5321795344352722,5.654307842254639,0.0,-0.0003027866533513935,30.852356490634737,2.0399920479172753
232,ppo_gmm,ppo,gaussian,1,-97.35598936191826,8.235112107807241,97.35598936191826,6.141936302185059,3.8190884590148926,6.948592662811279,2.947369337081909,1.1102230246251565e-15,-99.97360091043711,99.97360091043711,8.881784197001252e-16,-0.3441384434700012,5.63427734375,0.0,-0.000717169264264937,30.683940299919673,2.0373083104689917
233,ppo_gmm,ppo,gaussian,1,-97.95182350186596,7.291565930306858,97.95182350186596,6.435874938964844,5.210390090942383,6.949085235595703,2.94687557220459,1.3322676295501878e-15,-96.51273922860005,96.51273922860005,1.1102230246251565e-15,-0.479265034198761,5.688802719116211,0.0,-0.0002825296057077746,31.396106756868818,2.0330249702646617
234,ppo_gmm,ppo,gaussian,1,-97.85629817569338,7.527381380583903,97.85629817569338,7.588335990905762,5.487393379211426,6.949488639831543,2.9463653564453125,8.881784197001252e-16,-98.84779743484995,98.84779743484995,1.1102230246251565e-15,-0.47765669226646423,5.734883785247803,0.0,0.0006382858153388259,30.683983553023566,2.026753551193646
235,ppo_gmm,ppo,gaussian,1,-97.00809692213386,6.559137576778912,97.00809692213386,7.739682197570801,4.230286121368408,6.949894428253174,2.945847511291504,1.1102230246251565e-15,-97.45604131094217,97.45604131094217,1.1102230246251565e-15,-0.2601153552532196,5.630486488342285,0.0,0.00025741382878983305,30.699380417664845,2.021187301902544
236,ppo_gmm,ppo,gaussian,1,-95.4285563941043,7.686039334595952,95.4285563941043,6.532342433929443,3.912696361541748,6.950311183929443,2.9453113079071045,1.1102230246251565e-15,-99.79722286073468,99.79722286073468,1.1102230246251565e-15,-0.3565366268157959,5.505605697631836,0.0,-0.0005335887073583546,30.29838950861068,2.0197340654475346
237,ppo_gmm,ppo,gaussian,1,-98.38471666857845,7.099298777503208,98.38471666857845,6.6047258377075195,4.399618148803711,6.9507012367248535,2.9447991847991943,8.881784197001252e-16,-98.07612543996682,98.07612543996682,8.881784197001252e-16,-0.8015742301940918,5.883440971374512,0.0,-0.0007547366784863351,30.474793769064405,2.0194517423709235
238,ppo_gmm,ppo,gaussian,1,-98.49996274977272,7.639300023101595,98.49996274977272,6.314693450927734,4.88606595993042,6.951110363006592,2.9443228244781494,8.881784197001252e-16,-97.93579015168395,97.93579015168395,1.1102230246251565e-15,-0.4748995304107666,5.653243064880371,0.0,-0.0012836389360018075,31.453653162433987,2.018515033381326
239,ppo_gmm,ppo,gaussian,1,-98.62700116101396,8.396376222871226,98.62700116101396,7.375446319580078,3.278531074523926,6.951508522033691,2.9438376426696777,1.1102230246251565e-15,-99.44154492060002,99.44154492060002,8.881784197001252e-16,-0.4130433201789856,5.584078311920166,0.0,-0.00012109124024088184,30.391089078925905,2.017872725214277
240,ppo_gmm,ppo,gaussian,1,-98.2720802396666,7.635665544330291,98.2720802396666,6.711629390716553,3.4796042442321777,6.951954364776611,2.9433655738830566,8.881784197001252e-16,-100.47730034375523,100.47730034375523,8.881784197001252e-16,-0.24073562026023865,5.376463890075684,0.0,-0.0012556360840486984,30.87624887909208,2.0165085749966756
241,ppo_gmm,ppo,gaussian,1,-97.76706731632925,8.500426406121814,97.76706731632925,7.245555400848389,3.735525369644165,6.952391147613525,2.942894458770752,8.881784197001252e-16,-98.34417939441599,98.34417939441599,8.881784197001252e-16,-0.5190210342407227,5.554520606994629,0.0,-0.0003556575864509103,30.136552986644563,2.0144872793129514
242,ppo_gmm,ppo,gaussian,1,-97.01855051322224,6.245720413137718,97.01855051322224,7.767003059387207,3.397641658782959,6.952836513519287,2.94242525100708,1.3322676295501878e-15,-97.65388574073518,97.65388574073518,8.881784197001252e-16,-0.08250203728675842,5.55894660949707,0.0,-0.0007025834749497118,29.6795781708899,2.012353541595595
243,ppo_gmm,ppo,gaussian,1,-97.28851058709947,7.96964847173738,97.28851058709947,6.765004634857178,2.9880714416503906,6.9532575607299805,2.9419639110565186,8.881784197001252e-16,-97.82327069866062,97.82327069866062,8.881784197001252e-16,-0.47042199969291687,5.714057445526123,0.0,-0.00031722651606070853,29.951832884833927,2.0122109161955968
244,ppo_gmm,ppo,gaussian,1,-98.45515357105863,7.64127941968769,98.45515357105863,7.023805618286133,4.944232940673828,6.953690052032471,2.9414620399475098,8.881784197001252e-16,-99.91794985325865,99.91794985325865,1.1102230246251565e-15,-0.2289339303970337,6.0262064933776855,0.0,-6.773935109820395e-05,31.05668776801654,2.0110164398238775
245,ppo_gmm,ppo,gaussian,1,-95.21460021604483,7.648786571996225,95.21460021604483,6.489828586578369,3.8365936279296875,6.954152584075928,2.9409682750701904,8.881784197001252e-16,-98.32167381049774,98.32167381049774,1.1102230246251565e-15,-0.5217341184616089,5.682772159576416,0.0,-0.00012024085403286986,29.921897005467187,2.010070336716516
246,ppo_gmm,ppo,gaussian,1,-96.1506069339003,7.664142369860487,96.1506069339003,6.504771709442139,4.261518478393555,6.954587936401367,2.9404590129852295,8.881784197001252e-16,-98.48157320097144,98.48157320097144,8.881784197001252e-16,-0.16238579154014587,5.5393476486206055,0.0,-0.0012171093188780581,30.375736361458188,2.0109469358410155
247,ppo_gmm,ppo,gaussian,1,-93.87284471067497,6.368754053314628,93.87284471067497,6.566056728363037,2.066221237182617,6.955026149749756,2.940009355545044,1.1102230246251565e-15,-99.83893338824859,99.83893338824859,8.881784197001252e-16,-0.7354081869125366,5.71800422668457,0.0,0.00048742150344575447,28.28111172573907,2.0097982443514324
248,ppo_gmm,ppo,gaussian,1,-98.18587104970425,7.262951568615951,98.18587104970425,7.182239532470703,3.52158784866333,6.955461502075195,2.9395511150360107,1.3322676295501878e-15,-98.09748073490692,98.09748073490692,1.1102230246251565e-15,-0.2417248785495758,5.500383377075195,0.0,0.00013636597265888537,29.980545549165633,2.0066617471831187
249,ppo_gmm,ppo,gaussian,1,-95.11214964749381,6.725519966405584,95.11214964749381,7.261000633239746,2.5726561546325684,6.955859184265137,2.9390857219696045,1.3322676295501878e-15,-98.15356117621646,98.15356117621646,1.1102230246251565e-15,-0.06765788793563843,5.65361213684082,0.0,-0.0011051417871688802,29.346554676691692,2.0044413138003576
250,ppo_gmm,ppo,gaussian,1,-97.73506460388485,6.4021651366800985,97.73506460388485,6.298384666442871,4.496180057525635,6.956287860870361,2.9386370182037354,1.3322676295501878e-15,-99.02491662740726,99.02491662740726,1.1102230246251565e-15,-0.44883352518081665,5.517285346984863,0.0,-0.00018827192113912177,30.58554015840803,2.0051172297625315
251,ppo_gmm,ppo,gaussian,1,-100.40063859926613,9.428991803464553,100.40063859926613,6.390493392944336,5.106299877166748,6.956727027893066,2.9381942749023438,8.881784197001252e-16,-98.24311481884135,98.24311481884135,8.881784197001252e-16,-0.6484414935112,5.832286357879639,0.0,-4.6235193232340475e-05,31.66989018803551,2.004445053282238
252,ppo_gmm,ppo,gaussian,1,-98.6137549971003,8.274673714140437,98.6137549971003,6.172262191772461,3.8797192573547363,6.95716667175293,2.9377708435058594,1.3322676295501878e-15,-100.49809187836834,100.49809187836834,8.881784197001252e-16,-0.6104676723480225,5.662630558013916,0.0,-0.0006090972788764962,30.853450474284944,2.0014432838984897
253,ppo_gmm,ppo,gaussian,1,-95.47582189534478,7.483939978216941,95.47582189534478,7.170680999755859,4.21950626373291,6.957588195800781,2.9373090267181396,8.881784197001252e-16,-97.35391415865428,97.35391415865428,1.1102230246251565e-15,-0.21058839559555054,5.38129997253418,0.0,-0.00028772018517234495,29.801709197816393,1.9997828237357593
254,ppo_gmm,ppo,gaussian,1,-97.44634530936881,8.821263154177554,97.44634530936881,7.135445594787598,5.503870964050293,6.9579572677612305,2.936824321746826,1.3322676295501878e-15,-98.5917106486875,98.5917106486875,1.1102230246251565e-15,-0.40911564230918884,5.718814849853516,0.0,-0.001699737810884558,30.27019612562089,1.9960414667924244
255,ppo_gmm,ppo,gaussian,1,-97.48928222150002,8.88895542717579,97.48928222150002,6.231618881225586,4.168128967285156,6.958331108093262,2.9363620281219482,8.881784197001252e-16,-98.34242247281067,98.34242247281067,1.1102230246251565e-15,-0.6337823867797852,5.895376682281494,0.0,-0.0014459004160016775,30.769517847469874,1.9917707553222066
256,ppo_gmm,ppo,gaussian,1,-96.09133767207186,7.227670958843428,96.09133767207186,7.406747341156006,3.741572141647339,6.958686828613281,2.9358716011047363,1.1102230246251565e-15,-98.33496503152631,98.33496503152631,8.881784197001252e-16,-0.2829881012439728,5.679817199707031,0.0,-0.001625350198342598,30.043710714294797,1.9917632848733948
257,ppo_gmm,ppo,gaussian,1,-100.50736677835062,7.502999738019214,100.50736677835062,6.415052890777588,3.8539390563964844,6.959054946899414,2.9353885650634766,8.881784197001252e-16,-98.31861151650072,98.31861151650072,8.881784197001252e-16,-0.3846158981323242,5.769473552703857,0.0,-0.0011368133571176301,30.79743805669603,1.9931819328949565
258,ppo_gmm,ppo,gaussian,1,-98.44250470026817,8.011982991326628,98.44250470026817,6.788363933563232,3.4338388442993164,6.959454536437988,2.9348976612091064,8.881784197001252e-16,-97.87256177181055,97.87256177181055,1.1102230246251565e-15,-0.41357526183128357,5.637843132019043,0.0,-0.0007479373709343019,30.098164592470443,1.9916445758371126
259,ppo_gmm,ppo,gaussian,1,-98.15454957219922,8.268007198472665,98.15454957219922,7.069336414337158,4.896500587463379,6.959886074066162,2.9344165325164795,2.220446049250313e-15,-99.35172652453721,99.35172652453721,1.1102230246251565e-15,-0.5875319838523865,5.893675804138184,0.0,-0.00043930606694803353,30.98179925623394,1.9911562796859514
260,ppo_gmm,ppo,gaussian,1,-96.01871511837423,7.452504573525124,96.01871511837423,7.2051849365234375,3.9021852016448975,6.960278511047363,2.9339418411254883,1.1102230246251565e-15,-100.33053527303377,100.33053527303377,1.1102230246251565e-15,-0.10111908614635468,5.403357982635498,0.0,0.00036637820968670506,30.11549225591478,1.9935961979485692
261,ppo_gmm,ppo,gaussian,1,-98.42302680080752,7.830298006893442,98.42302680080752,7.554335594177246,5.057064533233643,6.9606032371521,2.9334707260131836,8.881784197001252e-16,-98.76087642103323,98.76087642103323,8.881784197001252e-16,-0.4872110188007355,5.677028656005859,0.0,-0.0007943249351921535,30.725736870652153,1.9941148637306123
262,ppo_gmm,ppo,gaussian,1,-99.60642579205485,9.763805704909654,99.60642579205485,7.5209808349609375,3.431617259979248,6.960887432098389,2.9330008029937744,1.3322676295501878e-15,-96.82045063766239,96.82045063766239,1.3322676295501878e-15,-0.5284466743469238,5.732123374938965,0.0,0.00017466320146230005,30.578900703362056,1.9937674765075957
263,ppo_gmm,ppo,gaussian,1,-97.44715518944025,9.270708113817047,97.44715518944025,7.731476783752441,4.119938373565674,6.961212635040283,2.9325428009033203,1.3322676295501878e-15,-99.35824514067471,99.35824514067471,8.881784197001252e-16,-0.32923686504364014,5.436324119567871,0.0,0.0003372791079094722,30.728564446880704,1.9931566034044539
264,ppo_gmm,ppo,gaussian,1,-99.85400243656717,8.092392923644994,99.85400243656717,6.382504463195801,4.828017711639404,6.961544513702393,2.932101249694824,1.3322676295501878e-15,-97.71181144200075,97.71181144200075,1.1102230246251565e-15,-0.6065479516983032,5.706860542297363,0.0,0.0004922455021490654,31.965359500476293,1.9910572167663347
265,ppo_gmm,ppo,gaussian,1,-96.19445720607663,8.287846150364363,96.19445720607663,7.670490741729736,3.1687541007995605,6.96182918548584,2.931670904159546,1.1102230246251565e-15,-96.68235452997989,96.68235452997989,8.881784197001252e-16,-0.37565845251083374,5.67116641998291,0.0,-0.00042495956378323693,30.132936420894804,1.9889178666330518
266,ppo_gmm,ppo,gaussian,1,-94.93143012501969,7.235503185736937,94.93143012501969,7.3620758056640625,3.8027398586273193,6.962149620056152,2.9312245845794678,1.3322676295501878e-15,-99.20603912219048,99.20603912219048,1.1102230246251565e-15,-0.25463223457336426,5.4270830154418945,0.0,-0.000983838058475937,31.100668918518792,1.9882502186866033
267,ppo_gmm,ppo,gaussian,1,-97.91047097298089,7.678971228089712,97.91047097298089,7.026367664337158,4.314578056335449,6.96245002746582,2.93078875541687,8.881784197001252e-16,-97.54755664426484,97.54755664426484,1.1102230246251565e-15,-0.5404809713363647,5.4794020652771,0.0,-0.0012716762444359205,31.4762542900585,1.9876117454398246
268,ppo_gmm,ppo,gaussian,1,-98.04527333941452,9.965401298668692,98.04527333941452,6.751481056213379,4.114498138427734,6.962721347808838,2.9303369522094727,1.5543122344752192e-15,-97.14197309264244,97.14197309264244,1.1102230246251565e-15,-0.2794778048992157,5.521164894104004,0.0,-6.794708038103723e-05,31.136327763398487,1.9845198410607519
269,ppo_gmm,ppo,gaussian,1,-97.565354983266,7.533859300049262,97.565354983266,7.13038969039917,4.01559591293335,6.963095664978027,2.9298577308654785,1.7763568394002505e-15,-97.52574494683353,97.52574494683353,1.1102230246251565e-15,-0.12587517499923706,5.6276936531066895,0.0,-0.001694323317635627,30.729086106731778,1.9818078268851553
270,ppo_gmm,ppo,gaussian,1,-103.35871236518815,8.187645978078512,103.35871236518815,6.263977527618408,4.286520957946777,6.963474750518799,2.9294192790985107,8.881784197001252e-16,-95.78062041097277,95.78062041097277,8.881784197001252e-16,-0.5096578598022461,5.7440104484558105,0.0,-0.0004239261671457262,32.42906134469168,1.9805862786514419
271,ppo_gmm,ppo,gaussian,1,-98.2084605999197,8.419944930328281,98.2084605999197,7.016748905181885,4.291810989379883,6.9638261795043945,2.928985834121704,1.1102230246251565e-15,-98.16896261133331,98.16896261133331,8.881784197001252e-16,-0.2003636658191681,5.433856964111328,0.0,-0.001279575331690943,31.67080545425415,1.9795901913728033
272,ppo_gmm,ppo,gaussian,1,-98.73628549499489,9.741973648884597,98.73628549499489,6.143026351928711,3.727847099304199,6.964201927185059,2.928579568862915,1.1102230246251565e-15,-97.1611593051353,97.1611593051353,1.1102230246251565e-15,-0.7120945453643799,5.771773815155029,0.0,-0.0016160273724900825,31.504376454012736,1.978449047321365
273,ppo_gmm,ppo,gaussian,1,-98.00317662969195,8.010094195426108,98.00317662969195,7.085510730743408,3.5710039138793945,6.964580535888672,2.9281744956970215,1.3322676295501878e-15,-97.59680657249564,97.59680657249564,1.1102230246251565e-15,-0.17592108249664307,5.541534900665283,0.0,-0.0007149161344083647,31.19421675943193,1.9775059875987826
274,ppo_gmm,ppo,gaussian,1,-99.1324840054564,8.564445213325712,99.1324840054564,6.918464183807373,4.533818244934082,6.964910984039307,2.9277589321136475,1.1102230246251565e-15,-97.67119284146914,97.67119284146914,1.1102230246251565e-15,-0.5562975406646729,5.9531707763671875,0.0,-0.0020751464457827665,31.185526214894793,1.9764491326752163
275,ppo_gmm,ppo,gaussian,1,-96.76063289319424,6.790092875987726,96.76063289319424,6.834568500518799,3.528620719909668,6.965220928192139,2.9273390769958496,1.3322676295501878e-15,-98.50937310638881,98.50937310638881,1.5543122344752192e-15,-0.07720255851745605,5.33727502822876,0.0,-0.0012776361517829909,30.68303550992693,1.9745567423247157
276,ppo_gmm,ppo,gaussian,1,-96.61290969384572,8.537430287643813,96.61290969384572,7.171363830566406,3.7210800647735596,6.965583324432373,2.9269165992736816,1.3322676295501878e-15,-99.35398372835229,99.35398372835229,8.881784197001252e-16,-0.38510584831237793,5.980968475341797,0.0,0.00037199379100153845,30.48579082318715,1.9732551514392807
277,ppo_gmm,ppo,gaussian,1,-97.17175132489297,8.357157966199436,97.17175132489297,7.102322578430176,4.260005950927734,6.965954303741455,2.9264755249023438,1.1102230246251565e-15,-99.43976371971665,99.43976371971665,1.1102230246251565e-15,-0.12537994980812073,5.422704696655273,0.0,-0.0009228398890367576,30.903855800628662,1.9716589450836182
278,ppo_gmm,ppo,gaussian,1,-98.60964194789851,8.312911679518985,98.60964194789851,7.202888011932373,4.471482276916504,6.966333866119385,2.926042079925537,1.1102230246251565e-15,-96.49985291788818,96.49985291788818,8.881784197001252e-16,-0.48508527874946594,5.465004920959473,0.0,-0.000989893348776691,30.92053931951523,1.9682541769884883
279,ppo_gmm,ppo,gaussian,1,-98.79973800316988,6.896412475595145,98.79973800316988,6.7941694259643555,4.120903491973877,6.966704368591309,2.925625801086426,1.1102230246251565e-15,-101.44524291202006,101.44524291202006,1.1102230246251565e-15,-0.40411460399627686,5.633864879608154,0.0,-0.0008574064351185891,30.814075617563155,1.9656606501057035
280,ppo_gmm,ppo,gaussian,1,-98.11094513459597,8.069589107560843,98.11094513459597,7.318563938140869,5.2271728515625,6.967043876647949,2.9252359867095947,1.3322676295501878e-15,-97.0165794943054,97.0165794943054,1.1102230246251565e-15,-0.8826359510421753,5.664985656738281,0.0,-0.0020528335423607913,31.54879120985667,1.9641781655095873
281,ppo_gmm,ppo,gaussian,1,-95.21837841680099,6.8510938643060095,95.21837841680099,7.491568565368652,3.8451766967773438,6.967374801635742,2.9248242378234863,8.881784197001252e-16,-98.58501446725182,98.58501446725182,1.1102230246251565e-15,-0.1837206482887268,5.517910957336426,0.0,-0.0020974626420952732,30.28096414180029,1.9606947572458358
282,ppo_gmm,ppo,gaussian,1,-97.3302260333092,8.53565956080012,97.3302260333092,6.505556583404541,3.4700629711151123,6.967708587646484,2.9244048595428467,1.1102230246251565e-15,-99.10209228601555,99.10209228601555,1.1102230246251565e-15,-0.43790796399116516,5.489861011505127,0.0,-0.0007573480030433053,30.60043790794554,1.9587758960468429
283,ppo_gmm,ppo,gaussian,1,-95.74757633302366,7.12188684927411,95.74757633302366,6.719964027404785,3.9155867099761963,6.968029022216797,2.9239723682403564,1.7763568394002505e-15,-96.78620506408001,96.78620506408001,8.881784197001252e-16,-0.3512410521507263,5.679178237915039,0.0,-0.0022826524246262296,30.074639223870776,1.958611093106724
284,ppo_gmm,ppo,gaussian,1,-94.783153577398,6.633547063790214,94.783153577398,6.695671081542969,3.5255298614501953,6.968336582183838,2.923544406890869,8.881784197001252e-16,-98.03587648737454,98.03587648737454,8.881784197001252e-16,-0.3203372359275818,5.725979804992676,0.0,-0.0008101713222761949,29.394514972255344,1.9570020646566437
285,ppo_gmm,ppo,gaussian,1,-96.51427564109589,6.38648551357046,96.51427564109589,6.921747207641602,4.44435453414917,6.96864652633667,2.9230947494506836,1.3322676295501878e-15,-100.05061291980768,100.05061291980768,1.1102230246251565e-15,-0.1662811040878296,5.606965065002441,0.0,-0.00015844233677766862,30.559413257099333,1.9558066544788224
286,ppo_gmm,ppo,gaussian,1,-96.44263448640349,7.860947075472206,96.44263448640349,7.7020440101623535,3.7789034843444824,6.968934535980225,2.922656297683716,1.1102230246251565e-15,-98.64970703052374,98.64970703052374,8.881784197001252e-16,-0.7003990411758423,5.734890937805176,0.0,0.0002009424026168528,29.819812382970536,1.9566811685051237
287,ppo_gmm,ppo,gaussian,1,-97.75507833724892,7.456842251224165,97.75507833724892,7.398455619812012,4.331073760986328,6.969199180603027,2.9222280979156494,1.3322676295501878e-15,-98.1050876891232,98.1050876891232,8.881784197001252e-16,-0.4838097393512726,5.62135124206543,0.0,-0.0008043628768064082,30.084861812137422,1.957623072323345
288,ppo_gmm,ppo,gaussian,1,-96.87450737227766,6.748107713292925,96.87450737227766,7.430842876434326,3.2466392517089844,6.969454765319824,2.921799898147583,1.3322676295501878e-15,-96.62725255845578,96.62725255845578,8.881784197001252e-16,0.06771379709243774,5.748054027557373,0.0,-0.004049697702395774,29.824594994386036,1.958111649113042
289,ppo_gmm,ppo,gaussian,1,-94.61922086882447,6.774161020666032,94.61922086882447,7.603018283843994,3.445565938949585,6.969651699066162,2.9213783740997314,1.1102230246251565e-15,-97.74667391373688,97.74667391373688,8.881784197001252e-16,-0.2998736798763275,5.315346717834473,0.0,-0.000850493889412887,29.692542578492844,1.9573551217714946
290,ppo_gmm,ppo,gaussian,1,-98.53266951734089,7.079142871512614,98.53266951734089,6.489402770996094,4.021481990814209,6.9698710441589355,2.9209697246551514,1.1102230246251565e-15,-100.01834915025526,100.01834915025526,1.1102230246251565e-15,-0.45586976408958435,5.770071983337402,0.0,-0.0009450599318370223,30.818902427241916,1.9538251821483885
291,ppo_gmm,ppo,gaussian,1,-98.55221607048873,8.031692067077534,98.55221607048873,6.694119453430176,4.17877197265625,6.970101833343506,2.9205455780029297,1.3322676295501878e-15,-97.38217833844459,97.38217833844459,1.1102230246251565e-15,-0.08625540137290955,5.717172622680664,0.0,-7.543976174756175e-06,30.660491404079256,1.9509338800396239
292,ppo_gmm,ppo,gaussian,1,-99.97135017668185,7.423811232346482,99.97135017668185,6.733470916748047,5.0967888832092285,6.970319747924805,2.9201064109802246,1.1102230246251565e-15,-97.79750193460072,97.79750193460072,1.3322676295501878e-15,-0.4653068780899048,5.594258785247803,0.0,-0.0022077561561239974,31.4768030444781,1.9495855697563715
293,ppo_gmm,ppo,gaussian,1,-98.31715102593378,9.6814520153136,98.31715102593378,7.3921027183532715,3.3385133743286133,6.9705586433410645,2.919696569442749,1.1102230246251565e-15,-98.82637671161784,98.82637671161784,1.1102230246251565e-15,-0.6128090023994446,6.007197856903076,0.0,0.00021009648584627679,30.54411597762789,1.9480728248045558
294,ppo_gmm,ppo,gaussian,1,-97.09710850630124,7.444348739726804,97.09710850630124,6.887338161468506,2.7541093826293945,6.9708476066589355,2.919290065765381,1.1102230246251565e-15,-100.33108598992226,100.33108598992226,1.1102230246251565e-15,-0.24036076664924622,5.332004070281982,0.0,-0.0013697186964453153,30.043105792431604,1.9459492500339235
295,ppo_gmm,ppo,gaussian,1,-97.53704926794008,9.836381475664906,97.53704926794008,6.889012336730957,2.981661796569824,6.971137523651123,2.918912172317505,1.3322676295501878e-15,-98.90682109662748,98.90682109662748,8.881784197001252e-16,-0.6033709049224854,5.687346458435059,0.0,-0.001158363740181639,30.359073366437638,1.9451251686328934
296,ppo_gmm,ppo,gaussian,1,-94.26050064565953,6.749489443745288,94.26050064565953,7.317934036254883,3.7983133792877197,6.971420764923096,2.9185173511505127,1.1102230246251565e-15,-96.19194150356654,96.19194150356654,1.1102230246251565e-15,-0.3997822105884552,5.588330268859863,0.0,-0.0008259831062917199,29.719718410855247,1.9439188830909275
297,ppo_gmm,ppo,gaussian,1,-96.60644596636858,7.553872210714441,96.60644596636858,7.525276184082031,3.8905112743377686,6.971682071685791,2.918107748031616,1.3322676295501878e-15,-97.26780631565765,97.26780631565765,8.881784197001252e-16,-0.1764087975025177,5.709421157836914,0.0,-0.001909407119022771,30.09567189784277,1.942213814173426
298,ppo_gmm,ppo,gaussian,1,-96.92680229126397,7.532372505226856,96.92680229126397,6.718790531158447,3.4298949241638184,6.971960544586182,2.917703151702881,1.5543122344752192e-15,-97.686752372342,97.686752372342,1.1102230246251565e-15,-0.23297259211540222,5.4724626541137695,0.0,-0.0013428071951715364,30.379747158005124,1.9398744124032201
299,ppo_gmm,ppo,gaussian,1,-97.93670866550309,7.192115273547963,97.93670866550309,6.87192964553833,3.723573684692383,6.972232818603516,2.9173073768615723,8.881784197001252e-16,-95.3563109086316,95.3563109086316,8.881784197001252e-16,-0.21714788675308228,5.600198745727539,0.0,-0.0010856366272838343,31.04153579757327,1.9380474959810574
300,ppo_gmm,ppo,gaussian,1,-95.29478810070563,7.388493038629348,95.29478810070563,6.7919206619262695,3.223867177963257,6.972521781921387,2.916936159133911,1.3322676295501878e-15,-100.04786181895149,100.04786181895149,1.1102230246251565e-15,-0.524806022644043,5.4244208335876465,0.0,-0.0005791026771822501,30.369080804643175,1.9375382619244712
301,ppo_gmm,ppo,gaussian,1,-98.57138758250316,6.560040309446951,98.57138758250316,7.046673774719238,4.562722682952881,6.972784996032715,2.9165570735931396,1.3322676295501878e-15,-98.7024426792822,98.7024426792822,8.881784197001252e-16,-0.4988234043121338,5.58138370513916,0.0,-0.0013418985320077766,31.10491499588603,1.9362420255229587
302,ppo_gmm,ppo,gaussian,1,-98.5307937164128,8.434927760819713,98.5307937164128,7.038334846496582,4.207219123840332,6.973107814788818,2.9161667823791504,8.881784197001252e-16,-96.88321958522488,96.88321958522488,1.1102230246251565e-15,-0.43506649136543274,5.826579570770264,0.0,-0.0010899132161977746,30.512164361420133,1.933523150427001
303,ppo_gmm,ppo,gaussian,1,-99.09704454252969,9.09158998394858,99.09704454252969,7.207943916320801,4.197970390319824,6.97343111038208,2.915756940841675,1.1102230246251565e-15,-99.37024189235785,99.37024189235785,8.881784197001252e-16,-0.2743385434150696,5.939743518829346,0.0,-0.0021110628592959117,31.133102133160545,1.9327857654009546
304,ppo_gmm,ppo,gaussian,1,-96.18854819586761,7.894120358538692,96.18854819586761,6.857244491577148,4.87689208984375,6.973749160766602,2.9153552055358887,1.1102230246251565e-15,-100.8660908785699,100.8660908785699,1.5543122344752192e-15,-0.579460859298706,5.599432945251465,0.0,-0.001021184675794627,30.736335427988145,1.9332714804581232
305,ppo_gmm,ppo,gaussian,1,-94.12132969499535,5.934167853607137,94.12132969499535,6.933352470397949,2.553487777709961,6.97405481338501,2.9149973392486572,1.1102230246251565e-15,-97.22975390088973,97.22975390088973,8.881784197001252e-16,-0.11842435598373413,5.050227165222168,0.0,-2.557411789894104e-05,29.333079539594195,1.9315031933642568
306,ppo_gmm,ppo,gaussian,1,-95.85253184951725,7.846039616416968,95.85253184951725,6.683858394622803,3.327173948287964,6.974321365356445,2.9146151542663574,8.881784197001252e-16,-97.96102292553486,97.96102292553486,8.881784197001252e-16,-0.25284743309020996,5.642919063568115,0.0,-0.0012161869866152604,30.13922741015752,1.9287936857768468
307,ppo_gmm,ppo,gaussian,1,-101.321514802866,10.333008003647967,101.321514802866,7.108096122741699,5.331048011779785,6.974576473236084,2.9142403602600098,8.881784197001252e-16,-96.11564390786096,96.11564390786096,8.881784197001252e-16,-0.7789410352706909,5.836379051208496,0.0,-5.473043226326505e-05,31.64926983628954,1.9272007778996514
308,ppo_gmm,ppo,gaussian,1,-94.43794590731957,7.269486819600609,94.43794590731957,6.619452476501465,2.8265342712402344,6.974862575531006,2.9138667583465576,8.881784197001252e-16,-97.58381731343539,97.58381731343539,1.1102230246251565e-15,-0.08017557859420776,5.2436723709106445,0.0,-0.0010238656679922272,29.435022918950942,1.925450596071425
309,ppo_gmm,ppo,gaussian,1,-96.33939959443077,6.61573579348594,96.33939959443077,7.599746227264404,3.028275966644287,6.975122928619385,2.9135024547576904,8.881784197001252e-16,-100.23077965125005,100.23077965125005,8.881784197001252e-16,-0.264828085899353,5.224115371704102,0.0,-0.0005486280479956241,29.59233980519431,1.9238353818655014
310,ppo_gmm,ppo,gaussian,1,-99.07656042393319,6.505490803711315,99.07656042393319,7.312246322631836,3.5553340911865234,6.975378513336182,2.913125514984131,8.881784197001252e-16,-98.35237951945555,98.35237951945555,1.1102230246251565e-15,-0.05999256670475006,5.5859246253967285,0.0,-0.0009261374389531003,30.97979768826848,1.9231871841918855
311,ppo_gmm,ppo,gaussian,1,-96.30294154771516,5.998522508874971,96.30294154771516,6.477658748626709,3.653564691543579,6.975621223449707,2.9127564430236816,1.3322676295501878e-15,-95.59682710702363,95.59682710702363,1.1102230246251565e-15,0.0020505934953689575,5.18821907043457,0.0,-0.0002925456612415257,30.84565885577883,1.9234930936779295
312,ppo_gmm,ppo,gaussian,1,-96.70366004900043,7.265373309239248,96.70366004900043,6.318862438201904,2.936739444732666,6.975894927978516,2.9123804569244385,8.881784197001252e-16,-98.59840540509532,98.59840540509532,8.881784197001252e-16,-0.06552748382091522,5.546709060668945,0.0,-0.0009347957398165905,30.61705196897189,1.9235117925064904
313,ppo_gmm,ppo,gaussian,1,-97.36755972423944,6.943726662623381,97.36755972423944,7.713078022003174,3.5683414936065674,6.976146221160889,2.9119887351989746,1.3322676295501878e-15,-98.96897055162523,98.96897055162523,1.1102230246251565e-15,0.09055573493242264,5.476596832275391,0.0,-0.0008299139805049414,30.55533256984892,1.9229827260687238
314,ppo_gmm,ppo,gaussian,1,-96.01768523660836,7.710588243817185,96.01768523660836,6.297816753387451,2.969688892364502,6.976422309875488,2.911618947982788,1.3322676295501878e-15,-97.14855542389958,97.14855542389958,8.881784197001252e-16,-0.45485106110572815,5.471562385559082,0.0,-0.00134158757282421,30.901704725765047,1.9227598121478444
315,ppo_gmm,ppo,gaussian,1,-96.79871360834079,8.090880820071815,96.79871360834079,7.1978559494018555,3.692312240600586,6.976705074310303,2.9112257957458496,1.1102230246251565e-15,-99.37144778406746,99.37144778406746,8.881784197001252e-16,-0.11102553457021713,5.63322639465332,0.0,-0.000389346807164007,30.853570024172466,1.9225886425092107
316,ppo_gmm,ppo,gaussian,1,-98.21880787283486,9.089683382339452,98.21880787283486,6.756470680236816,5.257136344909668,6.977016448974609,2.910839319229126,8.881784197001252e-16,-96.83091955262466,96.83091955262466,1.1102230246251565e-15,-0.2722136974334717,5.692790985107422,0.0,-0.0010181526886299253,31.788146935758135,1.921252919094903
317,ppo_gmm,ppo,gaussian,1,-98.01028773469689,8.595998386070843,98.01028773469689,7.369760513305664,3.455148696899414,6.977377414703369,2.9104790687561035,1.3322676295501878e-15,-96.2579606721126,96.2579606721126,1.1102230246251565e-15,-0.46827489137649536,5.961801528930664,0.0,-0.0024233092637067394,31.373766320092336,1.9188863894059545
318,ppo_gmm,ppo,gaussian,1,-95.95306639961566,6.805785862828776,95.95306639961566,6.651057720184326,3.1937053203582764,6.977733612060547,2.9101202487945557,1.3322676295501878e-15,-96.58352848557954,96.58352848557954,1.1102230246251565e-15,-0.10350605845451355,5.318314552307129,0.0,-0.0012798954461080332,30.237082467192696,1.9185231239313172
319,ppo_gmm,ppo,gaussian,1,-95.4613119935495,6.878423870069095,95.4613119935495,7.078943729400635,2.761288642883301,6.978061676025391,2.909770965576172,8.881784197001252e-16,-97.89815873520737,97.89815873520737,1.1102230246251565e-15,-0.10689494013786316,5.413731575012207,0.0,-0.0027073094249880384,30.03826870804741,1.9174833524794805
320,ppo_gmm,ppo,gaussian,1,-97.31053536581686,7.562864086671846,97.31053536581686,6.780274391174316,4.315854072570801,6.9784088134765625,2.90942120552063,8.881784197001252e-16,-96.45808048869922,96.45808048869922,1.1102230246251565e-15,-0.40645208954811096,5.6257524490356445,0.0,-0.0012142642822471402,31.42739591995875,1.916142272097724
321,ppo_gmm,ppo,gaussian,1,-98.76250405658277,8.036419493315469,98.76250405658277,6.276562690734863,3.9605555534362793,6.978752136230469,2.9090607166290283,1.3322676295501878e-15,-99.719566202414,99.719566202414,1.5543122344752192e-15,-0.3177684247493744,5.686123847961426,0.0,-0.0018808581295334512,30.790838278475263,1.9161963313817978
322,ppo_gmm,ppo,gaussian,1,-99.23501869501291,8.126331210814582,99.23501869501291,6.742212295532227,3.2704479694366455,6.9791107177734375,2.9087114334106445,1.1102230246251565e-15,-99.17533010233262,99.17533010233262,1.1102230246251565e-15,-0.3447067141532898,5.634366512298584,0.0,-0.0006125711148516053,31.312949768134526,1.9151698347358477
323,ppo_gmm,ppo,gaussian,1,-95.72257843721701,8.018767718404042,95.72257843721701,6.6348748207092285,3.372979164123535,6.979465961456299,2.9083757400512695,8.881784197001252e-16,-97.60591957060058,97.60591957060058,8.881784197001252e-16,-0.526202380657196,5.7884039878845215,0.0,-0.0005666361207009426,31.217588663101196,1.914884311457475
324,ppo_gmm,ppo,gaussian,1,-97.11673901421827,8.437041366517361,97.11673901421827,6.877043724060059,4.310565948486328,6.979825496673584,2.908036947250366,1.1102230246251565e-15,-98.69759737209822,98.69759737209822,1.3322676295501878e-15,-0.21150976419448853,5.29433012008667,0.0,-0.0009469015501616966,31.203840468611038,1.9142427263515336
325,ppo_gmm,ppo,gaussian,1,-99.23180617452573,8.201225156748995,99.23180617452573,6.776344299316406,3.761767625808716,6.9802021980285645,2.9077134132385254,8.881784197001252e-16,-97.62066187966397,97.62066187966397,8.881784197001252e-16,-0.5505133867263794,5.696496963500977,0.0,-0.0008789326197334699,31.81468375523885,1.9135567081116496
326,ppo_gmm,ppo,gaussian,1,-95.59277185140145,8.01395368967357,95.59277185140145,6.717758655548096,3.591632604598999,6.980580806732178,2.9073801040649414,1.1102230246251565e-15,-99.19368667689506,99.19368667689506,1.1102230246251565e-15,-0.26782530546188354,5.363844871520996,0.0,-0.002453796210743132,30.601537488755724,1.9137994817325048
327,ppo_gmm,ppo,gaussian,1,-97.01624807941357,9.051738328805474,97.01624807941357,7.113363265991211,3.383164405822754,6.980960845947266,2.9070420265197754,1.3322676295501878e-15,-100.9269616748169,100.9269616748169,8.881784197001252e-16,-0.44072696566581726,5.580787658691406,0.0,-0.0025250608811066264,30.54103110801606,1.9128942883440427
328,ppo_gmm,ppo,gaussian,1,-96.55481752616942,8.30850109736168,96.55481752616942,6.741186618804932,4.70426082611084,6.98133659362793,2.906719923019409,1.5543122344752192e-15,-97.15298552224937,97.15298552224937,1.1102230246251565e-15,-0.769530713558197,5.683417320251465,0.0,-0.0007596091738724638,30.72079356227602,1.909926131722473
329,ppo_gmm,ppo,gaussian,1,-97.29219155089064,8.264924640295982,97.29219155089064,6.886399745941162,4.304019927978516,6.981725215911865,2.906379222869873,1.1102230246251565e-15,-97.53386945779792,97.53386945779792,1.1102230246251565e-15,-0.2170080840587616,5.625585556030273,0.0,-0.0013353749583031806,30.71655630781537,1.9085721668033373
330,ppo_gmm,ppo,gaussian,1,-98.0750581171086,6.712916850709821,98.0750581171086,5.45272970199585,3.323559284210205,6.982117652893066,2.9060356616973877,1.1102230246251565e-15,-98.0506760559684,98.0506760559684,1.3322676295501878e-15,-0.2066727578639984,5.630337715148926,0.0,-6.610995790522014e-05,31.124894675754366,1.906764529645443
331,ppo_gmm,ppo,gaussian,1,-96.30870675955892,8.511931687133197,96.30870675955892,7.519865989685059,4.596725940704346,6.982511520385742,2.9057095050811768,1.3322676295501878e-15,-99.3033223265663,99.3033223265663,1.1102230246251565e-15,-0.5815544128417969,5.565220355987549,0.0,-0.002576463938956814,31.047577134200505,1.9048542657068797
332,ppo_gmm,ppo,gaussian,1,-96.96892755093333,7.665927476567043,96.96892755093333,6.499953269958496,3.2036614418029785,6.982893466949463,2.9053962230682373,8.881784197001252e-16,-99.10958495743222,99.10958495743222,1.1102230246251565e-15,-0.5275015830993652,5.368973731994629,0.0,-0.000844382026809312,30.684726902416774,1.9039413315199671
333,ppo_gmm,ppo,gaussian,1,-97.26631473671294,8.379533431134721,97.26631473671294,7.231773853302002,3.3065497875213623,6.983243942260742,2.905109167098999,1.3322676295501878e-15,-100.47679988098774,100.47679988098774,8.881784197001252e-16,-0.458378404378891,5.531275272369385,0.0,0.00010150772452886616,30.57447287582216,1.904225577910741
334,ppo_gmm,ppo,gaussian,1,-96.53144781289676,9.579969525434898,96.53144781289676,7.267354488372803,4.22550630569458,6.983602523803711,2.9048240184783936,1.1102230246251565e-15,-98.83023734729301,98.83023734729301,1.5543122344752192e-15,-0.3438255786895752,5.768619537353516,0.0,-0.0015131619986191037,31.398097813129425,1.904192821965331
335,ppo_gmm,ppo,gaussian,1,-97.71632570074672,9.745507738227795,97.71632570074672,6.597439765930176,3.4556193351745605,6.983987331390381,2.904552698135376,8.881784197001252e-16,-98.05032606198263,98.05032606198263,1.1102230246251565e-15,-0.4370296001434326,5.5268425941467285,0.0,-0.0015907454127002331,30.977445837997255,1.902505022074495
336,ppo_gmm,ppo,gaussian,1,-96.03717219456132,8.943171741331188,96.03717219456132,7.246509552001953,3.9625401496887207,6.984375,2.9042747020721436,1.3322676295501878e-15,-96.81365050427915,96.81365050427915,8.881784197001252e-16,-0.4998737573623657,5.587244510650635,0.0,-0.0010644694834592797,30.645357563382102,1.9020415306800889
337,ppo_gmm,ppo,gaussian,1,-100.06670828951997,9.737988938533775,100.06670828951997,6.7426300048828125,5.617108345031738,6.984748840332031,2.9039924144744873,1.1102230246251565e-15,-99.26055324490898,99.26055324490898,8.881784197001252e-16,-0.4903326630592346,5.827864646911621,0.0,-0.002387399879461598,32.96859308935347,1.9009327405974978
338,ppo_gmm,ppo,gaussian,1,-96.32156737799745,6.891031994353139,96.32156737799745,6.949128150939941,3.443053722381592,6.985123634338379,2.903735399246216,1.7763568394002505e-15,-100.64850049279212,100.64850049279212,1.1102230246251565e-15,-0.6056878566741943,5.762062072753906,0.0,-0.0013107970132425959,31.106603012198494,1.9001295115976107
339,ppo_gmm,ppo,gaussian,1,-95.61072423173542,6.987864312725197,95.61072423173542,7.054436206817627,4.148425102233887,6.985513210296631,2.9034972190856934,1.3322676295501878e-15,-97.291100217976,97.291100217976,1.3322676295501878e-15,-0.12357914447784424,5.353269577026367,0.0,-0.0012743869308559667,30.91502776316234,1.9000877333538873
340,ppo_gmm,ppo,gaussian,1,-97.71518690043932,9.380459132391636,97.71518690043932,6.149768829345703,4.882492542266846,6.9858903884887695,2.903250217437744,1.3322676295501878e-15,-99.13798491546804,99.13798491546804,1.1102230246251565e-15,-0.40916550159454346,5.433553218841553,0.0,-0.0019635040606815544,32.4983716294879,1.8993218445352145
341,ppo_gmm,ppo,gaussian,1,-96.52991885339993,6.1045576893105205,96.52991885339993,7.677228927612305,4.367129325866699,6.986198902130127,2.9029765129089355,1.3322676295501878e-15,-97.87359611370692,97.87359611370692,1.1102230246251565e-15,-0.20984748005867004,5.580569267272949,0.0,-6.072507572493383e-05,30.65495040870848,1.8989357199697268
342,ppo_gmm,ppo,gaussian,1,-95.45003166985474,8.154948362445444,95.45003166985474,7.435871124267578,4.004170894622803,6.986505508422852,2.9026992321014404,1.3322676295501878e-15,-96.18695949230863,96.18695949230863,1.1102230246251565e-15,-0.45284155011177063,5.568696022033691,0.0,-0.002034044634672769,30.582226546037766,1.8984138674679256
343,ppo_gmm,ppo,gaussian,1,-97.20329791232135,7.221805091120949,97.20329791232135,7.373017311096191,5.193236827850342,6.986794948577881,2.9024219512939453,8.881784197001252e-16,-97.4785026934336,97.4785026934336,1.1102230246251565e-15,-0.4082656502723694,5.431571960449219,0.0,-0.0009237622531751791,31.402883822009677,1.8977094679361297
344,ppo_gmm,ppo,gaussian,1,-97.23237643162565,8.804119822010911,97.23237643162565,6.907443523406982,4.457205772399902,6.987088203430176,2.9021480083465576,1.1102230246251565e-15,-97.28829972315833,97.28829972315833,8.881784197001252e-16,-0.20314444601535797,5.31502628326416,0.0,-0.0007616812390984879,30.77402454898471,1.896096747545969
345,ppo_gmm,ppo,gaussian,1,-94.2956619668056,6.571641924213114,94.2956619668056,7.05168342590332,3.8170957565307617,6.987351894378662,2.901886463165283,1.3322676295501878e-15,-99.0943554650832,99.0943554650832,8.881784197001252e-16,-0.3673785328865051,5.334380626678467,0.0,-0.0019116423458659223,30.49785502751668,1.8957726650294804
346,ppo_gmm,ppo,gaussian,1,-95.71192764524854,8.02644597387971,95.71192764524854,6.577844619750977,5.031846046447754,6.9876017570495605,2.9016146659851074,1.7763568394002505e-15,-99.12727130391754,99.12727130391754,1.7763568394002505e-15,-0.45842474699020386,5.620003700256348,0.0,-8.75768129758182e-05,31.357353749729338,1.8950414167983192
347,ppo_gmm,ppo,gaussian,1,-95.29730369155402,6.309983794092445,95.29730369155402,6.510776519775391,3.5987117290496826,6.987854957580566,2.9013450145721436,1.1102230246251565e-15,-100.64076639196948,100.64076639196948,8.881784197001252e-16,-0.004458561539649963,5.760342121124268,0.0,-0.001125268507859714,30.435448664994468,1.8947389973771005
348,ppo_gmm,ppo,gaussian,1,-97.78076293211964,9.90617379776302,97.78076293211964,7.667104721069336,3.9652962684631348,6.988117694854736,2.9010651111602783,1.3322676295501878e-15,-96.08282628542597,96.08282628542597,1.1102230246251565e-15,-0.41354864835739136,5.717264652252197,0.0,-0.0004997333536656308,30.555119463375636,1.895119964721657
349,ppo_gmm,ppo,gaussian,1,-95.28888444579678,8.351623099359921,95.28888444579678,7.799644470214844,4.219939708709717,6.988379955291748,2.9007837772369385,1.3322676295501878e-15,-97.62275139661853,97.62275139661853,8.881784197001252e-16,-0.44717898964881897,5.60810661315918,0.0,-0.00030554888958466195,29.985122203826904,1.8943489555801665
350,ppo_gmm,ppo,gaussian,1,-97.67014737395507,8.905158203696866,97.67014737395507,6.554670810699463,4.568277359008789,6.988640308380127,2.9005208015441895,1.1102230246251565e-15,-94.60871931201093,94.60871931201093,1.1102230246251565e-15,-0.938289999961853,5.753170967102051,0.0,-0.0013917685081694452,30.913785704544612,1.8941832344446863
351,ppo_gmm,ppo,gaussian,1,-96.70453210582843,8.129901689836663,96.70453210582843,6.850762844085693,4.0998921394348145,6.988874435424805,2.900247812271118,1.3322676295501878e-15,-98.12380601238388,98.12380601238388,1.1102230246251565e-15,-0.3933994174003601,5.408448219299316,0.0,-0.0013392107378292298,30.662356600874947,1.8940885684319906
352,ppo_gmm,ppo,gaussian,1,-94.87739164253347,7.441800730968027,94.87739164253347,8.018227577209473,3.0745673179626465,6.9891037940979,2.90000319480896,1.3322676295501878e-15,-96.32806741715342,96.32806741715342,1.1102230246251565e-15,-0.3877324163913727,5.591037273406982,0.0,-0.0015759370650076086,29.623938753491355,1.8939542947780519
353,ppo_gmm,ppo,gaussian,1,-97.28755544446851,6.901832056891319,97.28755544446851,6.44000768661499,3.9734513759613037,6.989362716674805,2.8997445106506348,8.881784197001252e-16,-97.20777870531276,97.20777870531276,1.1102230246251565e-15,-0.2445315569639206,5.51827335357666,0.0,-0.0017402590379961545,30.631691691421327,1.8927398072112174
354,ppo_gmm,ppo,gaussian,1,-93.47318798530964,5.854395608356726,93.47318798530964,6.669276237487793,3.3202669620513916,6.9896063804626465,2.8994808197021484,1.3322676295501878e-15,-99.41628161568109,99.41628161568109,8.881784197001252e-16,-0.0838722437620163,5.4952850341796875,0.0,-0.0009806789443939038,29.55881877740224,1.8913760103640103
355,ppo_gmm,ppo,gaussian,1,-94.83028010312162,7.687149382210228,94.83028010312162,7.442111015319824,4.157193183898926,6.98981237411499,2.8992087841033936,1.1102230246251565e-15,-96.65869300023736,96.65869300023736,8.881784197001252e-16,-0.31833240389823914,5.64335823059082,0.0,-0.002154767707300683,30.110247050012863,1.890718469307536
356,ppo_gmm,ppo,gaussian,1,-95.4696260772284,7.891723324612412,95.4696260772284,7.328765869140625,4.215782165527344,6.990034103393555,2.898926019668579,1.3322676295501878e-15,-98.49073035744149,98.49073035744149,1.3322676295501878e-15,-0.199133038520813,5.516186714172363,0.0,-0.0019048688866730248,30.451967736085255,1.8887683859183675
357,ppo_gmm,ppo,gaussian,1,-96.75588228426662,8.824089122572545,96.75588228426662,7.564367771148682,3.966618776321411,6.990299224853516,2.898662567138672,1.3322676295501878e-15,-97.12307897213334,97.12307897213334,1.1102230246251565e-15,-0.38822218775749207,5.563875198364258,0.0,-0.0018281199708802714,30.334239323933918,1.8873063755177317
358,ppo_gmm,ppo,gaussian,1,-95.4146352123363,8.916958035579025,95.4146352123363,6.856017112731934,4.457437038421631,6.990535736083984,2.8984129428863525,1.7763568394002505e-15,-97.93719346409398,97.93719346409398,1.1102230246251565e-15,-1.2363895177841187,6.017669200897217,0.0,-0.0007749989911514733,30.346963260854995,1.8871473996412187
359,ppo_gmm,ppo,gaussian,1,-94.54632636514067,7.8190876249040695,94.54632636514067,7.876141548156738,3.180387020111084,6.990787029266357,2.898172616958618,1.7763568394002505e-15,-98.4913185094805,98.4913185094805,1.1102230246251565e-15,-0.43520045280456543,5.476066589355469,0.0,-0.0017679514047423644,29.245418486141023,1.8871304676646279
360,ppo_gmm,ppo,gaussian,1,-96.93667176339831,8.498482303624444,96.93667176339831,6.942143440246582,4.0013532638549805,6.991031169891357,2.8979458808898926,1.1102230246251565e-15,-95.31354483494685,95.31354483494685,8.881784197001252e-16,-0.8940509557723999,5.701238632202148,0.0,-0.001606189662457577,30.436704060861043,1.8863835838578997
361,ppo_gmm,ppo,gaussian,1,-98.67134465891108,7.723890441055361,98.67134465891108,6.356203079223633,3.277752161026001,6.991287708282471,2.897714614868164,8.881784197001252e-16,-96.64746794514558,96.64746794514558,1.1102230246251565e-15,-0.14579936861991882,5.423250198364258,0.0,-0.00059170660097152,30.82913470552081,1.886100927279109
362,ppo_gmm,ppo,gaussian,1,-94.70043557499304,7.254776636816224,94.70043557499304,6.7501044273376465,4.221634864807129,6.991518020629883,2.897472858428955,1.1102230246251565e-15,-100.23861976737011,100.23861976737011,1.1102230246251565e-15,-0.19127778708934784,5.462055683135986,0.0,-5.063620240737994e-06,29.741240583714983,1.8854062709779966
363,ppo_gmm,ppo,gaussian,1,-94.48157598018167,7.318628324025832,94.48157598018167,7.211589813232422,3.812185764312744,6.991742134094238,2.8972198963165283,1.3322676295501878e-15,-99.9609783002324,99.9609783002324,8.881784197001252e-16,-0.16665184497833252,5.67087459564209,0.0,-0.001115249360390451,29.641511040074484,1.885330217225211
364,ppo_gmm,ppo,gaussian,1,-96.10086967710672,5.157384781083701,96.10086967710672,7.244483947753906,3.7002248764038086,6.991954803466797,2.8969624042510986,8.881784197001252e-16,-98.38262003891444,98.38262003891444,8.881784197001252e-16,-0.10320988297462463,5.471761703491211,0.0,-0.00043277814707142257,29.535479747113726,1.886871158012322
365,ppo_gmm,ppo,gaussian,1,-94.41449574295801,8.434453730682334,94.41449574295801,7.304069995880127,3.6133134365081787,6.992172718048096,2.8967044353485107,1.3322676295501878e-15,-97.98859397663271,97.98859397663271,1.1102230246251565e-15,-0.5172857642173767,5.512174129486084,0.0,-0.0008531416339489321,29.211834061713446,1.8876457572692917
366,ppo_gmm,ppo,gaussian,1,-91.8363300758044,7.058143262884281,91.8363300758044,7.072883605957031,2.6011970043182373,6.9923577308654785,2.8964664936065674,1.3322676295501878e-15,-99.51998404948478,99.51998404948478,1.1102230246251565e-15,-0.3401740789413452,5.326839923858643,0.0,-0.0012184171299893585,28.515481792745135,1.8863785458462579
367,ppo_gmm,ppo,gaussian,1,-97.86944820604447,10.744254545199949,97.86944820604447,6.2108330726623535,4.918833255767822,6.992529392242432,2.8962347507476807,8.881784197001252e-16,-99.25649317655072,99.25649317655072,1.1102230246251565e-15,-0.9271794557571411,5.872596740722656,0.0,0.00018181191851562333,31.540065719967796,1.885999165120579
368,ppo_gmm,ppo,gaussian,1,-95.64323821798517,8.036512912129126,95.64323821798517,6.7438764572143555,3.792264938354492,6.992707252502441,2.8960094451904297,1.1102230246251565e-15,-97.04516372870104,97.04516372870104,1.3322676295501878e-15,-0.1820615530014038,5.618129730224609,0.0,0.00015514937972295142,29.67359816744214,1.8859572641196705
369,ppo_gmm,ppo,gaussian,1,-97.6177635857162,9.011765942635252,97.6177635857162,6.0291361808776855,4.441580295562744,6.9929094314575195,2.8957712650299072,8.881784197001252e-16,-97.5381947237646,97.5381947237646,8.881784197001252e-16,-0.28348878026008606,5.633050918579102,0.0,0.00015008043486713652,30.61393932501475,1.8856722127114023
370,ppo_gmm,ppo,gaussian,1,-95.98048858739827,7.887860992861253,95.98048858739827,7.143239974975586,4.78342342376709,6.993098735809326,2.895533561706543,8.881784197001252e-16,-100.29832586274402,100.29832586274402,8.881784197001252e-16,-0.4347275197505951,5.682580471038818,0.0,-0.0006454129997153013,30.334217830782844,1.8841631781487238
371,ppo_gmm,ppo,gaussian,1,-94.96271316544258,6.837981591480995,94.96271316544258,7.346804141998291,4.607489585876465,6.993256568908691,2.8953020572662354,1.3322676295501878e-15,-96.34473594339764,96.34473594339764,1.5543122344752192e-15,-0.47148051857948303,5.710938453674316,0.0,-0.001208702689923701,29.97203509864353,1.88216197597129
372,ppo_gmm,ppo,gaussian,1,-98.87733051644119,8.593667914724115,98.87733051644119,6.322331428527832,5.066537857055664,6.993422031402588,2.8950726985931396,1.3322676295501878e-15,-96.928636058515,96.928636058515,1.1102230246251565e-15,-0.4283401370048523,5.693556308746338,0.0,-0.0022052795033059304,31.47195820013682,1.8813972714401426
373,ppo_gmm,ppo,gaussian,1,-98.69108906014682,9.684295245201422,98.69108906014682,7.155768394470215,5.180469989776611,6.9935784339904785,2.894855260848999,1.3322676295501878e-15,-99.46585408073585,99.46585408073585,8.881784197001252e-16,-1.1181904077529907,5.880749702453613,0.0,-0.0022829524241387844,31.161464631557465,1.880167716670604
374,ppo_gmm,ppo,gaussian,1,-95.25455177832134,9.754812206337103,95.25455177832134,6.483608245849609,4.395791053771973,6.993731498718262,2.894634962081909,1.3322676295501878e-15,-98.63398121779817,98.63398121779817,1.3322676295501878e-15,-0.538367748260498,5.4605512619018555,0.0,-0.0005132753091553847,30.040842269148147,1.8776794075965881
375,ppo_gmm,ppo,gaussian,1,-97.31283228480171,8.53384787091638,97.31283228480171,7.1386823654174805,3.9022393226623535,6.993873119354248,2.8944177627563477,8.881784197001252e-16,-98.96493349836874,98.96493349836874,1.1102230246251565e-15,-0.5351428985595703,5.58034610748291,0.0,-0.0017792764785034315,30.647316961061385,1.874290138128258
376,ppo_gmm,ppo,gaussian,1,-93.76109394962005,6.671325615806465,93.76109394962005,7.599160194396973,3.5268421173095703,6.993990421295166,2.894209146499634,1.1102230246251565e-15,-97.41819693580922,97.41819693580922,8.881784197001252e-16,-0.185169517993927,5.50058650970459,0.0,-0.001908053211601717,29.30566237654005,1.871265705497492
377,ppo_gmm,ppo,gaussian,1,-96.7025759819065,9.970440202012623,96.7025759819065,6.122937202453613,4.022636890411377,6.9941301345825195,2.894014358520508,8.881784197001252e-16,-96.40310020956949,96.40310020956949,8.881784197001252e-16,-0.4158611595630646,5.569658279418945,0.0,-0.001077861231308253,30.601475437482197,1.8708563631489163
378,ppo_gmm,ppo,gaussian,1,-97.54059143566974,7.966036021866093,97.54059143566974,7.273732662200928,4.333542823791504,6.994263648986816,2.893803119659424,1.3322676295501878e-15,-96.7921355114085,96.7921355114085,8.881784197001252e-16,-0.1585703194141388,5.5357818603515625,0.0,-0.0018664699469116471,30.305574993292492,1.8703963235020638
379,ppo_gmm,ppo,gaussian,1,-94.97829352585597,8.926243322126465,94.97829352585597,7.499906539916992,3.8298885822296143,6.99439811706543,2.8935959339141846,8.881784197001252e-16,-97.6555952848276,97.6555952848276,8.881784197001252e-16,-0.630729079246521,5.459524154663086,0.0,-0.0014340170503904421,29.681577043873922,1.8685919961759023
380,ppo_gmm,ppo,gaussian,1,-97.91507275717598,7.491308831612021,97.91507275717598,7.1455159187316895,3.250568389892578,6.9945244789123535,2.8933916091918945,8.881784197001252e-16,-97.37856974252159,97.37856974252159,8.881784197001252e-16,-0.5075792074203491,6.319539546966553,0.0,-0.0008391554472923634,29.612584573881968,1.8673550390771456
381,ppo_gmm,ppo,gaussian,1,-95.38350532859764,8.371286291372723,95.38350532859764,6.906222343444824,3.9941518306732178,6.994664669036865,2.8931944370269775,1.1102230246251565e-15,-98.97405402373987,98.97405402373987,1.3322676295501878e-15,-0.6730767488479614,5.887588024139404,0.0,-0.0025173433269152327,30.148130334558942,1.8659972346254758
382,ppo_gmm,ppo,gaussian,1,-94.52471157714285,6.370280061703896,94.52471157714285,7.374967575073242,2.8427987098693848,6.99479866027832,2.8930084705352783,1.1102230246251565e-15,-98.16671887826493,98.16671887826493,8.881784197001252e-16,-0.33001917600631714,5.641609191894531,0.0,0.0005715794617398864,29.474332616442727,1.8650245890021324
383,ppo_gmm,ppo,gaussian,1,-99.05334579442606,9.101452017807931,99.05334579442606,7.1412529945373535,6.277622222900391,6.994934558868408,2.8928279876708984,1.3322676295501878e-15,-97.91730864392599,97.91730864392599,8.881784197001252e-16,-0.8420902490615845,5.819518566131592,0.0,-0.0012626346932458027,32.14874588024048,1.865093116249357
384,ppo_gmm,ppo,gaussian,1,-95.8217790968119,6.879094591909199,95.8217790968119,6.872991561889648,4.094586372375488,6.9950666427612305,2.892652988433838,1.3322676295501878e-15,-97.23054891503966,97.23054891503966,8.881784197001252e-16,-0.48309850692749023,5.559950351715088,0.0,-0.0009715170045161532,30.169473557245162,1.8661326826328324
385,ppo_gmm,ppo,gaussian,1,-94.08213977539793,7.174578731162886,94.08213977539793,7.566285133361816,3.3243567943573,6.995214462280273,2.892484188079834,1.3322676295501878e-15,-97.99589031766311,97.99589031766311,8.881784197001252e-16,-0.48116534948349,5.3631205558776855,0.0,-0.000786509265058807,29.117478248618898,1.8657374005942118
386,ppo_gmm,ppo,gaussian,1,-97.94879071672506,8.374939997334977,97.94879071672506,6.67336368560791,4.772245407104492,6.995362758636475,2.8923118114471436,8.881784197001252e-16,-96.08995489265482,96.08995489265482,1.1102230246251565e-15,-0.6011912822723389,5.4436445236206055,0.0,-0.0014378287846089474,30.576377037025633,1.8644569260733468
387,ppo_gmm,ppo,gaussian,1,-97.05334053134965,8.72845075618164,97.05334053134965,6.124336242675781,3.045867681503296,6.995541572570801,2.8921327590942383,8.881784197001252e-16,-96.44636995029558,96.44636995029558,1.1102230246251565e-15,-0.3762754201889038,5.8707966804504395,0.0,0.00018895075966914496,30.267637380531855,1.8639469551188605
388,ppo_gmm,ppo,gaussian,1,-97.18746165767953,6.60021429087752,97.18746165767953,8.537696838378906,4.344701766967773,6.99569034576416,2.8919482231140137,1.3322676295501878e-15,-99.0724466698046,99.0724466698046,8.881784197001252e-16,-0.12057244777679443,5.6728105545043945,0.0,-0.0008372530490825218,29.349059031123208,1.863705536794095
389,ppo_gmm,ppo,gaussian,1,-96.606264790811,7.466588104624848,96.606264790811,6.286581516265869,3.575591564178467,6.995851039886475,2.8917794227600098,1.1102230246251565e-15,-95.40521456134618,95.40521456134618,1.3322676295501878e-15,-0.26098984479904175,5.228426933288574,0.0,-0.001575383094383315,30.298730816159928,1.8630577198096685
390,ppo_gmm,ppo,gaussian,1,-96.11548026722545,9.91262121556813,96.11548026722545,6.524799823760986,2.269277572631836,6.9960222244262695,2.8916263580322266,1.3322676295501878e-15,-101.06462172877261,101.06462172877261,8.881784197001252e-16,-0.4013354778289795,5.319910526275635,0.0,-0.0008915659328479142,29.516268071674165,1.8635352193599655
391,ppo_gmm,ppo,gaussian,1,-99.222219242618,8.353066706478968,99.222219242618,6.703460693359375,3.925497055053711,6.996204853057861,2.8914883136749268,1.3322676295501878e-15,-99.37744993167651,99.37744993167651,8.881784197001252e-16,-0.3482726812362671,5.573178768157959,0.0,-0.000696731880972428,31.196871910776412,1.8643626201720465
392,ppo_gmm,ppo,gaussian,1,-93.14113182639306,7.241210144486862,93.14113182639306,7.650259971618652,2.6349494457244873,6.996354103088379,2.8913373947143555,1.3322676295501878e-15,-97.15360452008125,97.15360452008125,8.881784197001252e-16,-0.20583230257034302,5.414276123046875,0.0,-0.0017225673183843139,29.181358433905103,1.863464100375062
393,ppo_gmm,ppo,gaussian,1,-95.43327712017529,7.485621867475715,95.43327712017529,7.436642169952393,3.152881622314453,6.996524333953857,2.891176700592041,8.881784197001252e-16,-96.64289086168216,96.64289086168216,8.881784197001252e-16,-0.22137263417243958,5.5053935050964355,0.0,-0.0010986185599384563,29.189827342828114,1.8612051833243597
394,ppo_gmm,ppo,gaussian,1,-96.88937955227857,7.504470551428776,96.88937955227857,6.437517166137695,3.2122488021850586,6.996694087982178,2.8910269737243652,1.1102230246251565e-15,-97.62030142339535,97.62030142339535,1.1102230246251565e-15,-0.3505905270576477,5.426486015319824,0.0,-0.001288749025358508,30.459542967024305,1.8598258310840243
395,ppo_gmm,ppo,gaussian,1,-97.12103984019402,8.221446089335794,97.12103984019402,7.292514801025391,3.262598991394043,6.996877670288086,2.890889883041382,1.3322676295501878e-15,-96.4612374349066,96.4612374349066,8.881784197001252e-16,-0.3168126940727234,5.524323463439941,0.0,-0.0020324852029305128,30.46384605339595,1.8587944248602504
396,ppo_gmm,ppo,gaussian,1,-97.36370410739787,7.350851800917571,97.36370410739787,6.757205963134766,3.3599541187286377,6.997096061706543,2.8907549381256104,1.3322676295501878e-15,-99.0450747533757,99.0450747533757,8.881784197001252e-16,-0.31751254200935364,5.598670959472656,0.0,-0.000498575931747577,30.071010989802225,1.85872337470452
397,ppo_gmm,ppo,gaussian,1,-95.66562898165844,7.338833181488673,95.66562898165844,7.32288932800293,3.8117425441741943,6.997304439544678,2.8906137943267822,1.3322676295501878e-15,-100.65123850933671,100.65123850933671,8.881784197001252e-16,-0.4352491796016693,5.7888946533203125,0.0,-4.180905220675326e-05,30.274187990597316,1.8582399008529527
398,ppo_gmm,ppo,gaussian,1,-95.56461849898758,7.222777895647928,95.56461849898758,7.895138740539551,4.585170745849609,6.997474193572998,2.8904519081115723,1.3322676295501878e-15,-96.99314360221405,96.99314360221405,8.881784197001252e-16,-0.28535470366477966,5.503533840179443,0.0,-0.0006262402166612446,30.387077200980414,1.8576308045358885
399,ppo_gmm,ppo,gaussian,1,-95.50354175926165,7.506437792034604,95.50354175926165,7.838163375854492,3.582367420196533,6.997652053833008,2.8902931213378906,1.1102230246251565e-15,-98.90082982147732,98.90082982147732,1.1102230246251565e-15,-0.1653730869293213,5.357030868530273,0.0,-0.0014804179525180232,29.85767623640242,1.857444130593822
400,ppo_gmm,ppo,gaussian,1,-93.90876632541143,7.705658355072265,93.90876632541143,6.3691792488098145,2.91162109375,6.997852325439453,2.8901455402374268,8.881784197001252e-16,-97.28617806856889,97.28617806856889,8.881784197001252e-16,-0.5020902156829834,5.63246488571167,0.0,-0.0009318187034555844,29.758773329712096,1.8571954319874446
401,ppo_gmm,ppo,gaussian,1,-98.25770616645829,9.148038201070078,98.25770616645829,6.148520469665527,3.0076611042022705,6.998072147369385,2.8900036811828613,1.7763568394002505e-15,-94.84107138312869,94.84107138312869,1.1102230246251565e-15,-0.4477624297142029,5.93337345123291,0.0,-0.002506746583440829,30.40421278987612,1.8573792991893632
402,ppo_gmm,ppo,gaussian,1,-97.96768611207219,9.31446342535247,97.96768611207219,7.0751166343688965,3.5933666229248047,6.998301982879639,2.8898544311523438,1.1102230246251565e-15,-97.75261354291524,97.75261354291524,8.881784197001252e-16,-0.3913198411464691,5.5189714431762695,0.0,-0.001314060285776144,30.689381968407403,1.8565009019914127
403,ppo_gmm,ppo,gaussian,1,-94.2994033422785,8.90629441026513,94.2994033422785,7.291378974914551,3.849686622619629,6.998528480529785,2.8896939754486084,1.3322676295501878e-15,-96.22767925193239,96.22767925193239,1.1102230246251565e-15,-0.24746286869049072,5.392711162567139,0.0,-0.0019517257945456852,29.894191302004316,1.854124673065685
404,ppo_gmm,ppo,gaussian,1,-98.47891785900737,9.727312413266132,98.47891785900737,7.0229644775390625,3.7200095653533936,6.998773574829102,2.8895416259765625,1.1102230246251565e-15,-96.36165733140086,96.36165733140086,1.1102230246251565e-15,-0.45146095752716064,5.659764289855957,0.0,-0.000838712708736282,30.332216285523913,1.8524749750892322
405,ppo_gmm,ppo,gaussian,1,-97.5892015921363,7.202528199305929,97.5892015921363,8.221291542053223,3.786815643310547,6.999002933502197,2.889371633529663,1.3322676295501878e-15,-97.9173155905194,97.9173155905194,8.881784197001252e-16,-0.24455255270004272,5.544525623321533,0.0,-0.0022702801146633213,29.601534551098233,1.8510508139928181
406,ppo_gmm,ppo,gaussian,1,-94.01633609437252,9.707487536932703,94.01633609437252,6.466886520385742,3.472186803817749,6.999237537384033,2.8892111778259277,8.881784197001252e-16,-95.6788386652657,95.6788386652657,8.881784197001252e-16,-0.4824051260948181,5.609618186950684,0.0,-0.0005900517377691964,30.082453267914907,1.8498294165446645
407,ppo_gmm,ppo,gaussian,1,-96.81121578550633,8.938119090924635,96.81121578550633,7.0205302238464355,4.462103843688965,6.999453067779541,2.8890528678894043,1.7763568394002505e-15,-96.75652447684308,96.75652447684308,1.3322676295501878e-15,-0.5907121896743774,5.45931339263916,0.0,-0.0020759954544094703,30.927575057461148,1.8490720181947662
408,ppo_gmm,ppo,gaussian,1,-94.56285176042061,8.56865042760483,94.56285176042061,7.200826644897461,4.309268951416016,6.9996724128723145,2.8888871669769287,1.3322676295501878e-15,-100.20755819922107,100.20755819922107,8.881784197001252e-16,-0.32983267307281494,5.378222465515137,0.0,-0.0007736060929129876,30.76252694357009,1.848251882763136
409,ppo_gmm,ppo,gaussian,1,-98.59758078956867,7.962818315766582,98.59758078956867,7.616227149963379,4.364938735961914,6.99989128112793,2.888727903366089,1.3322676295501878e-15,-96.88223057559797,96.88223057559797,1.1102230246251565e-15,-0.6507928371429443,5.763498306274414,0.0,-0.0011509957950606587,30.561011453469593,1.8478070841658683
410,ppo_gmm,ppo,gaussian,1,-95.4691756434894,7.981118680126834,95.4691756434894,7.188251495361328,3.5574569702148438,7.000092506408691,2.888568639755249,1.3322676295501878e-15,-99.52657802701134,99.52657802701134,1.1102230246251565e-15,-0.25732868909835815,5.346959114074707,0.0,-0.0022240543316694953,29.924946608997526,1.8481544288141387
411,ppo_gmm,ppo,gaussian,1,-98.12815086969833,6.523331813642704,98.12815086969833,6.545011520385742,4.283492088317871,7.000253677368164,2.888399124145508,8.881784197001252e-16,-97.92399118085939,97.92399118085939,1.1102230246251565e-15,-0.11239004135131836,5.820526599884033,0.0,-4.968062109713044e-05,30.720684304123832,1.8475954490048545
412,ppo_gmm,ppo,gaussian,1,-97.30515786355181,9.526826075974592,97.30515786355181,5.892725467681885,4.8029961585998535,7.000415802001953,2.888233184814453,1.3322676295501878e-15,-96.87848517880131,96.87848517880131,1.1102230246251565e-15,-0.46497368812561035,5.595428466796875,0.0,-0.002206273346451954,31.64255459819521,1.8466115604553903
413,ppo_gmm,ppo,gaussian,1,-98.21944043669842,7.759993278250541,98.21944043669842,5.874189376831055,5.101367950439453,7.000586986541748,2.8880727291107178,1.3322676295501878e-15,-94.90248019217071,94.90248019217071,8.881784197001252e-16,-0.6003901958465576,5.764317512512207,0.0,-0.0009414928028404358,32.42020886001133,1.846368701330253
414,ppo_gmm,ppo,gaussian,1,-97.37322157627284,6.9722147049502246,97.37322157627284,7.476181983947754,5.027480125427246,7.00076150894165,2.8879055976867676,1.3322676295501878e-15,-99.68280781345585,99.68280781345585,8.881784197001252e-16,-0.21615076065063477,5.446913242340088,0.0,0.0001712116008136599,30.63415500663576,1.84603259428626
415,ppo_gmm,ppo,gaussian,1,-95.75741634190993,7.657691911974085,95.75741634190993,7.472989559173584,4.429145812988281,7.000924587249756,2.887740135192871,1.3322676295501878e-15,-100.2246269219238,100.2246269219238,8.881784197001252e-16,-0.491251140832901,5.753829479217529,0.0,-0.00037020912748717124,30.330897044567834,1.8447432280296372
416,ppo_gmm,ppo,gaussian,1,-97.89396130968065,7.284095031433537,97.89396130968065,8.191614151000977,3.4209632873535156,7.001113414764404,2.887577772140503,1.3322676295501878e-15,-94.7388770983405,94.7388770983405,8.881784197001252e-16,-0.05072563886642456,5.8338727951049805,0.0,-0.00031138986759331254,29.605436756497337,1.844033151510216
417,ppo_gmm,ppo,gaussian,1,-93.75284725249512,6.6705108598206575,93.75284725249512,7.123356342315674,2.830681324005127,7.0012993812561035,2.887418746948242,1.1102230246251565e-15,-94.62794419773618,94.62794419773618,1.3322676295501878e-15,-0.22127211093902588,5.322113037109375,0.0,-0.0005537540973385884,28.847640456188294,1.843960253965287
418,ppo_gmm,ppo,gaussian,1,-94.75382445312847,9.256881011563882,94.75382445312847,7.351263999938965,3.2674543857574463,7.001494884490967,2.887259006500244,8.881784197001252e-16,-96.32724965375024,96.32724965375024,1.3322676295501878e-15,-0.2602604627609253,5.735081672668457,0.0,-0.0021763561581749293,29.649281098729087,1.8435503077648936
419,ppo_gmm,ppo,gaussian,1,-95.32257006097029,7.6283941444758785,95.32257006097029,6.569901466369629,3.3838350772857666,7.001686096191406,2.887103319168091,1.1102230246251565e-15,-94.18469570508907,94.18469570508907,1.3322676295501878e-15,-0.43590161204338074,5.549517631530762,0.0,4.069804258289791e-05,30.31471973515692,1.8435876348188944
420,ppo_gmm,ppo,gaussian,1,-97.68709008206874,8.723350273947869,97.68709008206874,6.867780685424805,4.4089508056640625,7.001879692077637,2.886948585510254,8.881784197001252e-16,-97.69942301525705,97.69942301525705,1.1102230246251565e-15,-0.45108601450920105,5.354874610900879,0.0,-0.0004818879616712885,30.89652786936079,1.8437018752807663
421,ppo_gmm,ppo,gaussian,1,-94.73471398667344,8.33546577403799,94.73471398667344,7.112610816955566,3.4732842445373535,7.002060890197754,2.886793851852417,1.3322676295501878e-15,-96.9095488195168,96.9095488195168,1.1102230246251565e-15,-0.42804068326950073,5.413880348205566,0.0,-0.0014136961378556276,29.31148878165654,1.843495707781542
422,ppo_gmm,ppo,gaussian,1,-96.08320420403851,8.35929186506321,96.08320420403851,6.738523483276367,2.8482675552368164,7.002236843109131,2.8866465091705322,8.881784197001252e-16,-97.58490937913756,97.58490937913756,1.1102230246251565e-15,-0.2813863754272461,5.130544662475586,0.0,-0.0009953245808858248,29.724891075066157,1.843354415680681
423,ppo_gmm,ppo,gaussian,1,-98.66870300009444,9.90710374626455,98.66870300009444,6.985745429992676,4.700071334838867,7.002414226531982,2.8864917755126953,1.3322676295501878e-15,-94.47592351466326,94.47592351466326,8.881784197001252e-16,-0.45898276567459106,5.734766960144043,0.0,-0.0014799015757272996,31.10249370052701,1.8427529434363048
424,ppo_gmm,ppo,gaussian,1,-94.65920572722649,8.505424797423283,94.65920572722649,7.1263041496276855,3.516176700592041,7.002596855163574,2.886336088180542,1.3322676295501878e-15,-96.4073932851508,96.4073932851508,1.1102230246251565e-15,-0.2318049669265747,5.4008636474609375,0.0,-0.0003094820560710061,29.597078011149453,1.840841619741349
425,ppo_gmm,ppo,gaussian,1,-93.1538119551013,6.258485562169895,93.1538119551013,7.176192283630371,2.3937597274780273,7.00276517868042,2.886190414428711,1.3322676295501878e-15,-97.13863723978507,97.13863723978507,1.1102230246251565e-15,-0.05455368757247925,5.062582492828369,0.0,-0.0005047115818819119,28.737819294134777,1.8400902606192089
426,ppo_gmm,ppo,gaussian,1,-95.29549562787946,6.896000693756549,95.29549562787946,7.292835235595703,3.257275342941284,7.002920150756836,2.8860504627227783,8.881784197001252e-16,-95.63654487172619,95.63654487172619,1.1102230246251565e-15,-0.1725301742553711,5.316136360168457,0.0,-0.0006321299366564268,29.34408661865053,1.8401086532643862
427,ppo_gmm,ppo,gaussian,1,-96.06620097835693,6.726025586761835,96.06620097835693,7.6989312171936035,3.2627577781677246,7.003067970275879,2.8859195709228516,8.881784197001252e-16,-97.36268513834645,97.36268513834645,8.881784197001252e-16,-0.267715185880661,5.242166519165039,0.0,-0.0009052084753334167,29.72142439796811,1.8399252824130512
428,ppo_gmm,ppo,gaussian,1,-98.01084940309622,8.950703617366962,98.01084940309622,7.106987953186035,4.686907768249512,7.003198146820068,2.885789155960083,1.3322676295501878e-15,-97.69586732228127,97.69586732228127,8.881784197001252e-16,-0.4655500650405884,5.6781392097473145,0.0,-0.0015005536371886375,30.72752090011324,1.840137938303607
429,ppo_gmm,ppo,gaussian,1,-97.44461124044342,8.539776675438402,97.44461124044342,7.390785217285156,4.010523796081543,7.003330707550049,2.885655403137207,1.3322676295501878e-15,-96.12908901940153,96.12908901940153,8.881784197001252e-16,-0.28542500734329224,5.694125652313232,0.0,-0.0004664001088323338,30.722633710929326,1.8406354728199186
430,ppo_gmm,ppo,gaussian,1,-96.06643059181829,9.220001936428305,96.06643059181829,5.925623416900635,3.6565988063812256,7.003458023071289,2.8855366706848145,1.3322676295501878e-15,-93.62589487826838,93.62589487826838,8.881784197001252e-16,-0.5806658267974854,5.467162132263184,0.0,-0.0011724477406546828,30.28272538241886,1.8415384831882657
431,ppo_gmm,ppo,gaussian,1,-97.87354459122469,9.11575749965464,97.87354459122469,5.857358455657959,4.477082252502441,7.003578186035156,2.885425090789795,1.7763568394002505e-15,-98.27088085185564,98.27088085185564,8.881784197001252e-16,-0.7467758059501648,5.732858180999756,0.0,-0.0009260201255702192,31.861854743389856,1.841577474914846
432,ppo_gmm,ppo,gaussian,1,-97.89425589592854,10.483132635295194,97.89425589592854,6.512477874755859,4.9313554763793945,7.003693580627441,2.885319709777832,8.881784197001252e-16,-97.95922644749632,97.95922644749632,8.881784197001252e-16,-1.2492485046386719,6.077514171600342,0.0,-0.0024902068045256393,31.539049872330256,1.8411319993791126
433,ppo_gmm,ppo,gaussian,1,-94.22757988938459,7.4833920184590905,94.22757988938459,7.061267852783203,3.6720213890075684,7.003810882568359,2.8852193355560303,1.3322676295501878e-15,-95.95802362795838,95.95802362795838,1.3322676295501878e-15,-0.4828053116798401,5.423257827758789,0.0,-0.0012260516661973227,29.60087158850261,1.8407667179902394
434,ppo_gmm,ppo,gaussian,1,-94.85315136375344,8.46181601625261,94.85315136375344,7.250588893890381,3.6503493785858154,7.003920078277588,2.885124921798706,1.3322676295501878e-15,-96.86180009795898,96.86180009795898,1.3322676295501878e-15,-0.8573977947235107,5.670363426208496,0.0,-0.0009920577895605848,29.653518114771163,1.84058732823247
435,ppo_gmm,ppo,gaussian,1,-96.48931051048835,7.360457138625626,96.48931051048835,7.6736040115356445,4.038960933685303,7.004031658172607,2.8850257396698,1.3322676295501878e-15,-92.82100702337604,92.82100702337604,8.881784197001252e-16,-0.30763164162635803,5.3242082595825195,0.0,-0.0012062181929303776,30.015029461610887,1.8402129922594344
436,ppo_gmm,ppo,gaussian,1,-94.53203319108884,7.511194261777559,94.53203319108884,7.058089733123779,3.9176106452941895,7.0041279792785645,2.8849313259124756,1.7763568394002505e-15,-98.60142789480982,98.60142789480982,1.3322676295501878e-15,-0.4372333288192749,5.405282974243164,0.0,-0.0016329414793290198,29.62828407684962,1.8400480736579214
437,ppo_gmm,ppo,gaussian,1,-93.69206344742031,6.660283528872279,93.69206344742031,7.6035614013671875,3.2844181060791016,7.004208564758301,2.8848378658294678,1.3322676295501878e-15,-98.13983859585414,98.13983859585414,1.1102230246251565e-15,-0.12243674695491791,5.498048782348633,0.0,-0.0014411361494456373,29.355186419827596,1.839981731559549
438,ppo_gmm,ppo,gaussian,1,-96.68361949927674,9.216271833518286,96.68361949927674,7.963555335998535,4.00925350189209,7.00429105758667,2.884744882583618,1.3322676295501878e-15,-93.44050014271068,93.44050014271068,8.881784197001252e-16,-0.5007166862487793,5.643747806549072,0.0,-0.0012016296996513293,29.436145339693343,1.839322003580275
439,ppo_gmm,ppo,gaussian,1,-97.45442392104273,7.603558658792949,97.45442392104273,6.683356761932373,4.981752395629883,7.004373550415039,2.8846492767333984,1.3322676295501878e-15,-95.3426650581458,95.3426650581458,8.881784197001252e-16,-0.36802101135253906,5.475745677947998,0.0,-0.0006699988263703528,30.85035998764492,1.8387952106339591
440,ppo_gmm,ppo,gaussian,1,-95.22207474823944,6.725398165063799,95.22207474823944,6.961015701293945,4.00369930267334,7.00446081161499,2.8845551013946533,1.3322676295501878e-15,-97.90259527718734,97.90259527718734,8.881784197001252e-16,-0.4528388977050781,5.371454238891602,0.0,-0.0006550858711956867,29.787649940876733,1.8381174302526884
441,ppo_gmm,ppo,gaussian,1,-97.5664676180781,8.288703663847706,97.5664676180781,7.248422622680664,4.095727443695068,7.004541397094727,2.88446307182312,1.3322676295501878e-15,-96.95524096794884,96.95524096794884,8.881784197001252e-16,-0.16017818450927734,5.6754255294799805,0.0,-0.0004387833150325432,29.89098711240859,1.8369805195501872
442,ppo_gmm,ppo,gaussian,1,-96.4740986342371,7.906664528374122,96.4740986342371,7.169654846191406,3.5942018032073975,7.004608631134033,2.884371519088745,1.3322676295501878e-15,-97.335818453331,97.335818453331,1.1102230246251565e-15,-0.5636351108551025,5.826831817626953,0.0,-0.0017967928115034564,30.00853917712257,1.8361825758502597
443,ppo_gmm,ppo,gaussian,1,-93.75682832965754,6.695715727583003,93.75682832965754,7.30296516418457,4.522483825683594,7.004673004150391,2.8842813968658447,1.3322676295501878e-15,-97.00684020180783,97.00684020180783,8.881784197001252e-16,-0.10577309131622314,5.4778289794921875,0.0,-0.0002603159380322766,29.869840011710213,1.8362754899121465
444,ppo_gmm,ppo,gaussian,1,-94.84899455308947,7.099693741102507,94.84899455308947,7.335781097412109,3.4247987270355225,7.0047454833984375,2.8841922283172607,1.1102230246251565e-15,-95.98124642928782,95.98124642928782,1.1102230246251565e-15,-0.233515202999115,5.200144290924072,0.0,-0.0006712017458907905,29.392768327678954,1.836858604635511
445,ppo_gmm,ppo,gaussian,1,-96.27989857179718,8.839504733566402,96.27989857179718,6.024551868438721,2.807629108428955,7.004820346832275,2.8841116428375244,1.3322676295501878e-15,-94.89058190083668,94.89058190083668,1.1102230246251565e-15,-0.5712900757789612,5.581884384155273,0.0,-0.0008122730706374915,29.57203073160989,1.8369845361227082
446,ppo_gmm,ppo,gaussian,1,-96.01799688757279,7.270082781166651,96.01799688757279,7.15095329284668,3.838160753250122,7.0048933029174805,2.884037733078003,1.3322676295501878e-15,-96.6856417434381,96.6856417434381,1.1102230246251565e-15,-0.5066196322441101,5.499643325805664,0.0,-0.0002422774836997546,29.863878883066633,1.8366507845265525
447,ppo_gmm,ppo,gaussian,1,-95.8155970098818,5.972385201836813,95.8155970098818,7.390511512756348,2.29394793510437,7.004953861236572,2.8839709758758545,1.3322676295501878e-15,-96.40149655482274,96.40149655482274,8.881784197001252e-16,-0.018961086869239807,5.475469589233398,0.0,-0.0008321514109238272,29.032701676800137,1.8361349031329155
448,ppo_gmm,ppo,gaussian,1,-97.30455247662883,8.922555173650508,97.30455247662883,7.282667636871338,4.100829601287842,7.005009651184082,2.8839051723480225,8.881784197001252e-16,-96.54906202246025,96.54906202246025,8.881784197001252e-16,-0.749758780002594,5.596997261047363,0.0,-0.0010253172090631864,29.94971476566224,1.836061948112079
449,ppo_gmm,ppo,gaussian,1,-96.01524918716957,6.9206003140231385,96.01524918716957,6.90313196182251,2.4434170722961426,7.005068778991699,2.8838486671447754,1.1102230246251565e-15,-94.33221335274806,94.33221335274806,1.3322676295501878e-15,-0.5254371166229248,5.74155855178833,0.0,3.975806369756659e-05,29.238869712466286,1.8361199711050307
450,ppo_gmm,ppo,gaussian,1,-98.05544533778989,7.581507951553523,98.05544533778989,7.461666107177734,5.459990501403809,7.005121231079102,2.8837904930114746,2.4424906541753444e-15,-94.64820196832596,94.64820196832596,1.3322676295501878e-15,-0.5895189642906189,5.417060852050781,0.0,-0.0003343050456827595,30.797196992806025,1.8364294618368149
451,ppo_gmm,ppo,gaussian,1,-88.48755514365378,7.291881252938617,88.48755514365378,7.005121231079102,2.8837904930114746,7.005121231079102,2.8837904930114746,6.661338147750939e-16,-89.16522084083121,89.16522084083121,8.881784197001252e-16,,,0.0,-0.0007806519362410265,28.61236713329951,1.836089278970446
452,ppo_gmm,ppo,gaussian,1,-91.8687534529301,7.93359433672655,91.8687534529301,7.005121231079102,2.8837904930114746,7.005121231079102,2.8837904930114746,1.1102230246251565e-15,-90.62107150152038,90.62107150152038,8.881784197001252e-16,,,0.0,-0.001374005705916456,28.580517419746943,1.835377654149419
453,ppo_gmm,ppo,gaussian,1,-89.92226947028776,6.495858820077646,89.92226947028776,7.005121231079102,2.8837904930114746,7.005121231079102,2.8837904930114746,8.881784197001252e-16,-88.95953007632406,88.95953007632406,8.881784197001252e-16,,,0.0,-0.0013041964016987809,28.32689878912199,1.835095733758949
454,ppo_gmm,ppo,gaussian,1,-90.66485157020693,7.752184764215237,90.66485157020693,7.005121231079102,2.8837904930114746,7.005121231079102,2.8837904930114746,8.881784197001252e-16,-91.7074659986137,91.7074659986137,8.881784197001252e-16,,,0.0,-0.00014097515183190504,28.16840351479394,1.8351892814749764
455,ppo_gmm,ppo,gaussian,1,-90.37552920817065,4.669640768385015,90.37552920817065,7.005121231079102,2.8837904930114746,7.005121231079102,2.8837904930114746,6.661338147750939e-16,-91.69016303100922,91.69016303100922,8.881784197001252e-16,,,0.0,-0.0009863222478001955,27.709438335327874,1.834933907148384
456,ppo_gmm,ppo,gaussian,1,-90.80243073651843,6.911166263759466,90.80243073651843,7.005121231079102,2.8837904930114746,7.005121231079102,2.8837904930114746,8.881784197001252e-16,-91.44741353863695,91.44741353863695,8.881784197001252e-16,,,0.0,-0.0010150626296221855,28.072452369190398,1.834423610142299
457,ppo_gmm,ppo,gaussian,1,-90.80575493797446,7.164565556473827,90.80575493797446,7.005121231079102,2.8837904930114746,7.005121231079102,2.8837904930114746,1.3322676295501878e-15,-92.76314378144549,92.76314378144549,8.881784197001252e-16,,,0.0,-0.0002884665958672052,27.799072489851998,1.8347218859763372
458,ppo_gmm,ppo,gaussian,1,-90.25480286523744,6.609596212669243,90.25480286523744,7.005121231079102,2.8837904930114746,7.005121231079102,2.8837904930114746,8.881784197001252e-16,-87.47308231449173,87.47308231449173,8.881784197001252e-16,,,0.0,-0.0005357423991275331,28.158957126594725,1.8352798769871395
459,ppo_gmm,ppo,gaussian,1,-88.09138746051056,6.175199623445333,88.09138746051056,7.005121231079102,2.8837904930114746,7.005121231079102,2.8837904930114746,4.440892098500626e-16,-91.06657655235722,91.06657655235722,8.881784197001252e-16,,,0.0,-0.0011007850878827629,27.06765087445577,1.8353427676927476
460,ppo_gmm,ppo,gaussian,1,-91.51219187785982,6.77047478092033,91.51219187785982,7.005121231079102,2.8837904930114746,7.005121231079102,2.8837904930114746,8.881784197001252e-16,-91.42535478429897,91.42535478429897,8.881784197001252e-16,,,0.0,-0.0003359248789603866,27.855059555598668,1.8351816059578032
461,ppo_gmm,ppo,gaussian,1,-88.28729458670834,6.155202971388905,88.28729458670834,7.005121231079102,2.8837904930114746,7.005121231079102,2.8837904930114746,8.881784197001252e-16,-89.57785466838368,89.57785466838368,8.881784197001252e-16,,,0.0,-0.0012932802062659036,26.937415650912694,1.8350954258016177
462,ppo_gmm,ppo,gaussian,1,-89.83545840455979,6.8047748616837875,89.83545840455979,7.005121231079102,2.8837904930114746,7.005121231079102,2.8837904930114746,6.661338147750939e-16,-90.39220234481724,90.39220234481724,8.881784197001252e-16,,,0.0,-0.0017048004665412009,26.436597211020334,1.8350489728507542
463,ppo_gmm,ppo,gaussian,1,-91.43270822588997,7.972603486402533,91.43270822588997,7.005121231079102,2.8837904930114746,7.005121231079102,2.8837904930114746,6.661338147750939e-16,-89.39601091850199,89.39601091850199,8.881784197001252e-16,,,0.0,-0.0008254187192679161,27.212130142109736,1.8347640126234008
464,ppo_gmm,ppo,gaussian,1,-91.26611149293933,7.173060980516473,91.26611149293933,7.005121231079102,2.8837904930114746,7.005121231079102,2.8837904930114746,4.440892098500626e-16,-89.82398571433863,89.82398571433863,8.881784197001252e-16,,,0.0,-0.0006227676252213618,27.022188978535787,1.8344506919384003
465,ppo_gmm,ppo,gaussian,1,-89.55219408740052,6.594296582739313,89.55219408740052,7.005121231079102,2.8837904930114746,7.005121231079102,2.8837904930114746,1.1102230246251565e-15,-93.21758909021979,93.21758909021979,8.881784197001252e-16,,,0.0,-6.710685279575132e-05,26.705621969132196,1.8341094762796448
466,ppo_gmm,ppo,gaussian,1,-91.54019356950423,6.7888294002176215,91.54019356950423,7.005121231079102,2.8837904930114746,7.005121231079102,2.8837904930114746,8.881784197001252e-16,-90.87516842958756,90.87516842958756,8.881784197001252e-16,,,0.0,-0.0011413834540040366,26.89169438680013,1.8338383709390957
467,ppo_gmm,ppo,gaussian,1,-89.59495407028777,6.4598834659727915,89.59495407028777,7.005121231079102,2.8837904930114746,7.005121231079102,2.8837904930114746,8.881784197001252e-16,-91.6834851368245,91.6834851368245,8.881784197001252e-16,,,0.0,-0.0006240995966696314,26.764097947449912,1.8336414971521922
468,ppo_gmm,ppo,gaussian,1,-89.88782029927665,6.092198801093783,89.88782029927665,7.005121231079102,2.8837904930114746,7.005121231079102,2.8837904930114746,6.661338147750939e-16,-92.29569887363354,92.29569887363354,8.881784197001252e-16,,,0.0,-0.0011649145827894764,26.89572644801367,1.833662283207689
469,ppo_gmm,ppo,gaussian,1,-89.98307083129038,4.704947014379068,89.98307083129038,7.005121231079102,2.8837904930114746,7.005121231079102,2.8837904930114746,1.1102230246251565e-15,-91.06359860570156,91.06359860570156,8.881784197001252e-16,,,0.0,-0.0013627756852656603,26.494277707168035,1.8334938298378671
470,ppo_gmm,ppo,gaussian,1,-90.30862989408709,5.690829851152852,90.30862989408709,7.005121231079102,2.8837904930114746,7.005121231079102,2.8837904930114746,4.440892098500626e-16,-91.11143327878581,91.11143327878581,8.881784197001252e-16,,,0.0,-0.0011584688257980382,26.165462374687195,1.833181327297574
471,ppo_gmm,ppo,gaussian,1,-92.55597569441183,7.427128069222917,92.55597569441183,7.005121231079102,2.8837904930114746,7.005121231079102,2.8837904930114746,8.881784197001252e-16,-89.02648231917266,89.02648231917266,8.881784197001252e-16,,,0.0,-0.0011210861211154786,27.35267807188488,1.8329973838159017
472,ppo_gmm,ppo,gaussian,1,-88.68155161463534,6.38657932442409,88.68155161463534,7.005121231079102,2.8837904930114746,7.005121231079102,2.8837904930114746,1.1102230246251565e-15,-91.6312889851784,91.6312889851784,8.881784197001252e-16,,,0.0,-0.0005777552502141113,26.898031930128735,1.8327445976790928
473,ppo_gmm,ppo,gaussian,1,-88.1550496247842,6.832289674645907,88.1550496247842,7.005121231079102,2.8837904930114746,7.005121231079102,2.8837904930114746,8.881784197001252e-16,-92.06677846925932,92.06677846925932,8.881784197001252e-16,,,0.0,-0.0005793003171371917,26.157238093160448,1.8323686892787616
474,ppo_gmm,ppo,gaussian,1,-90.86418091061233,5.093033609339298,90.86418091061233,7.005121231079102,2.8837904930114746,7.005121231079102,2.8837904930114746,4.440892098500626e-16,-89.3669388348191,89.3669388348191,8.881784197001252e-16,,,0.0,-0.002691384407669483,26.425094292277382,1.832065031996795
475,ppo_gmm,ppo,gaussian,1,-87.66605725381594,5.952440389086083,87.66605725381594,7.005121231079102,2.8837904930114746,7.005121231079102,2.8837904930114746,8.881784197001252e-16,-90.21869962325337,90.21869962325337,8.881784197001252e-16,,,0.0,-0.00063703947151745,25.87344314654668,1.8317184781744367
476,ppo_gmm,ppo,gaussian,1,-89.958279043629,6.053990140786329,89.958279043629,7.005121231079102,2.8837904930114746,7.005121231079102,2.8837904930114746,1.1102230246251565e-15,-90.0642483503519,90.0642483503519,8.881784197001252e-16,,,0.0,-0.0013190649693743104,26.595222336905344,1.8313577242550396
477,ppo_gmm,ppo,gaussian,1,-90.25672605795462,6.454763359452013,90.25672605795462,7.005121231079102,2.8837904930114746,7.005121231079102,2.8837904930114746,6.661338147750939e-16,-91.00673878246108,91.00673878246108,8.881784197001252e-16,,,0.0,-8.239130173543734e-05,26.691831373033068,1.8308988103554362
478,ppo_gmm,ppo,gaussian,1,-88.53103605409719,5.863537135426417,88.53103605409719,7.005121231079102,2.8837904930114746,7.005121231079102,2.8837904930114746,6.661338147750939e-16,-91.51907871159585,91.51907871159585,8.881784197001252e-16,,,0.0,-0.001256079163535365,26.32294259184883,1.8305185901976766
479,ppo_gmm,ppo,gaussian,1,-89.02296548514093,5.80936616977126,89.02296548514093,7.005121231079102,2.8837904930114746,7.005121231079102,2.8837904930114746,1.1102230246251565e-15,-91.24160648170107,91.24160648170107,8.881784197001252e-16,,,0.0,-0.001338253169143129,26.096972388880594,1.8304609546349162
480,ppo_gmm,ppo,gaussian,1,-91.53138073035021,7.206104948889583,91.53138073035021,7.005121231079102,2.8837904930114746,7.005121231079102,2.8837904930114746,8.881784197001252e-16,-89.36336037926878,89.36336037926878,8.881784197001252e-16,,,0.0,-0.0007089303218803945,26.665745615959167,1.8304704356761206
481,ppo_gmm,ppo,gaussian,1,-89.99382541738973,7.266081557970516,89.99382541738973,7.005121231079102,2.8837904930114746,7.005121231079102,2.8837904930114746,8.881784197001252e-16,-89.7904434407756,89.7904434407756,8.881784197001252e-16,,,0.0,-0.0007859302609826305,26.673314066160295,1.8303333613134565
482,ppo_gmm,ppo,gaussian,1,-90.9583964406929,5.285311226500318,90.9583964406929,7.005121231079102,2.8837904930114746,7.005121231079102,2.8837904930114746,8.881784197001252e-16,-91.2143703460294,91.2143703460294,8.881784197001252e-16,,,0.0,-0.000803047098175046,26.468974564756667,1.8301550103794961
483,ppo_gmm,ppo,gaussian,1,-90.43608036352089,6.388464002197376,90.43608036352089,7.005121231079102,2.8837904930114746,7.005121231079102,2.8837904930114746,8.881784197001252e-16,-88.9973491032319,88.9973491032319,8.881784197001252e-16,,,0.0,-0.0014043750263573159,26.28604854572387,1.8301370991837411
484,ppo_gmm,ppo,gaussian,1,-90.63352431694366,6.241717160993632,90.63352431694366,7.005121231079102,2.8837904930114746,7.005121231079102,2.8837904930114746,1.1102230246251565e-15,-91.22249621953885,91.22249621953885,8.881784197001252e-16,,,0.0,-0.0002162553054014487,26.865461942695436,1.8299306982329913
485,ppo_gmm,ppo,gaussian,1,-90.77765004559588,7.055134766074671,90.77765004559588,7.005121231079102,2.8837904930114746,7.005121231079102,2.8837904930114746,1.1102230246251565e-15,-90.52018363690901,90.52018363690901,8.881784197001252e-16,,,0.0,-0.0009206637734591606,26.377308360167913,1.829835214075588
486,ppo_gmm,ppo,gaussian,1,-89.8620163879012,6.926040786332489,89.8620163879012,7.005121231079102,2.8837904930114746,7.005121231079102,2.8837904930114746,4.440892098500626e-16,-89.34394626679176,89.34394626679176,8.881784197001252e-16,,,0.0,-0.000874970077780918,26.207636163348244,1.8298201184897196
487,ppo_gmm,ppo,gaussian,1,-88.24615512542178,6.058789341060895,88.24615512542178,7.005121231079102,2.8837904930114746,7.005121231079102,2.8837904930114746,8.881784197001252e-16,-90.39771677945825,90.39771677945825,8.881784197001252e-16,,,0.0,-0.0009590891450421796,26.367084435054235,1.8296999072744733
488,ppo_gmm,ppo,gaussian,1,-87.56016993954024,5.720927278363191,87.56016993954024,7.005121231079102,2.8837904930114746,7.005121231079102,2.8837904930114746,1.1102230246251565e-15,-89.11538378649436,89.11538378649436,8.881784197001252e-16,,,0.0,-0.0009301012032665312,25.86963238460677,1.8296735985648065
489,ppo_gmm,ppo,gaussian,1,-91.20557341357502,6.295997813987068,91.20557341357502,7.005121231079102,2.8837904930114746,7.005121231079102,2.8837904930114746,8.881784197001252e-16,-90.23770938331214,90.23770938331214,8.881784197001252e-16,,,0.0,-0.00046395092448663143,26.5654799696945,1.8296723429645811
490,ppo_gmm,ppo,gaussian,1,-88.50420560460151,6.324979388523948,88.50420560460151,7.005121231079102,2.8837904930114746,7.005121231079102,2.8837904930114746,8.881784197001252e-16,-89.27106233332876,89.27106233332876,8.881784197001252e-16,,,0.0,-0.0004637813156781097,26.017842908700306,1.8296835511213256
491,ppo_gmm,ppo,gaussian,1,-90.4593470543717,7.046692577863588,90.4593470543717,7.005121231079102,2.8837904930114746,7.005121231079102,2.8837904930114746,4.440892098500626e-16,-88.66950567160683,88.66950567160683,8.881784197001252e-16,,,0.0,-0.00037812335704941126,26.237402595224836,1.8296620735809916
492,ppo_gmm,ppo,gaussian,1,-89.1893281052264,6.072762692099905,89.1893281052264,7.005121231079102,2.8837904930114746,7.005121231079102,2.8837904930114746,8.881784197001252e-16,-89.13448061096159,89.13448061096159,6.661338147750939e-16,,,0.0,-0.0004125791546400814,26.320504222597396,1.8295983668594133
493,ppo_gmm,ppo,gaussian,1,-88.20565187460808,6.54295768739283,88.20565187460808,7.005121231079102,2.8837904930114746,7.005121231079102,2.8837904930114746,1.1102230246251565e-15,-91.48837841466005,91.48837841466005,8.881784197001252e-16,,,0.0,-0.00028151443361171654,25.706758565845945,1.8295151907063665
494,ppo_gmm,ppo,gaussian,1,-89.39731618691118,6.033436321654156,89.39731618691118,7.005121231079102,2.8837904930114746,7.005121231079102,2.8837904930114746,1.1102230246251565e-15,-91.80768726024023,91.80768726024023,6.661338147750939e-16,,,0.0,-2.5949160945380018e-05,26.22522709767024,1.8294694966503553
495,ppo_gmm,ppo,gaussian,1,-89.03586669214295,6.832738092594351,89.03586669214295,7.005121231079102,2.8837904930114746,7.005121231079102,2.8837904930114746,1.1102230246251565e-15,-90.8885731879099,90.8885731879099,8.881784197001252e-16,,,0.0,-9.267604106017167e-05,26.033053244863236,1.829437976082166
496,ppo_gmm,ppo,gaussian,1,-90.26841474594121,5.9663124844900075,90.26841474594121,7.005121231079102,2.8837904930114746,7.005121231079102,2.8837904930114746,4.440892098500626e-16,-88.46164590618066,88.46164590618066,6.661338147750939e-16,,,0.0,-0.0003485631591285623,26.015867006211053,1.8294639005547477
497,ppo_gmm,ppo,gaussian,1,-91.13343429120332,7.6243716078379205,91.13343429120332,7.005121231079102,2.8837904930114746,7.005121231079102,2.8837904930114746,4.440892098500626e-16,-90.197708836703,90.197708836703,6.661338147750939e-16,,,0.0,-0.0003113268370119234,26.52475659904026,1.829469202175027
498,ppo_gmm,ppo,gaussian,1,-89.69059106497389,6.112715121011879,89.69059106497389,7.005121231079102,2.8837904930114746,7.005121231079102,2.8837904930114746,1.1102230246251565e-15,-90.33318301257893,90.33318301257893,8.881784197001252e-16,,,0.0,-0.0001384361696961735,26.009159079619817,1.8294368595594452
499,ppo_gmm,ppo,gaussian,1,-90.93209056136607,6.638556281359654,90.93209056136607,7.005121231079102,2.8837904930114746,7.005121231079102,2.8837904930114746,8.881784197001252e-16,-91.26450061733445,91.26450061733445,8.881784197001252e-16,,,0.0,-2.1271277329928818e-05,26.056505427474068,1.8294177708171664
500,ppo_gmm,ppo,gaussian,1,-90.47234744024777,6.21679784757707,90.47234744024777,7.005121231079102,2.8837904930114746,7.005121231079102,2.8837904930114746,8.881784197001252e-16,-90.09539335564939,90.09539335564939,8.881784197001252e-16,,,0.0,-6.122574753438433e-05,26.36351348956426,1.8294090312861262
